solid OpenSCAD_Model
  facet normal -0.153999 -0.988071 0
    outer loop
      vertex -16.3209 -94.7109 0
      vertex -14.4519 -95.0022 2.5
      vertex -16.3209 -94.7109 2.5
    endloop
  endfacet
  facet normal -0.153999 -0.988071 -0
    outer loop
      vertex -14.4519 -95.0022 2.5
      vertex -16.3209 -94.7109 0
      vertex -14.4519 -95.0022 0
    endloop
  endfacet
  facet normal -0.754128 0.656728 0
    outer loop
      vertex -16.6268 36.76 0
      vertex -14.8272 38.8265 2.5
      vertex -14.8272 38.8265 0
    endloop
  endfacet
  facet normal -0.754128 0.656728 0
    outer loop
      vertex -14.8272 38.8265 2.5
      vertex -16.6268 36.76 0
      vertex -16.6268 36.76 2.5
    endloop
  endfacet
  facet normal 0.231261 -0.972892 0
    outer loop
      vertex -14.4519 -95.0022 0
      vertex -13.2319 -94.7122 2.5
      vertex -14.4519 -95.0022 2.5
    endloop
  endfacet
  facet normal 0.231261 -0.972892 0
    outer loop
      vertex -13.2319 -94.7122 2.5
      vertex -14.4519 -95.0022 0
      vertex -13.2319 -94.7122 0
    endloop
  endfacet
  facet normal 0.790415 -0.612572 0
    outer loop
      vertex 107.406 -52.8314 2.5
      vertex 108.646 -51.2314 0
      vertex 108.646 -51.2314 2.5
    endloop
  endfacet
  facet normal 0.790415 -0.612572 0
    outer loop
      vertex 108.646 -51.2314 0
      vertex 107.406 -52.8314 2.5
      vertex 107.406 -52.8314 0
    endloop
  endfacet
  facet normal 0 1 -0
    outer loop
      vertex 52.34 52.4 0
      vertex 33.75 52.4 2.5
      vertex 52.34 52.4 2.5
    endloop
  endfacet
  facet normal 0 1 0
    outer loop
      vertex 33.75 52.4 2.5
      vertex 52.34 52.4 0
      vertex 33.75 52.4 0
    endloop
  endfacet
  facet normal 0.3629 0.931828 -0
    outer loop
      vertex 124.917 30.0396 0
      vertex 75.2572 49.3796 2.5
      vertex 124.917 30.0396 2.5
    endloop
  endfacet
  facet normal 0.3629 0.931828 0
    outer loop
      vertex 75.2572 49.3796 2.5
      vertex 124.917 30.0396 0
      vertex 75.2572 49.3796 0
    endloop
  endfacet
  facet normal -0.136771 0.990603 0
    outer loop
      vertex 33.75 52.4 0
      vertex 33.0728 52.3065 2.5
      vertex 33.75 52.4 2.5
    endloop
  endfacet
  facet normal -0.136771 0.990603 0
    outer loop
      vertex 33.0728 52.3065 2.5
      vertex 33.75 52.4 0
      vertex 33.0728 52.3065 0
    endloop
  endfacet
  facet normal 0.247433 0.968905 -0
    outer loop
      vertex 75.2572 49.3796 0
      vertex 74.671 49.5293 2.5
      vertex 75.2572 49.3796 2.5
    endloop
  endfacet
  facet normal 0.247433 0.968905 0
    outer loop
      vertex 74.671 49.5293 2.5
      vertex 75.2572 49.3796 0
      vertex 74.671 49.5293 0
    endloop
  endfacet
  facet normal 0.973477 -0.228784 0
    outer loop
      vertex 109.104 -50.272 2.5
      vertex 126.594 24.148 0
      vertex 126.594 24.148 2.5
    endloop
  endfacet
  facet normal 0.973477 -0.228784 0
    outer loop
      vertex 126.594 24.148 0
      vertex 109.104 -50.272 2.5
      vertex 109.104 -50.272 0
    endloop
  endfacet
  facet normal 0.811027 0.585008 0
    outer loop
      vertex 126.507 27.8353 2.5
      vertex 124.917 30.0396 0
      vertex 124.917 30.0396 2.5
    endloop
  endfacet
  facet normal 0.811027 0.585008 0
    outer loop
      vertex 124.917 30.0396 0
      vertex 126.507 27.8353 2.5
      vertex 126.507 27.8353 0
    endloop
  endfacet
  facet normal -0.270897 0.962608 0
    outer loop
      vertex 33.0728 52.3065 0
      vertex -14.8272 38.8265 2.5
      vertex 33.0728 52.3065 2.5
    endloop
  endfacet
  facet normal -0.270897 0.962608 0
    outer loop
      vertex -14.8272 38.8265 2.5
      vertex 33.0728 52.3065 0
      vertex -14.8272 38.8265 0
    endloop
  endfacet
  facet normal -0.516358 -0.856373 0
    outer loop
      vertex -31.8609 -85.3409 0
      vertex -16.3209 -94.7109 2.5
      vertex -31.8609 -85.3409 2.5
    endloop
  endfacet
  facet normal -0.516358 -0.856373 -0
    outer loop
      vertex -16.3209 -94.7109 2.5
      vertex -31.8609 -85.3409 0
      vertex -16.3209 -94.7109 0
    endloop
  endfacet
  facet normal 0.325016 -0.945708 0
    outer loop
      vertex -12.9975 -94.6443 0
      vertex 106.243 -53.6643 2.5
      vertex -12.9975 -94.6443 2.5
    endloop
  endfacet
  facet normal 0.325016 -0.945708 0
    outer loop
      vertex 106.243 -53.6643 2.5
      vertex -12.9975 -94.6443 0
      vertex 106.243 -53.6643 0
    endloop
  endfacet
  facet normal -0.99071 0.135993 0
    outer loop
      vertex -33.0468 -82.86 0
      vertex -16.6268 36.76 2.5
      vertex -16.6268 36.76 0
    endloop
  endfacet
  facet normal -0.99071 0.135993 0
    outer loop
      vertex -16.6268 36.76 2.5
      vertex -33.0468 -82.86 0
      vertex -33.0468 -82.86 2.5
    endloop
  endfacet
  facet normal -0.902222 -0.431273 0
    outer loop
      vertex -31.8609 -85.3409 0
      vertex -33.0468 -82.86 2.5
      vertex -33.0468 -82.86 0
    endloop
  endfacet
  facet normal -0.902222 -0.431273 0
    outer loop
      vertex -33.0468 -82.86 2.5
      vertex -31.8609 -85.3409 0
      vertex -31.8609 -85.3409 2.5
    endloop
  endfacet
  facet normal 0.582249 -0.81301 0
    outer loop
      vertex 106.243 -53.6643 0
      vertex 107.406 -52.8314 2.5
      vertex 106.243 -53.6643 2.5
    endloop
  endfacet
  facet normal 0.582249 -0.81301 0
    outer loop
      vertex 107.406 -52.8314 2.5
      vertex 106.243 -53.6643 0
      vertex 107.406 -52.8314 0
    endloop
  endfacet
  facet normal 0.278237 -0.960512 0
    outer loop
      vertex -13.2319 -94.7122 0
      vertex -12.9975 -94.6443 2.5
      vertex -13.2319 -94.7122 2.5
    endloop
  endfacet
  facet normal 0.278237 -0.960512 0
    outer loop
      vertex -12.9975 -94.6443 2.5
      vertex -13.2319 -94.7122 0
      vertex -12.9975 -94.6443 0
    endloop
  endfacet
  facet normal 0 0 -1
    outer loop
      vertex 124.917 30.0396 0
      vertex 126.657 24.8452 0
      vertex 126.594 24.148 0
    endloop
  endfacet
  facet normal 0 0 -1
    outer loop
      vertex 126.657 24.8452 0
      vertex 124.917 30.0396 0
      vertex 126.507 27.8353 0
    endloop
  endfacet
  facet normal 0 0 -1
    outer loop
      vertex 75.2572 49.3796 0
      vertex 126.594 24.148 0
      vertex 109.104 -50.272 0
    endloop
  endfacet
  facet normal 0 0 -1
    outer loop
      vertex 106.243 -53.6643 0
      vertex 109.104 -50.272 0
      vertex 108.646 -51.2314 0
    endloop
  endfacet
  facet normal 0 0 -1
    outer loop
      vertex 106.243 -53.6643 0
      vertex 108.646 -51.2314 0
      vertex 107.406 -52.8314 0
    endloop
  endfacet
  facet normal -0 0 -1
    outer loop
      vertex 109.104 -50.272 0
      vertex 106.243 -53.6643 0
      vertex 75.2572 49.3796 0
    endloop
  endfacet
  facet normal 0 0 -1
    outer loop
      vertex 126.594 24.148 0
      vertex 75.2572 49.3796 0
      vertex 124.917 30.0396 0
    endloop
  endfacet
  facet normal 0 0 -1
    outer loop
      vertex 106.243 -53.6643 0
      vertex 74.671 49.5293 0
      vertex 75.2572 49.3796 0
    endloop
  endfacet
  facet normal 0 0 -1
    outer loop
      vertex 106.243 -53.6643 0
      vertex 52.661 52.3793 0
      vertex 74.671 49.5293 0
    endloop
  endfacet
  facet normal 0 0 -1
    outer loop
      vertex 106.243 -53.6643 0
      vertex 52.34 52.4 0
      vertex 52.661 52.3793 0
    endloop
  endfacet
  facet normal 0 0 -1
    outer loop
      vertex 106.243 -53.6643 0
      vertex 33.75 52.4 0
      vertex 52.34 52.4 0
    endloop
  endfacet
  facet normal 0 0 -1
    outer loop
      vertex 106.243 -53.6643 0
      vertex 33.0728 52.3065 0
      vertex 33.75 52.4 0
    endloop
  endfacet
  facet normal 0 0 -1
    outer loop
      vertex -10.6626 -70.0265 0
      vertex 106.243 -53.6643 0
      vertex -10.62 -70.35 0
    endloop
  endfacet
  facet normal 0 0 -1
    outer loop
      vertex 106.243 -53.6643 0
      vertex -10.6626 -70.6735 0
      vertex -10.62 -70.35 0
    endloop
  endfacet
  facet normal 0 0 -1
    outer loop
      vertex -12.9975 -94.6443 0
      vertex -10.6626 -70.6735 0
      vertex 106.243 -53.6643 0
    endloop
  endfacet
  facet normal 0 0 -1
    outer loop
      vertex -10.6626 -70.6735 0
      vertex -12.9975 -94.6443 0
      vertex -10.7875 -70.975 0
    endloop
  endfacet
  facet normal 0 0 -1
    outer loop
      vertex -10.7875 -70.975 0
      vertex -12.9975 -94.6443 0
      vertex -10.9861 -71.2339 0
    endloop
  endfacet
  facet normal 0 0 -1
    outer loop
      vertex -10.9861 -71.2339 0
      vertex -12.9975 -94.6443 0
      vertex -11.245 -71.4325 0
    endloop
  endfacet
  facet normal 0 0 -1
    outer loop
      vertex -11.245 -71.4325 0
      vertex -12.9975 -94.6443 0
      vertex -11.5465 -71.5574 0
    endloop
  endfacet
  facet normal 0 0 -1
    outer loop
      vertex -12.9975 -94.6443 0
      vertex -11.87 -71.6 0
      vertex -11.5465 -71.5574 0
    endloop
  endfacet
  facet normal 0 0 -1
    outer loop
      vertex -12.9975 -94.6443 0
      vertex -12.1935 -71.5574 0
      vertex -11.87 -71.6 0
    endloop
  endfacet
  facet normal 0 0 -1
    outer loop
      vertex -16.3209 -94.7109 0
      vertex -12.1935 -71.5574 0
      vertex -12.9975 -94.6443 0
    endloop
  endfacet
  facet normal -0 0 -1
    outer loop
      vertex -12.1935 -71.5574 0
      vertex -16.3209 -94.7109 0
      vertex -12.495 -71.4325 0
    endloop
  endfacet
  facet normal 0 0 -1
    outer loop
      vertex -31.8609 -85.3409 0
      vertex -12.495 -71.4325 0
      vertex -16.3209 -94.7109 0
    endloop
  endfacet
  facet normal -0 0 -1
    outer loop
      vertex -12.495 -71.4325 0
      vertex -31.8609 -85.3409 0
      vertex -12.7539 -71.2339 0
    endloop
  endfacet
  facet normal 0 0 -1
    outer loop
      vertex -33.0468 -82.86 0
      vertex -12.7539 -71.2339 0
      vertex -31.8609 -85.3409 0
    endloop
  endfacet
  facet normal 0 0 -1
    outer loop
      vertex -16.3209 -94.7109 0
      vertex -12.9975 -94.6443 0
      vertex -13.2319 -94.7122 0
    endloop
  endfacet
  facet normal 0 0 -1
    outer loop
      vertex -10.7875 -69.725 0
      vertex 106.243 -53.6643 0
      vertex -10.6626 -70.0265 0
    endloop
  endfacet
  facet normal 0 0 -1
    outer loop
      vertex -10.9861 -69.4661 0
      vertex 106.243 -53.6643 0
      vertex -10.7875 -69.725 0
    endloop
  endfacet
  facet normal -0 0 -1
    outer loop
      vertex 106.243 -53.6643 0
      vertex -10.9861 -69.4661 0
      vertex 33.0728 52.3065 0
    endloop
  endfacet
  facet normal 0 0 -1
    outer loop
      vertex -11.245 -69.2675 0
      vertex 33.0728 52.3065 0
      vertex -10.9861 -69.4661 0
    endloop
  endfacet
  facet normal 0 0 -1
    outer loop
      vertex -16.6268 36.76 0
      vertex -11.245 -69.2675 0
      vertex -11.5465 -69.1426 0
    endloop
  endfacet
  facet normal 0 0 -1
    outer loop
      vertex -16.6268 36.76 0
      vertex -11.5465 -69.1426 0
      vertex -11.87 -69.1 0
    endloop
  endfacet
  facet normal 0 0 -1
    outer loop
      vertex -16.6268 36.76 0
      vertex -11.87 -69.1 0
      vertex -12.1935 -69.1426 0
    endloop
  endfacet
  facet normal 0 0 -1
    outer loop
      vertex -16.6268 36.76 0
      vertex -12.1935 -69.1426 0
      vertex -12.495 -69.2675 0
    endloop
  endfacet
  facet normal 0 0 -1
    outer loop
      vertex -16.6268 36.76 0
      vertex -12.495 -69.2675 0
      vertex -12.7539 -69.4661 0
    endloop
  endfacet
  facet normal 0 0 -1
    outer loop
      vertex -33.0468 -82.86 0
      vertex -12.7539 -69.4661 0
      vertex -12.9525 -69.725 0
    endloop
  endfacet
  facet normal 0 0 -1
    outer loop
      vertex -33.0468 -82.86 0
      vertex -12.9525 -69.725 0
      vertex -13.0774 -70.0265 0
    endloop
  endfacet
  facet normal 0 0 -1
    outer loop
      vertex -16.3209 -94.7109 0
      vertex -13.2319 -94.7122 0
      vertex -14.4519 -95.0022 0
    endloop
  endfacet
  facet normal 0 0 -1
    outer loop
      vertex -11.245 -69.2675 0
      vertex -16.6268 36.76 0
      vertex 33.0728 52.3065 0
    endloop
  endfacet
  facet normal 0 0 -1
    outer loop
      vertex -33.0468 -82.86 0
      vertex -13.0774 -70.0265 0
      vertex -13.12 -70.35 0
    endloop
  endfacet
  facet normal -0 0 -1
    outer loop
      vertex -12.7539 -71.2339 0
      vertex -33.0468 -82.86 0
      vertex -12.9525 -70.975 0
    endloop
  endfacet
  facet normal -0 0 -1
    outer loop
      vertex -12.9525 -70.975 0
      vertex -33.0468 -82.86 0
      vertex -13.0774 -70.6735 0
    endloop
  endfacet
  facet normal 0 0 -1
    outer loop
      vertex 33.0728 52.3065 0
      vertex -16.6268 36.76 0
      vertex -14.8272 38.8265 0
    endloop
  endfacet
  facet normal -0 0 -1
    outer loop
      vertex -13.0774 -70.6735 0
      vertex -33.0468 -82.86 0
      vertex -13.12 -70.35 0
    endloop
  endfacet
  facet normal -0 0 -1
    outer loop
      vertex -12.7539 -69.4661 0
      vertex -33.0468 -82.86 0
      vertex -16.6268 36.76 0
    endloop
  endfacet
  facet normal 0.902443 -0.43081 0
    outer loop
      vertex 108.646 -51.2314 2.5
      vertex 109.104 -50.272 0
      vertex 109.104 -50.272 2.5
    endloop
  endfacet
  facet normal 0.902443 -0.43081 0
    outer loop
      vertex 109.104 -50.272 0
      vertex 108.646 -51.2314 2.5
      vertex 108.646 -51.2314 0
    endloop
  endfacet
  facet normal 0.0643523 0.997927 -0
    outer loop
      vertex 52.661 52.3793 0
      vertex 52.34 52.4 2.5
      vertex 52.661 52.3793 2.5
    endloop
  endfacet
  facet normal 0.0643523 0.997927 0
    outer loop
      vertex 52.34 52.4 2.5
      vertex 52.661 52.3793 0
      vertex 52.34 52.4 0
    endloop
  endfacet
  facet normal 0.995942 -0.0899948 0
    outer loop
      vertex 126.594 24.148 2.5
      vertex 126.657 24.8452 0
      vertex 126.657 24.8452 2.5
    endloop
  endfacet
  facet normal 0.995942 -0.0899948 0
    outer loop
      vertex 126.657 24.8452 0
      vertex 126.594 24.148 2.5
      vertex 126.594 24.148 0
    endloop
  endfacet
  facet normal 0.128415 0.991721 -0
    outer loop
      vertex 74.671 49.5293 0
      vertex 52.661 52.3793 2.5
      vertex 74.671 49.5293 2.5
    endloop
  endfacet
  facet normal 0.128415 0.991721 0
    outer loop
      vertex 52.661 52.3793 2.5
      vertex 74.671 49.5293 0
      vertex 52.661 52.3793 0
    endloop
  endfacet
  facet normal 0.998744 0.0501025 0
    outer loop
      vertex 126.657 24.8452 2.5
      vertex 126.507 27.8353 0
      vertex 126.507 27.8353 2.5
    endloop
  endfacet
  facet normal 0.998744 0.0501025 0
    outer loop
      vertex 126.507 27.8353 0
      vertex 126.657 24.8452 2.5
      vertex 126.657 24.8452 0
    endloop
  endfacet
  facet normal 0 0 1
    outer loop
      vertex 47.478 -36.952 2.5
      vertex 6.8215 -54.6926 2.5
      vertex 6.86 -55.28 2.5
    endloop
  endfacet
  facet normal 0 0 1
    outer loop
      vertex 1.77263 -50.8185 2.5
      vertex 6.90254 -19.9121 2.5
      vertex 6.71333 -19.3547 2.5
    endloop
  endfacet
  facet normal 0 0 1
    outer loop
      vertex 7.16289 -20.44 2.5
      vertex 6.70667 -54.1153 2.5
      vertex 6.8215 -54.6926 2.5
    endloop
  endfacet
  facet normal 0 0 1
    outer loop
      vertex 1.77263 -50.8185 2.5
      vertex 6.71333 -19.3547 2.5
      vertex 6.5985 -18.7774 2.5
    endloop
  endfacet
  facet normal 0 0 1
    outer loop
      vertex 1.77263 -50.8185 2.5
      vertex 6.5985 -18.7774 2.5
      vertex 6.56 -18.19 2.5
    endloop
  endfacet
  facet normal 0 0 1
    outer loop
      vertex 7.16289 -20.44 2.5
      vertex 6.51746 -53.5579 2.5
      vertex 6.70667 -54.1153 2.5
    endloop
  endfacet
  facet normal 0 0 1
    outer loop
      vertex 47.478 -30.588 2.5
      vertex 15.5215 -17.6026 2.5
      vertex 15.56 -18.19 2.5
    endloop
  endfacet
  facet normal 0 0 1
    outer loop
      vertex 33.75 52.4 2.5
      vertex 15.4067 -17.0253 2.5
      vertex 15.5215 -17.6026 2.5
    endloop
  endfacet
  facet normal 0 0 1
    outer loop
      vertex 33.75 52.4 2.5
      vertex 15.2175 -16.4679 2.5
      vertex 15.4067 -17.0253 2.5
    endloop
  endfacet
  facet normal 0 0 1
    outer loop
      vertex 33.75 52.4 2.5
      vertex 14.9571 -15.94 2.5
      vertex 15.2175 -16.4679 2.5
    endloop
  endfacet
  facet normal 0 0 1
    outer loop
      vertex 33.75 52.4 2.5
      vertex 11.4275 25.0579 2.5
      vertex 14.9571 -15.94 2.5
    endloop
  endfacet
  facet normal 0 0 1
    outer loop
      vertex 14.9571 -15.94 2.5
      vertex 11.4275 25.0579 2.5
      vertex 14.6301 -15.4506 2.5
    endloop
  endfacet
  facet normal -0 0 1
    outer loop
      vertex 11.1671 24.53 2.5
      vertex 14.6301 -15.4506 2.5
      vertex 11.4275 25.0579 2.5
    endloop
  endfacet
  facet normal 0 0 1
    outer loop
      vertex 14.6301 -15.4506 2.5
      vertex 11.1671 24.53 2.5
      vertex 14.242 -15.008 2.5
    endloop
  endfacet
  facet normal -0 0 1
    outer loop
      vertex 10.8401 24.0406 2.5
      vertex 14.242 -15.008 2.5
      vertex 11.1671 24.53 2.5
    endloop
  endfacet
  facet normal 0 0 1
    outer loop
      vertex 14.242 -15.008 2.5
      vertex 10.8401 24.0406 2.5
      vertex 13.7994 -14.6199 2.5
    endloop
  endfacet
  facet normal 0 0 1
    outer loop
      vertex 33.75 52.4 2.5
      vertex 11.77 26.78 2.5
      vertex 11.7315 26.1926 2.5
    endloop
  endfacet
  facet normal 0 0 1
    outer loop
      vertex 33.0728 52.3065 2.5
      vertex 11.7315 27.3674 2.5
      vertex 11.77 26.78 2.5
    endloop
  endfacet
  facet normal 0 0 1
    outer loop
      vertex 33.0728 52.3065 2.5
      vertex 11.6167 27.9447 2.5
      vertex 11.7315 27.3674 2.5
    endloop
  endfacet
  facet normal 0 0 1
    outer loop
      vertex 33.0728 52.3065 2.5
      vertex 11.4275 28.5021 2.5
      vertex 11.6167 27.9447 2.5
    endloop
  endfacet
  facet normal 0 0 1
    outer loop
      vertex 33.0728 52.3065 2.5
      vertex 11.1671 29.03 2.5
      vertex 11.4275 28.5021 2.5
    endloop
  endfacet
  facet normal 0 0 1
    outer loop
      vertex 33.0728 52.3065 2.5
      vertex 10.8401 29.5194 2.5
      vertex 11.1671 29.03 2.5
    endloop
  endfacet
  facet normal 0 0 1
    outer loop
      vertex 33.0728 52.3065 2.5
      vertex 10.452 29.962 2.5
      vertex 10.8401 29.5194 2.5
    endloop
  endfacet
  facet normal 0 0 1
    outer loop
      vertex 33.0728 52.3065 2.5
      vertex 10.0094 30.3501 2.5
      vertex 10.452 29.962 2.5
    endloop
  endfacet
  facet normal 0 0 1
    outer loop
      vertex 33.0728 52.3065 2.5
      vertex 9.52 30.6771 2.5
      vertex 10.0094 30.3501 2.5
    endloop
  endfacet
  facet normal 0 0 1
    outer loop
      vertex 33.0728 52.3065 2.5
      vertex 8.99207 30.9375 2.5
      vertex 9.52 30.6771 2.5
    endloop
  endfacet
  facet normal 0 0 1
    outer loop
      vertex 33.0728 52.3065 2.5
      vertex 8.43468 31.1267 2.5
      vertex 8.99207 30.9375 2.5
    endloop
  endfacet
  facet normal 0 0 1
    outer loop
      vertex 33.0728 52.3065 2.5
      vertex 7.85737 31.2415 2.5
      vertex 8.43468 31.1267 2.5
    endloop
  endfacet
  facet normal 0 0 1
    outer loop
      vertex 33.0728 52.3065 2.5
      vertex 7.27 31.28 2.5
      vertex 7.85737 31.2415 2.5
    endloop
  endfacet
  facet normal 0 0 1
    outer loop
      vertex 33.0728 52.3065 2.5
      vertex 6.68263 31.2415 2.5
      vertex 7.27 31.28 2.5
    endloop
  endfacet
  facet normal -0 0 1
    outer loop
      vertex -14.8272 38.8265 2.5
      vertex 6.68263 31.2415 2.5
      vertex 33.0728 52.3065 2.5
    endloop
  endfacet
  facet normal 0 0 1
    outer loop
      vertex 6.68263 31.2415 2.5
      vertex -14.8272 38.8265 2.5
      vertex 6.10531 31.1267 2.5
    endloop
  endfacet
  facet normal 0 0 1
    outer loop
      vertex 6.10531 31.1267 2.5
      vertex -14.8272 38.8265 2.5
      vertex 5.54792 30.9375 2.5
    endloop
  endfacet
  facet normal 0 0 1
    outer loop
      vertex 5.54792 30.9375 2.5
      vertex -14.8272 38.8265 2.5
      vertex 5.02 30.6771 2.5
    endloop
  endfacet
  facet normal 0 0 1
    outer loop
      vertex 7.16289 -20.44 2.5
      vertex 1.77263 -50.8185 2.5
      vertex 2.36 -50.78 2.5
    endloop
  endfacet
  facet normal 0 0 1
    outer loop
      vertex 2.8085 26.1926 2.5
      vertex 1.19531 -50.9333 2.5
      vertex 1.77263 -50.8185 2.5
    endloop
  endfacet
  facet normal 0 0 1
    outer loop
      vertex 2.8085 26.1926 2.5
      vertex 0.637924 -51.1225 2.5
      vertex 1.19531 -50.9333 2.5
    endloop
  endfacet
  facet normal 0 0 1
    outer loop
      vertex 2.8085 26.1926 2.5
      vertex 0.11 -51.3829 2.5
      vertex 0.637924 -51.1225 2.5
    endloop
  endfacet
  facet normal 0 0 1
    outer loop
      vertex 2.8085 26.1926 2.5
      vertex -0.379426 -51.7099 2.5
      vertex 0.11 -51.3829 2.5
    endloop
  endfacet
  facet normal 0 0 1
    outer loop
      vertex 2.8085 26.1926 2.5
      vertex -16.6268 36.76 2.5
      vertex -0.379426 -51.7099 2.5
    endloop
  endfacet
  facet normal 0 0 1
    outer loop
      vertex -0.379426 -51.7099 2.5
      vertex -16.6268 36.76 2.5
      vertex -0.82198 -52.098 2.5
    endloop
  endfacet
  facet normal 0 0 1
    outer loop
      vertex -0.82198 -52.098 2.5
      vertex -16.6268 36.76 2.5
      vertex -1.21009 -52.5406 2.5
    endloop
  endfacet
  facet normal 0 -0 1
    outer loop
      vertex -14.6094 -66.7799 2.5
      vertex -1.21009 -52.5406 2.5
      vertex -16.6268 36.76 2.5
    endloop
  endfacet
  facet normal 0 0 1
    outer loop
      vertex -1.21009 -52.5406 2.5
      vertex -14.6094 -66.7799 2.5
      vertex -1.53711 -53.03 2.5
    endloop
  endfacet
  facet normal 0 -0 1
    outer loop
      vertex -14.12 -66.4529 2.5
      vertex -1.53711 -53.03 2.5
      vertex -14.6094 -66.7799 2.5
    endloop
  endfacet
  facet normal 0 0 1
    outer loop
      vertex -1.53711 -53.03 2.5
      vertex -14.12 -66.4529 2.5
      vertex -1.79746 -53.5579 2.5
    endloop
  endfacet
  facet normal 0 -0 1
    outer loop
      vertex -13.5921 -66.1925 2.5
      vertex -1.79746 -53.5579 2.5
      vertex -14.12 -66.4529 2.5
    endloop
  endfacet
  facet normal 0 0 1
    outer loop
      vertex -16.6268 36.76 2.5
      vertex 2.77 26.78 2.5
      vertex 2.8085 27.3674 2.5
    endloop
  endfacet
  facet normal 0 0 1
    outer loop
      vertex -2.14 -55.28 2.5
      vertex -7.4085 -69.7626 2.5
      vertex -7.37 -70.35 2.5
    endloop
  endfacet
  facet normal 0 0 1
    outer loop
      vertex -2.14 -55.28 2.5
      vertex -7.52333 -69.1853 2.5
      vertex -7.4085 -69.7626 2.5
    endloop
  endfacet
  facet normal 0 0 1
    outer loop
      vertex -2.14 -55.28 2.5
      vertex -7.71254 -68.6279 2.5
      vertex -7.52333 -69.1853 2.5
    endloop
  endfacet
  facet normal 0 0 1
    outer loop
      vertex -2.14 -55.28 2.5
      vertex -7.97289 -68.1 2.5
      vertex -7.71254 -68.6279 2.5
    endloop
  endfacet
  facet normal 0 0 1
    outer loop
      vertex -2.14 -55.28 2.5
      vertex -8.29991 -67.6106 2.5
      vertex -7.97289 -68.1 2.5
    endloop
  endfacet
  facet normal 0 0 1
    outer loop
      vertex -2.14 -55.28 2.5
      vertex -8.68802 -67.168 2.5
      vertex -8.29991 -67.6106 2.5
    endloop
  endfacet
  facet normal 0 0 1
    outer loop
      vertex -2.14 -55.28 2.5
      vertex -9.13057 -66.7799 2.5
      vertex -8.68802 -67.168 2.5
    endloop
  endfacet
  facet normal 0 0 1
    outer loop
      vertex -2.14 -55.28 2.5
      vertex -9.62 -66.4529 2.5
      vertex -9.13057 -66.7799 2.5
    endloop
  endfacet
  facet normal 0 0 1
    outer loop
      vertex -2.14 -55.28 2.5
      vertex -10.1479 -66.1925 2.5
      vertex -9.62 -66.4529 2.5
    endloop
  endfacet
  facet normal 0 0 1
    outer loop
      vertex -2.14 -55.28 2.5
      vertex -10.7053 -66.0033 2.5
      vertex -10.1479 -66.1925 2.5
    endloop
  endfacet
  facet normal 0 0 1
    outer loop
      vertex -2.14 -55.28 2.5
      vertex -11.2826 -65.8885 2.5
      vertex -10.7053 -66.0033 2.5
    endloop
  endfacet
  facet normal 0 0 1
    outer loop
      vertex -2.14 -55.28 2.5
      vertex -11.87 -65.85 2.5
      vertex -11.2826 -65.8885 2.5
    endloop
  endfacet
  facet normal 0 0 1
    outer loop
      vertex -2.14 -55.28 2.5
      vertex -12.4574 -65.8885 2.5
      vertex -11.87 -65.85 2.5
    endloop
  endfacet
  facet normal 0 0 1
    outer loop
      vertex -2.1015 -54.6926 2.5
      vertex -12.4574 -65.8885 2.5
      vertex -2.14 -55.28 2.5
    endloop
  endfacet
  facet normal 0 0 1
    outer loop
      vertex -1.79746 -53.5579 2.5
      vertex -13.5921 -66.1925 2.5
      vertex -1.98667 -54.1153 2.5
    endloop
  endfacet
  facet normal 0 -0 1
    outer loop
      vertex -12.4574 -65.8885 2.5
      vertex -2.1015 -54.6926 2.5
      vertex -13.0347 -66.0033 2.5
    endloop
  endfacet
  facet normal 0 0 1
    outer loop
      vertex -1.98667 -54.1153 2.5
      vertex -13.0347 -66.0033 2.5
      vertex -2.1015 -54.6926 2.5
    endloop
  endfacet
  facet normal 0 0 1
    outer loop
      vertex 5.02 30.6771 2.5
      vertex -14.8272 38.8265 2.5
      vertex 4.53057 30.3501 2.5
    endloop
  endfacet
  facet normal 0 0 1
    outer loop
      vertex -14.8272 38.8265 2.5
      vertex 4.08802 29.962 2.5
      vertex 4.53057 30.3501 2.5
    endloop
  endfacet
  facet normal 0 0 1
    outer loop
      vertex -14.8272 38.8265 2.5
      vertex 3.69991 29.5194 2.5
      vertex 4.08802 29.962 2.5
    endloop
  endfacet
  facet normal 0 0 1
    outer loop
      vertex -14.8272 38.8265 2.5
      vertex 3.37288 29.03 2.5
      vertex 3.69991 29.5194 2.5
    endloop
  endfacet
  facet normal 0 0 1
    outer loop
      vertex -14.8272 38.8265 2.5
      vertex 3.11254 28.5021 2.5
      vertex 3.37288 29.03 2.5
    endloop
  endfacet
  facet normal 0 0 1
    outer loop
      vertex -14.8272 38.8265 2.5
      vertex 2.92333 27.9447 2.5
      vertex 3.11254 28.5021 2.5
    endloop
  endfacet
  facet normal -0 0 1
    outer loop
      vertex -16.6268 36.76 2.5
      vertex 2.92333 27.9447 2.5
      vertex -14.8272 38.8265 2.5
    endloop
  endfacet
  facet normal 0 0 1
    outer loop
      vertex 2.92333 27.9447 2.5
      vertex -16.6268 36.76 2.5
      vertex 2.8085 27.3674 2.5
    endloop
  endfacet
  facet normal 0 -0 1
    outer loop
      vertex -13.0347 -66.0033 2.5
      vertex -1.98667 -54.1153 2.5
      vertex -13.5921 -66.1925 2.5
    endloop
  endfacet
  facet normal 0 0 1
    outer loop
      vertex -14.6094 -66.7799 2.5
      vertex -16.6268 36.76 2.5
      vertex -15.052 -67.168 2.5
    endloop
  endfacet
  facet normal 0 0 1
    outer loop
      vertex -15.052 -67.168 2.5
      vertex -16.6268 36.76 2.5
      vertex -15.4401 -67.6106 2.5
    endloop
  endfacet
  facet normal 0 0 1
    outer loop
      vertex -33.0468 -82.86 2.5
      vertex -15.4401 -67.6106 2.5
      vertex -16.6268 36.76 2.5
    endloop
  endfacet
  facet normal 0 0 1
    outer loop
      vertex -15.4401 -67.6106 2.5
      vertex -33.0468 -82.86 2.5
      vertex -15.7671 -68.1 2.5
    endloop
  endfacet
  facet normal 0 0 1
    outer loop
      vertex -15.7671 -68.1 2.5
      vertex -33.0468 -82.86 2.5
      vertex -16.0275 -68.6279 2.5
    endloop
  endfacet
  facet normal 0 0 1
    outer loop
      vertex -16.0275 -68.6279 2.5
      vertex -33.0468 -82.86 2.5
      vertex -16.2167 -69.1853 2.5
    endloop
  endfacet
  facet normal 0 0 1
    outer loop
      vertex -16.2167 -69.1853 2.5
      vertex -33.0468 -82.86 2.5
      vertex -16.3315 -69.7626 2.5
    endloop
  endfacet
  facet normal 0 0 1
    outer loop
      vertex 33.75 52.4 2.5
      vertex 11.7315 26.1926 2.5
      vertex 11.6167 25.6153 2.5
    endloop
  endfacet
  facet normal 0 0 1
    outer loop
      vertex 33.75 52.4 2.5
      vertex 11.6167 25.6153 2.5
      vertex 11.4275 25.0579 2.5
    endloop
  endfacet
  facet normal -0 0 1
    outer loop
      vertex 10.452 23.598 2.5
      vertex 13.7994 -14.6199 2.5
      vertex 10.8401 24.0406 2.5
    endloop
  endfacet
  facet normal 0 0 1
    outer loop
      vertex 13.7994 -14.6199 2.5
      vertex 10.452 23.598 2.5
      vertex 13.31 -14.2929 2.5
    endloop
  endfacet
  facet normal -0 0 1
    outer loop
      vertex 10.0094 23.2099 2.5
      vertex 13.31 -14.2929 2.5
      vertex 10.452 23.598 2.5
    endloop
  endfacet
  facet normal 0 0 1
    outer loop
      vertex 13.31 -14.2929 2.5
      vertex 10.0094 23.2099 2.5
      vertex 12.7821 -14.0325 2.5
    endloop
  endfacet
  facet normal -0 0 1
    outer loop
      vertex 9.52 22.8829 2.5
      vertex 12.7821 -14.0325 2.5
      vertex 10.0094 23.2099 2.5
    endloop
  endfacet
  facet normal 0 0 1
    outer loop
      vertex 12.7821 -14.0325 2.5
      vertex 9.52 22.8829 2.5
      vertex 12.2247 -13.8433 2.5
    endloop
  endfacet
  facet normal -0 0 1
    outer loop
      vertex 8.99207 22.6225 2.5
      vertex 12.2247 -13.8433 2.5
      vertex 9.52 22.8829 2.5
    endloop
  endfacet
  facet normal 0 0 1
    outer loop
      vertex 12.2247 -13.8433 2.5
      vertex 8.99207 22.6225 2.5
      vertex 11.6474 -13.7285 2.5
    endloop
  endfacet
  facet normal -0 0 1
    outer loop
      vertex 8.43468 22.4333 2.5
      vertex 11.6474 -13.7285 2.5
      vertex 8.99207 22.6225 2.5
    endloop
  endfacet
  facet normal 0 0 1
    outer loop
      vertex 11.6474 -13.7285 2.5
      vertex 8.43468 22.4333 2.5
      vertex 11.06 -13.69 2.5
    endloop
  endfacet
  facet normal -0 0 1
    outer loop
      vertex 7.85737 22.3185 2.5
      vertex 11.06 -13.69 2.5
      vertex 8.43468 22.4333 2.5
    endloop
  endfacet
  facet normal 0 0 1
    outer loop
      vertex 11.06 -13.69 2.5
      vertex 7.85737 22.3185 2.5
      vertex 10.4726 -13.7285 2.5
    endloop
  endfacet
  facet normal -0 0 1
    outer loop
      vertex 7.27 22.28 2.5
      vertex 10.4726 -13.7285 2.5
      vertex 7.85737 22.3185 2.5
    endloop
  endfacet
  facet normal 0 0 1
    outer loop
      vertex 10.4726 -13.7285 2.5
      vertex 7.27 22.28 2.5
      vertex 9.89531 -13.8433 2.5
    endloop
  endfacet
  facet normal 0 0 1
    outer loop
      vertex 6.68263 22.3185 2.5
      vertex 9.89531 -13.8433 2.5
      vertex 7.27 22.28 2.5
    endloop
  endfacet
  facet normal 0 0 1
    outer loop
      vertex 9.89531 -13.8433 2.5
      vertex 6.68263 22.3185 2.5
      vertex 9.33792 -14.0325 2.5
    endloop
  endfacet
  facet normal 0 0 1
    outer loop
      vertex 6.10531 22.4333 2.5
      vertex 9.33792 -14.0325 2.5
      vertex 6.68263 22.3185 2.5
    endloop
  endfacet
  facet normal 0 0 1
    outer loop
      vertex 9.33792 -14.0325 2.5
      vertex 6.10531 22.4333 2.5
      vertex 8.81 -14.2929 2.5
    endloop
  endfacet
  facet normal 0 0 1
    outer loop
      vertex 5.54792 22.6225 2.5
      vertex 8.81 -14.2929 2.5
      vertex 6.10531 22.4333 2.5
    endloop
  endfacet
  facet normal 0 0 1
    outer loop
      vertex 8.81 -14.2929 2.5
      vertex 5.54792 22.6225 2.5
      vertex 8.32057 -14.6199 2.5
    endloop
  endfacet
  facet normal 0 0 1
    outer loop
      vertex 5.02 22.8829 2.5
      vertex 8.32057 -14.6199 2.5
      vertex 5.54792 22.6225 2.5
    endloop
  endfacet
  facet normal 0 0 1
    outer loop
      vertex 8.32057 -14.6199 2.5
      vertex 5.02 22.8829 2.5
      vertex 7.87802 -15.008 2.5
    endloop
  endfacet
  facet normal 0 0 1
    outer loop
      vertex 4.53057 23.2099 2.5
      vertex 7.87802 -15.008 2.5
      vertex 5.02 22.8829 2.5
    endloop
  endfacet
  facet normal 0 0 1
    outer loop
      vertex 7.87802 -15.008 2.5
      vertex 4.53057 23.2099 2.5
      vertex 7.48991 -15.4506 2.5
    endloop
  endfacet
  facet normal 0 0 1
    outer loop
      vertex 4.08802 23.598 2.5
      vertex 7.48991 -15.4506 2.5
      vertex 4.53057 23.2099 2.5
    endloop
  endfacet
  facet normal 0 0 1
    outer loop
      vertex 7.16289 -20.44 2.5
      vertex 6.25711 -53.03 2.5
      vertex 6.51746 -53.5579 2.5
    endloop
  endfacet
  facet normal 0 0 1
    outer loop
      vertex 7.48991 -15.4506 2.5
      vertex 4.08802 23.598 2.5
      vertex 7.16289 -15.94 2.5
    endloop
  endfacet
  facet normal 0 0 1
    outer loop
      vertex 3.69991 24.0406 2.5
      vertex 7.16289 -15.94 2.5
      vertex 4.08802 23.598 2.5
    endloop
  endfacet
  facet normal 0 0 1
    outer loop
      vertex 7.16289 -20.44 2.5
      vertex 5.93009 -52.5406 2.5
      vertex 6.25711 -53.03 2.5
    endloop
  endfacet
  facet normal 0 0 1
    outer loop
      vertex 7.16289 -15.94 2.5
      vertex 3.69991 24.0406 2.5
      vertex 6.90254 -16.4679 2.5
    endloop
  endfacet
  facet normal 0 0 1
    outer loop
      vertex 7.16289 -20.44 2.5
      vertex 5.54198 -52.098 2.5
      vertex 5.93009 -52.5406 2.5
    endloop
  endfacet
  facet normal 0 0 1
    outer loop
      vertex 7.16289 -20.44 2.5
      vertex 5.09943 -51.7099 2.5
      vertex 5.54198 -52.098 2.5
    endloop
  endfacet
  facet normal 0 0 1
    outer loop
      vertex 3.37288 24.53 2.5
      vertex 6.90254 -16.4679 2.5
      vertex 3.69991 24.0406 2.5
    endloop
  endfacet
  facet normal 0 0 1
    outer loop
      vertex 7.16289 -20.44 2.5
      vertex 4.61 -51.3829 2.5
      vertex 5.09943 -51.7099 2.5
    endloop
  endfacet
  facet normal 0 0 1
    outer loop
      vertex 6.90254 -16.4679 2.5
      vertex 3.37288 24.53 2.5
      vertex 6.71333 -17.0253 2.5
    endloop
  endfacet
  facet normal 0 0 1
    outer loop
      vertex 3.11254 25.0579 2.5
      vertex 6.71333 -17.0253 2.5
      vertex 3.37288 24.53 2.5
    endloop
  endfacet
  facet normal 0 0 1
    outer loop
      vertex 7.16289 -20.44 2.5
      vertex 4.08208 -51.1225 2.5
      vertex 4.61 -51.3829 2.5
    endloop
  endfacet
  facet normal 0 0 1
    outer loop
      vertex 6.71333 -17.0253 2.5
      vertex 3.11254 25.0579 2.5
      vertex 6.5985 -17.6026 2.5
    endloop
  endfacet
  facet normal 0 0 1
    outer loop
      vertex 7.16289 -20.44 2.5
      vertex 3.52468 -50.9333 2.5
      vertex 4.08208 -51.1225 2.5
    endloop
  endfacet
  facet normal 0 0 1
    outer loop
      vertex 2.92333 25.6153 2.5
      vertex 6.5985 -17.6026 2.5
      vertex 3.11254 25.0579 2.5
    endloop
  endfacet
  facet normal 0 0 1
    outer loop
      vertex 6.5985 -17.6026 2.5
      vertex 2.92333 25.6153 2.5
      vertex 6.56 -18.19 2.5
    endloop
  endfacet
  facet normal 0 0 1
    outer loop
      vertex 7.16289 -20.44 2.5
      vertex 2.94737 -50.8185 2.5
      vertex 3.52468 -50.9333 2.5
    endloop
  endfacet
  facet normal 0 0 1
    outer loop
      vertex 1.77263 -50.8185 2.5
      vertex 6.56 -18.19 2.5
      vertex 2.92333 25.6153 2.5
    endloop
  endfacet
  facet normal 0 0 1
    outer loop
      vertex 1.77263 -50.8185 2.5
      vertex 2.92333 25.6153 2.5
      vertex 2.8085 26.1926 2.5
    endloop
  endfacet
  facet normal 0 0 1
    outer loop
      vertex -16.6268 36.76 2.5
      vertex 2.8085 26.1926 2.5
      vertex 2.77 26.78 2.5
    endloop
  endfacet
  facet normal 0 0 1
    outer loop
      vertex 7.16289 -20.44 2.5
      vertex 2.36 -50.78 2.5
      vertex 2.94737 -50.8185 2.5
    endloop
  endfacet
  facet normal 0 0 1
    outer loop
      vertex 85.0733 -29.5047 2.5
      vertex 55.1215 -33.1826 2.5
      vertex 55.16 -33.77 2.5
    endloop
  endfacet
  facet normal 0 0 1
    outer loop
      vertex 95.2885 15.0226 2.5
      vertex 55.0067 -32.6053 2.5
      vertex 55.1215 -33.1826 2.5
    endloop
  endfacet
  facet normal 0 0 1
    outer loop
      vertex 95.2885 15.0226 2.5
      vertex 54.8175 -32.0479 2.5
      vertex 55.0067 -32.6053 2.5
    endloop
  endfacet
  facet normal 0 0 1
    outer loop
      vertex 95.2885 15.0226 2.5
      vertex 54.5571 -31.52 2.5
      vertex 54.8175 -32.0479 2.5
    endloop
  endfacet
  facet normal 0 0 1
    outer loop
      vertex 95.2885 15.0226 2.5
      vertex 54.2301 -31.0306 2.5
      vertex 54.5571 -31.52 2.5
    endloop
  endfacet
  facet normal 0 0 1
    outer loop
      vertex 95.2885 15.0226 2.5
      vertex 53.842 -30.588 2.5
      vertex 54.2301 -31.0306 2.5
    endloop
  endfacet
  facet normal 0 0 1
    outer loop
      vertex 95.2885 15.0226 2.5
      vertex 53.3994 -30.1999 2.5
      vertex 53.842 -30.588 2.5
    endloop
  endfacet
  facet normal 0 0 1
    outer loop
      vertex 95.2885 15.0226 2.5
      vertex 52.91 -29.8729 2.5
      vertex 53.3994 -30.1999 2.5
    endloop
  endfacet
  facet normal 0 0 1
    outer loop
      vertex 95.2885 15.0226 2.5
      vertex 52.661 52.3793 2.5
      vertex 51.2474 -29.3085 2.5
    endloop
  endfacet
  facet normal 0 0 1
    outer loop
      vertex 95.2885 15.0226 2.5
      vertex 52.3821 -29.6125 2.5
      vertex 52.91 -29.8729 2.5
    endloop
  endfacet
  facet normal 0 0 1
    outer loop
      vertex 50.66 -29.27 2.5
      vertex 52.661 52.3793 2.5
      vertex 52.34 52.4 2.5
    endloop
  endfacet
  facet normal 0 0 1
    outer loop
      vertex 95.2885 15.0226 2.5
      vertex 51.8247 -29.4233 2.5
      vertex 52.3821 -29.6125 2.5
    endloop
  endfacet
  facet normal 0 0 1
    outer loop
      vertex 95.2885 15.0226 2.5
      vertex 51.2474 -29.3085 2.5
      vertex 51.8247 -29.4233 2.5
    endloop
  endfacet
  facet normal 0 0 1
    outer loop
      vertex 52.661 52.3793 2.5
      vertex 50.66 -29.27 2.5
      vertex 51.2474 -29.3085 2.5
    endloop
  endfacet
  facet normal 0 0 1
    outer loop
      vertex 52.34 52.4 2.5
      vertex 50.0726 -29.3085 2.5
      vertex 50.66 -29.27 2.5
    endloop
  endfacet
  facet normal -0 0 1
    outer loop
      vertex 15.5215 -17.6026 2.5
      vertex 50.0726 -29.3085 2.5
      vertex 52.34 52.4 2.5
    endloop
  endfacet
  facet normal 0 0 1
    outer loop
      vertex 15.5215 -17.6026 2.5
      vertex 49.4953 -29.4233 2.5
      vertex 50.0726 -29.3085 2.5
    endloop
  endfacet
  facet normal 0 0 1
    outer loop
      vertex 15.5215 -17.6026 2.5
      vertex 48.9379 -29.6125 2.5
      vertex 49.4953 -29.4233 2.5
    endloop
  endfacet
  facet normal 0 0 1
    outer loop
      vertex 15.5215 -17.6026 2.5
      vertex 48.41 -29.8729 2.5
      vertex 48.9379 -29.6125 2.5
    endloop
  endfacet
  facet normal 0 0 1
    outer loop
      vertex 15.5215 -17.6026 2.5
      vertex 47.9206 -30.1999 2.5
      vertex 48.41 -29.8729 2.5
    endloop
  endfacet
  facet normal 0 0 1
    outer loop
      vertex 15.5215 -17.6026 2.5
      vertex 47.478 -30.588 2.5
      vertex 47.9206 -30.1999 2.5
    endloop
  endfacet
  facet normal 0 0 1
    outer loop
      vertex 47.478 -30.588 2.5
      vertex 15.56 -18.19 2.5
      vertex 47.0899 -31.0306 2.5
    endloop
  endfacet
  facet normal -0 0 1
    outer loop
      vertex 15.5215 -18.7774 2.5
      vertex 47.0899 -31.0306 2.5
      vertex 15.56 -18.19 2.5
    endloop
  endfacet
  facet normal 0 0 1
    outer loop
      vertex 47.0899 -31.0306 2.5
      vertex 15.5215 -18.7774 2.5
      vertex 46.7629 -31.52 2.5
    endloop
  endfacet
  facet normal -0 0 1
    outer loop
      vertex 15.4067 -19.3547 2.5
      vertex 46.7629 -31.52 2.5
      vertex 15.5215 -18.7774 2.5
    endloop
  endfacet
  facet normal 0 0 1
    outer loop
      vertex 46.7629 -31.52 2.5
      vertex 15.4067 -19.3547 2.5
      vertex 46.5025 -32.0479 2.5
    endloop
  endfacet
  facet normal 0 0 1
    outer loop
      vertex 15.5215 -17.6026 2.5
      vertex 52.34 52.4 2.5
      vertex 33.75 52.4 2.5
    endloop
  endfacet
  facet normal 0 0 1
    outer loop
      vertex 124.917 30.0396 2.5
      vertex 126.657 24.8452 2.5
      vertex 126.507 27.8353 2.5
    endloop
  endfacet
  facet normal 0 0 1
    outer loop
      vertex 126.657 24.8452 2.5
      vertex 124.917 30.0396 2.5
      vertex 126.594 24.148 2.5
    endloop
  endfacet
  facet normal 0 0 1
    outer loop
      vertex 103.647 17.86 2.5
      vertex 126.594 24.148 2.5
      vertex 124.917 30.0396 2.5
    endloop
  endfacet
  facet normal 0 0 1
    outer loop
      vertex 102.932 12.428 2.5
      vertex 126.594 24.148 2.5
      vertex 103.32 12.8706 2.5
    endloop
  endfacet
  facet normal 0 0 1
    outer loop
      vertex 126.594 24.148 2.5
      vertex 93.8815 -27.7526 2.5
      vertex 109.104 -50.272 2.5
    endloop
  endfacet
  facet normal -0 -0 1
    outer loop
      vertex 93.92 -28.34 2.5
      vertex 109.104 -50.272 2.5
      vertex 93.8815 -27.7526 2.5
    endloop
  endfacet
  facet normal 0 0 1
    outer loop
      vertex 126.594 24.148 2.5
      vertex 104.25 15.61 2.5
      vertex 104.212 15.0226 2.5
    endloop
  endfacet
  facet normal 0 0 1
    outer loop
      vertex 126.594 24.148 2.5
      vertex 104.212 16.1974 2.5
      vertex 104.25 15.61 2.5
    endloop
  endfacet
  facet normal 0 0 1
    outer loop
      vertex 126.594 24.148 2.5
      vertex 104.097 16.7747 2.5
      vertex 104.212 16.1974 2.5
    endloop
  endfacet
  facet normal 0 0 1
    outer loop
      vertex 126.594 24.148 2.5
      vertex 103.907 17.3321 2.5
      vertex 104.097 16.7747 2.5
    endloop
  endfacet
  facet normal 0 0 1
    outer loop
      vertex 126.594 24.148 2.5
      vertex 103.647 17.86 2.5
      vertex 103.907 17.3321 2.5
    endloop
  endfacet
  facet normal 0 0 1
    outer loop
      vertex 124.917 30.0396 2.5
      vertex 103.32 18.3494 2.5
      vertex 103.647 17.86 2.5
    endloop
  endfacet
  facet normal 0 0 1
    outer loop
      vertex 124.917 30.0396 2.5
      vertex 102.932 18.792 2.5
      vertex 103.32 18.3494 2.5
    endloop
  endfacet
  facet normal 0 0 1
    outer loop
      vertex 124.917 30.0396 2.5
      vertex 102.489 19.1801 2.5
      vertex 102.932 18.792 2.5
    endloop
  endfacet
  facet normal 0 0 1
    outer loop
      vertex 124.917 30.0396 2.5
      vertex 102 19.5071 2.5
      vertex 102.489 19.1801 2.5
    endloop
  endfacet
  facet normal 0 0 1
    outer loop
      vertex 124.917 30.0396 2.5
      vertex 101.472 19.7675 2.5
      vertex 102 19.5071 2.5
    endloop
  endfacet
  facet normal 0 0 1
    outer loop
      vertex 124.917 30.0396 2.5
      vertex 100.915 19.9567 2.5
      vertex 101.472 19.7675 2.5
    endloop
  endfacet
  facet normal 0 0 1
    outer loop
      vertex 124.917 30.0396 2.5
      vertex 100.337 20.0715 2.5
      vertex 100.915 19.9567 2.5
    endloop
  endfacet
  facet normal 0 0 1
    outer loop
      vertex 75.2572 49.3796 2.5
      vertex 100.337 20.0715 2.5
      vertex 124.917 30.0396 2.5
    endloop
  endfacet
  facet normal 0 0 1
    outer loop
      vertex 100.337 20.0715 2.5
      vertex 75.2572 49.3796 2.5
      vertex 99.75 20.11 2.5
    endloop
  endfacet
  facet normal 0 0 1
    outer loop
      vertex 99.75 20.11 2.5
      vertex 75.2572 49.3796 2.5
      vertex 99.1626 20.0715 2.5
    endloop
  endfacet
  facet normal 0 0 1
    outer loop
      vertex 99.1626 20.0715 2.5
      vertex 75.2572 49.3796 2.5
      vertex 98.5853 19.9567 2.5
    endloop
  endfacet
  facet normal -0 0 1
    outer loop
      vertex 93.5775 -30.0621 2.5
      vertex 109.104 -50.272 2.5
      vertex 93.7667 -29.5047 2.5
    endloop
  endfacet
  facet normal 0 0 1
    outer loop
      vertex 95.2885 15.0226 2.5
      vertex 93.7667 -27.1753 2.5
      vertex 93.8815 -27.7526 2.5
    endloop
  endfacet
  facet normal 0 0 1
    outer loop
      vertex 95.2885 15.0226 2.5
      vertex 93.5775 -26.6179 2.5
      vertex 93.7667 -27.1753 2.5
    endloop
  endfacet
  facet normal 0 0 1
    outer loop
      vertex 95.2885 15.0226 2.5
      vertex 93.3171 -26.09 2.5
      vertex 93.5775 -26.6179 2.5
    endloop
  endfacet
  facet normal 0 0 1
    outer loop
      vertex 95.2885 15.0226 2.5
      vertex 92.9901 -25.6006 2.5
      vertex 93.3171 -26.09 2.5
    endloop
  endfacet
  facet normal 0 0 1
    outer loop
      vertex 95.2885 15.0226 2.5
      vertex 92.602 -25.158 2.5
      vertex 92.9901 -25.6006 2.5
    endloop
  endfacet
  facet normal 0 0 1
    outer loop
      vertex 95.2885 15.0226 2.5
      vertex 92.1594 -24.7699 2.5
      vertex 92.602 -25.158 2.5
    endloop
  endfacet
  facet normal 0 0 1
    outer loop
      vertex 74.671 49.5293 2.5
      vertex 95.25 15.61 2.5
      vertex 95.2885 16.1974 2.5
    endloop
  endfacet
  facet normal 0 0 1
    outer loop
      vertex 95.2885 15.0226 2.5
      vertex 91.67 -24.4429 2.5
      vertex 92.1594 -24.7699 2.5
    endloop
  endfacet
  facet normal 0 0 1
    outer loop
      vertex 95.2885 15.0226 2.5
      vertex 91.1421 -24.1825 2.5
      vertex 91.67 -24.4429 2.5
    endloop
  endfacet
  facet normal 0 0 1
    outer loop
      vertex 95.2885 15.0226 2.5
      vertex 90.5847 -23.9933 2.5
      vertex 91.1421 -24.1825 2.5
    endloop
  endfacet
  facet normal 0 0 1
    outer loop
      vertex 95.2885 15.0226 2.5
      vertex 90.0074 -23.8785 2.5
      vertex 90.5847 -23.9933 2.5
    endloop
  endfacet
  facet normal 0 0 1
    outer loop
      vertex 95.2885 15.0226 2.5
      vertex 89.42 -23.84 2.5
      vertex 90.0074 -23.8785 2.5
    endloop
  endfacet
  facet normal 0 0 1
    outer loop
      vertex 95.2885 15.0226 2.5
      vertex 88.8326 -23.8785 2.5
      vertex 89.42 -23.84 2.5
    endloop
  endfacet
  facet normal 0 0 1
    outer loop
      vertex 95.2885 15.0226 2.5
      vertex 88.2553 -23.9933 2.5
      vertex 88.8326 -23.8785 2.5
    endloop
  endfacet
  facet normal 0 0 1
    outer loop
      vertex 95.2885 15.0226 2.5
      vertex 87.6979 -24.1825 2.5
      vertex 88.2553 -23.9933 2.5
    endloop
  endfacet
  facet normal 0 0 1
    outer loop
      vertex 95.2885 15.0226 2.5
      vertex 87.17 -24.4429 2.5
      vertex 87.6979 -24.1825 2.5
    endloop
  endfacet
  facet normal 0 0 1
    outer loop
      vertex 74.671 49.5293 2.5
      vertex 95.2885 16.1974 2.5
      vertex 95.4033 16.7747 2.5
    endloop
  endfacet
  facet normal 0 0 1
    outer loop
      vertex 95.2885 15.0226 2.5
      vertex 86.6806 -24.7699 2.5
      vertex 87.17 -24.4429 2.5
    endloop
  endfacet
  facet normal 0 0 1
    outer loop
      vertex 95.2885 15.0226 2.5
      vertex 86.238 -25.158 2.5
      vertex 86.6806 -24.7699 2.5
    endloop
  endfacet
  facet normal 0 0 1
    outer loop
      vertex 55.1215 -33.1826 2.5
      vertex 86.238 -25.158 2.5
      vertex 95.2885 15.0226 2.5
    endloop
  endfacet
  facet normal 0 0 1
    outer loop
      vertex 55.1215 -33.1826 2.5
      vertex 85.8499 -25.6006 2.5
      vertex 86.238 -25.158 2.5
    endloop
  endfacet
  facet normal 0 0 1
    outer loop
      vertex 55.1215 -33.1826 2.5
      vertex 85.5229 -26.09 2.5
      vertex 85.8499 -25.6006 2.5
    endloop
  endfacet
  facet normal 0 0 1
    outer loop
      vertex 55.1215 -33.1826 2.5
      vertex 85.2625 -26.6179 2.5
      vertex 85.5229 -26.09 2.5
    endloop
  endfacet
  facet normal 0 0 1
    outer loop
      vertex 55.1215 -33.1826 2.5
      vertex 85.0733 -27.1753 2.5
      vertex 85.2625 -26.6179 2.5
    endloop
  endfacet
  facet normal 0 0 1
    outer loop
      vertex 95.25 15.61 2.5
      vertex 52.661 52.3793 2.5
      vertex 95.2885 15.0226 2.5
    endloop
  endfacet
  facet normal 0 0 1
    outer loop
      vertex 74.671 49.5293 2.5
      vertex 95.4033 16.7747 2.5
      vertex 75.2572 49.3796 2.5
    endloop
  endfacet
  facet normal 0 0 1
    outer loop
      vertex 95.5925 17.3321 2.5
      vertex 75.2572 49.3796 2.5
      vertex 95.4033 16.7747 2.5
    endloop
  endfacet
  facet normal 0 0 1
    outer loop
      vertex 95.8529 17.86 2.5
      vertex 75.2572 49.3796 2.5
      vertex 95.5925 17.3321 2.5
    endloop
  endfacet
  facet normal 0 0 1
    outer loop
      vertex 96.1799 18.3494 2.5
      vertex 75.2572 49.3796 2.5
      vertex 95.8529 17.86 2.5
    endloop
  endfacet
  facet normal 0 0 1
    outer loop
      vertex 96.568 18.792 2.5
      vertex 75.2572 49.3796 2.5
      vertex 96.1799 18.3494 2.5
    endloop
  endfacet
  facet normal 0 0 1
    outer loop
      vertex 97.0106 19.1801 2.5
      vertex 75.2572 49.3796 2.5
      vertex 96.568 18.792 2.5
    endloop
  endfacet
  facet normal 0 0 1
    outer loop
      vertex 97.5 19.5071 2.5
      vertex 75.2572 49.3796 2.5
      vertex 97.0106 19.1801 2.5
    endloop
  endfacet
  facet normal 0 0 1
    outer loop
      vertex 98.0279 19.7675 2.5
      vertex 75.2572 49.3796 2.5
      vertex 97.5 19.5071 2.5
    endloop
  endfacet
  facet normal 0 0 1
    outer loop
      vertex 98.5853 19.9567 2.5
      vertex 75.2572 49.3796 2.5
      vertex 98.0279 19.7675 2.5
    endloop
  endfacet
  facet normal 0 0 1
    outer loop
      vertex 126.594 24.148 2.5
      vertex 104.212 15.0226 2.5
      vertex 104.097 14.4453 2.5
    endloop
  endfacet
  facet normal 0 0 1
    outer loop
      vertex 126.594 24.148 2.5
      vertex 104.097 14.4453 2.5
      vertex 103.907 13.8879 2.5
    endloop
  endfacet
  facet normal 0 0 1
    outer loop
      vertex 126.594 24.148 2.5
      vertex 103.907 13.8879 2.5
      vertex 103.647 13.36 2.5
    endloop
  endfacet
  facet normal 0 0 1
    outer loop
      vertex 126.594 24.148 2.5
      vertex 103.647 13.36 2.5
      vertex 103.32 12.8706 2.5
    endloop
  endfacet
  facet normal -0 0 1
    outer loop
      vertex 93.8815 -28.9274 2.5
      vertex 109.104 -50.272 2.5
      vertex 93.92 -28.34 2.5
    endloop
  endfacet
  facet normal 0 0 1
    outer loop
      vertex 126.594 24.148 2.5
      vertex 102.932 12.428 2.5
      vertex 93.8815 -27.7526 2.5
    endloop
  endfacet
  facet normal 0 0 1
    outer loop
      vertex 93.8815 -27.7526 2.5
      vertex 102.932 12.428 2.5
      vertex 102.489 12.0399 2.5
    endloop
  endfacet
  facet normal 0 0 1
    outer loop
      vertex 93.8815 -27.7526 2.5
      vertex 102.489 12.0399 2.5
      vertex 102 11.7129 2.5
    endloop
  endfacet
  facet normal 0 0 1
    outer loop
      vertex 93.8815 -27.7526 2.5
      vertex 102 11.7129 2.5
      vertex 101.472 11.4525 2.5
    endloop
  endfacet
  facet normal 0 0 1
    outer loop
      vertex 93.8815 -27.7526 2.5
      vertex 101.472 11.4525 2.5
      vertex 100.915 11.2633 2.5
    endloop
  endfacet
  facet normal 0 0 1
    outer loop
      vertex 93.8815 -27.7526 2.5
      vertex 100.915 11.2633 2.5
      vertex 100.337 11.1485 2.5
    endloop
  endfacet
  facet normal 0 0 1
    outer loop
      vertex 93.8815 -27.7526 2.5
      vertex 100.337 11.1485 2.5
      vertex 99.75 11.11 2.5
    endloop
  endfacet
  facet normal 0 0 1
    outer loop
      vertex 93.8815 -27.7526 2.5
      vertex 99.75 11.11 2.5
      vertex 99.1626 11.1485 2.5
    endloop
  endfacet
  facet normal 0 0 1
    outer loop
      vertex 93.8815 -27.7526 2.5
      vertex 99.1626 11.1485 2.5
      vertex 98.5853 11.2633 2.5
    endloop
  endfacet
  facet normal 0 0 1
    outer loop
      vertex 93.8815 -27.7526 2.5
      vertex 98.5853 11.2633 2.5
      vertex 98.0279 11.4525 2.5
    endloop
  endfacet
  facet normal 0 0 1
    outer loop
      vertex 93.8815 -27.7526 2.5
      vertex 98.0279 11.4525 2.5
      vertex 97.5 11.7129 2.5
    endloop
  endfacet
  facet normal 0 0 1
    outer loop
      vertex 93.8815 -27.7526 2.5
      vertex 97.5 11.7129 2.5
      vertex 97.0106 12.0399 2.5
    endloop
  endfacet
  facet normal 0 0 1
    outer loop
      vertex 93.8815 -27.7526 2.5
      vertex 97.0106 12.0399 2.5
      vertex 96.568 12.428 2.5
    endloop
  endfacet
  facet normal 0 0 1
    outer loop
      vertex 93.8815 -27.7526 2.5
      vertex 96.568 12.428 2.5
      vertex 96.1799 12.8706 2.5
    endloop
  endfacet
  facet normal 0 0 1
    outer loop
      vertex 93.8815 -27.7526 2.5
      vertex 96.1799 12.8706 2.5
      vertex 95.8529 13.36 2.5
    endloop
  endfacet
  facet normal 0 0 1
    outer loop
      vertex 93.8815 -27.7526 2.5
      vertex 95.8529 13.36 2.5
      vertex 95.5925 13.8879 2.5
    endloop
  endfacet
  facet normal 0 0 1
    outer loop
      vertex 93.8815 -27.7526 2.5
      vertex 95.5925 13.8879 2.5
      vertex 95.4033 14.4453 2.5
    endloop
  endfacet
  facet normal 0 0 1
    outer loop
      vertex 93.8815 -27.7526 2.5
      vertex 95.4033 14.4453 2.5
      vertex 95.2885 15.0226 2.5
    endloop
  endfacet
  facet normal 0 0 1
    outer loop
      vertex 52.661 52.3793 2.5
      vertex 95.25 15.61 2.5
      vertex 74.671 49.5293 2.5
    endloop
  endfacet
  facet normal -0 0 1
    outer loop
      vertex 93.7667 -29.5047 2.5
      vertex 109.104 -50.272 2.5
      vertex 93.8815 -28.9274 2.5
    endloop
  endfacet
  facet normal -0 0 1
    outer loop
      vertex 93.3171 -30.59 2.5
      vertex 109.104 -50.272 2.5
      vertex 93.5775 -30.0621 2.5
    endloop
  endfacet
  facet normal -0 0 1
    outer loop
      vertex 92.9901 -31.0794 2.5
      vertex 109.104 -50.272 2.5
      vertex 93.3171 -30.59 2.5
    endloop
  endfacet
  facet normal -0 0 1
    outer loop
      vertex 92.602 -31.522 2.5
      vertex 109.104 -50.272 2.5
      vertex 92.9901 -31.0794 2.5
    endloop
  endfacet
  facet normal -0 0 1
    outer loop
      vertex 92.1594 -31.9101 2.5
      vertex 109.104 -50.272 2.5
      vertex 92.602 -31.522 2.5
    endloop
  endfacet
  facet normal -0 0 1
    outer loop
      vertex 91.67 -32.2371 2.5
      vertex 109.104 -50.272 2.5
      vertex 92.1594 -31.9101 2.5
    endloop
  endfacet
  facet normal 0 -0 1
    outer loop
      vertex 106.243 -53.6643 2.5
      vertex 109.104 -50.272 2.5
      vertex 91.67 -32.2371 2.5
    endloop
  endfacet
  facet normal 0 0 1
    outer loop
      vertex 108.646 -51.2314 2.5
      vertex 106.243 -53.6643 2.5
      vertex 107.406 -52.8314 2.5
    endloop
  endfacet
  facet normal 0 0 1
    outer loop
      vertex 109.104 -50.272 2.5
      vertex 106.243 -53.6643 2.5
      vertex 108.646 -51.2314 2.5
    endloop
  endfacet
  facet normal -0 0 1
    outer loop
      vertex 91.1421 -32.4975 2.5
      vertex 106.243 -53.6643 2.5
      vertex 91.67 -32.2371 2.5
    endloop
  endfacet
  facet normal -0 0 1
    outer loop
      vertex 90.5847 -32.6867 2.5
      vertex 106.243 -53.6643 2.5
      vertex 91.1421 -32.4975 2.5
    endloop
  endfacet
  facet normal -0 0 1
    outer loop
      vertex 90.0074 -32.8015 2.5
      vertex 106.243 -53.6643 2.5
      vertex 90.5847 -32.6867 2.5
    endloop
  endfacet
  facet normal -0 0 1
    outer loop
      vertex 89.42 -32.84 2.5
      vertex 106.243 -53.6643 2.5
      vertex 90.0074 -32.8015 2.5
    endloop
  endfacet
  facet normal 0 0 1
    outer loop
      vertex 88.8326 -32.8015 2.5
      vertex 106.243 -53.6643 2.5
      vertex 89.42 -32.84 2.5
    endloop
  endfacet
  facet normal 0 0 1
    outer loop
      vertex 88.2553 -32.6867 2.5
      vertex 106.243 -53.6643 2.5
      vertex 88.8326 -32.8015 2.5
    endloop
  endfacet
  facet normal 0 0 1
    outer loop
      vertex 87.6979 -32.4975 2.5
      vertex 106.243 -53.6643 2.5
      vertex 88.2553 -32.6867 2.5
    endloop
  endfacet
  facet normal 0 0 1
    outer loop
      vertex 53.842 -36.952 2.5
      vertex 87.6979 -32.4975 2.5
      vertex 87.17 -32.2371 2.5
    endloop
  endfacet
  facet normal 0 0 1
    outer loop
      vertex 54.2301 -36.5094 2.5
      vertex 87.17 -32.2371 2.5
      vertex 86.6806 -31.9101 2.5
    endloop
  endfacet
  facet normal 0 0 1
    outer loop
      vertex 54.5571 -36.02 2.5
      vertex 86.6806 -31.9101 2.5
      vertex 86.238 -31.522 2.5
    endloop
  endfacet
  facet normal 0 0 1
    outer loop
      vertex 55.1215 -33.1826 2.5
      vertex 84.9585 -27.7526 2.5
      vertex 85.0733 -27.1753 2.5
    endloop
  endfacet
  facet normal 0 0 1
    outer loop
      vertex 55.1215 -33.1826 2.5
      vertex 84.92 -28.34 2.5
      vertex 84.9585 -27.7526 2.5
    endloop
  endfacet
  facet normal 0 0 1
    outer loop
      vertex 55.1215 -33.1826 2.5
      vertex 84.9585 -28.9274 2.5
      vertex 84.92 -28.34 2.5
    endloop
  endfacet
  facet normal 0 0 1
    outer loop
      vertex 55.1215 -33.1826 2.5
      vertex 85.0733 -29.5047 2.5
      vertex 84.9585 -28.9274 2.5
    endloop
  endfacet
  facet normal 0 0 1
    outer loop
      vertex 55.16 -33.77 2.5
      vertex 85.2625 -30.0621 2.5
      vertex 85.0733 -29.5047 2.5
    endloop
  endfacet
  facet normal 0 0 1
    outer loop
      vertex 55.1215 -34.3574 2.5
      vertex 85.2625 -30.0621 2.5
      vertex 55.16 -33.77 2.5
    endloop
  endfacet
  facet normal 0 0 1
    outer loop
      vertex 85.2625 -30.0621 2.5
      vertex 55.1215 -34.3574 2.5
      vertex 85.5229 -30.59 2.5
    endloop
  endfacet
  facet normal 0 0 1
    outer loop
      vertex 55.0067 -34.9347 2.5
      vertex 85.5229 -30.59 2.5
      vertex 55.1215 -34.3574 2.5
    endloop
  endfacet
  facet normal 0 0 1
    outer loop
      vertex 85.5229 -30.59 2.5
      vertex 55.0067 -34.9347 2.5
      vertex 85.8499 -31.0794 2.5
    endloop
  endfacet
  facet normal 0 0 1
    outer loop
      vertex 54.8175 -35.4921 2.5
      vertex 85.8499 -31.0794 2.5
      vertex 55.0067 -34.9347 2.5
    endloop
  endfacet
  facet normal 0 0 1
    outer loop
      vertex 85.8499 -31.0794 2.5
      vertex 54.8175 -35.4921 2.5
      vertex 86.238 -31.522 2.5
    endloop
  endfacet
  facet normal 0 0 1
    outer loop
      vertex 54.5571 -36.02 2.5
      vertex 86.238 -31.522 2.5
      vertex 54.8175 -35.4921 2.5
    endloop
  endfacet
  facet normal 0 0 1
    outer loop
      vertex 86.6806 -31.9101 2.5
      vertex 54.5571 -36.02 2.5
      vertex 54.2301 -36.5094 2.5
    endloop
  endfacet
  facet normal 0 0 1
    outer loop
      vertex 87.17 -32.2371 2.5
      vertex 54.2301 -36.5094 2.5
      vertex 53.842 -36.952 2.5
    endloop
  endfacet
  facet normal 0 0 1
    outer loop
      vertex 87.6979 -32.4975 2.5
      vertex 53.842 -36.952 2.5
      vertex 53.3994 -37.3401 2.5
    endloop
  endfacet
  facet normal 0 0 1
    outer loop
      vertex 87.6979 -32.4975 2.5
      vertex 53.3994 -37.3401 2.5
      vertex 106.243 -53.6643 2.5
    endloop
  endfacet
  facet normal -0 0 1
    outer loop
      vertex 52.91 -37.6671 2.5
      vertex 106.243 -53.6643 2.5
      vertex 53.3994 -37.3401 2.5
    endloop
  endfacet
  facet normal -0 0 1
    outer loop
      vertex 52.3821 -37.9275 2.5
      vertex 106.243 -53.6643 2.5
      vertex 52.91 -37.6671 2.5
    endloop
  endfacet
  facet normal -0 0 1
    outer loop
      vertex 51.8247 -38.1167 2.5
      vertex 106.243 -53.6643 2.5
      vertex 52.3821 -37.9275 2.5
    endloop
  endfacet
  facet normal -0 0 1
    outer loop
      vertex 51.2474 -38.2315 2.5
      vertex 106.243 -53.6643 2.5
      vertex 51.8247 -38.1167 2.5
    endloop
  endfacet
  facet normal 0 0 1
    outer loop
      vertex -12.9975 -94.6443 2.5
      vertex 51.2474 -38.2315 2.5
      vertex 50.66 -38.27 2.5
    endloop
  endfacet
  facet normal 0 0 1
    outer loop
      vertex 5.93009 -58.0194 2.5
      vertex 50.66 -38.27 2.5
      vertex 50.0726 -38.2315 2.5
    endloop
  endfacet
  facet normal 0 0 1
    outer loop
      vertex 6.25711 -57.53 2.5
      vertex 50.0726 -38.2315 2.5
      vertex 49.4953 -38.1167 2.5
    endloop
  endfacet
  facet normal -0 0 1
    outer loop
      vertex 15.2175 -19.9121 2.5
      vertex 46.5025 -32.0479 2.5
      vertex 15.4067 -19.3547 2.5
    endloop
  endfacet
  facet normal 0 0 1
    outer loop
      vertex 11.77 26.78 2.5
      vertex 33.75 52.4 2.5
      vertex 33.0728 52.3065 2.5
    endloop
  endfacet
  facet normal 0 0 1
    outer loop
      vertex 46.5025 -32.0479 2.5
      vertex 15.2175 -19.9121 2.5
      vertex 46.3133 -32.6053 2.5
    endloop
  endfacet
  facet normal -0 0 1
    outer loop
      vertex 14.9571 -20.44 2.5
      vertex 46.3133 -32.6053 2.5
      vertex 15.2175 -19.9121 2.5
    endloop
  endfacet
  facet normal 0 0 1
    outer loop
      vertex 46.3133 -32.6053 2.5
      vertex 14.9571 -20.44 2.5
      vertex 46.1985 -33.1826 2.5
    endloop
  endfacet
  facet normal -0 0 1
    outer loop
      vertex 14.6301 -20.9294 2.5
      vertex 46.1985 -33.1826 2.5
      vertex 14.9571 -20.44 2.5
    endloop
  endfacet
  facet normal 0 0 1
    outer loop
      vertex 46.1985 -33.1826 2.5
      vertex 14.6301 -20.9294 2.5
      vertex 46.16 -33.77 2.5
    endloop
  endfacet
  facet normal -0 0 1
    outer loop
      vertex 14.242 -21.372 2.5
      vertex 46.16 -33.77 2.5
      vertex 14.6301 -20.9294 2.5
    endloop
  endfacet
  facet normal 0 0 1
    outer loop
      vertex 46.16 -33.77 2.5
      vertex 14.242 -21.372 2.5
      vertex 46.1985 -34.3574 2.5
    endloop
  endfacet
  facet normal -0 0 1
    outer loop
      vertex 13.7994 -21.7601 2.5
      vertex 46.1985 -34.3574 2.5
      vertex 14.242 -21.372 2.5
    endloop
  endfacet
  facet normal 0 0 1
    outer loop
      vertex 46.1985 -34.3574 2.5
      vertex 13.7994 -21.7601 2.5
      vertex 46.3133 -34.9347 2.5
    endloop
  endfacet
  facet normal -0 0 1
    outer loop
      vertex 13.31 -22.0871 2.5
      vertex 46.3133 -34.9347 2.5
      vertex 13.7994 -21.7601 2.5
    endloop
  endfacet
  facet normal 0 0 1
    outer loop
      vertex 6.8215 -54.6926 2.5
      vertex 46.3133 -34.9347 2.5
      vertex 13.31 -22.0871 2.5
    endloop
  endfacet
  facet normal 0 0 1
    outer loop
      vertex 6.8215 -54.6926 2.5
      vertex 46.5025 -35.4921 2.5
      vertex 46.3133 -34.9347 2.5
    endloop
  endfacet
  facet normal 0 0 1
    outer loop
      vertex 6.8215 -54.6926 2.5
      vertex 46.7629 -36.02 2.5
      vertex 46.5025 -35.4921 2.5
    endloop
  endfacet
  facet normal 0 0 1
    outer loop
      vertex 6.8215 -54.6926 2.5
      vertex 47.0899 -36.5094 2.5
      vertex 46.7629 -36.02 2.5
    endloop
  endfacet
  facet normal 0 0 1
    outer loop
      vertex 6.8215 -54.6926 2.5
      vertex 47.478 -36.952 2.5
      vertex 47.0899 -36.5094 2.5
    endloop
  endfacet
  facet normal 0 0 1
    outer loop
      vertex 47.478 -36.952 2.5
      vertex 6.86 -55.28 2.5
      vertex 47.9206 -37.3401 2.5
    endloop
  endfacet
  facet normal 0 0 1
    outer loop
      vertex 6.8215 -55.8674 2.5
      vertex 47.9206 -37.3401 2.5
      vertex 6.86 -55.28 2.5
    endloop
  endfacet
  facet normal 0 0 1
    outer loop
      vertex 6.8215 -54.6926 2.5
      vertex 13.31 -22.0871 2.5
      vertex 12.7821 -22.3475 2.5
    endloop
  endfacet
  facet normal 0 0 1
    outer loop
      vertex 6.8215 -54.6926 2.5
      vertex 12.7821 -22.3475 2.5
      vertex 12.2247 -22.5367 2.5
    endloop
  endfacet
  facet normal 0 0 1
    outer loop
      vertex 6.8215 -54.6926 2.5
      vertex 12.2247 -22.5367 2.5
      vertex 11.6474 -22.6515 2.5
    endloop
  endfacet
  facet normal 0 0 1
    outer loop
      vertex 6.8215 -54.6926 2.5
      vertex 11.6474 -22.6515 2.5
      vertex 11.06 -22.69 2.5
    endloop
  endfacet
  facet normal 0 0 1
    outer loop
      vertex 6.8215 -54.6926 2.5
      vertex 11.06 -22.69 2.5
      vertex 10.4726 -22.6515 2.5
    endloop
  endfacet
  facet normal 0 0 1
    outer loop
      vertex 6.8215 -54.6926 2.5
      vertex 10.4726 -22.6515 2.5
      vertex 9.89531 -22.5367 2.5
    endloop
  endfacet
  facet normal 0 0 1
    outer loop
      vertex 6.8215 -54.6926 2.5
      vertex 9.89531 -22.5367 2.5
      vertex 9.33792 -22.3475 2.5
    endloop
  endfacet
  facet normal 0 0 1
    outer loop
      vertex 1.77263 -50.8185 2.5
      vertex 7.16289 -20.44 2.5
      vertex 6.90254 -19.9121 2.5
    endloop
  endfacet
  facet normal 0 0 1
    outer loop
      vertex 6.8215 -54.6926 2.5
      vertex 7.48991 -20.9294 2.5
      vertex 7.16289 -20.44 2.5
    endloop
  endfacet
  facet normal 0 0 1
    outer loop
      vertex 6.8215 -54.6926 2.5
      vertex 7.87802 -21.372 2.5
      vertex 7.48991 -20.9294 2.5
    endloop
  endfacet
  facet normal 0 0 1
    outer loop
      vertex 6.8215 -54.6926 2.5
      vertex 8.32057 -21.7601 2.5
      vertex 7.87802 -21.372 2.5
    endloop
  endfacet
  facet normal 0 0 1
    outer loop
      vertex 6.8215 -54.6926 2.5
      vertex 8.81 -22.0871 2.5
      vertex 8.32057 -21.7601 2.5
    endloop
  endfacet
  facet normal 0 0 1
    outer loop
      vertex 6.8215 -54.6926 2.5
      vertex 9.33792 -22.3475 2.5
      vertex 8.81 -22.0871 2.5
    endloop
  endfacet
  facet normal 0 0 1
    outer loop
      vertex 47.9206 -37.3401 2.5
      vertex 6.8215 -55.8674 2.5
      vertex 48.41 -37.6671 2.5
    endloop
  endfacet
  facet normal 0 0 1
    outer loop
      vertex 6.70667 -56.4447 2.5
      vertex 48.41 -37.6671 2.5
      vertex 6.8215 -55.8674 2.5
    endloop
  endfacet
  facet normal 0 0 1
    outer loop
      vertex 48.41 -37.6671 2.5
      vertex 6.70667 -56.4447 2.5
      vertex 48.9379 -37.9275 2.5
    endloop
  endfacet
  facet normal 0 0 1
    outer loop
      vertex 6.51746 -57.0021 2.5
      vertex 48.9379 -37.9275 2.5
      vertex 6.70667 -56.4447 2.5
    endloop
  endfacet
  facet normal 0 0 1
    outer loop
      vertex 48.9379 -37.9275 2.5
      vertex 6.51746 -57.0021 2.5
      vertex 49.4953 -38.1167 2.5
    endloop
  endfacet
  facet normal 0 0 1
    outer loop
      vertex 6.25711 -57.53 2.5
      vertex 49.4953 -38.1167 2.5
      vertex 6.51746 -57.0021 2.5
    endloop
  endfacet
  facet normal 0 0 1
    outer loop
      vertex 50.0726 -38.2315 2.5
      vertex 6.25711 -57.53 2.5
      vertex 5.93009 -58.0194 2.5
    endloop
  endfacet
  facet normal 0 0 1
    outer loop
      vertex 50.66 -38.27 2.5
      vertex 5.93009 -58.0194 2.5
      vertex 5.54198 -58.462 2.5
    endloop
  endfacet
  facet normal 0 0 1
    outer loop
      vertex 50.66 -38.27 2.5
      vertex 5.54198 -58.462 2.5
      vertex -12.9975 -94.6443 2.5
    endloop
  endfacet
  facet normal 0 0 1
    outer loop
      vertex -12.9975 -94.6443 2.5
      vertex 5.54198 -58.462 2.5
      vertex 5.09943 -58.8501 2.5
    endloop
  endfacet
  facet normal 0 0 1
    outer loop
      vertex -12.9975 -94.6443 2.5
      vertex 5.09943 -58.8501 2.5
      vertex 4.61 -59.1771 2.5
    endloop
  endfacet
  facet normal 0 0 1
    outer loop
      vertex -7.71254 -72.0721 2.5
      vertex 4.61 -59.1771 2.5
      vertex 4.08208 -59.4375 2.5
    endloop
  endfacet
  facet normal 0 0 1
    outer loop
      vertex -7.52333 -71.5147 2.5
      vertex 4.08208 -59.4375 2.5
      vertex 3.52468 -59.6267 2.5
    endloop
  endfacet
  facet normal 0 0 1
    outer loop
      vertex -7.4085 -70.9374 2.5
      vertex 3.52468 -59.6267 2.5
      vertex 2.94737 -59.7415 2.5
    endloop
  endfacet
  facet normal 0 0 1
    outer loop
      vertex -7.37 -70.35 2.5
      vertex 2.94737 -59.7415 2.5
      vertex 2.36 -59.78 2.5
    endloop
  endfacet
  facet normal 0 0 1
    outer loop
      vertex -7.37 -70.35 2.5
      vertex -2.1015 -55.8674 2.5
      vertex -2.14 -55.28 2.5
    endloop
  endfacet
  facet normal 0 0 1
    outer loop
      vertex -7.37 -70.35 2.5
      vertex -1.98667 -56.4447 2.5
      vertex -2.1015 -55.8674 2.5
    endloop
  endfacet
  facet normal 0 0 1
    outer loop
      vertex -7.37 -70.35 2.5
      vertex -1.79746 -57.0021 2.5
      vertex -1.98667 -56.4447 2.5
    endloop
  endfacet
  facet normal 0 0 1
    outer loop
      vertex -7.37 -70.35 2.5
      vertex -1.53711 -57.53 2.5
      vertex -1.79746 -57.0021 2.5
    endloop
  endfacet
  facet normal 0 0 1
    outer loop
      vertex -7.37 -70.35 2.5
      vertex -1.21009 -58.0194 2.5
      vertex -1.53711 -57.53 2.5
    endloop
  endfacet
  facet normal 0 0 1
    outer loop
      vertex -7.37 -70.35 2.5
      vertex -0.82198 -58.462 2.5
      vertex -1.21009 -58.0194 2.5
    endloop
  endfacet
  facet normal 0 0 1
    outer loop
      vertex -7.37 -70.35 2.5
      vertex -0.379426 -58.8501 2.5
      vertex -0.82198 -58.462 2.5
    endloop
  endfacet
  facet normal 0 0 1
    outer loop
      vertex -7.37 -70.35 2.5
      vertex 0.11 -59.1771 2.5
      vertex -0.379426 -58.8501 2.5
    endloop
  endfacet
  facet normal 0 0 1
    outer loop
      vertex -7.37 -70.35 2.5
      vertex 0.637924 -59.4375 2.5
      vertex 0.11 -59.1771 2.5
    endloop
  endfacet
  facet normal 0 0 1
    outer loop
      vertex -7.37 -70.35 2.5
      vertex 1.19531 -59.6267 2.5
      vertex 0.637924 -59.4375 2.5
    endloop
  endfacet
  facet normal 0 0 1
    outer loop
      vertex -7.37 -70.35 2.5
      vertex 1.77263 -59.7415 2.5
      vertex 1.19531 -59.6267 2.5
    endloop
  endfacet
  facet normal 0 0 1
    outer loop
      vertex -7.37 -70.35 2.5
      vertex 2.36 -59.78 2.5
      vertex 1.77263 -59.7415 2.5
    endloop
  endfacet
  facet normal 0 0 1
    outer loop
      vertex 2.94737 -59.7415 2.5
      vertex -7.37 -70.35 2.5
      vertex -7.4085 -70.9374 2.5
    endloop
  endfacet
  facet normal 0 0 1
    outer loop
      vertex 3.52468 -59.6267 2.5
      vertex -7.4085 -70.9374 2.5
      vertex -7.52333 -71.5147 2.5
    endloop
  endfacet
  facet normal 0 0 1
    outer loop
      vertex 4.08208 -59.4375 2.5
      vertex -7.52333 -71.5147 2.5
      vertex -7.71254 -72.0721 2.5
    endloop
  endfacet
  facet normal 0 0 1
    outer loop
      vertex 4.61 -59.1771 2.5
      vertex -7.71254 -72.0721 2.5
      vertex -7.97289 -72.6 2.5
    endloop
  endfacet
  facet normal 0 0 1
    outer loop
      vertex 4.61 -59.1771 2.5
      vertex -7.97289 -72.6 2.5
      vertex -12.9975 -94.6443 2.5
    endloop
  endfacet
  facet normal 0 0 1
    outer loop
      vertex -12.9975 -94.6443 2.5
      vertex -7.97289 -72.6 2.5
      vertex -8.29991 -73.0894 2.5
    endloop
  endfacet
  facet normal 0 0 1
    outer loop
      vertex -12.9975 -94.6443 2.5
      vertex -8.29991 -73.0894 2.5
      vertex -8.68802 -73.532 2.5
    endloop
  endfacet
  facet normal 0 0 1
    outer loop
      vertex -12.9975 -94.6443 2.5
      vertex -8.68802 -73.532 2.5
      vertex -9.13057 -73.9201 2.5
    endloop
  endfacet
  facet normal 0 0 1
    outer loop
      vertex -12.9975 -94.6443 2.5
      vertex -9.13057 -73.9201 2.5
      vertex -9.62 -74.2471 2.5
    endloop
  endfacet
  facet normal 0 0 1
    outer loop
      vertex -12.9975 -94.6443 2.5
      vertex -9.62 -74.2471 2.5
      vertex -10.1479 -74.5075 2.5
    endloop
  endfacet
  facet normal 0 0 1
    outer loop
      vertex -12.9975 -94.6443 2.5
      vertex -10.1479 -74.5075 2.5
      vertex -10.7053 -74.6967 2.5
    endloop
  endfacet
  facet normal 0 0 1
    outer loop
      vertex -12.9975 -94.6443 2.5
      vertex -10.7053 -74.6967 2.5
      vertex -11.2826 -74.8115 2.5
    endloop
  endfacet
  facet normal 0 0 1
    outer loop
      vertex 51.2474 -38.2315 2.5
      vertex -12.9975 -94.6443 2.5
      vertex 106.243 -53.6643 2.5
    endloop
  endfacet
  facet normal -0 0 1
    outer loop
      vertex -11.87 -74.85 2.5
      vertex -12.9975 -94.6443 2.5
      vertex -11.2826 -74.8115 2.5
    endloop
  endfacet
  facet normal 0 0 1
    outer loop
      vertex -12.4574 -74.8115 2.5
      vertex -12.9975 -94.6443 2.5
      vertex -11.87 -74.85 2.5
    endloop
  endfacet
  facet normal 0 0 1
    outer loop
      vertex -13.0347 -74.6967 2.5
      vertex -12.9975 -94.6443 2.5
      vertex -12.4574 -74.8115 2.5
    endloop
  endfacet
  facet normal 0 0 1
    outer loop
      vertex -16.3209 -94.7109 2.5
      vertex -12.9975 -94.6443 2.5
      vertex -13.0347 -74.6967 2.5
    endloop
  endfacet
  facet normal 0 0 1
    outer loop
      vertex -16.3209 -94.7109 2.5
      vertex -13.0347 -74.6967 2.5
      vertex -13.5921 -74.5075 2.5
    endloop
  endfacet
  facet normal 0 0 1
    outer loop
      vertex -16.3209 -94.7109 2.5
      vertex -13.5921 -74.5075 2.5
      vertex -14.12 -74.2471 2.5
    endloop
  endfacet
  facet normal 0 0 1
    outer loop
      vertex -12.9975 -94.6443 2.5
      vertex -16.3209 -94.7109 2.5
      vertex -13.2319 -94.7122 2.5
    endloop
  endfacet
  facet normal 0 0 1
    outer loop
      vertex -31.8609 -85.3409 2.5
      vertex -14.12 -74.2471 2.5
      vertex -14.6094 -73.9201 2.5
    endloop
  endfacet
  facet normal 0 0 1
    outer loop
      vertex -31.8609 -85.3409 2.5
      vertex -14.6094 -73.9201 2.5
      vertex -15.052 -73.532 2.5
    endloop
  endfacet
  facet normal 0 0 1
    outer loop
      vertex -31.8609 -85.3409 2.5
      vertex -15.052 -73.532 2.5
      vertex -15.4401 -73.0894 2.5
    endloop
  endfacet
  facet normal 0 0 1
    outer loop
      vertex -33.0468 -82.86 2.5
      vertex -15.4401 -73.0894 2.5
      vertex -15.7671 -72.6 2.5
    endloop
  endfacet
  facet normal 0 0 1
    outer loop
      vertex -33.0468 -82.86 2.5
      vertex -15.7671 -72.6 2.5
      vertex -16.0275 -72.0721 2.5
    endloop
  endfacet
  facet normal 0 0 1
    outer loop
      vertex -33.0468 -82.86 2.5
      vertex -16.0275 -72.0721 2.5
      vertex -16.2167 -71.5147 2.5
    endloop
  endfacet
  facet normal 0 0 1
    outer loop
      vertex -13.2319 -94.7122 2.5
      vertex -16.3209 -94.7109 2.5
      vertex -14.4519 -95.0022 2.5
    endloop
  endfacet
  facet normal 0 0 1
    outer loop
      vertex -33.0468 -82.86 2.5
      vertex -16.2167 -71.5147 2.5
      vertex -16.3315 -70.9374 2.5
    endloop
  endfacet
  facet normal 0 0 1
    outer loop
      vertex -33.0468 -82.86 2.5
      vertex -16.3315 -70.9374 2.5
      vertex -16.37 -70.35 2.5
    endloop
  endfacet
  facet normal 0 0 1
    outer loop
      vertex -16.3315 -69.7626 2.5
      vertex -33.0468 -82.86 2.5
      vertex -16.37 -70.35 2.5
    endloop
  endfacet
  facet normal 0 0 1
    outer loop
      vertex -15.4401 -73.0894 2.5
      vertex -33.0468 -82.86 2.5
      vertex -31.8609 -85.3409 2.5
    endloop
  endfacet
  facet normal 0 0 1
    outer loop
      vertex -14.12 -74.2471 2.5
      vertex -31.8609 -85.3409 2.5
      vertex -16.3209 -94.7109 2.5
    endloop
  endfacet
  facet normal 0.980796 0.195038 0
    outer loop
      vertex 11.7315 27.3674 38.75
      vertex 11.6167 27.9447 2.5
      vertex 11.6167 27.9447 38.75
    endloop
  endfacet
  facet normal 0.980796 0.195038 0
    outer loop
      vertex 11.6167 27.9447 2.5
      vertex 11.7315 27.3674 38.75
      vertex 11.7315 27.3674 2.5
    endloop
  endfacet
  facet normal 0.997859 0.0654027 0
    outer loop
      vertex 11.77 26.78 38.75
      vertex 11.7315 27.3674 2.5
      vertex 11.7315 27.3674 38.75
    endloop
  endfacet
  facet normal 0.997859 0.0654027 0
    outer loop
      vertex 11.7315 27.3674 2.5
      vertex 11.77 26.78 38.75
      vertex 11.77 26.78 2.5
    endloop
  endfacet
  facet normal 0.946936 0.321421 0
    outer loop
      vertex 11.6167 27.9447 38.75
      vertex 11.4275 28.5021 2.5
      vertex 11.4275 28.5021 38.75
    endloop
  endfacet
  facet normal 0.946936 0.321421 0
    outer loop
      vertex 11.4275 28.5021 2.5
      vertex 11.6167 27.9447 38.75
      vertex 11.6167 27.9447 2.5
    endloop
  endfacet
  facet normal 0.831475 0.555562 0
    outer loop
      vertex 11.1671 29.03 38.75
      vertex 10.8401 29.5194 2.5
      vertex 10.8401 29.5194 38.75
    endloop
  endfacet
  facet normal 0.831475 0.555562 0
    outer loop
      vertex 10.8401 29.5194 2.5
      vertex 11.1671 29.03 38.75
      vertex 11.1671 29.03 2.5
    endloop
  endfacet
  facet normal 0.831475 -0.555562 0
    outer loop
      vertex 10.8401 24.0406 38.75
      vertex 11.1671 24.53 2.5
      vertex 11.1671 24.53 38.75
    endloop
  endfacet
  facet normal 0.831475 -0.555562 0
    outer loop
      vertex 11.1671 24.53 2.5
      vertex 10.8401 24.0406 38.75
      vertex 10.8401 24.0406 2.5
    endloop
  endfacet
  facet normal 0.321427 0.946934 -0
    outer loop
      vertex 8.99207 30.9375 2.5
      vertex 8.43468 31.1267 38.75
      vertex 8.99207 30.9375 38.75
    endloop
  endfacet
  facet normal 0.321427 0.946934 0
    outer loop
      vertex 8.43468 31.1267 38.75
      vertex 8.99207 30.9375 2.5
      vertex 8.43468 31.1267 2.5
    endloop
  endfacet
  facet normal -0.555539 -0.831491 0
    outer loop
      vertex 4.53057 23.2099 2.5
      vertex 5.02 22.8829 38.75
      vertex 4.53057 23.2099 38.75
    endloop
  endfacet
  facet normal -0.555539 -0.831491 -0
    outer loop
      vertex 5.02 22.8829 38.75
      vertex 4.53057 23.2099 2.5
      vertex 5.02 22.8829 2.5
    endloop
  endfacet
  facet normal 0.896827 -0.442382 0
    outer loop
      vertex 11.1671 24.53 38.75
      vertex 11.4275 25.0579 2.5
      vertex 11.4275 25.0579 38.75
    endloop
  endfacet
  facet normal 0.896827 -0.442382 0
    outer loop
      vertex 11.4275 25.0579 2.5
      vertex 11.1671 24.53 38.75
      vertex 11.1671 24.53 2.5
    endloop
  endfacet
  facet normal 0.195035 0.980796 -0
    outer loop
      vertex 8.43468 31.1267 2.5
      vertex 7.85737 31.2415 38.75
      vertex 8.43468 31.1267 38.75
    endloop
  endfacet
  facet normal 0.195035 0.980796 0
    outer loop
      vertex 7.85737 31.2415 38.75
      vertex 8.43468 31.1267 2.5
      vertex 7.85737 31.2415 2.5
    endloop
  endfacet
  facet normal 0.997859 -0.0654027 0
    outer loop
      vertex 11.7315 26.1926 38.75
      vertex 11.77 26.78 2.5
      vertex 11.77 26.78 38.75
    endloop
  endfacet
  facet normal 0.997859 -0.0654027 0
    outer loop
      vertex 11.77 26.78 2.5
      vertex 11.7315 26.1926 38.75
      vertex 11.7315 26.1926 2.5
    endloop
  endfacet
  facet normal 0.896827 0.442382 0
    outer loop
      vertex 11.4275 28.5021 38.75
      vertex 11.1671 29.03 2.5
      vertex 11.1671 29.03 38.75
    endloop
  endfacet
  facet normal 0.896827 0.442382 0
    outer loop
      vertex 11.1671 29.03 2.5
      vertex 11.4275 28.5021 38.75
      vertex 11.4275 28.5021 2.5
    endloop
  endfacet
  facet normal -0.195031 0.980797 0
    outer loop
      vertex 6.68263 31.2415 2.5
      vertex 6.10531 31.1267 38.75
      vertex 6.68263 31.2415 38.75
    endloop
  endfacet
  facet normal -0.195031 0.980797 0
    outer loop
      vertex 6.10531 31.1267 38.75
      vertex 6.68263 31.2415 2.5
      vertex 6.10531 31.1267 2.5
    endloop
  endfacet
  facet normal 0.946936 -0.321421 0
    outer loop
      vertex 11.4275 25.0579 38.75
      vertex 11.6167 25.6153 2.5
      vertex 11.6167 25.6153 38.75
    endloop
  endfacet
  facet normal 0.946936 -0.321421 0
    outer loop
      vertex 11.6167 25.6153 2.5
      vertex 11.4275 25.0579 38.75
      vertex 11.4275 25.0579 2.5
    endloop
  endfacet
  facet normal -0.321427 -0.946934 0
    outer loop
      vertex 5.54792 22.6225 2.5
      vertex 6.10531 22.4333 38.75
      vertex 5.54792 22.6225 38.75
    endloop
  endfacet
  facet normal -0.321427 -0.946934 -0
    outer loop
      vertex 6.10531 22.4333 38.75
      vertex 5.54792 22.6225 2.5
      vertex 6.10531 22.4333 2.5
    endloop
  endfacet
  facet normal -0.751873 -0.659308 0
    outer loop
      vertex 4.08802 23.598 2.5
      vertex 3.69991 24.0406 38.75
      vertex 3.69991 24.0406 2.5
    endloop
  endfacet
  facet normal -0.751873 -0.659308 0
    outer loop
      vertex 3.69991 24.0406 38.75
      vertex 4.08802 23.598 2.5
      vertex 4.08802 23.598 38.75
    endloop
  endfacet
  facet normal 0.0654061 0.997859 -0
    outer loop
      vertex 7.85737 31.2415 2.5
      vertex 7.27 31.28 38.75
      vertex 7.85737 31.2415 38.75
    endloop
  endfacet
  facet normal 0.0654061 0.997859 0
    outer loop
      vertex 7.27 31.28 38.75
      vertex 7.85737 31.2415 2.5
      vertex 7.27 31.28 2.5
    endloop
  endfacet
  facet normal -0.997859 -0.0654027 0
    outer loop
      vertex 2.8085 26.1926 2.5
      vertex 2.77 26.78 38.75
      vertex 2.77 26.78 2.5
    endloop
  endfacet
  facet normal -0.997859 -0.0654027 0
    outer loop
      vertex 2.77 26.78 38.75
      vertex 2.8085 26.1926 2.5
      vertex 2.8085 26.1926 38.75
    endloop
  endfacet
  facet normal -0.751873 0.659308 0
    outer loop
      vertex 3.69991 29.5194 2.5
      vertex 4.08802 29.962 38.75
      vertex 4.08802 29.962 2.5
    endloop
  endfacet
  facet normal -0.751873 0.659308 0
    outer loop
      vertex 4.08802 29.962 38.75
      vertex 3.69991 29.5194 2.5
      vertex 3.69991 29.5194 38.75
    endloop
  endfacet
  facet normal -0.946931 -0.321437 0
    outer loop
      vertex 3.11254 25.0579 2.5
      vertex 2.92333 25.6153 38.75
      vertex 2.92333 25.6153 2.5
    endloop
  endfacet
  facet normal -0.946931 -0.321437 0
    outer loop
      vertex 2.92333 25.6153 38.75
      vertex 3.11254 25.0579 2.5
      vertex 3.11254 25.0579 38.75
    endloop
  endfacet
  facet normal -0.831451 -0.555598 0
    outer loop
      vertex 3.69991 24.0406 2.5
      vertex 3.37288 24.53 38.75
      vertex 3.37288 24.53 2.5
    endloop
  endfacet
  facet normal -0.831451 -0.555598 0
    outer loop
      vertex 3.37288 24.53 38.75
      vertex 3.69991 24.0406 2.5
      vertex 3.69991 24.0406 38.75
    endloop
  endfacet
  facet normal 0.659298 0.751882 -0
    outer loop
      vertex 10.452 29.962 2.5
      vertex 10.0094 30.3501 38.75
      vertex 10.452 29.962 38.75
    endloop
  endfacet
  facet normal 0.659298 0.751882 0
    outer loop
      vertex 10.0094 30.3501 38.75
      vertex 10.452 29.962 2.5
      vertex 10.0094 30.3501 2.5
    endloop
  endfacet
  facet normal -0.65934 0.751845 0
    outer loop
      vertex 4.53057 30.3501 2.5
      vertex 4.08802 29.962 38.75
      vertex 4.53057 30.3501 38.75
    endloop
  endfacet
  facet normal -0.65934 0.751845 0
    outer loop
      vertex 4.08802 29.962 38.75
      vertex 4.53057 30.3501 2.5
      vertex 4.08802 29.962 2.5
    endloop
  endfacet
  facet normal 0.980796 -0.195038 0
    outer loop
      vertex 11.6167 25.6153 38.75
      vertex 11.7315 26.1926 2.5
      vertex 11.7315 26.1926 38.75
    endloop
  endfacet
  facet normal 0.980796 -0.195038 0
    outer loop
      vertex 11.7315 26.1926 2.5
      vertex 11.6167 25.6153 38.75
      vertex 11.6167 25.6153 2.5
    endloop
  endfacet
  facet normal -0.980786 0.195087 0
    outer loop
      vertex 2.8085 27.3674 2.5
      vertex 2.92333 27.9447 38.75
      vertex 2.92333 27.9447 2.5
    endloop
  endfacet
  facet normal -0.980786 0.195087 0
    outer loop
      vertex 2.92333 27.9447 38.75
      vertex 2.8085 27.3674 2.5
      vertex 2.8085 27.3674 38.75
    endloop
  endfacet
  facet normal -0.195031 -0.980797 0
    outer loop
      vertex 6.10531 22.4333 2.5
      vertex 6.68263 22.3185 38.75
      vertex 6.10531 22.4333 38.75
    endloop
  endfacet
  facet normal -0.195031 -0.980797 -0
    outer loop
      vertex 6.68263 22.3185 38.75
      vertex 6.10531 22.4333 2.5
      vertex 6.68263 22.3185 2.5
    endloop
  endfacet
  facet normal -0.555539 0.831491 0
    outer loop
      vertex 5.02 30.6771 2.5
      vertex 4.53057 30.3501 38.75
      vertex 5.02 30.6771 38.75
    endloop
  endfacet
  facet normal -0.555539 0.831491 0
    outer loop
      vertex 4.53057 30.3501 38.75
      vertex 5.02 30.6771 2.5
      vertex 4.53057 30.3501 2.5
    endloop
  endfacet
  facet normal -0.896867 -0.4423 0
    outer loop
      vertex 3.37288 24.53 2.5
      vertex 3.11254 25.0579 38.75
      vertex 3.11254 25.0579 2.5
    endloop
  endfacet
  facet normal -0.896867 -0.4423 0
    outer loop
      vertex 3.11254 25.0579 38.75
      vertex 3.37288 24.53 2.5
      vertex 3.37288 24.53 38.75
    endloop
  endfacet
  facet normal 0.195035 -0.980796 0
    outer loop
      vertex 7.85737 22.3185 2.5
      vertex 8.43468 22.4333 38.75
      vertex 7.85737 22.3185 38.75
    endloop
  endfacet
  facet normal 0.195035 -0.980796 0
    outer loop
      vertex 8.43468 22.4333 38.75
      vertex 7.85737 22.3185 2.5
      vertex 8.43468 22.4333 2.5
    endloop
  endfacet
  facet normal 0.0654061 -0.997859 0
    outer loop
      vertex 7.27 22.28 2.5
      vertex 7.85737 22.3185 38.75
      vertex 7.27 22.28 38.75
    endloop
  endfacet
  facet normal 0.0654061 -0.997859 0
    outer loop
      vertex 7.85737 22.3185 38.75
      vertex 7.27 22.28 2.5
      vertex 7.85737 22.3185 2.5
    endloop
  endfacet
  facet normal 0.442362 -0.896837 0
    outer loop
      vertex 8.99207 22.6225 2.5
      vertex 9.52 22.8829 38.75
      vertex 8.99207 22.6225 38.75
    endloop
  endfacet
  facet normal 0.442362 -0.896837 0
    outer loop
      vertex 9.52 22.8829 38.75
      vertex 8.99207 22.6225 2.5
      vertex 9.52 22.8829 2.5
    endloop
  endfacet
  facet normal -0.831451 0.555598 0
    outer loop
      vertex 3.37288 29.03 2.5
      vertex 3.69991 29.5194 38.75
      vertex 3.69991 29.5194 2.5
    endloop
  endfacet
  facet normal -0.831451 0.555598 0
    outer loop
      vertex 3.69991 29.5194 38.75
      vertex 3.37288 29.03 2.5
      vertex 3.37288 29.03 38.75
    endloop
  endfacet
  facet normal -0.65934 -0.751845 0
    outer loop
      vertex 4.08802 23.598 2.5
      vertex 4.53057 23.2099 38.75
      vertex 4.08802 23.598 38.75
    endloop
  endfacet
  facet normal -0.65934 -0.751845 -0
    outer loop
      vertex 4.53057 23.2099 38.75
      vertex 4.08802 23.598 2.5
      vertex 4.53057 23.2099 2.5
    endloop
  endfacet
  facet normal 0.321427 -0.946934 0
    outer loop
      vertex 8.43468 22.4333 2.5
      vertex 8.99207 22.6225 38.75
      vertex 8.43468 22.4333 38.75
    endloop
  endfacet
  facet normal 0.321427 -0.946934 0
    outer loop
      vertex 8.99207 22.6225 38.75
      vertex 8.43468 22.4333 2.5
      vertex 8.99207 22.6225 2.5
    endloop
  endfacet
  facet normal -0.980786 -0.195087 0
    outer loop
      vertex 2.92333 25.6153 2.5
      vertex 2.8085 26.1926 38.75
      vertex 2.8085 26.1926 2.5
    endloop
  endfacet
  facet normal -0.980786 -0.195087 0
    outer loop
      vertex 2.8085 26.1926 38.75
      vertex 2.92333 25.6153 2.5
      vertex 2.92333 25.6153 38.75
    endloop
  endfacet
  facet normal -0.896867 0.4423 0
    outer loop
      vertex 3.11254 28.5021 2.5
      vertex 3.37288 29.03 38.75
      vertex 3.37288 29.03 2.5
    endloop
  endfacet
  facet normal -0.896867 0.4423 0
    outer loop
      vertex 3.37288 29.03 38.75
      vertex 3.11254 28.5021 2.5
      vertex 3.11254 28.5021 38.75
    endloop
  endfacet
  facet normal 0.751882 0.659298 0
    outer loop
      vertex 10.8401 29.5194 38.75
      vertex 10.452 29.962 2.5
      vertex 10.452 29.962 38.75
    endloop
  endfacet
  facet normal 0.751882 0.659298 0
    outer loop
      vertex 10.452 29.962 2.5
      vertex 10.8401 29.5194 38.75
      vertex 10.8401 29.5194 2.5
    endloop
  endfacet
  facet normal -0.442369 0.896833 0
    outer loop
      vertex 5.54792 30.9375 2.5
      vertex 5.02 30.6771 38.75
      vertex 5.54792 30.9375 38.75
    endloop
  endfacet
  facet normal -0.442369 0.896833 0
    outer loop
      vertex 5.02 30.6771 38.75
      vertex 5.54792 30.9375 2.5
      vertex 5.02 30.6771 2.5
    endloop
  endfacet
  facet normal 0.442362 0.896837 -0
    outer loop
      vertex 9.52 30.6771 2.5
      vertex 8.99207 30.9375 38.75
      vertex 9.52 30.6771 38.75
    endloop
  endfacet
  facet normal 0.442362 0.896837 0
    outer loop
      vertex 8.99207 30.9375 38.75
      vertex 9.52 30.6771 2.5
      vertex 8.99207 30.9375 2.5
    endloop
  endfacet
  facet normal 0.555562 0.831475 -0
    outer loop
      vertex 10.0094 30.3501 2.5
      vertex 9.52 30.6771 38.75
      vertex 10.0094 30.3501 38.75
    endloop
  endfacet
  facet normal 0.555562 0.831475 0
    outer loop
      vertex 9.52 30.6771 38.75
      vertex 10.0094 30.3501 2.5
      vertex 9.52 30.6771 2.5
    endloop
  endfacet
  facet normal -0.321427 0.946934 0
    outer loop
      vertex 6.10531 31.1267 2.5
      vertex 5.54792 30.9375 38.75
      vertex 6.10531 31.1267 38.75
    endloop
  endfacet
  facet normal -0.321427 0.946934 0
    outer loop
      vertex 5.54792 30.9375 38.75
      vertex 6.10531 31.1267 2.5
      vertex 5.54792 30.9375 2.5
    endloop
  endfacet
  facet normal -0.0654061 0.997859 0
    outer loop
      vertex 7.27 31.28 2.5
      vertex 6.68263 31.2415 38.75
      vertex 7.27 31.28 38.75
    endloop
  endfacet
  facet normal -0.0654061 0.997859 0
    outer loop
      vertex 6.68263 31.2415 38.75
      vertex 7.27 31.28 2.5
      vertex 6.68263 31.2415 2.5
    endloop
  endfacet
  facet normal -0.997859 0.0654027 0
    outer loop
      vertex 2.77 26.78 2.5
      vertex 2.8085 27.3674 38.75
      vertex 2.8085 27.3674 2.5
    endloop
  endfacet
  facet normal -0.997859 0.0654027 0
    outer loop
      vertex 2.8085 27.3674 38.75
      vertex 2.77 26.78 2.5
      vertex 2.77 26.78 38.75
    endloop
  endfacet
  facet normal -0.442369 -0.896833 0
    outer loop
      vertex 5.02 22.8829 2.5
      vertex 5.54792 22.6225 38.75
      vertex 5.02 22.8829 38.75
    endloop
  endfacet
  facet normal -0.442369 -0.896833 -0
    outer loop
      vertex 5.54792 22.6225 38.75
      vertex 5.02 22.8829 2.5
      vertex 5.54792 22.6225 2.5
    endloop
  endfacet
  facet normal 0.555562 -0.831475 0
    outer loop
      vertex 9.52 22.8829 2.5
      vertex 10.0094 23.2099 38.75
      vertex 9.52 22.8829 38.75
    endloop
  endfacet
  facet normal 0.555562 -0.831475 0
    outer loop
      vertex 10.0094 23.2099 38.75
      vertex 9.52 22.8829 2.5
      vertex 10.0094 23.2099 2.5
    endloop
  endfacet
  facet normal -0.0654061 -0.997859 0
    outer loop
      vertex 6.68263 22.3185 2.5
      vertex 7.27 22.28 38.75
      vertex 6.68263 22.3185 38.75
    endloop
  endfacet
  facet normal -0.0654061 -0.997859 -0
    outer loop
      vertex 7.27 22.28 38.75
      vertex 6.68263 22.3185 2.5
      vertex 7.27 22.28 2.5
    endloop
  endfacet
  facet normal -0.946931 0.321437 0
    outer loop
      vertex 2.92333 27.9447 2.5
      vertex 3.11254 28.5021 38.75
      vertex 3.11254 28.5021 2.5
    endloop
  endfacet
  facet normal -0.946931 0.321437 0
    outer loop
      vertex 3.11254 28.5021 38.75
      vertex 2.92333 27.9447 2.5
      vertex 2.92333 27.9447 38.75
    endloop
  endfacet
  facet normal 0.751882 -0.659298 0
    outer loop
      vertex 10.452 23.598 38.75
      vertex 10.8401 24.0406 2.5
      vertex 10.8401 24.0406 38.75
    endloop
  endfacet
  facet normal 0.751882 -0.659298 0
    outer loop
      vertex 10.8401 24.0406 2.5
      vertex 10.452 23.598 38.75
      vertex 10.452 23.598 2.5
    endloop
  endfacet
  facet normal 0.659298 -0.751882 0
    outer loop
      vertex 10.0094 23.2099 2.5
      vertex 10.452 23.598 38.75
      vertex 10.0094 23.2099 38.75
    endloop
  endfacet
  facet normal 0.659298 -0.751882 0
    outer loop
      vertex 10.452 23.598 38.75
      vertex 10.0094 23.2099 2.5
      vertex 10.452 23.598 2.5
    endloop
  endfacet
  facet normal 0.0463586 -0.706347 0.706347
    outer loop
      vertex 7.27 22.28 38.75
      vertex 7.66158 23.8057 40.25
      vertex 7.27 23.78 40.25
    endloop
  endfacet
  facet normal 0.0462981 -0.706341 0.706356
    outer loop
      vertex 7.66158 23.8057 40.25
      vertex 7.27 22.28 38.75
      vertex 7.85737 22.3185 38.75
    endloop
  endfacet
  facet normal 0.634811 -0.313137 0.706371
    outer loop
      vertex 11.4275 25.0579 38.75
      vertex 10.0416 25.632 40.25
      vertex 11.1671 24.53 38.75
    endloop
  endfacet
  facet normal 0.670301 0.227522 0.706349
    outer loop
      vertex 11.4275 28.5021 38.75
      vertex 10.1678 27.5565 40.25
      vertex 11.6167 27.9447 38.75
    endloop
  endfacet
  facet normal 0.670247 0.227624 0.706368
    outer loop
      vertex 10.1678 27.5565 40.25
      vertex 11.4275 28.5021 38.75
      vertex 10.0416 27.9281 40.25
    endloop
  endfacet
  facet normal -0.694264 0.138095 0.706347
    outer loop
      vertex 2.92333 27.9447 38.75
      vertex 4.29566 27.1716 40.25
      vertex 4.37222 27.5565 40.25
    endloop
  endfacet
  facet normal -0.694264 0.138095 0.706347
    outer loop
      vertex 4.29566 27.1716 40.25
      vertex 2.92333 27.9447 38.75
      vertex 2.8085 27.3674 38.75
    endloop
  endfacet
  facet normal -0.694264 -0.138095 0.706347
    outer loop
      vertex 4.37222 26.0035 40.25
      vertex 2.8085 26.1926 38.75
      vertex 2.92333 25.6153 38.75
    endloop
  endfacet
  facet normal 0.0462981 0.706341 0.706356
    outer loop
      vertex 7.27 31.28 38.75
      vertex 7.66158 29.7543 40.25
      vertex 7.85737 31.2415 38.75
    endloop
  endfacet
  facet normal 0.0463586 0.706347 0.706347
    outer loop
      vertex 7.66158 29.7543 40.25
      vertex 7.27 31.28 38.75
      vertex 7.27 29.78 40.25
    endloop
  endfacet
  facet normal 0.466688 -0.532224 0.706357
    outer loop
      vertex 10.452 23.598 38.75
      vertex 9.39132 24.6587 40.25
      vertex 10.0094 23.2099 38.75
    endloop
  endfacet
  facet normal 0.138058 -0.69427 0.706349
    outer loop
      vertex 8.04646 23.8822 40.25
      vertex 7.85737 22.3185 38.75
      vertex 8.43468 22.4333 38.75
    endloop
  endfacet
  facet normal 0.137996 -0.694272 0.70636
    outer loop
      vertex 7.85737 22.3185 38.75
      vertex 8.04646 23.8822 40.25
      vertex 7.66158 23.8057 40.25
    endloop
  endfacet
  facet normal -0.634847 0.313112 0.70635
    outer loop
      vertex 4.67192 28.28 40.25
      vertex 3.37288 29.03 38.75
      vertex 4.49836 27.9281 40.25
    endloop
  endfacet
  facet normal 0.138058 0.69427 0.706349
    outer loop
      vertex 7.85737 31.2415 38.75
      vertex 8.04646 29.6778 40.25
      vertex 8.43468 31.1267 38.75
    endloop
  endfacet
  facet normal 0.137996 0.694272 0.70636
    outer loop
      vertex 8.04646 29.6778 40.25
      vertex 7.85737 31.2415 38.75
      vertex 7.66158 29.7543 40.25
    endloop
  endfacet
  facet normal -0.466719 -0.532199 0.706355
    outer loop
      vertex 5.14868 24.6587 40.25
      vertex 4.08802 23.598 38.75
      vertex 4.53057 23.2099 38.75
    endloop
  endfacet
  facet normal 0.313135 -0.634844 0.706342
    outer loop
      vertex 9.52 22.8829 38.75
      vertex 8.77 24.1819 40.25
      vertex 8.99207 22.6225 38.75
    endloop
  endfacet
  facet normal -0.588559 -0.39329 0.706344
    outer loop
      vertex 4.88994 24.9537 40.25
      vertex 3.37288 24.53 38.75
      vertex 3.69991 24.0406 38.75
    endloop
  endfacet
  facet normal 0.634919 -0.312986 0.706341
    outer loop
      vertex 10.0416 25.632 40.25
      vertex 9.86808 25.28 40.25
      vertex 11.1671 24.53 38.75
    endloop
  endfacet
  facet normal 0.312981 -0.634891 0.706368
    outer loop
      vertex 8.77 24.1819 40.25
      vertex 8.41805 24.0084 40.25
      vertex 8.99207 22.6225 38.75
    endloop
  endfacet
  facet normal -0.588559 0.39329 0.706344
    outer loop
      vertex 3.69991 29.5194 38.75
      vertex 3.37288 29.03 38.75
      vertex 4.88994 28.6063 40.25
    endloop
  endfacet
  facet normal -0.6703 -0.227534 0.706347
    outer loop
      vertex 4.37222 26.0035 40.25
      vertex 2.92333 25.6153 38.75
      vertex 3.11254 25.0579 38.75
    endloop
  endfacet
  facet normal 0.466793 0.532158 0.706337
    outer loop
      vertex 10.0094 30.3501 38.75
      vertex 9.09628 29.1601 40.25
      vertex 9.39132 28.9013 40.25
    endloop
  endfacet
  facet normal 0.588576 0.393262 0.706345
    outer loop
      vertex 11.1671 29.03 38.75
      vertex 9.65006 28.6063 40.25
      vertex 9.86808 28.28 40.25
    endloop
  endfacet
  facet normal 0.227526 0.670299 0.706351
    outer loop
      vertex 8.43468 31.1267 38.75
      vertex 8.04646 29.6778 40.25
      vertex 8.99207 30.9375 38.75
    endloop
  endfacet
  facet normal -0.0462981 -0.706341 0.706356
    outer loop
      vertex 7.27 22.28 38.75
      vertex 6.87842 23.8057 40.25
      vertex 6.68263 22.3185 38.75
    endloop
  endfacet
  facet normal -0.0463586 -0.706347 0.706347
    outer loop
      vertex 6.87842 23.8057 40.25
      vertex 7.27 22.28 38.75
      vertex 7.27 23.78 40.25
    endloop
  endfacet
  facet normal -0.532178 0.466765 0.706341
    outer loop
      vertex 5.14868 28.9013 40.25
      vertex 3.69991 29.5194 38.75
      vertex 4.88994 28.6063 40.25
    endloop
  endfacet
  facet normal 0.227629 0.670244 0.70637
    outer loop
      vertex 8.99207 30.9375 38.75
      vertex 8.04646 29.6778 40.25
      vertex 8.41805 29.5516 40.25
    endloop
  endfacet
  facet normal -0.393255 -0.588583 0.706343
    outer loop
      vertex 5.44372 24.3999 40.25
      vertex 4.53057 23.2099 38.75
      vertex 5.77 24.1819 40.25
    endloop
  endfacet
  facet normal 0.634881 0.313056 0.706344
    outer loop
      vertex 11.1671 29.03 38.75
      vertex 9.86808 28.28 40.25
      vertex 10.0416 27.9281 40.25
    endloop
  endfacet
  facet normal 0.227521 -0.670285 0.706366
    outer loop
      vertex 8.41805 24.0084 40.25
      vertex 8.43468 22.4333 38.75
      vertex 8.99207 22.6225 38.75
    endloop
  endfacet
  facet normal 0.227637 -0.670265 0.706347
    outer loop
      vertex 8.43468 22.4333 38.75
      vertex 8.41805 24.0084 40.25
      vertex 8.04646 23.8822 40.25
    endloop
  endfacet
  facet normal 0.393267 -0.588577 0.706341
    outer loop
      vertex 10.0094 23.2099 38.75
      vertex 8.77 24.1819 40.25
      vertex 9.52 22.8829 38.75
    endloop
  endfacet
  facet normal -0.227636 -0.670265 0.706348
    outer loop
      vertex 6.12195 24.0084 40.25
      vertex 6.10531 22.4333 38.75
      vertex 6.49354 23.8822 40.25
    endloop
  endfacet
  facet normal -0.227521 -0.670284 0.706367
    outer loop
      vertex 6.10531 22.4333 38.75
      vertex 6.12195 24.0084 40.25
      vertex 5.54792 22.6225 38.75
    endloop
  endfacet
  facet normal -0.46679 -0.532155 0.706342
    outer loop
      vertex 5.14868 24.6587 40.25
      vertex 4.53057 23.2099 38.75
      vertex 5.44372 24.3999 40.25
    endloop
  endfacet
  facet normal -0.53222 -0.466697 0.706354
    outer loop
      vertex 5.14868 24.6587 40.25
      vertex 3.69991 24.0406 38.75
      vertex 4.08802 23.598 38.75
    endloop
  endfacet
  facet normal 0.694273 -0.137989 0.70636
    outer loop
      vertex 10.2443 26.3884 40.25
      vertex 10.1678 26.0035 40.25
      vertex 11.7315 26.1926 38.75
    endloop
  endfacet
  facet normal 0.588574 0.393265 0.706345
    outer loop
      vertex 10.8401 29.5194 38.75
      vertex 9.65006 28.6063 40.25
      vertex 11.1671 29.03 38.75
    endloop
  endfacet
  facet normal -0.634884 -0.313041 0.706348
    outer loop
      vertex 4.49836 25.632 40.25
      vertex 3.37288 24.53 38.75
      vertex 4.67192 25.28 40.25
    endloop
  endfacet
  facet normal 0.69427 -0.13806 0.706349
    outer loop
      vertex 11.7315 26.1926 38.75
      vertex 10.1678 26.0035 40.25
      vertex 11.6167 25.6153 38.75
    endloop
  endfacet
  facet normal 0.466793 -0.532158 0.706337
    outer loop
      vertex 9.39132 24.6587 40.25
      vertex 9.09628 24.3999 40.25
      vertex 10.0094 23.2099 38.75
    endloop
  endfacet
  facet normal -0.227525 0.670298 0.706352
    outer loop
      vertex 6.10531 31.1267 38.75
      vertex 5.54792 30.9375 38.75
      vertex 6.49354 29.6778 40.25
    endloop
  endfacet
  facet normal -0.634863 0.31309 0.706346
    outer loop
      vertex 3.37288 29.03 38.75
      vertex 3.11254 28.5021 38.75
      vertex 4.49836 27.9281 40.25
    endloop
  endfacet
  facet normal -0.46679 0.532155 0.706342
    outer loop
      vertex 5.44372 29.1601 40.25
      vertex 4.53057 30.3501 38.75
      vertex 5.14868 28.9013 40.25
    endloop
  endfacet
  facet normal 0.532177 0.466764 0.706342
    outer loop
      vertex 10.8401 29.5194 38.75
      vertex 9.39132 28.9013 40.25
      vertex 9.65006 28.6063 40.25
    endloop
  endfacet
  facet normal 0.670301 -0.227522 0.706349
    outer loop
      vertex 11.6167 25.6153 38.75
      vertex 10.1678 26.0035 40.25
      vertex 11.4275 25.0579 38.75
    endloop
  endfacet
  facet normal -0.31298 0.63489 0.70637
    outer loop
      vertex 6.12195 29.5516 40.25
      vertex 5.54792 30.9375 38.75
      vertex 5.77 29.3781 40.25
    endloop
  endfacet
  facet normal -0.53222 0.466697 0.706354
    outer loop
      vertex 4.08802 29.962 38.75
      vertex 3.69991 29.5194 38.75
      vertex 5.14868 28.9013 40.25
    endloop
  endfacet
  facet normal 0.393268 0.588579 0.70634
    outer loop
      vertex 9.52 30.6771 38.75
      vertex 9.09628 29.1601 40.25
      vertex 10.0094 30.3501 38.75
    endloop
  endfacet
  facet normal 0.393255 0.588584 0.706342
    outer loop
      vertex 9.09628 29.1601 40.25
      vertex 9.52 30.6771 38.75
      vertex 8.77 29.3781 40.25
    endloop
  endfacet
  facet normal -0.670273 -0.227586 0.706356
    outer loop
      vertex 4.37222 26.0035 40.25
      vertex 3.11254 25.0579 38.75
      vertex 4.49836 25.632 40.25
    endloop
  endfacet
  facet normal -0.0463586 0.706347 0.706347
    outer loop
      vertex 7.27 31.28 38.75
      vertex 6.87842 29.7543 40.25
      vertex 7.27 29.78 40.25
    endloop
  endfacet
  facet normal -0.0462981 0.706341 0.706356
    outer loop
      vertex 6.87842 29.7543 40.25
      vertex 7.27 31.28 38.75
      vertex 6.68263 31.2415 38.75
    endloop
  endfacet
  facet normal 0.393257 -0.588587 0.706339
    outer loop
      vertex 9.09628 24.3999 40.25
      vertex 8.77 24.1819 40.25
      vertex 10.0094 23.2099 38.75
    endloop
  endfacet
  facet normal -0.31314 -0.634841 0.706343
    outer loop
      vertex 5.77 24.1819 40.25
      vertex 5.02 22.8829 38.75
      vertex 5.54792 22.6225 38.75
    endloop
  endfacet
  facet normal 0.634821 0.313141 0.706361
    outer loop
      vertex 11.1671 29.03 38.75
      vertex 10.0416 27.9281 40.25
      vertex 11.4275 28.5021 38.75
    endloop
  endfacet
  facet normal 0.706347 0.0463563 0.706347
    outer loop
      vertex 11.77 26.78 38.75
      vertex 10.2443 27.1716 40.25
      vertex 10.27 26.78 40.25
    endloop
  endfacet
  facet normal 0.706341 0.0462957 0.706356
    outer loop
      vertex 10.2443 27.1716 40.25
      vertex 11.77 26.78 38.75
      vertex 11.7315 27.3674 38.75
    endloop
  endfacet
  facet normal -0.634853 -0.313085 0.706356
    outer loop
      vertex 4.49836 25.632 40.25
      vertex 3.11254 25.0579 38.75
      vertex 3.37288 24.53 38.75
    endloop
  endfacet
  facet normal -0.6703 0.227534 0.706347
    outer loop
      vertex 3.11254 28.5021 38.75
      vertex 4.37222 27.5565 40.25
      vertex 4.49836 27.9281 40.25
    endloop
  endfacet
  facet normal -0.6703 0.227534 0.706347
    outer loop
      vertex 4.37222 27.5565 40.25
      vertex 3.11254 28.5021 38.75
      vertex 2.92333 27.9447 38.75
    endloop
  endfacet
  facet normal -0.466719 0.532199 0.706355
    outer loop
      vertex 4.53057 30.3501 38.75
      vertex 4.08802 29.962 38.75
      vertex 5.14868 28.9013 40.25
    endloop
  endfacet
  facet normal 0.67022 -0.227676 0.706378
    outer loop
      vertex 10.1678 26.0035 40.25
      vertex 10.0416 25.632 40.25
      vertex 11.4275 25.0579 38.75
    endloop
  endfacet
  facet normal -0.706349 -0.0462843 0.706349
    outer loop
      vertex 2.77 26.78 38.75
      vertex 4.29566 26.3884 40.25
      vertex 4.27 26.78 40.25
    endloop
  endfacet
  facet normal -0.70635 -0.0462964 0.706347
    outer loop
      vertex 4.29566 26.3884 40.25
      vertex 2.77 26.78 38.75
      vertex 2.8085 26.1926 38.75
    endloop
  endfacet
  facet normal -0.532178 -0.466765 0.706341
    outer loop
      vertex 4.88994 24.9537 40.25
      vertex 3.69991 24.0406 38.75
      vertex 5.14868 24.6587 40.25
    endloop
  endfacet
  facet normal -0.39325 -0.588588 0.706342
    outer loop
      vertex 5.77 24.1819 40.25
      vertex 4.53057 23.2099 38.75
      vertex 5.02 22.8829 38.75
    endloop
  endfacet
  facet normal 0.706347 -0.0463563 0.706347
    outer loop
      vertex 10.2443 26.3884 40.25
      vertex 11.77 26.78 38.75
      vertex 10.27 26.78 40.25
    endloop
  endfacet
  facet normal 0.706341 -0.0462957 0.706356
    outer loop
      vertex 11.77 26.78 38.75
      vertex 10.2443 26.3884 40.25
      vertex 11.7315 26.1926 38.75
    endloop
  endfacet
  facet normal -0.588573 0.39326 0.706349
    outer loop
      vertex 4.88994 28.6063 40.25
      vertex 3.37288 29.03 38.75
      vertex 4.67192 28.28 40.25
    endloop
  endfacet
  facet normal 0.312981 0.634891 0.706368
    outer loop
      vertex 8.99207 30.9375 38.75
      vertex 8.41805 29.5516 40.25
      vertex 8.77 29.3781 40.25
    endloop
  endfacet
  facet normal -0.137996 -0.694272 0.70636
    outer loop
      vertex 6.49354 23.8822 40.25
      vertex 6.68263 22.3185 38.75
      vertex 6.87842 23.8057 40.25
    endloop
  endfacet
  facet normal -0.138055 -0.69427 0.70635
    outer loop
      vertex 6.68263 22.3185 38.75
      vertex 6.49354 23.8822 40.25
      vertex 6.10531 22.4333 38.75
    endloop
  endfacet
  facet normal -0.588573 -0.39326 0.706349
    outer loop
      vertex 4.67192 25.28 40.25
      vertex 3.37288 24.53 38.75
      vertex 4.88994 24.9537 40.25
    endloop
  endfacet
  facet normal 0.466688 0.532224 0.706357
    outer loop
      vertex 10.0094 30.3501 38.75
      vertex 9.39132 28.9013 40.25
      vertex 10.452 29.962 38.75
    endloop
  endfacet
  facet normal -0.70635 0.0462964 0.706347
    outer loop
      vertex 2.77 26.78 38.75
      vertex 4.29566 27.1716 40.25
      vertex 2.8085 27.3674 38.75
    endloop
  endfacet
  facet normal -0.706349 0.0462843 0.706349
    outer loop
      vertex 4.29566 27.1716 40.25
      vertex 2.77 26.78 38.75
      vertex 4.27 26.78 40.25
    endloop
  endfacet
  facet normal 0.588576 -0.393262 0.706345
    outer loop
      vertex 9.86808 25.28 40.25
      vertex 9.65006 24.9537 40.25
      vertex 11.1671 24.53 38.75
    endloop
  endfacet
  facet normal 0.532224 0.466688 0.706357
    outer loop
      vertex 10.452 29.962 38.75
      vertex 9.39132 28.9013 40.25
      vertex 10.8401 29.5194 38.75
    endloop
  endfacet
  facet normal -0.137996 0.694272 0.70636
    outer loop
      vertex 6.68263 31.2415 38.75
      vertex 6.49354 29.6778 40.25
      vertex 6.87842 29.7543 40.25
    endloop
  endfacet
  facet normal -0.138055 0.69427 0.70635
    outer loop
      vertex 6.49354 29.6778 40.25
      vertex 6.68263 31.2415 38.75
      vertex 6.10531 31.1267 38.75
    endloop
  endfacet
  facet normal -0.31314 0.634841 0.706343
    outer loop
      vertex 5.54792 30.9375 38.75
      vertex 5.02 30.6771 38.75
      vertex 5.77 29.3781 40.25
    endloop
  endfacet
  facet normal -0.393255 0.588584 0.706342
    outer loop
      vertex 5.02 30.6771 38.75
      vertex 5.44372 29.1601 40.25
      vertex 5.77 29.3781 40.25
    endloop
  endfacet
  facet normal -0.393249 0.588587 0.706343
    outer loop
      vertex 5.44372 29.1601 40.25
      vertex 5.02 30.6771 38.75
      vertex 4.53057 30.3501 38.75
    endloop
  endfacet
  facet normal 0.588574 -0.393265 0.706345
    outer loop
      vertex 11.1671 24.53 38.75
      vertex 9.65006 24.9537 40.25
      vertex 10.8401 24.0406 38.75
    endloop
  endfacet
  facet normal -0.694264 -0.138095 0.706347
    outer loop
      vertex 4.29566 26.3884 40.25
      vertex 2.8085 26.1926 38.75
      vertex 4.37222 26.0035 40.25
    endloop
  endfacet
  facet normal 0.313135 0.634844 0.706342
    outer loop
      vertex 8.99207 30.9375 38.75
      vertex 8.77 29.3781 40.25
      vertex 9.52 30.6771 38.75
    endloop
  endfacet
  facet normal -0.31298 -0.63489 0.70637
    outer loop
      vertex 5.77 24.1819 40.25
      vertex 5.54792 22.6225 38.75
      vertex 6.12195 24.0084 40.25
    endloop
  endfacet
  facet normal 0.532177 -0.466764 0.706342
    outer loop
      vertex 9.65006 24.9537 40.25
      vertex 9.39132 24.6587 40.25
      vertex 10.8401 24.0406 38.75
    endloop
  endfacet
  facet normal 0.532224 -0.466688 0.706357
    outer loop
      vertex 10.8401 24.0406 38.75
      vertex 9.39132 24.6587 40.25
      vertex 10.452 23.598 38.75
    endloop
  endfacet
  facet normal -0.227629 0.670243 0.70637
    outer loop
      vertex 6.49354 29.6778 40.25
      vertex 5.54792 30.9375 38.75
      vertex 6.12195 29.5516 40.25
    endloop
  endfacet
  facet normal 0.694261 0.138058 0.706358
    outer loop
      vertex 11.6167 27.9447 38.75
      vertex 10.2443 27.1716 40.25
      vertex 11.7315 27.3674 38.75
    endloop
  endfacet
  facet normal 0.694286 0.137991 0.706346
    outer loop
      vertex 10.2443 27.1716 40.25
      vertex 11.6167 27.9447 38.75
      vertex 10.1678 27.5565 40.25
    endloop
  endfacet
  facet normal 0.19495 0.980813 -0
    outer loop
      vertex 8.04646 29.6778 40.25
      vertex 7.66158 29.7543 45.25
      vertex 8.04646 29.6778 45.25
    endloop
  endfacet
  facet normal 0.19495 0.980813 0
    outer loop
      vertex 7.66158 29.7543 45.25
      vertex 8.04646 29.6778 40.25
      vertex 7.66158 29.7543 40.25
    endloop
  endfacet
  facet normal 0.980815 0.19494 0
    outer loop
      vertex 10.2443 27.1716 43.7542
      vertex 10.1678 27.5565 40.25
      vertex 10.1678 27.5565 44.0565
    endloop
  endfacet
  facet normal 0.980815 0.19494 0
    outer loop
      vertex 10.1678 27.5565 40.25
      vertex 10.2443 27.1716 43.7542
      vertex 10.2443 27.1716 40.25
    endloop
  endfacet
  facet normal 0.997853 0.0654873 0
    outer loop
      vertex 10.27 26.78 43.4686
      vertex 10.2443 27.1716 40.25
      vertex 10.2443 27.1716 43.7542
    endloop
  endfacet
  facet normal 0.997853 0.0654873 0
    outer loop
      vertex 10.2443 27.1716 40.25
      vertex 10.27 26.78 43.4686
      vertex 10.27 26.78 40.25
    endloop
  endfacet
  facet normal 0.946885 0.321574 0
    outer loop
      vertex 10.1678 27.5565 44.0565
      vertex 10.0416 27.9281 40.25
      vertex 10.0416 27.9281 44.3702
    endloop
  endfacet
  facet normal 0.946885 0.321574 0
    outer loop
      vertex 10.0416 27.9281 40.25
      vertex 10.1678 27.5565 44.0565
      vertex 10.1678 27.5565 40.25
    endloop
  endfacet
  facet normal 0 0 1
    outer loop
      vertex 7.85892 27.8775 45.25
      vertex 9.39132 28.9013 45.25
      vertex 9.09628 29.1601 45.25
    endloop
  endfacet
  facet normal 0 0 1
    outer loop
      vertex 7.85892 27.8775 45.25
      vertex 9.09628 29.1601 45.25
      vertex 8.77 29.3781 45.25
    endloop
  endfacet
  facet normal 0 0 1
    outer loop
      vertex 7.85892 27.8775 45.25
      vertex 8.77 29.3781 45.25
      vertex 8.41805 29.5516 45.25
    endloop
  endfacet
  facet normal 0 0 1
    outer loop
      vertex 7.59352 27.9874 45.25
      vertex 8.41805 29.5516 45.25
      vertex 8.04646 29.6778 45.25
    endloop
  endfacet
  facet normal 0 0 1
    outer loop
      vertex 9.39132 28.9013 45.25
      vertex 7.85892 27.8775 45.25
      vertex 9.45363 28.8303 45.25
    endloop
  endfacet
  facet normal 0 0 1
    outer loop
      vertex 7.59352 27.9874 45.25
      vertex 8.04646 29.6778 45.25
      vertex 7.66158 29.7543 45.25
    endloop
  endfacet
  facet normal 0 0 1
    outer loop
      vertex 8.41805 29.5516 45.25
      vertex 7.59352 27.9874 45.25
      vertex 7.85892 27.8775 45.25
    endloop
  endfacet
  facet normal 0 0 1
    outer loop
      vertex 7.27 28.03 45.25
      vertex 7.66158 29.7543 45.25
      vertex 7.27 29.78 45.25
    endloop
  endfacet
  facet normal 0 0 1
    outer loop
      vertex 7.66158 29.7543 45.25
      vertex 7.27 28.03 45.25
      vertex 7.59352 27.9874 45.25
    endloop
  endfacet
  facet normal -0 0 1
    outer loop
      vertex 6.87842 29.7543 45.25
      vertex 7.27 28.03 45.25
      vertex 7.27 29.78 45.25
    endloop
  endfacet
  facet normal 0 0 1
    outer loop
      vertex 7.27 28.03 45.25
      vertex 6.87842 29.7543 45.25
      vertex 6.94648 27.9874 45.25
    endloop
  endfacet
  facet normal -0 0 1
    outer loop
      vertex 6.49354 29.6778 45.25
      vertex 6.94648 27.9874 45.25
      vertex 6.87842 29.7543 45.25
    endloop
  endfacet
  facet normal -0 0 1
    outer loop
      vertex 6.12195 29.5516 45.25
      vertex 6.94648 27.9874 45.25
      vertex 6.49354 29.6778 45.25
    endloop
  endfacet
  facet normal 0 0 1
    outer loop
      vertex 6.94648 27.9874 45.25
      vertex 6.12195 29.5516 45.25
      vertex 6.645 27.8625 45.25
    endloop
  endfacet
  facet normal -0 0 1
    outer loop
      vertex 5.77 29.3781 45.25
      vertex 6.645 27.8625 45.25
      vertex 6.12195 29.5516 45.25
    endloop
  endfacet
  facet normal -0 0 1
    outer loop
      vertex 5.44372 29.1601 45.25
      vertex 6.645 27.8625 45.25
      vertex 5.77 29.3781 45.25
    endloop
  endfacet
  facet normal 0 0 1
    outer loop
      vertex 6.645 27.8625 45.25
      vertex 5.44372 29.1601 45.25
      vertex 6.38612 27.6639 45.25
    endloop
  endfacet
  facet normal -0 0 1
    outer loop
      vertex 5.14868 28.9013 45.25
      vertex 6.38612 27.6639 45.25
      vertex 5.44372 29.1601 45.25
    endloop
  endfacet
  facet normal -0 0 1
    outer loop
      vertex 4.88994 28.6063 45.25
      vertex 6.38612 27.6639 45.25
      vertex 5.14868 28.9013 45.25
    endloop
  endfacet
  facet normal 0 0 1
    outer loop
      vertex 6.38612 27.6639 45.25
      vertex 4.88994 28.6063 45.25
      vertex 6.18747 27.405 45.25
    endloop
  endfacet
  facet normal -0 0 1
    outer loop
      vertex 4.67192 28.28 45.25
      vertex 6.18747 27.405 45.25
      vertex 4.88994 28.6063 45.25
    endloop
  endfacet
  facet normal -0 0 1
    outer loop
      vertex 4.49836 27.9281 45.25
      vertex 6.18747 27.405 45.25
      vertex 4.67192 28.28 45.25
    endloop
  endfacet
  facet normal 0 0 1
    outer loop
      vertex 6.18747 27.405 45.25
      vertex 4.49836 27.9281 45.25
      vertex 6.06259 27.1035 45.25
    endloop
  endfacet
  facet normal -0 0 1
    outer loop
      vertex 4.37222 27.5565 45.25
      vertex 6.06259 27.1035 45.25
      vertex 4.49836 27.9281 45.25
    endloop
  endfacet
  facet normal 0 0 1
    outer loop
      vertex 6.06259 27.1035 45.25
      vertex 5.96704 26.7471 45.25
      vertex 6.02 26.78 45.25
    endloop
  endfacet
  facet normal -0 0 1
    outer loop
      vertex 4.29566 27.1716 45.25
      vertex 6.06259 27.1035 45.25
      vertex 4.37222 27.5565 45.25
    endloop
  endfacet
  facet normal 0 0 1
    outer loop
      vertex 6.06259 27.1035 45.25
      vertex 4.29566 27.1716 45.25
      vertex 5.96704 26.7471 45.25
    endloop
  endfacet
  facet normal -0 0 1
    outer loop
      vertex 4.27 26.78 45.25
      vertex 5.96704 26.7471 45.25
      vertex 4.29566 27.1716 45.25
    endloop
  endfacet
  facet normal 0 -0 1
    outer loop
      vertex 4.37222 26.0035 45.25
      vertex 5.96704 26.7471 45.25
      vertex 4.29566 26.3884 45.25
    endloop
  endfacet
  facet normal 0 0 1
    outer loop
      vertex 5.96704 26.7471 45.25
      vertex 4.37222 26.0035 45.25
      vertex 4.43686 25.8131 45.25
    endloop
  endfacet
  facet normal 0 0 1
    outer loop
      vertex 5.96704 26.7471 45.25
      vertex 4.27 26.78 45.25
      vertex 4.29566 26.3884 45.25
    endloop
  endfacet
  facet normal 0 0 1
    outer loop
      vertex 6.02015 26.7789 45.25
      vertex 6.02 26.78 45.25
      vertex 5.96704 26.7471 45.25
    endloop
  endfacet
  facet normal 0.321582 -0.946882 0
    outer loop
      vertex 8.04646 23.8822 40.25
      vertex 8.41805 24.0084 42.6823
      vertex 8.04646 23.8822 42.7356
    endloop
  endfacet
  facet normal 0.321582 -0.946882 0
    outer loop
      vertex 8.41805 24.0084 42.6823
      vertex 8.04646 23.8822 40.25
      vertex 8.41805 24.0084 40.25
    endloop
  endfacet
  facet normal 0.831477 0.555558 0
    outer loop
      vertex 9.86808 28.28 44.69
      vertex 9.65006 28.6063 40.25
      vertex 9.65006 28.6063 45.0104
    endloop
  endfacet
  facet normal 0.831477 0.555558 0
    outer loop
      vertex 9.65006 28.6063 40.25
      vertex 9.86808 28.28 44.69
      vertex 9.86808 28.28 40.25
    endloop
  endfacet
  facet normal 0.896891 0.442252 0
    outer loop
      vertex 10.0416 27.9281 44.3702
      vertex 9.86808 28.28 40.25
      vertex 9.86808 28.28 44.69
    endloop
  endfacet
  facet normal 0.896891 0.442252 0
    outer loop
      vertex 9.86808 28.28 40.25
      vertex 10.0416 27.9281 44.3702
      vertex 10.0416 27.9281 40.25
    endloop
  endfacet
  facet normal -0.19495 0.980813 0
    outer loop
      vertex 6.87842 29.7543 40.25
      vertex 6.49354 29.6778 45.25
      vertex 6.87842 29.7543 45.25
    endloop
  endfacet
  facet normal -0.19495 0.980813 0
    outer loop
      vertex 6.49354 29.6778 45.25
      vertex 6.87842 29.7543 40.25
      vertex 6.49354 29.6778 40.25
    endloop
  endfacet
  facet normal -0.555547 -0.831485 0
    outer loop
      vertex 5.44372 24.3999 40.25
      vertex 5.77 24.1819 43.5663
      vertex 5.44372 24.3999 43.8536
    endloop
  endfacet
  facet normal -0.555547 -0.831485 -0
    outer loop
      vertex 5.77 24.1819 43.5663
      vertex 5.44372 24.3999 40.25
      vertex 5.77 24.1819 40.25
    endloop
  endfacet
  facet normal 0.946858 -0.321651 0
    outer loop
      vertex 10.0416 25.632 42.9072
      vertex 10.1678 26.0035 40.25
      vertex 10.1678 26.0035 43.0296
    endloop
  endfacet
  facet normal 0.946858 -0.321651 0
    outer loop
      vertex 10.1678 26.0035 40.25
      vertex 10.0416 25.632 42.9072
      vertex 10.0416 25.632 40.25
    endloop
  endfacet
  facet normal -0.659428 0.751768 0
    outer loop
      vertex 5.44372 29.1601 40.25
      vertex 5.14868 28.9013 45.25
      vertex 5.44372 29.1601 45.25
    endloop
  endfacet
  facet normal -0.659428 0.751768 0
    outer loop
      vertex 5.14868 28.9013 45.25
      vertex 5.44372 29.1601 40.25
      vertex 5.14868 28.9013 40.25
    endloop
  endfacet
  facet normal -0.321582 0.946882 0
    outer loop
      vertex 6.49354 29.6778 40.25
      vertex 6.12195 29.5516 45.25
      vertex 6.49354 29.6778 45.25
    endloop
  endfacet
  facet normal -0.321582 0.946882 0
    outer loop
      vertex 6.12195 29.5516 45.25
      vertex 6.49354 29.6778 40.25
      vertex 6.12195 29.5516 40.25
    endloop
  endfacet
  facet normal -0.0654906 0.997853 0
    outer loop
      vertex 7.27 29.78 40.25
      vertex 6.87842 29.7543 45.25
      vertex 7.27 29.78 45.25
    endloop
  endfacet
  facet normal -0.0654906 0.997853 0
    outer loop
      vertex 6.87842 29.7543 45.25
      vertex 7.27 29.78 40.25
      vertex 6.87842 29.7543 40.25
    endloop
  endfacet
  facet normal 0.0654906 0.997853 -0
    outer loop
      vertex 7.66158 29.7543 40.25
      vertex 7.27 29.78 45.25
      vertex 7.66158 29.7543 45.25
    endloop
  endfacet
  facet normal 0.0654906 0.997853 0
    outer loop
      vertex 7.27 29.78 45.25
      vertex 7.66158 29.7543 40.25
      vertex 7.27 29.78 40.25
    endloop
  endfacet
  facet normal -0.19495 -0.980813 0
    outer loop
      vertex 6.49354 23.8822 40.25
      vertex 6.87842 23.8057 43.04
      vertex 6.49354 23.8822 43.1837
    endloop
  endfacet
  facet normal -0.19495 -0.980813 -0
    outer loop
      vertex 6.87842 23.8057 43.04
      vertex 6.49354 23.8822 40.25
      vertex 6.87842 23.8057 40.25
    endloop
  endfacet
  facet normal -0.659428 -0.751768 0
    outer loop
      vertex 5.14868 24.6587 40.25
      vertex 5.44372 24.3999 43.8536
      vertex 5.14868 24.6587 44.1558
    endloop
  endfacet
  facet normal -0.659428 -0.751768 -0
    outer loop
      vertex 5.44372 24.3999 43.8536
      vertex 5.14868 24.6587 40.25
      vertex 5.44372 24.3999 40.25
    endloop
  endfacet
  facet normal 0.19495 -0.980813 0
    outer loop
      vertex 7.66158 23.8057 40.25
      vertex 8.04646 23.8822 42.7356
      vertex 7.66158 23.8057 42.814
    endloop
  endfacet
  facet normal 0.19495 -0.980813 0
    outer loop
      vertex 8.04646 23.8822 42.7356
      vertex 7.66158 23.8057 40.25
      vertex 8.04646 23.8822 40.25
    endloop
  endfacet
  facet normal 0.555547 0.831485 -0
    outer loop
      vertex 9.09628 29.1601 40.25
      vertex 8.77 29.3781 45.25
      vertex 9.09628 29.1601 45.25
    endloop
  endfacet
  facet normal 0.555547 0.831485 0
    outer loop
      vertex 8.77 29.3781 45.25
      vertex 9.09628 29.1601 40.25
      vertex 8.77 29.3781 40.25
    endloop
  endfacet
  facet normal 0.659428 0.751768 -0
    outer loop
      vertex 9.39132 28.9013 40.25
      vertex 9.09628 29.1601 45.25
      vertex 9.39132 28.9013 45.25
    endloop
  endfacet
  facet normal 0.659428 0.751768 0
    outer loop
      vertex 9.09628 29.1601 45.25
      vertex 9.39132 28.9013 40.25
      vertex 9.09628 29.1601 40.25
    endloop
  endfacet
  facet normal -0.946905 -0.321514 0
    outer loop
      vertex 4.49836 25.632 45.0994
      vertex 4.37222 26.0035 45.25
      vertex 4.37222 26.0035 40.25
    endloop
  endfacet
  facet normal -0.946905 -0.321514 -0
    outer loop
      vertex 4.49836 25.632 45.0994
      vertex 4.37222 26.0035 40.25
      vertex 4.49836 25.632 40.25
    endloop
  endfacet
  facet normal -0.946918 -0.321475 -0.000108845
    outer loop
      vertex 4.37222 26.0035 45.25
      vertex 4.49836 25.632 45.0994
      vertex 4.43686 25.8131 45.25
    endloop
  endfacet
  facet normal -0.0654906 -0.997853 0
    outer loop
      vertex 6.87842 23.8057 40.25
      vertex 7.27 23.78 42.916
      vertex 6.87842 23.8057 43.04
    endloop
  endfacet
  facet normal -0.0654906 -0.997853 -0
    outer loop
      vertex 7.27 23.78 42.916
      vertex 6.87842 23.8057 40.25
      vertex 7.27 23.78 40.25
    endloop
  endfacet
  facet normal -0.44216 0.896936 0
    outer loop
      vertex 6.12195 29.5516 40.25
      vertex 5.77 29.3781 45.25
      vertex 6.12195 29.5516 45.25
    endloop
  endfacet
  facet normal -0.44216 0.896936 0
    outer loop
      vertex 5.77 29.3781 45.25
      vertex 6.12195 29.5516 40.25
      vertex 5.77 29.3781 40.25
    endloop
  endfacet
  facet normal 0.659428 -0.751768 0
    outer loop
      vertex 9.39132 24.6587 40.25
      vertex 9.09628 24.3999 42.6538
      vertex 9.09628 24.3999 40.25
    endloop
  endfacet
  facet normal 0.659428 -0.751768 0
    outer loop
      vertex 9.09628 24.3999 42.6538
      vertex 9.39132 24.6587 40.25
      vertex 9.39132 24.6587 42.6792
    endloop
  endfacet
  facet normal 0.555547 -0.831485 0
    outer loop
      vertex 8.77 24.1819 40.25
      vertex 9.09628 24.3999 42.6538
      vertex 8.77 24.1819 42.6548
    endloop
  endfacet
  facet normal 0.555547 -0.831485 0
    outer loop
      vertex 9.09628 24.3999 42.6538
      vertex 8.77 24.1819 40.25
      vertex 9.09628 24.3999 40.25
    endloop
  endfacet
  facet normal -0.555547 0.831485 0
    outer loop
      vertex 5.77 29.3781 40.25
      vertex 5.44372 29.1601 45.25
      vertex 5.77 29.3781 45.25
    endloop
  endfacet
  facet normal -0.555547 0.831485 0
    outer loop
      vertex 5.44372 29.1601 45.25
      vertex 5.77 29.3781 40.25
      vertex 5.44372 29.1601 40.25
    endloop
  endfacet
  facet normal 0.997867 -0.0652757 0
    outer loop
      vertex 10.247 26.4284 43.2315
      vertex 10.27 26.78 40.25
      vertex 10.27 26.78 43.4686
    endloop
  endfacet
  facet normal 0.99774 -0.0671972 -0.000227581
    outer loop
      vertex 10.2443 26.3884 43.2051
      vertex 10.27 26.78 40.25
      vertex 10.247 26.4284 43.2315
    endloop
  endfacet
  facet normal 0.997853 -0.0654873 0
    outer loop
      vertex 10.27 26.78 40.25
      vertex 10.2443 26.3884 43.2051
      vertex 10.2443 26.3884 40.25
    endloop
  endfacet
  facet normal 0.751799 -0.659392 0
    outer loop
      vertex 9.39132 24.6587 42.6792
      vertex 9.65006 24.9537 40.25
      vertex 9.65006 24.9537 42.7305
    endloop
  endfacet
  facet normal 0.751799 -0.659392 0
    outer loop
      vertex 9.65006 24.9537 40.25
      vertex 9.39132 24.6587 42.6792
      vertex 9.39132 24.6587 40.25
    endloop
  endfacet
  facet normal -0.442274 -0.89688 0
    outer loop
      vertex 5.77 24.1819 40.25
      vertex 5.93365 24.1012 43.442
      vertex 5.77 24.1819 43.5663
    endloop
  endfacet
  facet normal -0.441977 -0.897026 -1.893e-05
    outer loop
      vertex 5.77 24.1819 40.25
      vertex 6.09399 24.0222 43.3588
      vertex 5.93365 24.1012 43.442
    endloop
  endfacet
  facet normal -0.442566 -0.896736 5.73587e-05
    outer loop
      vertex 5.77 24.1819 40.25
      vertex 6.12195 24.0084 43.3448
      vertex 6.09399 24.0222 43.3588
    endloop
  endfacet
  facet normal -0.44216 -0.896936 -0
    outer loop
      vertex 6.12195 24.0084 43.3448
      vertex 5.77 24.1819 40.25
      vertex 6.12195 24.0084 40.25
    endloop
  endfacet
  facet normal 0.831477 -0.555558 0
    outer loop
      vertex 9.65006 24.9537 42.7305
      vertex 9.86808 25.28 40.25
      vertex 9.86808 25.28 42.807
    endloop
  endfacet
  facet normal 0.831477 -0.555558 0
    outer loop
      vertex 9.86808 25.28 40.25
      vertex 9.65006 24.9537 42.7305
      vertex 9.65006 24.9537 40.25
    endloop
  endfacet
  facet normal 0.980795 -0.195041 0
    outer loop
      vertex 10.2164 26.2481 43.1202
      vertex 10.2443 26.3884 40.25
      vertex 10.2443 26.3884 43.2051
    endloop
  endfacet
  facet normal 0.981164 -0.193179 9.45789e-05
    outer loop
      vertex 10.2139 26.2354 43.1153
      vertex 10.2443 26.3884 40.25
      vertex 10.2164 26.2481 43.1202
    endloop
  endfacet
  facet normal 0.980808 -0.194975 -5.12424e-06
    outer loop
      vertex 10.1678 26.0035 43.0296
      vertex 10.2443 26.3884 40.25
      vertex 10.2139 26.2354 43.1153
    endloop
  endfacet
  facet normal 0.980815 -0.19494 0
    outer loop
      vertex 10.2443 26.3884 40.25
      vertex 10.1678 26.0035 43.0296
      vertex 10.1678 26.0035 40.25
    endloop
  endfacet
  facet normal -0.946931 0.321437 0
    outer loop
      vertex 4.37222 27.5565 40.25
      vertex 4.49836 27.9281 45.25
      vertex 4.49836 27.9281 40.25
    endloop
  endfacet
  facet normal -0.946931 0.321437 0
    outer loop
      vertex 4.49836 27.9281 45.25
      vertex 4.37222 27.5565 40.25
      vertex 4.37222 27.5565 45.25
    endloop
  endfacet
  facet normal 0.44216 0.896936 -0
    outer loop
      vertex 8.77 29.3781 40.25
      vertex 8.41805 29.5516 45.25
      vertex 8.77 29.3781 45.25
    endloop
  endfacet
  facet normal 0.44216 0.896936 0
    outer loop
      vertex 8.41805 29.5516 45.25
      vertex 8.77 29.3781 40.25
      vertex 8.41805 29.5516 40.25
    endloop
  endfacet
  facet normal -0.980786 0.195087 0
    outer loop
      vertex 4.29566 27.1716 40.25
      vertex 4.37222 27.5565 45.25
      vertex 4.37222 27.5565 40.25
    endloop
  endfacet
  facet normal -0.980786 0.195087 0
    outer loop
      vertex 4.37222 27.5565 45.25
      vertex 4.29566 27.1716 40.25
      vertex 4.29566 27.1716 45.25
    endloop
  endfacet
  facet normal 0.44216 -0.896936 0
    outer loop
      vertex 8.41805 24.0084 40.25
      vertex 8.77 24.1819 42.6548
      vertex 8.41805 24.0084 42.6823
    endloop
  endfacet
  facet normal 0.44216 -0.896936 0
    outer loop
      vertex 8.77 24.1819 42.6548
      vertex 8.41805 24.0084 40.25
      vertex 8.77 24.1819 40.25
    endloop
  endfacet
  facet normal -0.831477 0.555558 0
    outer loop
      vertex 4.67192 28.28 40.25
      vertex 4.88994 28.6063 45.25
      vertex 4.88994 28.6063 40.25
    endloop
  endfacet
  facet normal -0.831477 0.555558 0
    outer loop
      vertex 4.88994 28.6063 45.25
      vertex 4.67192 28.28 40.25
      vertex 4.67192 28.28 45.25
    endloop
  endfacet
  facet normal -0.99786 -0.0653858 0
    outer loop
      vertex 4.29566 26.3884 40.25
      vertex 4.27 26.78 45.25
      vertex 4.27 26.78 40.25
    endloop
  endfacet
  facet normal -0.99786 -0.0653858 0
    outer loop
      vertex 4.27 26.78 45.25
      vertex 4.29566 26.3884 40.25
      vertex 4.29566 26.3884 45.25
    endloop
  endfacet
  facet normal -0.751799 -0.659392 -0
    outer loop
      vertex 5.14868 24.6587 44.1558
      vertex 4.88994 24.9537 40.25
      vertex 5.14868 24.6587 40.25
    endloop
  endfacet
  facet normal -0.751799 -0.659392 0
    outer loop
      vertex 4.88994 24.9537 40.25
      vertex 5.14868 24.6587 44.1558
      vertex 4.88994 24.9537 44.4677
    endloop
  endfacet
  facet normal -0.99786 0.0653858 0
    outer loop
      vertex 4.27 26.78 40.25
      vertex 4.29566 27.1716 45.25
      vertex 4.29566 27.1716 40.25
    endloop
  endfacet
  facet normal -0.99786 0.0653858 0
    outer loop
      vertex 4.29566 27.1716 45.25
      vertex 4.27 26.78 40.25
      vertex 4.27 26.78 45.25
    endloop
  endfacet
  facet normal 0.321582 0.946882 -0
    outer loop
      vertex 8.41805 29.5516 40.25
      vertex 8.04646 29.6778 45.25
      vertex 8.41805 29.5516 45.25
    endloop
  endfacet
  facet normal 0.321582 0.946882 0
    outer loop
      vertex 8.04646 29.6778 45.25
      vertex 8.41805 29.5516 40.25
      vertex 8.04646 29.6778 40.25
    endloop
  endfacet
  facet normal -0.751799 0.659392 0
    outer loop
      vertex 4.88994 28.6063 40.25
      vertex 5.14868 28.9013 45.25
      vertex 5.14868 28.9013 40.25
    endloop
  endfacet
  facet normal -0.751799 0.659392 0
    outer loop
      vertex 5.14868 28.9013 45.25
      vertex 4.88994 28.6063 40.25
      vertex 4.88994 28.6063 45.25
    endloop
  endfacet
  facet normal 0.751605 0.659613 -0.000482025
    outer loop
      vertex 9.65006 28.6063 45.0104
      vertex 9.39132 28.9013 45.25
      vertex 9.45363 28.8303 45.25
    endloop
  endfacet
  facet normal 0.751799 0.659392 0
    outer loop
      vertex 9.39132 28.9013 45.25
      vertex 9.65006 28.6063 45.0104
      vertex 9.39132 28.9013 40.25
    endloop
  endfacet
  facet normal 0.751799 0.659392 0
    outer loop
      vertex 9.39132 28.9013 40.25
      vertex 9.65006 28.6063 45.0104
      vertex 9.65006 28.6063 40.25
    endloop
  endfacet
  facet normal -0.8969 -0.442233 -0
    outer loop
      vertex 4.67192 25.28 44.7841
      vertex 4.49836 25.632 40.25
      vertex 4.67192 25.28 40.25
    endloop
  endfacet
  facet normal -0.8969 -0.442233 0
    outer loop
      vertex 4.49836 25.632 40.25
      vertex 4.67192 25.28 44.7841
      vertex 4.49836 25.632 45.0994
    endloop
  endfacet
  facet normal 0.0654906 -0.997853 0
    outer loop
      vertex 7.27 23.78 40.25
      vertex 7.66158 23.8057 42.814
      vertex 7.27 23.78 42.916
    endloop
  endfacet
  facet normal 0.0654906 -0.997853 0
    outer loop
      vertex 7.66158 23.8057 42.814
      vertex 7.27 23.78 40.25
      vertex 7.66158 23.8057 40.25
    endloop
  endfacet
  facet normal -0.980786 -0.195087 0
    outer loop
      vertex 4.37222 26.0035 40.25
      vertex 4.29566 26.3884 45.25
      vertex 4.29566 26.3884 40.25
    endloop
  endfacet
  facet normal -0.980786 -0.195087 0
    outer loop
      vertex 4.29566 26.3884 45.25
      vertex 4.37222 26.0035 40.25
      vertex 4.37222 26.0035 45.25
    endloop
  endfacet
  facet normal -0.831477 -0.555558 -0
    outer loop
      vertex 4.88994 24.9537 44.4677
      vertex 4.67192 25.28 40.25
      vertex 4.88994 24.9537 40.25
    endloop
  endfacet
  facet normal -0.831477 -0.555558 0
    outer loop
      vertex 4.67192 25.28 40.25
      vertex 4.88994 24.9537 44.4677
      vertex 4.67192 25.28 44.7841
    endloop
  endfacet
  facet normal -0.321442 -0.946929 0
    outer loop
      vertex 6.12195 24.0084 40.25
      vertex 6.40063 23.9138 43.224
      vertex 6.12195 24.0084 43.3448
    endloop
  endfacet
  facet normal -0.321978 -0.946747 5.59794e-05
    outer loop
      vertex 6.12195 24.0084 40.25
      vertex 6.49354 23.8822 43.1837
      vertex 6.40063 23.9138 43.224
    endloop
  endfacet
  facet normal -0.321582 -0.946882 -0
    outer loop
      vertex 6.49354 23.8822 43.1837
      vertex 6.12195 24.0084 40.25
      vertex 6.49354 23.8822 40.25
    endloop
  endfacet
  facet normal 0.896991 -0.442049 0
    outer loop
      vertex 9.93806 25.4219 42.8474
      vertex 10.0416 25.632 40.25
      vertex 10.0416 25.632 42.9072
    endloop
  endfacet
  facet normal 0.896869 -0.442297 -2.49086e-05
    outer loop
      vertex 9.86808 25.28 42.807
      vertex 10.0416 25.632 40.25
      vertex 9.93806 25.4219 42.8474
    endloop
  endfacet
  facet normal 0.896941 -0.442151 0
    outer loop
      vertex 10.0416 25.632 40.25
      vertex 9.86808 25.28 42.807
      vertex 9.86808 25.28 40.25
    endloop
  endfacet
  facet normal -0.89685 0.442334 0
    outer loop
      vertex 4.49836 27.9281 40.25
      vertex 4.67192 28.28 45.25
      vertex 4.67192 28.28 40.25
    endloop
  endfacet
  facet normal -0.89685 0.442334 0
    outer loop
      vertex 4.67192 28.28 45.25
      vertex 4.49836 27.9281 40.25
      vertex 4.49836 27.9281 45.25
    endloop
  endfacet
  facet normal 0.195038 0.980796 -0
    outer loop
      vertex 12.2247 -13.8433 2.5
      vertex 11.6474 -13.7285 29.63
      vertex 12.2247 -13.8433 29.63
    endloop
  endfacet
  facet normal 0.195038 0.980796 0
    outer loop
      vertex 11.6474 -13.7285 29.63
      vertex 12.2247 -13.8433 2.5
      vertex 11.6474 -13.7285 2.5
    endloop
  endfacet
  facet normal 0.980796 0.195038 0
    outer loop
      vertex 15.5215 -17.6026 29.63
      vertex 15.4067 -17.0253 2.5
      vertex 15.4067 -17.0253 29.63
    endloop
  endfacet
  facet normal 0.980796 0.195038 0
    outer loop
      vertex 15.4067 -17.0253 2.5
      vertex 15.5215 -17.6026 29.63
      vertex 15.5215 -17.6026 2.5
    endloop
  endfacet
  facet normal 0.997859 0.0654027 0
    outer loop
      vertex 15.56 -18.19 29.63
      vertex 15.5215 -17.6026 2.5
      vertex 15.5215 -17.6026 29.63
    endloop
  endfacet
  facet normal 0.997859 0.0654027 0
    outer loop
      vertex 15.5215 -17.6026 2.5
      vertex 15.56 -18.19 29.63
      vertex 15.56 -18.19 2.5
    endloop
  endfacet
  facet normal 0.946936 0.321421 0
    outer loop
      vertex 15.4067 -17.0253 29.63
      vertex 15.2175 -16.4679 2.5
      vertex 15.2175 -16.4679 29.63
    endloop
  endfacet
  facet normal 0.946936 0.321421 0
    outer loop
      vertex 15.2175 -16.4679 2.5
      vertex 15.4067 -17.0253 29.63
      vertex 15.4067 -17.0253 2.5
    endloop
  endfacet
  facet normal -0.946931 -0.321437 0
    outer loop
      vertex 6.90254 -19.9121 2.5
      vertex 6.71333 -19.3547 29.63
      vertex 6.71333 -19.3547 2.5
    endloop
  endfacet
  facet normal -0.946931 -0.321437 0
    outer loop
      vertex 6.71333 -19.3547 29.63
      vertex 6.90254 -19.9121 2.5
      vertex 6.90254 -19.9121 29.63
    endloop
  endfacet
  facet normal 0.831475 0.555562 0
    outer loop
      vertex 14.9571 -15.94 29.63
      vertex 14.6301 -15.4506 2.5
      vertex 14.6301 -15.4506 29.63
    endloop
  endfacet
  facet normal 0.831475 0.555562 0
    outer loop
      vertex 14.6301 -15.4506 2.5
      vertex 14.9571 -15.94 29.63
      vertex 14.9571 -15.94 2.5
    endloop
  endfacet
  facet normal -0.195041 0.980795 0
    outer loop
      vertex 10.4726 -13.7285 2.5
      vertex 9.89531 -13.8433 29.63
      vertex 10.4726 -13.7285 29.63
    endloop
  endfacet
  facet normal -0.195041 0.980795 0
    outer loop
      vertex 9.89531 -13.8433 29.63
      vertex 10.4726 -13.7285 2.5
      vertex 9.89531 -13.8433 2.5
    endloop
  endfacet
  facet normal 0.442382 -0.896827 0
    outer loop
      vertex 12.7821 -22.3475 2.5
      vertex 13.31 -22.0871 29.63
      vertex 12.7821 -22.3475 29.63
    endloop
  endfacet
  facet normal 0.442382 -0.896827 0
    outer loop
      vertex 13.31 -22.0871 29.63
      vertex 12.7821 -22.3475 2.5
      vertex 13.31 -22.0871 2.5
    endloop
  endfacet
  facet normal 0.980796 -0.195038 0
    outer loop
      vertex 15.4067 -19.3547 29.63
      vertex 15.5215 -18.7774 2.5
      vertex 15.5215 -18.7774 29.63
    endloop
  endfacet
  facet normal 0.980796 -0.195038 0
    outer loop
      vertex 15.5215 -18.7774 2.5
      vertex 15.4067 -19.3547 29.63
      vertex 15.4067 -19.3547 2.5
    endloop
  endfacet
  facet normal -0.555539 -0.831491 0
    outer loop
      vertex 8.32057 -21.7601 2.5
      vertex 8.81 -22.0871 29.63
      vertex 8.32057 -21.7601 29.63
    endloop
  endfacet
  facet normal -0.555539 -0.831491 -0
    outer loop
      vertex 8.81 -22.0871 29.63
      vertex 8.32057 -21.7601 2.5
      vertex 8.81 -22.0871 2.5
    endloop
  endfacet
  facet normal -0.997859 -0.0654027 0
    outer loop
      vertex 6.5985 -18.7774 2.5
      vertex 6.56 -18.19 29.63
      vertex 6.56 -18.19 2.5
    endloop
  endfacet
  facet normal -0.997859 -0.0654027 0
    outer loop
      vertex 6.56 -18.19 29.63
      vertex 6.5985 -18.7774 2.5
      vertex 6.5985 -18.7774 29.63
    endloop
  endfacet
  facet normal -0.321427 -0.946934 0
    outer loop
      vertex 9.33792 -22.3475 2.5
      vertex 9.89531 -22.5367 29.63
      vertex 9.33792 -22.3475 29.63
    endloop
  endfacet
  facet normal -0.321427 -0.946934 -0
    outer loop
      vertex 9.89531 -22.5367 29.63
      vertex 9.33792 -22.3475 2.5
      vertex 9.89531 -22.5367 2.5
    endloop
  endfacet
  facet normal 0.896827 0.442382 0
    outer loop
      vertex 15.2175 -16.4679 29.63
      vertex 14.9571 -15.94 2.5
      vertex 14.9571 -15.94 29.63
    endloop
  endfacet
  facet normal 0.896827 0.442382 0
    outer loop
      vertex 14.9571 -15.94 2.5
      vertex 15.2175 -16.4679 29.63
      vertex 15.2175 -16.4679 2.5
    endloop
  endfacet
  facet normal 0.997859 -0.0654027 0
    outer loop
      vertex 15.5215 -18.7774 29.63
      vertex 15.56 -18.19 2.5
      vertex 15.56 -18.19 29.63
    endloop
  endfacet
  facet normal 0.997859 -0.0654027 0
    outer loop
      vertex 15.56 -18.19 2.5
      vertex 15.5215 -18.7774 29.63
      vertex 15.5215 -18.7774 2.5
    endloop
  endfacet
  facet normal 0.751882 0.659298 0
    outer loop
      vertex 14.6301 -15.4506 29.63
      vertex 14.242 -15.008 2.5
      vertex 14.242 -15.008 29.63
    endloop
  endfacet
  facet normal 0.751882 0.659298 0
    outer loop
      vertex 14.242 -15.008 2.5
      vertex 14.6301 -15.4506 29.63
      vertex 14.6301 -15.4506 2.5
    endloop
  endfacet
  facet normal 0.321421 0.946936 -0
    outer loop
      vertex 12.7821 -14.0325 2.5
      vertex 12.2247 -13.8433 29.63
      vertex 12.7821 -14.0325 29.63
    endloop
  endfacet
  facet normal 0.321421 0.946936 0
    outer loop
      vertex 12.2247 -13.8433 29.63
      vertex 12.7821 -14.0325 2.5
      vertex 12.2247 -13.8433 2.5
    endloop
  endfacet
  facet normal 0.946936 -0.321421 0
    outer loop
      vertex 15.2175 -19.9121 29.63
      vertex 15.4067 -19.3547 2.5
      vertex 15.4067 -19.3547 29.63
    endloop
  endfacet
  facet normal 0.946936 -0.321421 0
    outer loop
      vertex 15.4067 -19.3547 2.5
      vertex 15.2175 -19.9121 29.63
      vertex 15.2175 -19.9121 2.5
    endloop
  endfacet
  facet normal -0.751873 -0.659308 0
    outer loop
      vertex 7.87802 -21.372 2.5
      vertex 7.48991 -20.9294 29.63
      vertex 7.48991 -20.9294 2.5
    endloop
  endfacet
  facet normal -0.751873 -0.659308 0
    outer loop
      vertex 7.48991 -20.9294 29.63
      vertex 7.87802 -21.372 2.5
      vertex 7.87802 -21.372 29.63
    endloop
  endfacet
  facet normal -0.442369 0.896833 0
    outer loop
      vertex 9.33792 -14.0325 2.5
      vertex 8.81 -14.2929 29.63
      vertex 9.33792 -14.0325 29.63
    endloop
  endfacet
  facet normal -0.442369 0.896833 0
    outer loop
      vertex 8.81 -14.2929 29.63
      vertex 9.33792 -14.0325 2.5
      vertex 8.81 -14.2929 2.5
    endloop
  endfacet
  facet normal 0.831475 -0.555562 0
    outer loop
      vertex 14.6301 -20.9294 29.63
      vertex 14.9571 -20.44 2.5
      vertex 14.9571 -20.44 29.63
    endloop
  endfacet
  facet normal 0.831475 -0.555562 0
    outer loop
      vertex 14.9571 -20.44 2.5
      vertex 14.6301 -20.9294 29.63
      vertex 14.6301 -20.9294 2.5
    endloop
  endfacet
  facet normal 0.321421 -0.946936 0
    outer loop
      vertex 12.2247 -22.5367 2.5
      vertex 12.7821 -22.3475 29.63
      vertex 12.2247 -22.5367 29.63
    endloop
  endfacet
  facet normal 0.321421 -0.946936 0
    outer loop
      vertex 12.7821 -22.3475 29.63
      vertex 12.2247 -22.5367 2.5
      vertex 12.7821 -22.3475 2.5
    endloop
  endfacet
  facet normal 0.555562 0.831475 -0
    outer loop
      vertex 13.7994 -14.6199 2.5
      vertex 13.31 -14.2929 29.63
      vertex 13.7994 -14.6199 29.63
    endloop
  endfacet
  facet normal 0.555562 0.831475 0
    outer loop
      vertex 13.31 -14.2929 29.63
      vertex 13.7994 -14.6199 2.5
      vertex 13.31 -14.2929 2.5
    endloop
  endfacet
  facet normal -0.195041 -0.980795 0
    outer loop
      vertex 9.89531 -22.5367 2.5
      vertex 10.4726 -22.6515 29.63
      vertex 9.89531 -22.5367 29.63
    endloop
  endfacet
  facet normal -0.195041 -0.980795 -0
    outer loop
      vertex 10.4726 -22.6515 29.63
      vertex 9.89531 -22.5367 2.5
      vertex 10.4726 -22.6515 2.5
    endloop
  endfacet
  facet normal -0.980786 -0.195087 0
    outer loop
      vertex 6.71333 -19.3547 2.5
      vertex 6.5985 -18.7774 29.63
      vertex 6.5985 -18.7774 2.5
    endloop
  endfacet
  facet normal -0.980786 -0.195087 0
    outer loop
      vertex 6.5985 -18.7774 29.63
      vertex 6.71333 -19.3547 2.5
      vertex 6.71333 -19.3547 29.63
    endloop
  endfacet
  facet normal -0.946931 0.321437 0
    outer loop
      vertex 6.71333 -17.0253 2.5
      vertex 6.90254 -16.4679 29.63
      vertex 6.90254 -16.4679 2.5
    endloop
  endfacet
  facet normal -0.946931 0.321437 0
    outer loop
      vertex 6.90254 -16.4679 29.63
      vertex 6.71333 -17.0253 2.5
      vertex 6.71333 -17.0253 29.63
    endloop
  endfacet
  facet normal -0.89686 0.442314 0
    outer loop
      vertex 6.90254 -16.4679 2.5
      vertex 7.16289 -15.94 29.63
      vertex 7.16289 -15.94 2.5
    endloop
  endfacet
  facet normal -0.89686 0.442314 0
    outer loop
      vertex 7.16289 -15.94 29.63
      vertex 6.90254 -16.4679 2.5
      vertex 6.90254 -16.4679 29.63
    endloop
  endfacet
  facet normal -0.321427 0.946934 0
    outer loop
      vertex 9.89531 -13.8433 2.5
      vertex 9.33792 -14.0325 29.63
      vertex 9.89531 -13.8433 29.63
    endloop
  endfacet
  facet normal -0.321427 0.946934 0
    outer loop
      vertex 9.33792 -14.0325 29.63
      vertex 9.89531 -13.8433 2.5
      vertex 9.33792 -14.0325 2.5
    endloop
  endfacet
  facet normal -0.555539 0.831491 0
    outer loop
      vertex 8.81 -14.2929 2.5
      vertex 8.32057 -14.6199 29.63
      vertex 8.81 -14.2929 29.63
    endloop
  endfacet
  facet normal -0.555539 0.831491 0
    outer loop
      vertex 8.32057 -14.6199 29.63
      vertex 8.81 -14.2929 2.5
      vertex 8.32057 -14.6199 2.5
    endloop
  endfacet
  facet normal 0.555562 -0.831475 0
    outer loop
      vertex 13.31 -22.0871 2.5
      vertex 13.7994 -21.7601 29.63
      vertex 13.31 -22.0871 29.63
    endloop
  endfacet
  facet normal 0.555562 -0.831475 0
    outer loop
      vertex 13.7994 -21.7601 29.63
      vertex 13.31 -22.0871 2.5
      vertex 13.7994 -21.7601 2.5
    endloop
  endfacet
  facet normal 0.195038 -0.980796 0
    outer loop
      vertex 11.6474 -22.6515 2.5
      vertex 12.2247 -22.5367 29.63
      vertex 11.6474 -22.6515 29.63
    endloop
  endfacet
  facet normal 0.195038 -0.980796 0
    outer loop
      vertex 12.2247 -22.5367 29.63
      vertex 11.6474 -22.6515 2.5
      vertex 12.2247 -22.5367 2.5
    endloop
  endfacet
  facet normal -0.0654027 -0.997859 0
    outer loop
      vertex 10.4726 -22.6515 2.5
      vertex 11.06 -22.69 29.63
      vertex 10.4726 -22.6515 29.63
    endloop
  endfacet
  facet normal -0.0654027 -0.997859 -0
    outer loop
      vertex 11.06 -22.69 29.63
      vertex 10.4726 -22.6515 2.5
      vertex 11.06 -22.69 2.5
    endloop
  endfacet
  facet normal -0.65934 0.751845 0
    outer loop
      vertex 8.32057 -14.6199 2.5
      vertex 7.87802 -15.008 29.63
      vertex 8.32057 -14.6199 29.63
    endloop
  endfacet
  facet normal -0.65934 0.751845 0
    outer loop
      vertex 7.87802 -15.008 29.63
      vertex 8.32057 -14.6199 2.5
      vertex 7.87802 -15.008 2.5
    endloop
  endfacet
  facet normal -0.65934 -0.751845 0
    outer loop
      vertex 7.87802 -21.372 2.5
      vertex 8.32057 -21.7601 29.63
      vertex 7.87802 -21.372 29.63
    endloop
  endfacet
  facet normal -0.65934 -0.751845 -0
    outer loop
      vertex 8.32057 -21.7601 29.63
      vertex 7.87802 -21.372 2.5
      vertex 8.32057 -21.7601 2.5
    endloop
  endfacet
  facet normal -0.751873 0.659308 0
    outer loop
      vertex 7.48991 -15.4506 2.5
      vertex 7.87802 -15.008 29.63
      vertex 7.87802 -15.008 2.5
    endloop
  endfacet
  facet normal -0.751873 0.659308 0
    outer loop
      vertex 7.87802 -15.008 29.63
      vertex 7.48991 -15.4506 2.5
      vertex 7.48991 -15.4506 29.63
    endloop
  endfacet
  facet normal 0.751882 -0.659298 0
    outer loop
      vertex 14.242 -21.372 29.63
      vertex 14.6301 -20.9294 2.5
      vertex 14.6301 -20.9294 29.63
    endloop
  endfacet
  facet normal 0.751882 -0.659298 0
    outer loop
      vertex 14.6301 -20.9294 2.5
      vertex 14.242 -21.372 29.63
      vertex 14.242 -21.372 2.5
    endloop
  endfacet
  facet normal 0.442382 0.896827 -0
    outer loop
      vertex 13.31 -14.2929 2.5
      vertex 12.7821 -14.0325 29.63
      vertex 13.31 -14.2929 29.63
    endloop
  endfacet
  facet normal 0.442382 0.896827 0
    outer loop
      vertex 12.7821 -14.0325 29.63
      vertex 13.31 -14.2929 2.5
      vertex 12.7821 -14.0325 2.5
    endloop
  endfacet
  facet normal 0.896827 -0.442382 0
    outer loop
      vertex 14.9571 -20.44 29.63
      vertex 15.2175 -19.9121 2.5
      vertex 15.2175 -19.9121 29.63
    endloop
  endfacet
  facet normal 0.896827 -0.442382 0
    outer loop
      vertex 15.2175 -19.9121 2.5
      vertex 14.9571 -20.44 29.63
      vertex 14.9571 -20.44 2.5
    endloop
  endfacet
  facet normal -0.980786 0.195087 0
    outer loop
      vertex 6.5985 -17.6026 2.5
      vertex 6.71333 -17.0253 29.63
      vertex 6.71333 -17.0253 2.5
    endloop
  endfacet
  facet normal -0.980786 0.195087 0
    outer loop
      vertex 6.71333 -17.0253 29.63
      vertex 6.5985 -17.6026 2.5
      vertex 6.5985 -17.6026 29.63
    endloop
  endfacet
  facet normal 0.0654027 0.997859 -0
    outer loop
      vertex 11.6474 -13.7285 2.5
      vertex 11.06 -13.69 29.63
      vertex 11.6474 -13.7285 29.63
    endloop
  endfacet
  facet normal 0.0654027 0.997859 0
    outer loop
      vertex 11.06 -13.69 29.63
      vertex 11.6474 -13.7285 2.5
      vertex 11.06 -13.69 2.5
    endloop
  endfacet
  facet normal -0.831459 0.555586 0
    outer loop
      vertex 7.16289 -15.94 2.5
      vertex 7.48991 -15.4506 29.63
      vertex 7.48991 -15.4506 2.5
    endloop
  endfacet
  facet normal -0.831459 0.555586 0
    outer loop
      vertex 7.48991 -15.4506 29.63
      vertex 7.16289 -15.94 2.5
      vertex 7.16289 -15.94 29.63
    endloop
  endfacet
  facet normal 0.0654027 -0.997859 0
    outer loop
      vertex 11.06 -22.69 2.5
      vertex 11.6474 -22.6515 29.63
      vertex 11.06 -22.69 29.63
    endloop
  endfacet
  facet normal 0.0654027 -0.997859 0
    outer loop
      vertex 11.6474 -22.6515 29.63
      vertex 11.06 -22.69 2.5
      vertex 11.6474 -22.6515 2.5
    endloop
  endfacet
  facet normal -0.0654027 0.997859 0
    outer loop
      vertex 11.06 -13.69 2.5
      vertex 10.4726 -13.7285 29.63
      vertex 11.06 -13.69 29.63
    endloop
  endfacet
  facet normal -0.0654027 0.997859 0
    outer loop
      vertex 10.4726 -13.7285 29.63
      vertex 11.06 -13.69 2.5
      vertex 10.4726 -13.7285 2.5
    endloop
  endfacet
  facet normal -0.997859 0.0654027 0
    outer loop
      vertex 6.56 -18.19 2.5
      vertex 6.5985 -17.6026 29.63
      vertex 6.5985 -17.6026 2.5
    endloop
  endfacet
  facet normal -0.997859 0.0654027 0
    outer loop
      vertex 6.5985 -17.6026 29.63
      vertex 6.56 -18.19 2.5
      vertex 6.56 -18.19 29.63
    endloop
  endfacet
  facet normal 0.659298 0.751882 -0
    outer loop
      vertex 14.242 -15.008 2.5
      vertex 13.7994 -14.6199 29.63
      vertex 14.242 -15.008 29.63
    endloop
  endfacet
  facet normal 0.659298 0.751882 0
    outer loop
      vertex 13.7994 -14.6199 29.63
      vertex 14.242 -15.008 2.5
      vertex 13.7994 -14.6199 2.5
    endloop
  endfacet
  facet normal -0.89686 -0.442314 0
    outer loop
      vertex 7.16289 -20.44 2.5
      vertex 6.90254 -19.9121 29.63
      vertex 6.90254 -19.9121 2.5
    endloop
  endfacet
  facet normal -0.89686 -0.442314 0
    outer loop
      vertex 6.90254 -19.9121 29.63
      vertex 7.16289 -20.44 2.5
      vertex 7.16289 -20.44 29.63
    endloop
  endfacet
  facet normal -0.442369 -0.896833 0
    outer loop
      vertex 8.81 -22.0871 2.5
      vertex 9.33792 -22.3475 29.63
      vertex 8.81 -22.0871 29.63
    endloop
  endfacet
  facet normal -0.442369 -0.896833 -0
    outer loop
      vertex 9.33792 -22.3475 29.63
      vertex 8.81 -22.0871 2.5
      vertex 9.33792 -22.3475 2.5
    endloop
  endfacet
  facet normal 0.659298 -0.751882 0
    outer loop
      vertex 13.7994 -21.7601 2.5
      vertex 14.242 -21.372 29.63
      vertex 13.7994 -21.7601 29.63
    endloop
  endfacet
  facet normal 0.659298 -0.751882 0
    outer loop
      vertex 14.242 -21.372 29.63
      vertex 13.7994 -21.7601 2.5
      vertex 14.242 -21.372 2.5
    endloop
  endfacet
  facet normal -0.831459 -0.555586 0
    outer loop
      vertex 7.48991 -20.9294 2.5
      vertex 7.16289 -20.44 29.63
      vertex 7.16289 -20.44 2.5
    endloop
  endfacet
  facet normal -0.831459 -0.555586 0
    outer loop
      vertex 7.16289 -20.44 29.63
      vertex 7.48991 -20.9294 2.5
      vertex 7.48991 -20.9294 29.63
    endloop
  endfacet
  facet normal -0.466719 0.532199 0.706355
    outer loop
      vertex 8.32057 -14.6199 29.63
      vertex 7.87802 -15.008 29.63
      vertex 8.93868 -16.0687 31.13
    endloop
  endfacet
  facet normal -0.532178 0.466765 0.706341
    outer loop
      vertex 8.93868 -16.0687 31.13
      vertex 7.48991 -15.4506 29.63
      vertex 8.67994 -16.3637 31.13
    endloop
  endfacet
  facet normal 0.588595 -0.393238 0.706342
    outer loop
      vertex 13.6581 -19.69 31.13
      vertex 13.4401 -20.0163 31.13
      vertex 14.9571 -20.44 29.63
    endloop
  endfacet
  facet normal 0.0463563 -0.706347 0.706347
    outer loop
      vertex 11.06 -22.69 29.63
      vertex 11.4516 -21.1643 31.13
      vertex 11.06 -21.19 31.13
    endloop
  endfacet
  facet normal 0.0462957 -0.706341 0.706356
    outer loop
      vertex 11.4516 -21.1643 31.13
      vertex 11.06 -22.69 29.63
      vertex 11.6474 -22.6515 29.63
    endloop
  endfacet
  facet normal 0.466832 0.53213 0.706333
    outer loop
      vertex 13.7994 -14.6199 29.63
      vertex 12.8863 -15.8099 31.13
      vertex 13.1813 -16.0687 31.13
    endloop
  endfacet
  facet normal -0.0462957 -0.706341 0.706356
    outer loop
      vertex 11.06 -22.69 29.63
      vertex 10.6684 -21.1643 31.13
      vertex 10.4726 -22.6515 29.63
    endloop
  endfacet
  facet normal -0.0463563 -0.706347 0.706347
    outer loop
      vertex 10.6684 -21.1643 31.13
      vertex 11.06 -22.69 29.63
      vertex 11.06 -21.19 31.13
    endloop
  endfacet
  facet normal 0.313149 -0.634836 0.706343
    outer loop
      vertex 12.56 -20.7881 31.13
      vertex 12.7821 -22.3475 29.63
      vertex 13.31 -22.0871 29.63
    endloop
  endfacet
  facet normal 0.312941 -0.6349 0.706378
    outer loop
      vertex 12.7821 -22.3475 29.63
      vertex 12.56 -20.7881 31.13
      vertex 12.208 -20.9616 31.13
    endloop
  endfacet
  facet normal -0.694264 0.138095 0.706347
    outer loop
      vertex 8.16222 -17.4135 31.13
      vertex 6.71333 -17.0253 29.63
      vertex 8.08566 -17.7984 31.13
    endloop
  endfacet
  facet normal -0.137989 0.694273 0.70636
    outer loop
      vertex 10.4726 -13.7285 29.63
      vertex 10.2835 -15.2922 31.13
      vertex 10.6684 -15.2157 31.13
    endloop
  endfacet
  facet normal -0.138063 0.69427 0.706348
    outer loop
      vertex 10.2835 -15.2922 31.13
      vertex 10.4726 -13.7285 29.63
      vertex 9.89531 -13.8433 29.63
    endloop
  endfacet
  facet normal -0.588578 0.393263 0.706343
    outer loop
      vertex 7.48991 -15.4506 29.63
      vertex 8.46192 -16.69 31.13
      vertex 8.67994 -16.3637 31.13
    endloop
  endfacet
  facet normal -0.588562 0.393281 0.706347
    outer loop
      vertex 8.46192 -16.69 31.13
      vertex 7.48991 -15.4506 29.63
      vertex 7.16289 -15.94 29.63
    endloop
  endfacet
  facet normal 0.138058 0.694261 0.706358
    outer loop
      vertex 11.6474 -13.7285 29.63
      vertex 11.4516 -15.2157 31.13
      vertex 12.2247 -13.8433 29.63
    endloop
  endfacet
  facet normal -0.46679 -0.532155 0.706342
    outer loop
      vertex 8.93868 -20.3113 31.13
      vertex 8.32057 -21.7601 29.63
      vertex 9.23372 -20.5701 31.13
    endloop
  endfacet
  facet normal -0.31298 -0.63489 0.70637
    outer loop
      vertex 9.56 -20.7881 31.13
      vertex 9.33792 -22.3475 29.63
      vertex 9.91195 -20.9616 31.13
    endloop
  endfacet
  facet normal -0.31314 -0.634841 0.706343
    outer loop
      vertex 9.33792 -22.3475 29.63
      vertex 9.56 -20.7881 31.13
      vertex 8.81 -22.0871 29.63
    endloop
  endfacet
  facet normal 0.466686 -0.532221 0.70636
    outer loop
      vertex 14.242 -21.372 29.63
      vertex 13.1813 -20.3113 31.13
      vertex 13.7994 -21.7601 29.63
    endloop
  endfacet
  facet normal -0.0463563 0.706347 0.706347
    outer loop
      vertex 11.06 -13.69 29.63
      vertex 10.6684 -15.2157 31.13
      vertex 11.06 -15.19 31.13
    endloop
  endfacet
  facet normal -0.0462957 0.706341 0.706356
    outer loop
      vertex 10.6684 -15.2157 31.13
      vertex 11.06 -13.69 29.63
      vertex 10.4726 -13.7285 29.63
    endloop
  endfacet
  facet normal 0.588595 0.393238 0.706342
    outer loop
      vertex 14.9571 -15.94 29.63
      vertex 13.4401 -16.3637 31.13
      vertex 13.6581 -16.69 31.13
    endloop
  endfacet
  facet normal 0.694286 0.137991 0.706346
    outer loop
      vertex 15.4067 -17.0253 29.63
      vertex 13.9578 -17.4135 31.13
      vertex 14.0343 -17.7984 31.13
    endloop
  endfacet
  facet normal 0.634811 0.313137 0.706371
    outer loop
      vertex 14.9571 -15.94 29.63
      vertex 13.8316 -17.042 31.13
      vertex 15.2175 -16.4679 29.63
    endloop
  endfacet
  facet normal -0.670293 0.227532 0.706354
    outer loop
      vertex 6.90254 -16.4679 29.63
      vertex 6.71333 -17.0253 29.63
      vertex 8.28836 -17.042 31.13
    endloop
  endfacet
  facet normal -0.694264 0.138095 0.706347
    outer loop
      vertex 6.71333 -17.0253 29.63
      vertex 6.5985 -17.6026 29.63
      vertex 8.08566 -17.7984 31.13
    endloop
  endfacet
  facet normal -0.706349 -0.0462843 0.706349
    outer loop
      vertex 6.56 -18.19 29.63
      vertex 8.08566 -18.5816 31.13
      vertex 8.06 -18.19 31.13
    endloop
  endfacet
  facet normal -0.70635 -0.0462964 0.706347
    outer loop
      vertex 8.08566 -18.5816 31.13
      vertex 6.56 -18.19 29.63
      vertex 6.5985 -18.7774 29.63
    endloop
  endfacet
  facet normal 0.393269 0.588581 0.706337
    outer loop
      vertex 13.31 -14.2929 29.63
      vertex 12.8863 -15.8099 31.13
      vertex 13.7994 -14.6199 29.63
    endloop
  endfacet
  facet normal 0.634938 0.312959 0.706336
    outer loop
      vertex 14.9571 -15.94 29.63
      vertex 13.6581 -16.69 31.13
      vertex 13.8316 -17.042 31.13
    endloop
  endfacet
  facet normal 0.532221 0.466686 0.70636
    outer loop
      vertex 14.242 -15.008 29.63
      vertex 13.1813 -16.0687 31.13
      vertex 14.6301 -15.4506 29.63
    endloop
  endfacet
  facet normal 0.670252 0.227687 0.706344
    outer loop
      vertex 15.4067 -17.0253 29.63
      vertex 13.8316 -17.042 31.13
      vertex 13.9578 -17.4135 31.13
    endloop
  endfacet
  facet normal 0.138058 -0.694261 0.706358
    outer loop
      vertex 12.2247 -22.5367 29.63
      vertex 11.4516 -21.1643 31.13
      vertex 11.6474 -22.6515 29.63
    endloop
  endfacet
  facet normal -0.31313 0.634822 0.706364
    outer loop
      vertex 9.33792 -14.0325 29.63
      vertex 8.81 -14.2929 29.63
      vertex 9.91195 -15.4184 31.13
    endloop
  endfacet
  facet normal 0.137991 0.694286 0.706346
    outer loop
      vertex 12.2247 -13.8433 29.63
      vertex 11.4516 -15.2157 31.13
      vertex 11.8365 -15.2922 31.13
    endloop
  endfacet
  facet normal 0.588581 0.393269 0.706337
    outer loop
      vertex 14.6301 -15.4506 29.63
      vertex 13.4401 -16.3637 31.13
      vertex 14.9571 -15.94 29.63
    endloop
  endfacet
  facet normal -0.393255 0.588584 0.706342
    outer loop
      vertex 9.56 -15.5919 31.13
      vertex 8.81 -14.2929 29.63
      vertex 9.23372 -15.8099 31.13
    endloop
  endfacet
  facet normal 0.466686 0.532221 0.70636
    outer loop
      vertex 13.7994 -14.6199 29.63
      vertex 13.1813 -16.0687 31.13
      vertex 14.242 -15.008 29.63
    endloop
  endfacet
  facet normal 0.694261 0.138058 0.706358
    outer loop
      vertex 15.4067 -17.0253 29.63
      vertex 14.0343 -17.7984 31.13
      vertex 15.5215 -17.6026 29.63
    endloop
  endfacet
  facet normal 0.227515 -0.67028 0.706372
    outer loop
      vertex 12.7821 -22.3475 29.63
      vertex 12.208 -20.9616 31.13
      vertex 12.2247 -22.5367 29.63
    endloop
  endfacet
  facet normal 0.393269 -0.588581 0.706337
    outer loop
      vertex 12.8863 -20.5701 31.13
      vertex 13.31 -22.0871 29.63
      vertex 13.7994 -21.7601 29.63
    endloop
  endfacet
  facet normal 0.393238 -0.588595 0.706342
    outer loop
      vertex 13.31 -22.0871 29.63
      vertex 12.8863 -20.5701 31.13
      vertex 12.56 -20.7881 31.13
    endloop
  endfacet
  facet normal -0.53222 0.466697 0.706354
    outer loop
      vertex 7.87802 -15.008 29.63
      vertex 7.48991 -15.4506 29.63
      vertex 8.93868 -16.0687 31.13
    endloop
  endfacet
  facet normal 0.53213 -0.466832 0.706333
    outer loop
      vertex 13.4401 -20.0163 31.13
      vertex 13.1813 -20.3113 31.13
      vertex 14.6301 -20.9294 29.63
    endloop
  endfacet
  facet normal -0.466719 -0.532199 0.706355
    outer loop
      vertex 8.93868 -20.3113 31.13
      vertex 7.87802 -21.372 29.63
      vertex 8.32057 -21.7601 29.63
    endloop
  endfacet
  facet normal 0.227687 0.670252 0.706344
    outer loop
      vertex 12.2247 -13.8433 29.63
      vertex 11.8365 -15.2922 31.13
      vertex 12.208 -15.4184 31.13
    endloop
  endfacet
  facet normal 0.227515 0.67028 0.706372
    outer loop
      vertex 12.2247 -13.8433 29.63
      vertex 12.208 -15.4184 31.13
      vertex 12.7821 -14.0325 29.63
    endloop
  endfacet
  facet normal -0.312995 0.634919 0.706337
    outer loop
      vertex 9.91195 -15.4184 31.13
      vertex 8.81 -14.2929 29.63
      vertex 9.56 -15.5919 31.13
    endloop
  endfacet
  facet normal 0.393238 0.588595 0.706342
    outer loop
      vertex 13.31 -14.2929 29.63
      vertex 12.56 -15.5919 31.13
      vertex 12.8863 -15.8099 31.13
    endloop
  endfacet
  facet normal 0.53213 0.466832 0.706333
    outer loop
      vertex 14.6301 -15.4506 29.63
      vertex 13.1813 -16.0687 31.13
      vertex 13.4401 -16.3637 31.13
    endloop
  endfacet
  facet normal -0.22766 0.670261 0.706344
    outer loop
      vertex 9.89531 -13.8433 29.63
      vertex 9.91195 -15.4184 31.13
      vertex 10.2835 -15.2922 31.13
    endloop
  endfacet
  facet normal -0.227521 0.670284 0.706367
    outer loop
      vertex 9.91195 -15.4184 31.13
      vertex 9.89531 -13.8433 29.63
      vertex 9.33792 -14.0325 29.63
    endloop
  endfacet
  facet normal -0.670283 0.22759 0.706345
    outer loop
      vertex 8.28836 -17.042 31.13
      vertex 6.71333 -17.0253 29.63
      vertex 8.16222 -17.4135 31.13
    endloop
  endfacet
  facet normal -0.393249 0.588587 0.706343
    outer loop
      vertex 8.81 -14.2929 29.63
      vertex 8.32057 -14.6199 29.63
      vertex 9.23372 -15.8099 31.13
    endloop
  endfacet
  facet normal -0.46679 0.532155 0.706342
    outer loop
      vertex 9.23372 -15.8099 31.13
      vertex 8.32057 -14.6199 29.63
      vertex 8.93868 -16.0687 31.13
    endloop
  endfacet
  facet normal 0.312959 0.634938 0.706336
    outer loop
      vertex 13.31 -14.2929 29.63
      vertex 12.208 -15.4184 31.13
      vertex 12.56 -15.5919 31.13
    endloop
  endfacet
  facet normal 0.532221 -0.466686 0.70636
    outer loop
      vertex 14.6301 -20.9294 29.63
      vertex 13.1813 -20.3113 31.13
      vertex 14.242 -21.372 29.63
    endloop
  endfacet
  facet normal 0.670301 -0.227522 0.706349
    outer loop
      vertex 13.9578 -18.9665 31.13
      vertex 15.2175 -19.9121 29.63
      vertex 15.4067 -19.3547 29.63
    endloop
  endfacet
  facet normal 0.670247 -0.227624 0.706368
    outer loop
      vertex 15.2175 -19.9121 29.63
      vertex 13.9578 -18.9665 31.13
      vertex 13.8316 -19.3381 31.13
    endloop
  endfacet
  facet normal 0.67028 0.227515 0.706372
    outer loop
      vertex 15.2175 -16.4679 29.63
      vertex 13.8316 -17.042 31.13
      vertex 15.4067 -17.0253 29.63
    endloop
  endfacet
  facet normal 0.466832 -0.53213 0.706333
    outer loop
      vertex 13.1813 -20.3113 31.13
      vertex 12.8863 -20.5701 31.13
      vertex 13.7994 -21.7601 29.63
    endloop
  endfacet
  facet normal 0.694261 -0.138058 0.706358
    outer loop
      vertex 14.0343 -18.5816 31.13
      vertex 15.4067 -19.3547 29.63
      vertex 15.5215 -18.7774 29.63
    endloop
  endfacet
  facet normal 0.694286 -0.137991 0.706346
    outer loop
      vertex 15.4067 -19.3547 29.63
      vertex 14.0343 -18.5816 31.13
      vertex 13.9578 -18.9665 31.13
    endloop
  endfacet
  facet normal 0.706347 0.0463563 0.706347
    outer loop
      vertex 15.56 -18.19 29.63
      vertex 14.0343 -17.7984 31.13
      vertex 14.06 -18.19 31.13
    endloop
  endfacet
  facet normal 0.706341 0.0462957 0.706356
    outer loop
      vertex 14.0343 -17.7984 31.13
      vertex 15.56 -18.19 29.63
      vertex 15.5215 -17.6026 29.63
    endloop
  endfacet
  facet normal 0.0462957 0.706341 0.706356
    outer loop
      vertex 11.06 -13.69 29.63
      vertex 11.4516 -15.2157 31.13
      vertex 11.6474 -13.7285 29.63
    endloop
  endfacet
  facet normal 0.0463563 0.706347 0.706347
    outer loop
      vertex 11.4516 -15.2157 31.13
      vertex 11.06 -13.69 29.63
      vertex 11.06 -15.19 31.13
    endloop
  endfacet
  facet normal 0.706347 -0.0463563 0.706347
    outer loop
      vertex 14.0343 -18.5816 31.13
      vertex 15.56 -18.19 29.63
      vertex 14.06 -18.19 31.13
    endloop
  endfacet
  facet normal 0.706341 -0.0462957 0.706356
    outer loop
      vertex 15.56 -18.19 29.63
      vertex 14.0343 -18.5816 31.13
      vertex 15.5215 -18.7774 29.63
    endloop
  endfacet
  facet normal -0.53222 -0.466697 0.706354
    outer loop
      vertex 8.93868 -20.3113 31.13
      vertex 7.48991 -20.9294 29.63
      vertex 7.87802 -21.372 29.63
    endloop
  endfacet
  facet normal -0.393255 -0.588584 0.706342
    outer loop
      vertex 9.23372 -20.5701 31.13
      vertex 8.81 -22.0871 29.63
      vertex 9.56 -20.7881 31.13
    endloop
  endfacet
  facet normal -0.393249 -0.588587 0.706343
    outer loop
      vertex 8.81 -22.0871 29.63
      vertex 9.23372 -20.5701 31.13
      vertex 8.32057 -21.7601 29.63
    endloop
  endfacet
  facet normal 0.313137 0.634811 0.706371
    outer loop
      vertex 12.7821 -14.0325 29.63
      vertex 12.208 -15.4184 31.13
      vertex 13.31 -14.2929 29.63
    endloop
  endfacet
  facet normal -0.634886 0.313042 0.706345
    outer loop
      vertex 7.16289 -15.94 29.63
      vertex 8.28836 -17.042 31.13
      vertex 8.46192 -16.69 31.13
    endloop
  endfacet
  facet normal -0.634849 0.313095 0.706356
    outer loop
      vertex 8.28836 -17.042 31.13
      vertex 7.16289 -15.94 29.63
      vertex 6.90254 -16.4679 29.63
    endloop
  endfacet
  facet normal -0.532178 -0.466765 0.706341
    outer loop
      vertex 8.67994 -20.0163 31.13
      vertex 7.48991 -20.9294 29.63
      vertex 8.93868 -20.3113 31.13
    endloop
  endfacet
  facet normal 0.588581 -0.393269 0.706337
    outer loop
      vertex 14.9571 -20.44 29.63
      vertex 13.4401 -20.0163 31.13
      vertex 14.6301 -20.9294 29.63
    endloop
  endfacet
  facet normal 0.634821 -0.313141 0.706361
    outer loop
      vertex 15.2175 -19.9121 29.63
      vertex 13.8316 -19.3381 31.13
      vertex 14.9571 -20.44 29.63
    endloop
  endfacet
  facet normal -0.70635 0.0462964 0.706347
    outer loop
      vertex 6.56 -18.19 29.63
      vertex 8.08566 -17.7984 31.13
      vertex 6.5985 -17.6026 29.63
    endloop
  endfacet
  facet normal -0.706349 0.0462843 0.706349
    outer loop
      vertex 8.08566 -17.7984 31.13
      vertex 6.56 -18.19 29.63
      vertex 8.06 -18.19 31.13
    endloop
  endfacet
  facet normal -0.634849 -0.313113 0.706348
    outer loop
      vertex 8.28836 -19.3381 31.13
      vertex 7.16289 -20.44 29.63
      vertex 8.46192 -19.69 31.13
    endloop
  endfacet
  facet normal -0.634858 -0.3131 0.706345
    outer loop
      vertex 7.16289 -20.44 29.63
      vertex 8.28836 -19.3381 31.13
      vertex 6.90254 -19.9121 29.63
    endloop
  endfacet
  facet normal -0.588578 -0.393263 0.706343
    outer loop
      vertex 8.46192 -19.69 31.13
      vertex 7.48991 -20.9294 29.63
      vertex 8.67994 -20.0163 31.13
    endloop
  endfacet
  facet normal -0.588562 -0.393281 0.706347
    outer loop
      vertex 7.48991 -20.9294 29.63
      vertex 8.46192 -19.69 31.13
      vertex 7.16289 -20.44 29.63
    endloop
  endfacet
  facet normal 0.137991 -0.694286 0.706346
    outer loop
      vertex 11.8365 -21.0878 31.13
      vertex 11.4516 -21.1643 31.13
      vertex 12.2247 -22.5367 29.63
    endloop
  endfacet
  facet normal -0.137989 -0.694273 0.70636
    outer loop
      vertex 10.2835 -21.0878 31.13
      vertex 10.4726 -22.6515 29.63
      vertex 10.6684 -21.1643 31.13
    endloop
  endfacet
  facet normal -0.138063 -0.69427 0.706348
    outer loop
      vertex 10.4726 -22.6515 29.63
      vertex 10.2835 -21.0878 31.13
      vertex 9.89531 -22.5367 29.63
    endloop
  endfacet
  facet normal -0.22766 -0.670261 0.706344
    outer loop
      vertex 9.91195 -20.9616 31.13
      vertex 9.89531 -22.5367 29.63
      vertex 10.2835 -21.0878 31.13
    endloop
  endfacet
  facet normal -0.227521 -0.670284 0.706367
    outer loop
      vertex 9.89531 -22.5367 29.63
      vertex 9.91195 -20.9616 31.13
      vertex 9.33792 -22.3475 29.63
    endloop
  endfacet
  facet normal 0.227687 -0.670252 0.706344
    outer loop
      vertex 12.208 -20.9616 31.13
      vertex 11.8365 -21.0878 31.13
      vertex 12.2247 -22.5367 29.63
    endloop
  endfacet
  facet normal 0.6349 -0.31303 0.706338
    outer loop
      vertex 13.8316 -19.3381 31.13
      vertex 13.6581 -19.69 31.13
      vertex 14.9571 -20.44 29.63
    endloop
  endfacet
  facet normal -0.6703 -0.227534 0.706347
    outer loop
      vertex 8.16222 -18.9665 31.13
      vertex 6.90254 -19.9121 29.63
      vertex 8.28836 -19.3381 31.13
    endloop
  endfacet
  facet normal -0.6703 -0.227534 0.706347
    outer loop
      vertex 6.90254 -19.9121 29.63
      vertex 8.16222 -18.9665 31.13
      vertex 6.71333 -19.3547 29.63
    endloop
  endfacet
  facet normal -0.694264 -0.138095 0.706347
    outer loop
      vertex 8.08566 -18.5816 31.13
      vertex 6.71333 -19.3547 29.63
      vertex 8.16222 -18.9665 31.13
    endloop
  endfacet
  facet normal -0.694264 -0.138095 0.706347
    outer loop
      vertex 6.71333 -19.3547 29.63
      vertex 8.08566 -18.5816 31.13
      vertex 6.5985 -18.7774 29.63
    endloop
  endfacet
  facet normal 0.44211 -0.896961 0
    outer loop
      vertex 12.56 -20.7881 31.13
      vertex 12.208 -20.9616 35.295
      vertex 12.208 -20.9616 31.13
    endloop
  endfacet
  facet normal 0.44211 -0.896961 0
    outer loop
      vertex 12.208 -20.9616 35.295
      vertex 12.56 -20.7881 31.13
      vertex 12.56 -20.7881 35.4498
    endloop
  endfacet
  facet normal 0.980815 0.19494 -0
    outer loop
      vertex 14.0343 -17.7984 31.13
      vertex 13.9578 -17.4135 34.7576
      vertex 14.0343 -17.7984 34.8205
    endloop
  endfacet
  facet normal 0.980815 0.19494 0
    outer loop
      vertex 13.9578 -17.4135 34.7576
      vertex 14.0343 -17.7984 31.13
      vertex 13.9578 -17.4135 31.13
    endloop
  endfacet
  facet normal 0.997853 0.0654873 -0
    outer loop
      vertex 14.06 -18.19 31.13
      vertex 14.0343 -17.7984 34.8205
      vertex 14.06 -18.19 34.8948
    endloop
  endfacet
  facet normal 0.997853 0.0654873 0
    outer loop
      vertex 14.0343 -17.7984 34.8205
      vertex 14.06 -18.19 31.13
      vertex 14.0343 -17.7984 31.13
    endloop
  endfacet
  facet normal 0.946858 0.321651 -0
    outer loop
      vertex 13.9578 -17.4135 31.13
      vertex 13.8316 -17.042 34.7072
      vertex 13.9578 -17.4135 34.7576
    endloop
  endfacet
  facet normal 0.946858 0.321651 0
    outer loop
      vertex 13.8316 -17.042 34.7072
      vertex 13.9578 -17.4135 31.13
      vertex 13.8316 -17.042 31.13
    endloop
  endfacet
  facet normal 0.751724 -0.659478 0
    outer loop
      vertex 13.1813 -20.3113 31.13
      vertex 13.4401 -20.0163 35.5662
      vertex 13.1813 -20.3113 35.7376
    endloop
  endfacet
  facet normal 0.751724 -0.659478 0
    outer loop
      vertex 13.4401 -20.0163 35.5662
      vertex 13.1813 -20.3113 31.13
      vertex 13.4401 -20.0163 31.13
    endloop
  endfacet
  facet normal -0.562464 0.826822 0
    outer loop
      vertex 9.56 -15.5919 31.13
      vertex 9.55412 -15.5959 34.0302
      vertex 9.56 -15.5919 34.0302
    endloop
  endfacet
  facet normal -0.555467 0.831538 2.06897e-05
    outer loop
      vertex 9.55412 -15.5959 34.0302
      vertex 9.56 -15.5919 31.13
      vertex 9.37912 -15.7128 34.031
    endloop
  endfacet
  facet normal -0.555547 0.831485 1.35387e-05
    outer loop
      vertex 9.23372 -15.8099 31.13
      vertex 9.37912 -15.7128 34.031
      vertex 9.56 -15.5919 31.13
    endloop
  endfacet
  facet normal -0.55536 0.83161 0
    outer loop
      vertex 9.37912 -15.7128 34.031
      vertex 9.23372 -15.8099 31.13
      vertex 9.23372 -15.8099 34.0619
    endloop
  endfacet
  facet normal 0.322769 0.946478 -0
    outer loop
      vertex 12.208 -15.4184 31.13
      vertex 12.1473 -15.3977 34.4596
      vertex 12.208 -15.4184 34.4884
    endloop
  endfacet
  facet normal 0.32144 0.94693 -2.70402e-05
    outer loop
      vertex 12.208 -15.4184 31.13
      vertex 11.8365 -15.2922 34.3676
      vertex 12.1473 -15.3977 34.4596
    endloop
  endfacet
  facet normal 0.321651 0.946858 0
    outer loop
      vertex 11.8365 -15.2922 34.3676
      vertex 12.208 -15.4184 31.13
      vertex 11.8365 -15.2922 31.13
    endloop
  endfacet
  facet normal 0.555916 0.831165 0.0110651
    outer loop
      vertex 12.8863 -15.8099 34.6446
      vertex 12.56 -15.5919 34.6628
      vertex 12.5637 -15.5944 34.6647
    endloop
  endfacet
  facet normal 0.555523 0.831501 0
    outer loop
      vertex 12.56 -15.5919 31.13
      vertex 12.8863 -15.8099 34.6446
      vertex 12.8863 -15.8099 31.13
    endloop
  endfacet
  facet normal 0.555523 0.831501 0
    outer loop
      vertex 12.8863 -15.8099 34.6446
      vertex 12.56 -15.5919 31.13
      vertex 12.56 -15.5919 34.6628
    endloop
  endfacet
  facet normal 0.321651 -0.946858 0
    outer loop
      vertex 12.208 -20.9616 31.13
      vertex 11.8365 -21.0878 35.1188
      vertex 11.8365 -21.0878 31.13
    endloop
  endfacet
  facet normal 0.321651 -0.946858 0
    outer loop
      vertex 11.8365 -21.0878 35.1188
      vertex 12.208 -20.9616 31.13
      vertex 12.208 -20.9616 35.295
    endloop
  endfacet
  facet normal 0.896961 0.44211 -0
    outer loop
      vertex 13.8316 -17.042 31.13
      vertex 13.6581 -16.69 34.6702
      vertex 13.8316 -17.042 34.7072
    endloop
  endfacet
  facet normal 0.896961 0.44211 0
    outer loop
      vertex 13.6581 -16.69 34.6702
      vertex 13.8316 -17.042 31.13
      vertex 13.6581 -16.69 31.13
    endloop
  endfacet
  facet normal -0.19494 0.980815 0
    outer loop
      vertex 10.6684 -15.2157 31.13
      vertex 10.2835 -15.2922 34.101
      vertex 10.6684 -15.2157 34.1522
    endloop
  endfacet
  facet normal -0.19494 0.980815 0
    outer loop
      vertex 10.2835 -15.2922 34.101
      vertex 10.6684 -15.2157 31.13
      vertex 10.2835 -15.2922 31.13
    endloop
  endfacet
  facet normal 0.946926 -0.32145 -1.29913e-05
    outer loop
      vertex 13.8316 -19.3381 31.13
      vertex 13.9578 -18.9665 35.0725
      vertex 13.8895 -19.1677 35.1269
    endloop
  endfacet
  facet normal 0.946881 -0.321585 -6.56986e-06
    outer loop
      vertex 13.8316 -19.3381 31.13
      vertex 13.8895 -19.1677 35.1269
      vertex 13.8661 -19.2366 35.1601
    endloop
  endfacet
  facet normal 0.946801 -0.321819 0
    outer loop
      vertex 13.8316 -19.3381 31.13
      vertex 13.8661 -19.2366 35.1601
      vertex 13.8316 -19.3381 35.2091
    endloop
  endfacet
  facet normal 0.946885 -0.321574 0
    outer loop
      vertex 13.9578 -18.9665 35.0725
      vertex 13.8316 -19.3381 31.13
      vertex 13.9578 -18.9665 31.13
    endloop
  endfacet
  facet normal -0.555547 -0.831485 0
    outer loop
      vertex 9.23372 -20.5701 31.13
      vertex 9.56 -20.7881 34.7176
      vertex 9.23372 -20.5701 34.7311
    endloop
  endfacet
  facet normal -0.555547 -0.831485 -0
    outer loop
      vertex 9.56 -20.7881 34.7176
      vertex 9.23372 -20.5701 31.13
      vertex 9.56 -20.7881 31.13
    endloop
  endfacet
  facet normal -0.659428 0.751768 0
    outer loop
      vertex 8.93868 -16.0687 31.13
      vertex 9.23372 -15.8099 34.0619
      vertex 9.23372 -15.8099 31.13
    endloop
  endfacet
  facet normal -0.659428 0.751768 0
    outer loop
      vertex 9.23372 -15.8099 34.0619
      vertex 8.93868 -16.0687 31.13
      vertex 8.93868 -16.0687 34.1246
    endloop
  endfacet
  facet normal -0.980786 0.195087 0
    outer loop
      vertex 8.08566 -17.7984 31.13
      vertex 8.16222 -17.4135 34.2902
      vertex 8.16222 -17.4135 31.13
    endloop
  endfacet
  facet normal -0.980786 0.195087 0
    outer loop
      vertex 8.16222 -17.4135 34.2902
      vertex 8.08566 -17.7984 31.13
      vertex 8.08566 -17.7984 34.3801
    endloop
  endfacet
  facet normal -0.321613 0.946871 0
    outer loop
      vertex 10.2835 -15.2922 31.13
      vertex 9.91195 -15.4184 34.0503
      vertex 10.2835 -15.2922 34.101
    endloop
  endfacet
  facet normal -0.321613 0.946871 0
    outer loop
      vertex 9.91195 -15.4184 34.0503
      vertex 10.2835 -15.2922 31.13
      vertex 9.91195 -15.4184 31.13
    endloop
  endfacet
  facet normal 0.659126 -0.752033 0.000453973
    outer loop
      vertex 13.1032 -20.3798 35.6572
      vertex 13.1813 -20.3113 35.7376
      vertex 13.1369 -20.3502 35.7621
    endloop
  endfacet
  facet normal 0.659478 -0.751724 0
    outer loop
      vertex 13.1813 -20.3113 31.13
      vertex 12.8863 -20.5701 35.5804
      vertex 12.8863 -20.5701 31.13
    endloop
  endfacet
  facet normal 0.659509 -0.751696 3.63694e-06
    outer loop
      vertex 12.8863 -20.5701 35.5804
      vertex 13.1813 -20.3113 31.13
      vertex 13.1032 -20.3798 35.6572
    endloop
  endfacet
  facet normal 0.65939 -0.751801 0
    outer loop
      vertex 13.1032 -20.3798 35.6572
      vertex 13.1813 -20.3113 31.13
      vertex 13.1813 -20.3113 35.7376
    endloop
  endfacet
  facet normal 0.831501 0.555523 -0
    outer loop
      vertex 13.6581 -16.69 31.13
      vertex 13.4401 -16.3637 34.6472
      vertex 13.6581 -16.69 34.6702
    endloop
  endfacet
  facet normal 0.831501 0.555523 0
    outer loop
      vertex 13.4401 -16.3637 34.6472
      vertex 13.6581 -16.69 31.13
      vertex 13.4401 -16.3637 31.13
    endloop
  endfacet
  facet normal 0.19494 -0.980815 0
    outer loop
      vertex 11.8365 -21.0878 31.13
      vertex 11.4516 -21.1643 34.9321
      vertex 11.4516 -21.1643 31.13
    endloop
  endfacet
  facet normal 0.194437 -0.980915 -5.292e-05
    outer loop
      vertex 11.4516 -21.1643 34.9321
      vertex 11.8365 -21.0878 31.13
      vertex 11.5293 -21.1489 34.9635
    endloop
  endfacet
  facet normal 0.195072 -0.980789 0
    outer loop
      vertex 11.5293 -21.1489 34.9635
      vertex 11.8365 -21.0878 31.13
      vertex 11.8365 -21.0878 35.1188
    endloop
  endfacet
  facet normal -0.980786 -0.195087 0
    outer loop
      vertex 8.16222 -18.9665 31.13
      vertex 8.08566 -18.5816 34.5357
      vertex 8.08566 -18.5816 31.13
    endloop
  endfacet
  facet normal -0.980786 -0.195087 0
    outer loop
      vertex 8.08566 -18.5816 34.5357
      vertex 8.16222 -18.9665 31.13
      vertex 8.16222 -18.9665 34.5989
    endloop
  endfacet
  facet normal 0.659478 0.751724 0
    outer loop
      vertex 12.8863 -15.8099 31.13
      vertex 13.1813 -16.0687 34.6386
      vertex 13.1813 -16.0687 31.13
    endloop
  endfacet
  facet normal 0.659478 0.751724 0
    outer loop
      vertex 13.1813 -16.0687 34.6386
      vertex 12.8863 -15.8099 31.13
      vertex 12.8863 -15.8099 34.6446
    endloop
  endfacet
  facet normal 0.997853 -0.0654873 0
    outer loop
      vertex 14.0343 -18.5816 31.13
      vertex 14.06 -18.19 34.8948
      vertex 14.0343 -18.5816 34.9793
    endloop
  endfacet
  facet normal 0.997853 -0.0654873 0
    outer loop
      vertex 14.06 -18.19 34.8948
      vertex 14.0343 -18.5816 31.13
      vertex 14.06 -18.19 31.13
    endloop
  endfacet
  facet normal 0.980733 -0.195355 4.31163e-05
    outer loop
      vertex 13.9578 -18.9665 31.13
      vertex 14.0343 -18.5816 34.9793
      vertex 14.0243 -18.6318 34.9914
    endloop
  endfacet
  facet normal 0.980828 -0.194876 0
    outer loop
      vertex 13.9578 -18.9665 31.13
      vertex 14.0243 -18.6318 34.9914
      vertex 13.9578 -18.9665 35.0725
    endloop
  endfacet
  facet normal 0.980815 -0.19494 0
    outer loop
      vertex 14.0343 -18.5816 34.9793
      vertex 13.9578 -18.9665 31.13
      vertex 14.0343 -18.5816 31.13
    endloop
  endfacet
  facet normal 0.555523 -0.831501 0
    outer loop
      vertex 12.8863 -20.5701 31.13
      vertex 12.56 -20.7881 35.4498
      vertex 12.56 -20.7881 31.13
    endloop
  endfacet
  facet normal 0.555523 -0.831501 0
    outer loop
      vertex 12.56 -20.7881 35.4498
      vertex 12.8863 -20.5701 31.13
      vertex 12.8863 -20.5701 35.5804
    endloop
  endfacet
  facet normal 0.19494 0.980815 -0
    outer loop
      vertex 11.8365 -15.2922 31.13
      vertex 11.4516 -15.2157 34.2592
      vertex 11.8365 -15.2922 34.3676
    endloop
  endfacet
  facet normal 0.19494 0.980815 0
    outer loop
      vertex 11.4516 -15.2157 34.2592
      vertex 11.8365 -15.2922 31.13
      vertex 11.4516 -15.2157 31.13
    endloop
  endfacet
  facet normal 0.751724 0.659478 -0
    outer loop
      vertex 13.4401 -16.3637 31.13
      vertex 13.1813 -16.0687 34.6386
      vertex 13.4401 -16.3637 34.6472
    endloop
  endfacet
  facet normal 0.751724 0.659478 0
    outer loop
      vertex 13.1813 -16.0687 34.6386
      vertex 13.4401 -16.3637 31.13
      vertex 13.1813 -16.0687 31.13
    endloop
  endfacet
  facet normal 0.0669635 0.997755 -0
    outer loop
      vertex 11.4516 -15.2157 31.13
      vertex 11.4069 -15.2127 34.2472
      vertex 11.4516 -15.2157 34.2592
    endloop
  endfacet
  facet normal 0.0653001 0.997866 -2.39582e-05
    outer loop
      vertex 11.4516 -15.2157 31.13
      vertex 11.06 -15.19 34.2032
      vertex 11.4069 -15.2127 34.2472
    endloop
  endfacet
  facet normal 0.0654873 0.997853 0
    outer loop
      vertex 11.06 -15.19 34.2032
      vertex 11.4516 -15.2157 31.13
      vertex 11.06 -15.19 31.13
    endloop
  endfacet
  facet normal -0.946905 0.321514 0
    outer loop
      vertex 8.16222 -17.4135 31.13
      vertex 8.28836 -17.042 34.2628
      vertex 8.28836 -17.042 31.13
    endloop
  endfacet
  facet normal -0.946917 0.321479 4.62957e-06
    outer loop
      vertex 8.28836 -17.042 34.2628
      vertex 8.16222 -17.4135 31.13
      vertex 8.16322 -17.4106 34.2894
    endloop
  endfacet
  facet normal -0.945373 0.325991 0
    outer loop
      vertex 8.16322 -17.4106 34.2894
      vertex 8.16222 -17.4135 31.13
      vertex 8.16222 -17.4135 34.2902
    endloop
  endfacet
  facet normal -0.0654873 -0.997853 0
    outer loop
      vertex 11.06 -21.19 31.13
      vertex 10.6684 -21.1643 34.6479
      vertex 10.6684 -21.1643 31.13
    endloop
  endfacet
  facet normal -0.0655892 -0.997847 -1.13913e-05
    outer loop
      vertex 10.6684 -21.1643 34.6479
      vertex 11.06 -21.19 31.13
      vertex 10.9757 -21.1845 34.7304
    endloop
  endfacet
  facet normal -0.0651048 -0.997878 0
    outer loop
      vertex 10.9757 -21.1845 34.7304
      vertex 11.06 -21.19 31.13
      vertex 11.06 -21.19 34.7674
    endloop
  endfacet
  facet normal 0.44211 0.896961 -0
    outer loop
      vertex 12.56 -15.5919 31.13
      vertex 12.208 -15.4184 34.4884
      vertex 12.56 -15.5919 34.6628
    endloop
  endfacet
  facet normal 0.44211 0.896961 0
    outer loop
      vertex 12.208 -15.4184 34.4884
      vertex 12.56 -15.5919 31.13
      vertex 12.208 -15.4184 31.13
    endloop
  endfacet
  facet normal -0.751799 0.659392 0
    outer loop
      vertex 8.67994 -16.3637 31.13
      vertex 8.93868 -16.0687 34.1246
      vertex 8.93868 -16.0687 31.13
    endloop
  endfacet
  facet normal -0.751807 0.659383 1.46767e-06
    outer loop
      vertex 8.93868 -16.0687 34.1246
      vertex 8.67994 -16.3637 31.13
      vertex 8.70503 -16.3351 34.1743
    endloop
  endfacet
  facet normal -0.750387 0.660998 -2.54008e-05
    outer loop
      vertex 8.70503 -16.3351 34.1743
      vertex 8.67994 -16.3637 31.13
      vertex 8.69904 -16.3419 34.1756
    endloop
  endfacet
  facet normal -0.752149 0.658993 0
    outer loop
      vertex 8.69904 -16.3419 34.1756
      vertex 8.67994 -16.3637 31.13
      vertex 8.67994 -16.3637 34.1796
    endloop
  endfacet
  facet normal -0.99786 -0.0653858 0
    outer loop
      vertex 8.08566 -18.5816 31.13
      vertex 8.06 -18.19 34.4624
      vertex 8.06 -18.19 31.13
    endloop
  endfacet
  facet normal -0.99786 -0.0653858 0
    outer loop
      vertex 8.06 -18.19 34.4624
      vertex 8.08566 -18.5816 31.13
      vertex 8.08566 -18.5816 34.5357
    endloop
  endfacet
  facet normal -0.659428 -0.751768 0
    outer loop
      vertex 8.93868 -20.3113 31.13
      vertex 9.23372 -20.5701 34.7311
      vertex 8.93868 -20.3113 34.7311
    endloop
  endfacet
  facet normal -0.659428 -0.751768 -0
    outer loop
      vertex 9.23372 -20.5701 34.7311
      vertex 8.93868 -20.3113 31.13
      vertex 9.23372 -20.5701 31.13
    endloop
  endfacet
  facet normal 0.831368 -0.555723 2.21327e-05
    outer loop
      vertex 13.4401 -20.0163 31.13
      vertex 13.6581 -19.69 35.389
      vertex 13.5089 -19.9132 35.5102
    endloop
  endfacet
  facet normal 0.831802 -0.555073 0
    outer loop
      vertex 13.4401 -20.0163 31.13
      vertex 13.5089 -19.9132 35.5102
      vertex 13.4401 -20.0163 35.5662
    endloop
  endfacet
  facet normal 0.831501 -0.555523 0
    outer loop
      vertex 13.6581 -19.69 35.389
      vertex 13.4401 -20.0163 31.13
      vertex 13.6581 -19.69 31.13
    endloop
  endfacet
  facet normal -0.751799 -0.659392 0
    outer loop
      vertex 8.93868 -20.3113 31.13
      vertex 8.67994 -20.0163 34.7175
      vertex 8.67994 -20.0163 31.13
    endloop
  endfacet
  facet normal -0.751799 -0.659392 0
    outer loop
      vertex 8.67994 -20.0163 34.7175
      vertex 8.93868 -20.3113 31.13
      vertex 8.93868 -20.3113 34.7311
    endloop
  endfacet
  facet normal -0.99786 0.0653858 0
    outer loop
      vertex 8.06 -18.19 31.13
      vertex 8.08566 -17.7984 34.3801
      vertex 8.08566 -17.7984 31.13
    endloop
  endfacet
  facet normal -0.99786 0.0653858 0
    outer loop
      vertex 8.08566 -17.7984 34.3801
      vertex 8.06 -18.19 31.13
      vertex 8.06 -18.19 34.4624
    endloop
  endfacet
  facet normal -0.19505 -0.980793 0
    outer loop
      vertex 10.2835 -21.0878 31.13
      vertex 10.372 -21.1054 34.6393
      vertex 10.2835 -21.0878 34.6512
    endloop
  endfacet
  facet normal -0.194649 -0.980873 -1.05138e-05
    outer loop
      vertex 10.372 -21.1054 34.6393
      vertex 10.2835 -21.0878 31.13
      vertex 10.5519 -21.1411 34.6151
    endloop
  endfacet
  facet normal -0.19494 -0.980815 1.27445e-05
    outer loop
      vertex 10.6684 -21.1643 31.13
      vertex 10.5519 -21.1411 34.6151
      vertex 10.2835 -21.0878 31.13
    endloop
  endfacet
  facet normal -0.195307 -0.980742 0
    outer loop
      vertex 10.5519 -21.1411 34.6151
      vertex 10.6684 -21.1643 31.13
      vertex 10.6684 -21.1643 34.6479
    endloop
  endfacet
  facet normal 0.0654873 -0.997853 0
    outer loop
      vertex 11.4516 -21.1643 31.13
      vertex 11.06 -21.19 34.7674
      vertex 11.06 -21.19 31.13
    endloop
  endfacet
  facet normal 0.0654873 -0.997853 0
    outer loop
      vertex 11.06 -21.19 34.7674
      vertex 11.4516 -21.1643 31.13
      vertex 11.4516 -21.1643 34.9321
    endloop
  endfacet
  facet normal -0.946931 -0.321437 0
    outer loop
      vertex 8.28836 -19.3381 31.13
      vertex 8.16222 -18.9665 34.5989
      vertex 8.16222 -18.9665 31.13
    endloop
  endfacet
  facet normal -0.946931 -0.321437 0
    outer loop
      vertex 8.16222 -18.9665 34.5989
      vertex 8.28836 -19.3381 31.13
      vertex 8.28836 -19.3381 34.6508
    endloop
  endfacet
  facet normal -0.445213 0.895425 -0.00019913
    outer loop
      vertex 9.76323 -15.4917 34.0294
      vertex 9.91195 -15.4184 31.13
      vertex 9.75418 -15.4962 34.0282
    endloop
  endfacet
  facet normal -0.442092 0.89697 0
    outer loop
      vertex 9.91195 -15.4184 31.13
      vertex 9.76323 -15.4917 34.0294
      vertex 9.91195 -15.4184 34.0503
    endloop
  endfacet
  facet normal -0.44216 0.896936 7.57543e-06
    outer loop
      vertex 9.56 -15.5919 31.13
      vertex 9.75418 -15.4962 34.0282
      vertex 9.91195 -15.4184 31.13
    endloop
  endfacet
  facet normal -0.44207 0.896981 0
    outer loop
      vertex 9.75418 -15.4962 34.0282
      vertex 9.56 -15.5919 31.13
      vertex 9.56 -15.5919 34.0302
    endloop
  endfacet
  facet normal -0.321613 -0.946871 0
    outer loop
      vertex 9.91195 -20.9616 31.13
      vertex 10.2835 -21.0878 34.6512
      vertex 9.91195 -20.9616 34.6908
    endloop
  endfacet
  facet normal -0.321613 -0.946871 -0
    outer loop
      vertex 10.2835 -21.0878 34.6512
      vertex 9.91195 -20.9616 31.13
      vertex 10.2835 -21.0878 31.13
    endloop
  endfacet
  facet normal -0.831477 -0.555558 0
    outer loop
      vertex 8.67994 -20.0163 31.13
      vertex 8.46192 -19.69 34.6906
      vertex 8.46192 -19.69 31.13
    endloop
  endfacet
  facet normal -0.831477 -0.555558 0
    outer loop
      vertex 8.46192 -19.69 34.6906
      vertex 8.67994 -20.0163 31.13
      vertex 8.67994 -20.0163 34.7175
    endloop
  endfacet
  facet normal -0.0654873 0.997853 0
    outer loop
      vertex 11.06 -15.19 31.13
      vertex 10.6684 -15.2157 34.1522
      vertex 11.06 -15.19 34.2032
    endloop
  endfacet
  facet normal -0.0654873 0.997853 0
    outer loop
      vertex 10.6684 -15.2157 34.1522
      vertex 11.06 -15.19 31.13
      vertex 10.6684 -15.2157 31.13
    endloop
  endfacet
  facet normal -0.441888 -0.89707 0
    outer loop
      vertex 9.56 -20.7881 31.13
      vertex 9.68282 -20.8486 34.7083
      vertex 9.56 -20.7881 34.7176
    endloop
  endfacet
  facet normal -0.442305 -0.896865 1.77781e-05
    outer loop
      vertex 9.56 -20.7881 31.13
      vertex 9.91195 -20.9616 34.6908
      vertex 9.68282 -20.8486 34.7083
    endloop
  endfacet
  facet normal -0.44216 -0.896936 -0
    outer loop
      vertex 9.91195 -20.9616 34.6908
      vertex 9.56 -20.7881 31.13
      vertex 9.91195 -20.9616 31.13
    endloop
  endfacet
  facet normal 0.896911 -0.442211 0
    outer loop
      vertex 13.6581 -19.69 31.13
      vertex 13.8316 -19.3381 35.2091
      vertex 13.6581 -19.69 35.389
    endloop
  endfacet
  facet normal 0.896911 -0.442211 0
    outer loop
      vertex 13.8316 -19.3381 35.2091
      vertex 13.6581 -19.69 31.13
      vertex 13.8316 -19.3381 31.13
    endloop
  endfacet
  facet normal -0.89685 -0.442334 0
    outer loop
      vertex 8.46192 -19.69 31.13
      vertex 8.28836 -19.3381 34.6508
      vertex 8.28836 -19.3381 31.13
    endloop
  endfacet
  facet normal -0.89685 -0.442334 0
    outer loop
      vertex 8.28836 -19.3381 34.6508
      vertex 8.46192 -19.69 31.13
      vertex 8.46192 -19.69 34.6906
    endloop
  endfacet
  facet normal -0.8969 0.442233 0
    outer loop
      vertex 8.28836 -17.042 31.13
      vertex 8.46192 -16.69 34.226
      vertex 8.46192 -16.69 31.13
    endloop
  endfacet
  facet normal -0.8969 0.442233 0
    outer loop
      vertex 8.46192 -16.69 34.226
      vertex 8.28836 -17.042 31.13
      vertex 8.28836 -17.042 34.2628
    endloop
  endfacet
  facet normal -0.831477 0.555558 0
    outer loop
      vertex 8.46192 -16.69 31.13
      vertex 8.67994 -16.3637 34.1796
      vertex 8.67994 -16.3637 31.13
    endloop
  endfacet
  facet normal -0.831455 0.555592 -5.20749e-06
    outer loop
      vertex 8.67994 -16.3637 34.1796
      vertex 8.46192 -16.69 31.13
      vertex 8.57797 -16.5163 34.2013
    endloop
  endfacet
  facet normal -0.832658 0.553788 0.000142263
    outer loop
      vertex 8.57797 -16.5163 34.2013
      vertex 8.46192 -16.69 31.13
      vertex 8.57245 -16.5246 34.2025
    endloop
  endfacet
  facet normal -0.831439 0.555616 0
    outer loop
      vertex 8.57245 -16.5246 34.2025
      vertex 8.46192 -16.69 31.13
      vertex 8.46192 -16.69 34.226
    endloop
  endfacet
  facet normal 0.980796 0.195038 0
    outer loop
      vertex 55.1215 -33.1826 21.93
      vertex 55.0067 -32.6053 2.5
      vertex 55.0067 -32.6053 21.93
    endloop
  endfacet
  facet normal 0.980796 0.195038 0
    outer loop
      vertex 55.0067 -32.6053 2.5
      vertex 55.1215 -33.1826 21.93
      vertex 55.1215 -33.1826 2.5
    endloop
  endfacet
  facet normal 0.997859 0.0654027 0
    outer loop
      vertex 55.16 -33.77 21.93
      vertex 55.1215 -33.1826 2.5
      vertex 55.1215 -33.1826 21.93
    endloop
  endfacet
  facet normal 0.997859 0.0654027 0
    outer loop
      vertex 55.1215 -33.1826 2.5
      vertex 55.16 -33.77 21.93
      vertex 55.16 -33.77 2.5
    endloop
  endfacet
  facet normal -0.195038 0.980796 0
    outer loop
      vertex 50.0726 -29.3085 2.5
      vertex 49.4953 -29.4233 21.93
      vertex 50.0726 -29.3085 21.93
    endloop
  endfacet
  facet normal -0.195038 0.980796 0
    outer loop
      vertex 49.4953 -29.4233 21.93
      vertex 50.0726 -29.3085 2.5
      vertex 49.4953 -29.4233 2.5
    endloop
  endfacet
  facet normal 0.555562 -0.831475 0
    outer loop
      vertex 52.91 -37.6671 2.5
      vertex 53.3994 -37.3401 21.93
      vertex 52.91 -37.6671 21.93
    endloop
  endfacet
  facet normal 0.555562 -0.831475 0
    outer loop
      vertex 53.3994 -37.3401 21.93
      vertex 52.91 -37.6671 2.5
      vertex 53.3994 -37.3401 2.5
    endloop
  endfacet
  facet normal -0.997859 -0.0654027 0
    outer loop
      vertex 46.1985 -34.3574 2.5
      vertex 46.16 -33.77 21.93
      vertex 46.16 -33.77 2.5
    endloop
  endfacet
  facet normal -0.997859 -0.0654027 0
    outer loop
      vertex 46.16 -33.77 21.93
      vertex 46.1985 -34.3574 2.5
      vertex 46.1985 -34.3574 21.93
    endloop
  endfacet
  facet normal -0.0654027 -0.997859 0
    outer loop
      vertex 50.0726 -38.2315 2.5
      vertex 50.66 -38.27 21.93
      vertex 50.0726 -38.2315 21.93
    endloop
  endfacet
  facet normal -0.0654027 -0.997859 -0
    outer loop
      vertex 50.66 -38.27 21.93
      vertex 50.0726 -38.2315 2.5
      vertex 50.66 -38.27 2.5
    endloop
  endfacet
  facet normal 0.442382 -0.896827 0
    outer loop
      vertex 52.3821 -37.9275 2.5
      vertex 52.91 -37.6671 21.93
      vertex 52.3821 -37.9275 21.93
    endloop
  endfacet
  facet normal 0.442382 -0.896827 0
    outer loop
      vertex 52.91 -37.6671 21.93
      vertex 52.3821 -37.9275 2.5
      vertex 52.91 -37.6671 2.5
    endloop
  endfacet
  facet normal -0.442382 0.896827 0
    outer loop
      vertex 48.9379 -29.6125 2.5
      vertex 48.41 -29.8729 21.93
      vertex 48.9379 -29.6125 21.93
    endloop
  endfacet
  facet normal -0.442382 0.896827 0
    outer loop
      vertex 48.41 -29.8729 21.93
      vertex 48.9379 -29.6125 2.5
      vertex 48.41 -29.8729 2.5
    endloop
  endfacet
  facet normal -0.555562 0.831475 0
    outer loop
      vertex 48.41 -29.8729 2.5
      vertex 47.9206 -30.1999 21.93
      vertex 48.41 -29.8729 21.93
    endloop
  endfacet
  facet normal -0.555562 0.831475 0
    outer loop
      vertex 47.9206 -30.1999 21.93
      vertex 48.41 -29.8729 2.5
      vertex 47.9206 -30.1999 2.5
    endloop
  endfacet
  facet normal -0.946936 -0.321421 0
    outer loop
      vertex 46.5025 -35.4921 2.5
      vertex 46.3133 -34.9347 21.93
      vertex 46.3133 -34.9347 2.5
    endloop
  endfacet
  facet normal -0.946936 -0.321421 0
    outer loop
      vertex 46.3133 -34.9347 21.93
      vertex 46.5025 -35.4921 2.5
      vertex 46.5025 -35.4921 21.93
    endloop
  endfacet
  facet normal 0.442382 0.896827 -0
    outer loop
      vertex 52.91 -29.8729 2.5
      vertex 52.3821 -29.6125 21.93
      vertex 52.91 -29.8729 21.93
    endloop
  endfacet
  facet normal 0.442382 0.896827 0
    outer loop
      vertex 52.3821 -29.6125 21.93
      vertex 52.91 -29.8729 2.5
      vertex 52.3821 -29.6125 2.5
    endloop
  endfacet
  facet normal 0.659298 -0.751882 0
    outer loop
      vertex 53.3994 -37.3401 2.5
      vertex 53.842 -36.952 21.93
      vertex 53.3994 -37.3401 21.93
    endloop
  endfacet
  facet normal 0.659298 -0.751882 0
    outer loop
      vertex 53.842 -36.952 21.93
      vertex 53.3994 -37.3401 2.5
      vertex 53.842 -36.952 2.5
    endloop
  endfacet
  facet normal -0.321421 -0.946936 0
    outer loop
      vertex 48.9379 -37.9275 2.5
      vertex 49.4953 -38.1167 21.93
      vertex 48.9379 -37.9275 21.93
    endloop
  endfacet
  facet normal -0.321421 -0.946936 -0
    outer loop
      vertex 49.4953 -38.1167 21.93
      vertex 48.9379 -37.9275 2.5
      vertex 49.4953 -38.1167 2.5
    endloop
  endfacet
  facet normal 0.321421 0.946936 -0
    outer loop
      vertex 52.3821 -29.6125 2.5
      vertex 51.8247 -29.4233 21.93
      vertex 52.3821 -29.6125 21.93
    endloop
  endfacet
  facet normal 0.321421 0.946936 0
    outer loop
      vertex 51.8247 -29.4233 21.93
      vertex 52.3821 -29.6125 2.5
      vertex 51.8247 -29.4233 2.5
    endloop
  endfacet
  facet normal -0.896827 -0.442382 0
    outer loop
      vertex 46.7629 -36.02 2.5
      vertex 46.5025 -35.4921 21.93
      vertex 46.5025 -35.4921 2.5
    endloop
  endfacet
  facet normal -0.896827 -0.442382 0
    outer loop
      vertex 46.5025 -35.4921 21.93
      vertex 46.7629 -36.02 2.5
      vertex 46.7629 -36.02 21.93
    endloop
  endfacet
  facet normal 0.980796 -0.195038 0
    outer loop
      vertex 55.0067 -34.9347 21.93
      vertex 55.1215 -34.3574 2.5
      vertex 55.1215 -34.3574 21.93
    endloop
  endfacet
  facet normal 0.980796 -0.195038 0
    outer loop
      vertex 55.1215 -34.3574 2.5
      vertex 55.0067 -34.9347 21.93
      vertex 55.0067 -34.9347 2.5
    endloop
  endfacet
  facet normal 0.195038 0.980796 -0
    outer loop
      vertex 51.8247 -29.4233 2.5
      vertex 51.2474 -29.3085 21.93
      vertex 51.8247 -29.4233 21.93
    endloop
  endfacet
  facet normal 0.195038 0.980796 0
    outer loop
      vertex 51.2474 -29.3085 21.93
      vertex 51.8247 -29.4233 2.5
      vertex 51.2474 -29.3085 2.5
    endloop
  endfacet
  facet normal -0.555562 -0.831475 0
    outer loop
      vertex 47.9206 -37.3401 2.5
      vertex 48.41 -37.6671 21.93
      vertex 47.9206 -37.3401 21.93
    endloop
  endfacet
  facet normal -0.555562 -0.831475 -0
    outer loop
      vertex 48.41 -37.6671 21.93
      vertex 47.9206 -37.3401 2.5
      vertex 48.41 -37.6671 2.5
    endloop
  endfacet
  facet normal 0.831475 -0.555562 0
    outer loop
      vertex 54.2301 -36.5094 21.93
      vertex 54.5571 -36.02 2.5
      vertex 54.5571 -36.02 21.93
    endloop
  endfacet
  facet normal 0.831475 -0.555562 0
    outer loop
      vertex 54.5571 -36.02 2.5
      vertex 54.2301 -36.5094 21.93
      vertex 54.2301 -36.5094 2.5
    endloop
  endfacet
  facet normal 0.831475 0.555562 0
    outer loop
      vertex 54.5571 -31.52 21.93
      vertex 54.2301 -31.0306 2.5
      vertex 54.2301 -31.0306 21.93
    endloop
  endfacet
  facet normal 0.831475 0.555562 0
    outer loop
      vertex 54.2301 -31.0306 2.5
      vertex 54.5571 -31.52 21.93
      vertex 54.5571 -31.52 2.5
    endloop
  endfacet
  facet normal -0.980796 -0.195038 0
    outer loop
      vertex 46.3133 -34.9347 2.5
      vertex 46.1985 -34.3574 21.93
      vertex 46.1985 -34.3574 2.5
    endloop
  endfacet
  facet normal -0.980796 -0.195038 0
    outer loop
      vertex 46.1985 -34.3574 21.93
      vertex 46.3133 -34.9347 2.5
      vertex 46.3133 -34.9347 21.93
    endloop
  endfacet
  facet normal 0.751882 0.659298 0
    outer loop
      vertex 54.2301 -31.0306 21.93
      vertex 53.842 -30.588 2.5
      vertex 53.842 -30.588 21.93
    endloop
  endfacet
  facet normal 0.751882 0.659298 0
    outer loop
      vertex 53.842 -30.588 2.5
      vertex 54.2301 -31.0306 21.93
      vertex 54.2301 -31.0306 2.5
    endloop
  endfacet
  facet normal 0.946936 0.321421 0
    outer loop
      vertex 55.0067 -32.6053 21.93
      vertex 54.8175 -32.0479 2.5
      vertex 54.8175 -32.0479 21.93
    endloop
  endfacet
  facet normal 0.946936 0.321421 0
    outer loop
      vertex 54.8175 -32.0479 2.5
      vertex 55.0067 -32.6053 21.93
      vertex 55.0067 -32.6053 2.5
    endloop
  endfacet
  facet normal 0.321421 -0.946936 0
    outer loop
      vertex 51.8247 -38.1167 2.5
      vertex 52.3821 -37.9275 21.93
      vertex 51.8247 -38.1167 21.93
    endloop
  endfacet
  facet normal 0.321421 -0.946936 0
    outer loop
      vertex 52.3821 -37.9275 21.93
      vertex 51.8247 -38.1167 2.5
      vertex 52.3821 -37.9275 2.5
    endloop
  endfacet
  facet normal 0.659298 0.751882 -0
    outer loop
      vertex 53.842 -30.588 2.5
      vertex 53.3994 -30.1999 21.93
      vertex 53.842 -30.588 21.93
    endloop
  endfacet
  facet normal 0.659298 0.751882 0
    outer loop
      vertex 53.3994 -30.1999 21.93
      vertex 53.842 -30.588 2.5
      vertex 53.3994 -30.1999 2.5
    endloop
  endfacet
  facet normal 0.751882 -0.659298 0
    outer loop
      vertex 53.842 -36.952 21.93
      vertex 54.2301 -36.5094 2.5
      vertex 54.2301 -36.5094 21.93
    endloop
  endfacet
  facet normal 0.751882 -0.659298 0
    outer loop
      vertex 54.2301 -36.5094 2.5
      vertex 53.842 -36.952 21.93
      vertex 53.842 -36.952 2.5
    endloop
  endfacet
  facet normal -0.896827 0.442382 0
    outer loop
      vertex 46.5025 -32.0479 2.5
      vertex 46.7629 -31.52 21.93
      vertex 46.7629 -31.52 2.5
    endloop
  endfacet
  facet normal -0.896827 0.442382 0
    outer loop
      vertex 46.7629 -31.52 21.93
      vertex 46.5025 -32.0479 2.5
      vertex 46.5025 -32.0479 21.93
    endloop
  endfacet
  facet normal 0.555562 0.831475 -0
    outer loop
      vertex 53.3994 -30.1999 2.5
      vertex 52.91 -29.8729 21.93
      vertex 53.3994 -30.1999 21.93
    endloop
  endfacet
  facet normal 0.555562 0.831475 0
    outer loop
      vertex 52.91 -29.8729 21.93
      vertex 53.3994 -30.1999 2.5
      vertex 52.91 -29.8729 2.5
    endloop
  endfacet
  facet normal 0.195038 -0.980796 0
    outer loop
      vertex 51.2474 -38.2315 2.5
      vertex 51.8247 -38.1167 21.93
      vertex 51.2474 -38.2315 21.93
    endloop
  endfacet
  facet normal 0.195038 -0.980796 0
    outer loop
      vertex 51.8247 -38.1167 21.93
      vertex 51.2474 -38.2315 2.5
      vertex 51.8247 -38.1167 2.5
    endloop
  endfacet
  facet normal -0.751882 0.659298 0
    outer loop
      vertex 47.0899 -31.0306 2.5
      vertex 47.478 -30.588 21.93
      vertex 47.478 -30.588 2.5
    endloop
  endfacet
  facet normal -0.751882 0.659298 0
    outer loop
      vertex 47.478 -30.588 21.93
      vertex 47.0899 -31.0306 2.5
      vertex 47.0899 -31.0306 21.93
    endloop
  endfacet
  facet normal 0.896827 0.442382 0
    outer loop
      vertex 54.8175 -32.0479 21.93
      vertex 54.5571 -31.52 2.5
      vertex 54.5571 -31.52 21.93
    endloop
  endfacet
  facet normal 0.896827 0.442382 0
    outer loop
      vertex 54.5571 -31.52 2.5
      vertex 54.8175 -32.0479 21.93
      vertex 54.8175 -32.0479 2.5
    endloop
  endfacet
  facet normal -0.831475 -0.555562 0
    outer loop
      vertex 47.0899 -36.5094 2.5
      vertex 46.7629 -36.02 21.93
      vertex 46.7629 -36.02 2.5
    endloop
  endfacet
  facet normal -0.831475 -0.555562 0
    outer loop
      vertex 46.7629 -36.02 21.93
      vertex 47.0899 -36.5094 2.5
      vertex 47.0899 -36.5094 21.93
    endloop
  endfacet
  facet normal -0.442382 -0.896827 0
    outer loop
      vertex 48.41 -37.6671 2.5
      vertex 48.9379 -37.9275 21.93
      vertex 48.41 -37.6671 21.93
    endloop
  endfacet
  facet normal -0.442382 -0.896827 -0
    outer loop
      vertex 48.9379 -37.9275 21.93
      vertex 48.41 -37.6671 2.5
      vertex 48.9379 -37.9275 2.5
    endloop
  endfacet
  facet normal -0.946936 0.321421 0
    outer loop
      vertex 46.3133 -32.6053 2.5
      vertex 46.5025 -32.0479 21.93
      vertex 46.5025 -32.0479 2.5
    endloop
  endfacet
  facet normal -0.946936 0.321421 0
    outer loop
      vertex 46.5025 -32.0479 21.93
      vertex 46.3133 -32.6053 2.5
      vertex 46.3133 -32.6053 21.93
    endloop
  endfacet
  facet normal 0.946936 -0.321421 0
    outer loop
      vertex 54.8175 -35.4921 21.93
      vertex 55.0067 -34.9347 2.5
      vertex 55.0067 -34.9347 21.93
    endloop
  endfacet
  facet normal 0.946936 -0.321421 0
    outer loop
      vertex 55.0067 -34.9347 2.5
      vertex 54.8175 -35.4921 21.93
      vertex 54.8175 -35.4921 2.5
    endloop
  endfacet
  facet normal 0.997859 -0.0654027 0
    outer loop
      vertex 55.1215 -34.3574 21.93
      vertex 55.16 -33.77 2.5
      vertex 55.16 -33.77 21.93
    endloop
  endfacet
  facet normal 0.997859 -0.0654027 0
    outer loop
      vertex 55.16 -33.77 2.5
      vertex 55.1215 -34.3574 21.93
      vertex 55.1215 -34.3574 2.5
    endloop
  endfacet
  facet normal 0.896827 -0.442382 0
    outer loop
      vertex 54.5571 -36.02 21.93
      vertex 54.8175 -35.4921 2.5
      vertex 54.8175 -35.4921 21.93
    endloop
  endfacet
  facet normal 0.896827 -0.442382 0
    outer loop
      vertex 54.8175 -35.4921 2.5
      vertex 54.5571 -36.02 21.93
      vertex 54.5571 -36.02 2.5
    endloop
  endfacet
  facet normal -0.195038 -0.980796 0
    outer loop
      vertex 49.4953 -38.1167 2.5
      vertex 50.0726 -38.2315 21.93
      vertex 49.4953 -38.1167 21.93
    endloop
  endfacet
  facet normal -0.195038 -0.980796 -0
    outer loop
      vertex 50.0726 -38.2315 21.93
      vertex 49.4953 -38.1167 2.5
      vertex 50.0726 -38.2315 2.5
    endloop
  endfacet
  facet normal -0.0654027 0.997859 0
    outer loop
      vertex 50.66 -29.27 2.5
      vertex 50.0726 -29.3085 21.93
      vertex 50.66 -29.27 21.93
    endloop
  endfacet
  facet normal -0.0654027 0.997859 0
    outer loop
      vertex 50.0726 -29.3085 21.93
      vertex 50.66 -29.27 2.5
      vertex 50.0726 -29.3085 2.5
    endloop
  endfacet
  facet normal -0.659298 0.751882 0
    outer loop
      vertex 47.9206 -30.1999 2.5
      vertex 47.478 -30.588 21.93
      vertex 47.9206 -30.1999 21.93
    endloop
  endfacet
  facet normal -0.659298 0.751882 0
    outer loop
      vertex 47.478 -30.588 21.93
      vertex 47.9206 -30.1999 2.5
      vertex 47.478 -30.588 2.5
    endloop
  endfacet
  facet normal -0.980796 0.195038 0
    outer loop
      vertex 46.1985 -33.1826 2.5
      vertex 46.3133 -32.6053 21.93
      vertex 46.3133 -32.6053 2.5
    endloop
  endfacet
  facet normal -0.980796 0.195038 0
    outer loop
      vertex 46.3133 -32.6053 21.93
      vertex 46.1985 -33.1826 2.5
      vertex 46.1985 -33.1826 21.93
    endloop
  endfacet
  facet normal 0.0654027 -0.997859 0
    outer loop
      vertex 50.66 -38.27 2.5
      vertex 51.2474 -38.2315 21.93
      vertex 50.66 -38.27 21.93
    endloop
  endfacet
  facet normal 0.0654027 -0.997859 0
    outer loop
      vertex 51.2474 -38.2315 21.93
      vertex 50.66 -38.27 2.5
      vertex 51.2474 -38.2315 2.5
    endloop
  endfacet
  facet normal -0.321421 0.946936 0
    outer loop
      vertex 49.4953 -29.4233 2.5
      vertex 48.9379 -29.6125 21.93
      vertex 49.4953 -29.4233 21.93
    endloop
  endfacet
  facet normal -0.321421 0.946936 0
    outer loop
      vertex 48.9379 -29.6125 21.93
      vertex 49.4953 -29.4233 2.5
      vertex 48.9379 -29.6125 2.5
    endloop
  endfacet
  facet normal -0.751882 -0.659298 0
    outer loop
      vertex 47.478 -36.952 2.5
      vertex 47.0899 -36.5094 21.93
      vertex 47.0899 -36.5094 2.5
    endloop
  endfacet
  facet normal -0.751882 -0.659298 0
    outer loop
      vertex 47.0899 -36.5094 21.93
      vertex 47.478 -36.952 2.5
      vertex 47.478 -36.952 21.93
    endloop
  endfacet
  facet normal 0.0654027 0.997859 -0
    outer loop
      vertex 51.2474 -29.3085 2.5
      vertex 50.66 -29.27 21.93
      vertex 51.2474 -29.3085 21.93
    endloop
  endfacet
  facet normal 0.0654027 0.997859 0
    outer loop
      vertex 50.66 -29.27 21.93
      vertex 51.2474 -29.3085 2.5
      vertex 50.66 -29.27 2.5
    endloop
  endfacet
  facet normal -0.659298 -0.751882 0
    outer loop
      vertex 47.478 -36.952 2.5
      vertex 47.9206 -37.3401 21.93
      vertex 47.478 -36.952 21.93
    endloop
  endfacet
  facet normal -0.659298 -0.751882 -0
    outer loop
      vertex 47.9206 -37.3401 21.93
      vertex 47.478 -36.952 2.5
      vertex 47.9206 -37.3401 2.5
    endloop
  endfacet
  facet normal -0.997859 0.0654027 0
    outer loop
      vertex 46.16 -33.77 2.5
      vertex 46.1985 -33.1826 21.93
      vertex 46.1985 -33.1826 2.5
    endloop
  endfacet
  facet normal -0.997859 0.0654027 0
    outer loop
      vertex 46.1985 -33.1826 21.93
      vertex 46.16 -33.77 2.5
      vertex 46.16 -33.77 21.93
    endloop
  endfacet
  facet normal -0.831475 0.555562 0
    outer loop
      vertex 46.7629 -31.52 2.5
      vertex 47.0899 -31.0306 21.93
      vertex 47.0899 -31.0306 2.5
    endloop
  endfacet
  facet normal -0.831475 0.555562 0
    outer loop
      vertex 47.0899 -31.0306 21.93
      vertex 46.7629 -31.52 2.5
      vertex 46.7629 -31.52 21.93
    endloop
  endfacet
  facet normal 0.13806 0.69427 0.706349
    outer loop
      vertex 51.2474 -29.3085 21.93
      vertex 51.4365 -30.8722 23.43
      vertex 51.8247 -29.4233 21.93
    endloop
  endfacet
  facet normal 0.137989 0.694273 0.70636
    outer loop
      vertex 51.4365 -30.8722 23.43
      vertex 51.2474 -29.3085 21.93
      vertex 51.0516 -30.7957 23.43
    endloop
  endfacet
  facet normal 0.706347 0.0463563 0.706347
    outer loop
      vertex 55.16 -33.77 21.93
      vertex 53.6343 -33.3784 23.43
      vertex 53.66 -33.77 23.43
    endloop
  endfacet
  facet normal 0.706341 0.0462957 0.706356
    outer loop
      vertex 55.1215 -33.1826 21.93
      vertex 53.6343 -33.3784 23.43
      vertex 55.16 -33.77 21.93
    endloop
  endfacet
  facet normal 0.634836 0.313149 0.706343
    outer loop
      vertex 54.5571 -31.52 21.93
      vertex 53.2581 -32.27 23.43
      vertex 54.8175 -32.0479 21.93
    endloop
  endfacet
  facet normal -0.634836 0.313149 0.706343
    outer loop
      vertex 46.7629 -31.52 21.93
      vertex 46.5025 -32.0479 21.93
      vertex 48.0619 -32.27 23.43
    endloop
  endfacet
  facet normal -0.0462957 -0.706341 0.706356
    outer loop
      vertex 50.66 -38.27 21.93
      vertex 50.2684 -36.7443 23.43
      vertex 50.0726 -38.2315 21.93
    endloop
  endfacet
  facet normal -0.0463563 -0.706347 0.706347
    outer loop
      vertex 50.2684 -36.7443 23.43
      vertex 50.66 -38.27 21.93
      vertex 50.66 -36.77 23.43
    endloop
  endfacet
  facet normal -0.227624 -0.670247 0.706368
    outer loop
      vertex 49.5119 -36.5416 23.43
      vertex 48.9379 -37.9275 21.93
      vertex 49.8835 -36.6678 23.43
    endloop
  endfacet
  facet normal 0.393269 0.588581 0.706337
    outer loop
      vertex 52.91 -29.8729 21.93
      vertex 52.4863 -31.3899 23.43
      vertex 53.3994 -30.1999 21.93
    endloop
  endfacet
  facet normal 0.393269 -0.588581 0.706337
    outer loop
      vertex 53.3994 -37.3401 21.93
      vertex 52.4863 -36.1501 23.43
      vertex 52.91 -37.6671 21.93
    endloop
  endfacet
  facet normal -0.466832 0.53213 0.706333
    outer loop
      vertex 48.8337 -31.3899 23.43
      vertex 47.9206 -30.1999 21.93
      vertex 48.5387 -31.6487 23.43
    endloop
  endfacet
  facet normal 0.4667 -0.532238 0.706338
    outer loop
      vertex 53.842 -36.952 21.93
      vertex 52.4863 -36.1501 23.43
      vertex 53.3994 -37.3401 21.93
    endloop
  endfacet
  facet normal -0.31303 -0.6349 0.706338
    outer loop
      vertex 49.16 -36.3681 23.43
      vertex 48.41 -37.6671 21.93
      vertex 49.5119 -36.5416 23.43
    endloop
  endfacet
  facet normal -0.6349 -0.312941 0.706378
    outer loop
      vertex 47.8884 -34.918 23.43
      vertex 46.5025 -35.4921 21.93
      vertex 48.0619 -35.27 23.43
    endloop
  endfacet
  facet normal -0.634836 -0.313149 0.706343
    outer loop
      vertex 48.0619 -35.27 23.43
      vertex 46.5025 -35.4921 21.93
      vertex 46.7629 -36.02 21.93
    endloop
  endfacet
  facet normal 0.588577 0.393267 0.706341
    outer loop
      vertex 54.2301 -31.0306 21.93
      vertex 53.2581 -32.27 23.43
      vertex 54.5571 -31.52 21.93
    endloop
  endfacet
  facet normal 0.0463563 -0.706347 0.706347
    outer loop
      vertex 50.66 -38.27 21.93
      vertex 51.0516 -36.7443 23.43
      vertex 50.66 -36.77 23.43
    endloop
  endfacet
  facet normal 0.0462957 -0.706341 0.706356
    outer loop
      vertex 51.0516 -36.7443 23.43
      vertex 50.66 -38.27 21.93
      vertex 51.2474 -38.2315 21.93
    endloop
  endfacet
  facet normal -0.694286 -0.137991 0.706346
    outer loop
      vertex 47.6857 -34.1616 23.43
      vertex 46.3133 -34.9347 21.93
      vertex 47.7622 -34.5465 23.43
    endloop
  endfacet
  facet normal -0.694261 -0.138058 0.706358
    outer loop
      vertex 46.3133 -34.9347 21.93
      vertex 47.6857 -34.1616 23.43
      vertex 46.1985 -34.3574 21.93
    endloop
  endfacet
  facet normal 0.31303 -0.6349 0.706338
    outer loop
      vertex 52.16 -36.3681 23.43
      vertex 51.8081 -36.5416 23.43
      vertex 52.91 -37.6671 21.93
    endloop
  endfacet
  facet normal 0.694261 -0.138058 0.706358
    outer loop
      vertex 55.1215 -34.3574 21.93
      vertex 53.6343 -34.1616 23.43
      vertex 55.0067 -34.9347 21.93
    endloop
  endfacet
  facet normal 0.532221 -0.466686 0.70636
    outer loop
      vertex 54.2301 -36.5094 21.93
      vertex 52.7813 -35.8913 23.43
      vertex 53.842 -36.952 21.93
    endloop
  endfacet
  facet normal -0.466686 0.532221 0.70636
    outer loop
      vertex 47.9206 -30.1999 21.93
      vertex 47.478 -30.588 21.93
      vertex 48.5387 -31.6487 23.43
    endloop
  endfacet
  facet normal 0.694286 0.137991 0.706346
    outer loop
      vertex 55.0067 -32.6053 21.93
      vertex 53.5578 -32.9935 23.43
      vertex 53.6343 -33.3784 23.43
    endloop
  endfacet
  facet normal 0.694261 0.138058 0.706358
    outer loop
      vertex 55.0067 -32.6053 21.93
      vertex 53.6343 -33.3784 23.43
      vertex 55.1215 -33.1826 21.93
    endloop
  endfacet
  facet normal -0.0463563 0.706347 0.706347
    outer loop
      vertex 50.66 -29.27 21.93
      vertex 50.2684 -30.7957 23.43
      vertex 50.66 -30.77 23.43
    endloop
  endfacet
  facet normal -0.0462957 0.706341 0.706356
    outer loop
      vertex 50.2684 -30.7957 23.43
      vertex 50.66 -29.27 21.93
      vertex 50.0726 -29.3085 21.93
    endloop
  endfacet
  facet normal -0.13806 0.69427 0.706349
    outer loop
      vertex 50.0726 -29.3085 21.93
      vertex 49.4953 -29.4233 21.93
      vertex 49.8835 -30.8722 23.43
    endloop
  endfacet
  facet normal -0.227522 0.670301 0.706349
    outer loop
      vertex 49.4953 -29.4233 21.93
      vertex 48.9379 -29.6125 21.93
      vertex 49.8835 -30.8722 23.43
    endloop
  endfacet
  facet normal -0.393269 -0.588581 0.706337
    outer loop
      vertex 48.8337 -36.1501 23.43
      vertex 47.9206 -37.3401 21.93
      vertex 48.41 -37.6671 21.93
    endloop
  endfacet
  facet normal 0.532221 0.466686 0.70636
    outer loop
      vertex 53.842 -30.588 21.93
      vertex 52.7813 -31.6487 23.43
      vertex 54.2301 -31.0306 21.93
    endloop
  endfacet
  facet normal 0.227518 0.670287 0.706364
    outer loop
      vertex 51.8247 -29.4233 21.93
      vertex 51.8081 -30.9984 23.43
      vertex 52.3821 -29.6125 21.93
    endloop
  endfacet
  facet normal 0.227632 0.670268 0.706346
    outer loop
      vertex 51.8081 -30.9984 23.43
      vertex 51.8247 -29.4233 21.93
      vertex 51.4365 -30.8722 23.43
    endloop
  endfacet
  facet normal -0.67022 -0.227676 0.706378
    outer loop
      vertex 47.7622 -34.5465 23.43
      vertex 46.5025 -35.4921 21.93
      vertex 47.8884 -34.918 23.43
    endloop
  endfacet
  facet normal -0.670301 -0.227522 0.706349
    outer loop
      vertex 46.5025 -35.4921 21.93
      vertex 47.7622 -34.5465 23.43
      vertex 46.3133 -34.9347 21.93
    endloop
  endfacet
  facet normal -0.137989 -0.694273 0.70636
    outer loop
      vertex 50.2684 -36.7443 23.43
      vertex 49.8835 -36.6678 23.43
      vertex 50.0726 -38.2315 21.93
    endloop
  endfacet
  facet normal -0.588577 -0.393267 0.706341
    outer loop
      vertex 48.0619 -35.27 23.43
      vertex 46.7629 -36.02 21.93
      vertex 47.0899 -36.5094 21.93
    endloop
  endfacet
  facet normal -0.466686 -0.532221 0.70636
    outer loop
      vertex 48.5387 -35.8913 23.43
      vertex 47.478 -36.952 21.93
      vertex 47.9206 -37.3401 21.93
    endloop
  endfacet
  facet normal 0.4667 0.532238 0.706338
    outer loop
      vertex 53.3994 -30.1999 21.93
      vertex 52.4863 -31.3899 23.43
      vertex 53.842 -30.588 21.93
    endloop
  endfacet
  facet normal 0.227518 -0.670287 0.706364
    outer loop
      vertex 51.8081 -36.5416 23.43
      vertex 51.8247 -38.1167 21.93
      vertex 52.3821 -37.9275 21.93
    endloop
  endfacet
  facet normal 0.227632 -0.670268 0.706346
    outer loop
      vertex 51.8247 -38.1167 21.93
      vertex 51.8081 -36.5416 23.43
      vertex 51.4365 -36.6678 23.43
    endloop
  endfacet
  facet normal -0.5886 0.393242 0.706336
    outer loop
      vertex 48.2799 -31.9437 23.43
      vertex 47.0899 -31.0306 21.93
      vertex 48.0619 -32.27 23.43
    endloop
  endfacet
  facet normal 0.5886 0.393242 0.706336
    outer loop
      vertex 54.2301 -31.0306 21.93
      vertex 53.0401 -31.9437 23.43
      vertex 53.2581 -32.27 23.43
    endloop
  endfacet
  facet normal -0.393238 -0.588595 0.706342
    outer loop
      vertex 48.8337 -36.1501 23.43
      vertex 48.41 -37.6671 21.93
      vertex 49.16 -36.3681 23.43
    endloop
  endfacet
  facet normal 0.6349 -0.312941 0.706378
    outer loop
      vertex 53.4316 -34.918 23.43
      vertex 53.2581 -35.27 23.43
      vertex 54.8175 -35.4921 21.93
    endloop
  endfacet
  facet normal 0.706341 -0.0462957 0.706356
    outer loop
      vertex 55.16 -33.77 21.93
      vertex 53.6343 -34.1616 23.43
      vertex 55.1215 -34.3574 21.93
    endloop
  endfacet
  facet normal 0.706347 -0.0463563 0.706347
    outer loop
      vertex 53.66 -33.77 23.43
      vertex 53.6343 -34.1616 23.43
      vertex 55.16 -33.77 21.93
    endloop
  endfacet
  facet normal -0.694286 0.137991 0.706346
    outer loop
      vertex 46.3133 -32.6053 21.93
      vertex 47.6857 -33.3784 23.43
      vertex 47.7622 -32.9935 23.43
    endloop
  endfacet
  facet normal -0.694261 0.138058 0.706358
    outer loop
      vertex 47.6857 -33.3784 23.43
      vertex 46.3133 -32.6053 21.93
      vertex 46.1985 -33.1826 21.93
    endloop
  endfacet
  facet normal -0.13806 -0.69427 0.706349
    outer loop
      vertex 49.8835 -36.6678 23.43
      vertex 49.4953 -38.1167 21.93
      vertex 50.0726 -38.2315 21.93
    endloop
  endfacet
  facet normal -0.393238 0.588595 0.706342
    outer loop
      vertex 49.16 -31.1719 23.43
      vertex 48.41 -29.8729 21.93
      vertex 48.8337 -31.3899 23.43
    endloop
  endfacet
  facet normal 0.31303 0.6349 0.706338
    outer loop
      vertex 52.91 -29.8729 21.93
      vertex 51.8081 -30.9984 23.43
      vertex 52.16 -31.1719 23.43
    endloop
  endfacet
  facet normal -0.5886 -0.393242 0.706336
    outer loop
      vertex 48.0619 -35.27 23.43
      vertex 47.0899 -36.5094 21.93
      vertex 48.2799 -35.5963 23.43
    endloop
  endfacet
  facet normal -0.31303 0.6349 0.706338
    outer loop
      vertex 49.5119 -30.9984 23.43
      vertex 48.41 -29.8729 21.93
      vertex 49.16 -31.1719 23.43
    endloop
  endfacet
  facet normal 0.313141 -0.634821 0.706361
    outer loop
      vertex 52.91 -37.6671 21.93
      vertex 51.8081 -36.5416 23.43
      vertex 52.3821 -37.9275 21.93
    endloop
  endfacet
  facet normal -0.53213 0.466832 0.706333
    outer loop
      vertex 48.5387 -31.6487 23.43
      vertex 47.0899 -31.0306 21.93
      vertex 48.2799 -31.9437 23.43
    endloop
  endfacet
  facet normal -0.393269 0.588581 0.706337
    outer loop
      vertex 48.41 -29.8729 21.93
      vertex 47.9206 -30.1999 21.93
      vertex 48.8337 -31.3899 23.43
    endloop
  endfacet
  facet normal 0.393238 0.588595 0.706342
    outer loop
      vertex 52.91 -29.8729 21.93
      vertex 52.16 -31.1719 23.43
      vertex 52.4863 -31.3899 23.43
    endloop
  endfacet
  facet normal -0.466832 -0.53213 0.706333
    outer loop
      vertex 48.5387 -35.8913 23.43
      vertex 47.9206 -37.3401 21.93
      vertex 48.8337 -36.1501 23.43
    endloop
  endfacet
  facet normal -0.634876 0.313018 0.706365
    outer loop
      vertex 48.0619 -32.27 23.43
      vertex 46.5025 -32.0479 21.93
      vertex 47.8884 -32.6219 23.43
    endloop
  endfacet
  facet normal -0.227522 -0.670301 0.706349
    outer loop
      vertex 49.8835 -36.6678 23.43
      vertex 48.9379 -37.9275 21.93
      vertex 49.4953 -38.1167 21.93
    endloop
  endfacet
  facet normal -0.137989 0.694273 0.70636
    outer loop
      vertex 50.0726 -29.3085 21.93
      vertex 49.8835 -30.8722 23.43
      vertex 50.2684 -30.7957 23.43
    endloop
  endfacet
  facet normal 0.46681 0.532105 0.706366
    outer loop
      vertex 53.842 -30.588 21.93
      vertex 52.4863 -31.3899 23.43
      vertex 52.7813 -31.6487 23.43
    endloop
  endfacet
  facet normal 0.53213 0.466832 0.706333
    outer loop
      vertex 54.2301 -31.0306 21.93
      vertex 52.7813 -31.6487 23.43
      vertex 53.0401 -31.9437 23.43
    endloop
  endfacet
  facet normal 0.670301 0.227522 0.706349
    outer loop
      vertex 54.8175 -32.0479 21.93
      vertex 53.5578 -32.9935 23.43
      vertex 55.0067 -32.6053 21.93
    endloop
  endfacet
  facet normal 0.67022 -0.227676 0.706378
    outer loop
      vertex 53.5578 -34.5465 23.43
      vertex 53.4316 -34.918 23.43
      vertex 54.8175 -35.4921 21.93
    endloop
  endfacet
  facet normal -0.53213 -0.466832 0.706333
    outer loop
      vertex 48.2799 -35.5963 23.43
      vertex 47.0899 -36.5094 21.93
      vertex 48.5387 -35.8913 23.43
    endloop
  endfacet
  facet normal -0.313141 -0.634821 0.706361
    outer loop
      vertex 49.5119 -36.5416 23.43
      vertex 48.41 -37.6671 21.93
      vertex 48.9379 -37.9275 21.93
    endloop
  endfacet
  facet normal 0.53213 -0.466832 0.706333
    outer loop
      vertex 53.0401 -35.5963 23.43
      vertex 52.7813 -35.8913 23.43
      vertex 54.2301 -36.5094 21.93
    endloop
  endfacet
  facet normal 0.13806 -0.69427 0.706349
    outer loop
      vertex 51.4365 -36.6678 23.43
      vertex 51.2474 -38.2315 21.93
      vertex 51.8247 -38.1167 21.93
    endloop
  endfacet
  facet normal 0.137989 -0.694273 0.70636
    outer loop
      vertex 51.2474 -38.2315 21.93
      vertex 51.4365 -36.6678 23.43
      vertex 51.0516 -36.7443 23.43
    endloop
  endfacet
  facet normal 0.670301 -0.227522 0.706349
    outer loop
      vertex 55.0067 -34.9347 21.93
      vertex 53.5578 -34.5465 23.43
      vertex 54.8175 -35.4921 21.93
    endloop
  endfacet
  facet normal 0.5886 -0.393242 0.706336
    outer loop
      vertex 53.2581 -35.27 23.43
      vertex 53.0401 -35.5963 23.43
      vertex 54.2301 -36.5094 21.93
    endloop
  endfacet
  facet normal 0.46681 -0.532105 0.706366
    outer loop
      vertex 52.7813 -35.8913 23.43
      vertex 52.4863 -36.1501 23.43
      vertex 53.842 -36.952 21.93
    endloop
  endfacet
  facet normal 0.0462957 0.706341 0.706356
    outer loop
      vertex 50.66 -29.27 21.93
      vertex 51.0516 -30.7957 23.43
      vertex 51.2474 -29.3085 21.93
    endloop
  endfacet
  facet normal 0.0463563 0.706347 0.706347
    outer loop
      vertex 51.0516 -30.7957 23.43
      vertex 50.66 -29.27 21.93
      vertex 50.66 -30.77 23.43
    endloop
  endfacet
  facet normal 0.634836 -0.313149 0.706343
    outer loop
      vertex 54.8175 -35.4921 21.93
      vertex 53.2581 -35.27 23.43
      vertex 54.5571 -36.02 21.93
    endloop
  endfacet
  facet normal 0.313141 0.634821 0.706361
    outer loop
      vertex 52.3821 -29.6125 21.93
      vertex 51.8081 -30.9984 23.43
      vertex 52.91 -29.8729 21.93
    endloop
  endfacet
  facet normal 0.588577 -0.393267 0.706341
    outer loop
      vertex 54.5571 -36.02 21.93
      vertex 53.2581 -35.27 23.43
      vertex 54.2301 -36.5094 21.93
    endloop
  endfacet
  facet normal 0.393238 -0.588595 0.706342
    outer loop
      vertex 52.4863 -36.1501 23.43
      vertex 52.16 -36.3681 23.43
      vertex 52.91 -37.6671 21.93
    endloop
  endfacet
  facet normal 0.634876 0.313018 0.706365
    outer loop
      vertex 54.8175 -32.0479 21.93
      vertex 53.2581 -32.27 23.43
      vertex 53.4316 -32.6219 23.43
    endloop
  endfacet
  facet normal 0.670247 0.227624 0.706368
    outer loop
      vertex 54.8175 -32.0479 21.93
      vertex 53.4316 -32.6219 23.43
      vertex 53.5578 -32.9935 23.43
    endloop
  endfacet
  facet normal 0.694286 -0.137991 0.706346
    outer loop
      vertex 53.6343 -34.1616 23.43
      vertex 53.5578 -34.5465 23.43
      vertex 55.0067 -34.9347 21.93
    endloop
  endfacet
  facet normal -0.227624 0.670247 0.706368
    outer loop
      vertex 49.8835 -30.8722 23.43
      vertex 48.9379 -29.6125 21.93
      vertex 49.5119 -30.9984 23.43
    endloop
  endfacet
  facet normal -0.313141 0.634821 0.706361
    outer loop
      vertex 48.9379 -29.6125 21.93
      vertex 48.41 -29.8729 21.93
      vertex 49.5119 -30.9984 23.43
    endloop
  endfacet
  facet normal -0.532221 0.466686 0.70636
    outer loop
      vertex 47.478 -30.588 21.93
      vertex 47.0899 -31.0306 21.93
      vertex 48.5387 -31.6487 23.43
    endloop
  endfacet
  facet normal -0.706347 -0.0463563 0.706347
    outer loop
      vertex 46.16 -33.77 21.93
      vertex 47.6857 -34.1616 23.43
      vertex 47.66 -33.77 23.43
    endloop
  endfacet
  facet normal -0.706341 -0.0462957 0.706356
    outer loop
      vertex 47.6857 -34.1616 23.43
      vertex 46.16 -33.77 21.93
      vertex 46.1985 -34.3574 21.93
    endloop
  endfacet
  facet normal -0.670247 0.227624 0.706368
    outer loop
      vertex 46.5025 -32.0479 21.93
      vertex 47.7622 -32.9935 23.43
      vertex 47.8884 -32.6219 23.43
    endloop
  endfacet
  facet normal -0.670301 0.227522 0.706349
    outer loop
      vertex 47.7622 -32.9935 23.43
      vertex 46.5025 -32.0479 21.93
      vertex 46.3133 -32.6053 21.93
    endloop
  endfacet
  facet normal -0.532221 -0.466686 0.70636
    outer loop
      vertex 48.5387 -35.8913 23.43
      vertex 47.0899 -36.5094 21.93
      vertex 47.478 -36.952 21.93
    endloop
  endfacet
  facet normal -0.706341 0.0462957 0.706356
    outer loop
      vertex 46.16 -33.77 21.93
      vertex 47.6857 -33.3784 23.43
      vertex 46.1985 -33.1826 21.93
    endloop
  endfacet
  facet normal -0.706347 0.0463563 0.706347
    outer loop
      vertex 47.6857 -33.3784 23.43
      vertex 46.16 -33.77 21.93
      vertex 47.66 -33.77 23.43
    endloop
  endfacet
  facet normal -0.588577 0.393267 0.706341
    outer loop
      vertex 47.0899 -31.0306 21.93
      vertex 46.7629 -31.52 21.93
      vertex 48.0619 -32.27 23.43
    endloop
  endfacet
  facet normal 0 0 1
    outer loop
      vertex 49.6084 -35.0076 28.43
      vertex 49.3455 -34.9207 28.43
      vertex 48.8337 -36.1501 28.43
    endloop
  endfacet
  facet normal 0 0 1
    outer loop
      vertex 48.8337 -36.1501 28.43
      vertex 49.3455 -34.9207 28.43
      vertex 49.3113 -34.9093 28.43
    endloop
  endfacet
  facet normal 0 0 1
    outer loop
      vertex 49.6084 -35.0076 28.43
      vertex 49.16 -36.3681 28.43
      vertex 49.5119 -36.5416 28.43
    endloop
  endfacet
  facet normal 0 0 1
    outer loop
      vertex 49.6084 -35.0076 28.43
      vertex 48.8337 -36.1501 28.43
      vertex 49.16 -36.3681 28.43
    endloop
  endfacet
  facet normal 0 0 1
    outer loop
      vertex 49.3113 -34.9093 28.43
      vertex 48.5387 -35.8913 28.43
      vertex 48.8337 -36.1501 28.43
    endloop
  endfacet
  facet normal 0 0 1
    outer loop
      vertex 49.3113 -34.9093 28.43
      vertex 48.2799 -35.5963 28.43
      vertex 48.5387 -35.8913 28.43
    endloop
  endfacet
  facet normal 0 0 1
    outer loop
      vertex 49.3113 -34.9093 28.43
      vertex 48.0619 -35.27 28.43
      vertex 48.2799 -35.5963 28.43
    endloop
  endfacet
  facet normal 0 0 1
    outer loop
      vertex 49.3113 -34.9093 28.43
      vertex 47.8884 -34.918 28.43
      vertex 48.0619 -35.27 28.43
    endloop
  endfacet
  facet normal 0 0 1
    outer loop
      vertex 49.3113 -34.9093 28.43
      vertex 47.7622 -34.5465 28.43
      vertex 47.8884 -34.918 28.43
    endloop
  endfacet
  facet normal -0 -0 1
    outer loop
      vertex 47.7622 -34.5465 28.43
      vertex 49.3113 -34.9093 28.43
      vertex 47.7304 -34.3867 28.43
    endloop
  endfacet
  facet normal 0 0 1
    outer loop
      vertex 51.8674 -34.0935 28.43
      vertex 53.5578 -34.5465 28.43
      vertex 53.6174 -34.2466 28.43
    endloop
  endfacet
  facet normal 0 0 1
    outer loop
      vertex 53.5578 -34.5465 28.43
      vertex 51.8674 -34.0935 28.43
      vertex 53.4316 -34.918 28.43
    endloop
  endfacet
  facet normal -0 0 1
    outer loop
      vertex 51.7425 -34.395 28.43
      vertex 53.4316 -34.918 28.43
      vertex 51.8674 -34.0935 28.43
    endloop
  endfacet
  facet normal 0 0 1
    outer loop
      vertex 53.2581 -35.27 28.43
      vertex 51.7425 -34.395 28.43
      vertex 53.0401 -35.5963 28.43
    endloop
  endfacet
  facet normal -0 0 1
    outer loop
      vertex 51.5439 -34.6539 28.43
      vertex 53.0401 -35.5963 28.43
      vertex 51.7425 -34.395 28.43
    endloop
  endfacet
  facet normal 0 0 1
    outer loop
      vertex 53.0401 -35.5963 28.43
      vertex 51.5439 -34.6539 28.43
      vertex 52.7813 -35.8913 28.43
    endloop
  endfacet
  facet normal -0 0 1
    outer loop
      vertex 51.8674 -34.0935 28.43
      vertex 53.6174 -34.2466 28.43
      vertex 51.91 -33.77 28.43
    endloop
  endfacet
  facet normal -0 -0 1
    outer loop
      vertex 51.91 -33.77 28.43
      vertex 53.6174 -34.2466 28.43
      vertex 51.8736 -33.4934 28.43
    endloop
  endfacet
  facet normal 0 0 1
    outer loop
      vertex 53.4316 -34.918 28.43
      vertex 51.7425 -34.395 28.43
      vertex 53.2581 -35.27 28.43
    endloop
  endfacet
  facet normal 0 0 1
    outer loop
      vertex 52.7813 -35.8913 28.43
      vertex 51.5439 -34.6539 28.43
      vertex 52.4863 -36.1501 28.43
    endloop
  endfacet
  facet normal -0 0 1
    outer loop
      vertex 51.285 -34.8525 28.43
      vertex 52.4863 -36.1501 28.43
      vertex 51.5439 -34.6539 28.43
    endloop
  endfacet
  facet normal 0 0 1
    outer loop
      vertex 52.4863 -36.1501 28.43
      vertex 51.285 -34.8525 28.43
      vertex 52.16 -36.3681 28.43
    endloop
  endfacet
  facet normal 0 0 1
    outer loop
      vertex 52.16 -36.3681 28.43
      vertex 51.285 -34.8525 28.43
      vertex 51.8081 -36.5416 28.43
    endloop
  endfacet
  facet normal -0 0 1
    outer loop
      vertex 50.9835 -34.9774 28.43
      vertex 51.8081 -36.5416 28.43
      vertex 51.285 -34.8525 28.43
    endloop
  endfacet
  facet normal 0 0 1
    outer loop
      vertex 51.8081 -36.5416 28.43
      vertex 50.9835 -34.9774 28.43
      vertex 51.4365 -36.6678 28.43
    endloop
  endfacet
  facet normal -0 0 1
    outer loop
      vertex 50.4263 -35.278 28.43
      vertex 51.4365 -36.6678 28.43
      vertex 50.9835 -34.9774 28.43
    endloop
  endfacet
  facet normal 0 0 1
    outer loop
      vertex 50.4263 -35.278 28.43
      vertex 50.9835 -34.9774 28.43
      vertex 50.7224 -35.0118 28.43
    endloop
  endfacet
  facet normal 0 0 1
    outer loop
      vertex 51.4365 -36.6678 28.43
      vertex 50.4263 -35.278 28.43
      vertex 51.0516 -36.7443 28.43
    endloop
  endfacet
  facet normal 0 0 1
    outer loop
      vertex 51.0516 -36.7443 28.43
      vertex 50.4263 -35.278 28.43
      vertex 50.66 -36.77 28.43
    endloop
  endfacet
  facet normal 0 0 1
    outer loop
      vertex 50.4263 -35.278 28.43
      vertex 50.2684 -36.7443 28.43
      vertex 50.66 -36.77 28.43
    endloop
  endfacet
  facet normal 0 0 1
    outer loop
      vertex 50.4263 -35.278 28.43
      vertex 49.8835 -36.6678 28.43
      vertex 50.2684 -36.7443 28.43
    endloop
  endfacet
  facet normal 0 0 1
    outer loop
      vertex 49.5119 -36.5416 28.43
      vertex 50.4263 -35.278 28.43
      vertex 49.6084 -35.0076 28.43
    endloop
  endfacet
  facet normal 0 0 1
    outer loop
      vertex 50.4263 -35.278 28.43
      vertex 49.5119 -36.5416 28.43
      vertex 49.8835 -36.6678 28.43
    endloop
  endfacet
  facet normal -0.193526 0.981095 0.000137801
    outer loop
      vertex 50.018 -30.8455 26.3308
      vertex 50.2684 -30.7957 23.43
      vertex 49.9754 -30.8539 26.3091
    endloop
  endfacet
  facet normal -0.195061 0.980791 0
    outer loop
      vertex 50.2684 -30.7957 23.43
      vertex 50.018 -30.8455 26.3308
      vertex 50.2684 -30.7957 26.4912
    endloop
  endfacet
  facet normal -0.19494 0.980815 -1.17893e-05
    outer loop
      vertex 49.8835 -30.8722 23.43
      vertex 49.9754 -30.8539 26.3091
      vertex 50.2684 -30.7957 23.43
    endloop
  endfacet
  facet normal -0.19833 0.980135 0.000100748
    outer loop
      vertex 49.9754 -30.8539 26.3091
      vertex 49.8835 -30.8722 23.43
      vertex 49.9586 -30.8573 26.3142
    endloop
  endfacet
  facet normal -0.194609 0.980881 0
    outer loop
      vertex 49.9586 -30.8573 26.3142
      vertex 49.8835 -30.8722 23.43
      vertex 49.8835 -30.8722 26.337
    endloop
  endfacet
  facet normal 0.980856 0.194734 1.87066e-05
    outer loop
      vertex 53.6343 -33.3784 23.43
      vertex 53.5578 -32.9935 27.8292
      vertex 53.5821 -33.1159 27.8647
    endloop
  endfacet
  facet normal 0.980725 0.195391 -2.17004e-05
    outer loop
      vertex 53.6343 -33.3784 23.43
      vertex 53.5821 -33.1159 27.8647
      vertex 53.603 -33.2208 27.8951
    endloop
  endfacet
  facet normal 0.980843 0.194799 -0
    outer loop
      vertex 53.6343 -33.3784 23.43
      vertex 53.603 -33.2208 27.8951
      vertex 53.6343 -33.3784 27.9707
    endloop
  endfacet
  facet normal 0.980815 0.19494 0
    outer loop
      vertex 53.5578 -32.9935 27.8292
      vertex 53.6343 -33.3784 23.43
      vertex 53.5578 -32.9935 23.43
    endloop
  endfacet
  facet normal 0.997853 0.0654873 -0
    outer loop
      vertex 53.66 -33.77 23.43
      vertex 53.6343 -33.3784 27.9707
      vertex 53.66 -33.77 28.1703
    endloop
  endfacet
  facet normal 0.997853 0.0654873 0
    outer loop
      vertex 53.6343 -33.3784 27.9707
      vertex 53.66 -33.77 23.43
      vertex 53.6343 -33.3784 23.43
    endloop
  endfacet
  facet normal -0.0654873 -0.997853 0
    outer loop
      vertex 50.2684 -36.7443 23.43
      vertex 50.66 -36.77 28.43
      vertex 50.2684 -36.7443 28.43
    endloop
  endfacet
  facet normal -0.0654873 -0.997853 -0
    outer loop
      vertex 50.66 -36.77 28.43
      vertex 50.2684 -36.7443 23.43
      vertex 50.66 -36.77 23.43
    endloop
  endfacet
  facet normal 0.321574 -0.946885 0
    outer loop
      vertex 51.4365 -36.6678 23.43
      vertex 51.8081 -36.5416 28.43
      vertex 51.4365 -36.6678 28.43
    endloop
  endfacet
  facet normal 0.321574 -0.946885 0
    outer loop
      vertex 51.8081 -36.5416 28.43
      vertex 51.4365 -36.6678 23.43
      vertex 51.8081 -36.5416 23.43
    endloop
  endfacet
  facet normal 0.659478 0.751724 -0
    outer loop
      vertex 52.7813 -31.6487 23.43
      vertex 52.4863 -31.3899 27.5307
      vertex 52.7813 -31.6487 27.5518
    endloop
  endfacet
  facet normal 0.659478 0.751724 0
    outer loop
      vertex 52.4863 -31.3899 27.5307
      vertex 52.7813 -31.6487 23.43
      vertex 52.4863 -31.3899 23.43
    endloop
  endfacet
  facet normal -0.751724 -0.659478 0
    outer loop
      vertex 48.5387 -35.8913 23.43
      vertex 48.2799 -35.5963 28.43
      vertex 48.2799 -35.5963 23.43
    endloop
  endfacet
  facet normal -0.751724 -0.659478 0
    outer loop
      vertex 48.2799 -35.5963 28.43
      vertex 48.5387 -35.8913 23.43
      vertex 48.5387 -35.8913 28.43
    endloop
  endfacet
  facet normal 0.896939 0.442154 5.87181e-06
    outer loop
      vertex 53.4316 -32.6219 23.43
      vertex 53.2581 -32.27 27.6538
      vertex 53.3491 -32.4546 27.6953
    endloop
  endfacet
  facet normal 0.89688 0.442275 -0
    outer loop
      vertex 53.4316 -32.6219 23.43
      vertex 53.3491 -32.4546 27.6953
      vertex 53.4316 -32.6219 27.733
    endloop
  endfacet
  facet normal 0.896911 0.442211 0
    outer loop
      vertex 53.2581 -32.27 27.6538
      vertex 53.4316 -32.6219 23.43
      vertex 53.2581 -32.27 23.43
    endloop
  endfacet
  facet normal -0.997853 -0.0654873 0
    outer loop
      vertex 47.6857 -34.1616 23.43
      vertex 47.66 -33.77 28.1362
      vertex 47.66 -33.77 23.43
    endloop
  endfacet
  facet normal -0.997853 -0.0654873 0
    outer loop
      vertex 47.66 -33.77 28.1362
      vertex 47.6857 -34.1616 23.43
      vertex 47.6857 -34.1616 28.31
    endloop
  endfacet
  facet normal 0.442211 -0.896911 0
    outer loop
      vertex 51.8081 -36.5416 23.43
      vertex 52.16 -36.3681 28.43
      vertex 51.8081 -36.5416 28.43
    endloop
  endfacet
  facet normal 0.442211 -0.896911 0
    outer loop
      vertex 52.16 -36.3681 28.43
      vertex 51.8081 -36.5416 23.43
      vertex 52.16 -36.3681 23.43
    endloop
  endfacet
  facet normal 0.997853 -0.0654873 0
    outer loop
      vertex 53.6343 -34.1616 23.43
      vertex 53.66 -33.77 28.1703
      vertex 53.6343 -34.1616 28.3816
    endloop
  endfacet
  facet normal 0.997853 -0.0654873 0
    outer loop
      vertex 53.66 -33.77 28.1703
      vertex 53.6343 -34.1616 23.43
      vertex 53.66 -33.77 23.43
    endloop
  endfacet
  facet normal 0.831501 0.555523 -0
    outer loop
      vertex 53.2581 -32.27 23.43
      vertex 53.0401 -31.9437 27.5931
      vertex 53.2581 -32.27 27.6538
    endloop
  endfacet
  facet normal 0.831501 0.555523 0
    outer loop
      vertex 53.0401 -31.9437 27.5931
      vertex 53.2581 -32.27 23.43
      vertex 53.0401 -31.9437 23.43
    endloop
  endfacet
  facet normal -0.0654873 0.997853 0
    outer loop
      vertex 50.66 -30.77 23.43
      vertex 50.2684 -30.7957 26.4912
      vertex 50.66 -30.77 26.7575
    endloop
  endfacet
  facet normal -0.0654873 0.997853 0
    outer loop
      vertex 50.2684 -30.7957 26.4912
      vertex 50.66 -30.77 23.43
      vertex 50.2684 -30.7957 23.43
    endloop
  endfacet
  facet normal -0.659478 -0.751724 0
    outer loop
      vertex 48.5387 -35.8913 23.43
      vertex 48.8337 -36.1501 28.43
      vertex 48.5387 -35.8913 28.43
    endloop
  endfacet
  facet normal -0.659478 -0.751724 -0
    outer loop
      vertex 48.8337 -36.1501 28.43
      vertex 48.5387 -35.8913 23.43
      vertex 48.8337 -36.1501 23.43
    endloop
  endfacet
  facet normal 0.321818 0.946801 -0.000461553
    outer loop
      vertex 51.8081 -30.9984 27.5501
      vertex 51.4365 -30.8722 27.3307
      vertex 51.7225 -30.9693 27.5594
    endloop
  endfacet
  facet normal 0.321574 0.946885 -0
    outer loop
      vertex 51.8081 -30.9984 23.43
      vertex 51.4365 -30.8722 27.3307
      vertex 51.8081 -30.9984 27.5501
    endloop
  endfacet
  facet normal 0.321574 0.946885 0
    outer loop
      vertex 51.4365 -30.8722 27.3307
      vertex 51.8081 -30.9984 23.43
      vertex 51.4365 -30.8722 23.43
    endloop
  endfacet
  facet normal 0.442211 0.896911 0
    outer loop
      vertex 51.8081 -30.9984 23.43
      vertex 52.16 -31.1719 27.5302
      vertex 52.16 -31.1719 23.43
    endloop
  endfacet
  facet normal 0.442211 0.896911 0
    outer loop
      vertex 52.16 -31.1719 27.5302
      vertex 51.8081 -30.9984 23.43
      vertex 51.8081 -30.9984 27.5501
    endloop
  endfacet
  facet normal -0.659478 0.751724 0
    outer loop
      vertex 48.5387 -31.6487 23.43
      vertex 48.8337 -31.3899 26.7972
      vertex 48.8337 -31.3899 23.43
    endloop
  endfacet
  facet normal -0.659478 0.751724 0
    outer loop
      vertex 48.8337 -31.3899 26.7972
      vertex 48.5387 -31.6487 23.43
      vertex 48.5387 -31.6487 26.9783
    endloop
  endfacet
  facet normal 0.555523 -0.831501 0
    outer loop
      vertex 52.16 -36.3681 23.43
      vertex 52.4863 -36.1501 28.43
      vertex 52.16 -36.3681 28.43
    endloop
  endfacet
  facet normal 0.555523 -0.831501 0
    outer loop
      vertex 52.4863 -36.1501 28.43
      vertex 52.16 -36.3681 23.43
      vertex 52.4863 -36.1501 23.43
    endloop
  endfacet
  facet normal 0.555523 0.831501 -0
    outer loop
      vertex 52.4863 -31.3899 23.43
      vertex 52.16 -31.1719 27.5302
      vertex 52.4863 -31.3899 27.5307
    endloop
  endfacet
  facet normal 0.555523 0.831501 0
    outer loop
      vertex 52.16 -31.1719 27.5302
      vertex 52.4863 -31.3899 23.43
      vertex 52.16 -31.1719 23.43
    endloop
  endfacet
  facet normal -0.946858 -0.321651 0
    outer loop
      vertex 47.8884 -34.918 23.43
      vertex 47.7622 -34.5465 28.43
      vertex 47.7622 -34.5465 23.43
    endloop
  endfacet
  facet normal -0.946858 -0.321651 0
    outer loop
      vertex 47.7622 -34.5465 28.43
      vertex 47.8884 -34.918 23.43
      vertex 47.8884 -34.918 28.43
    endloop
  endfacet
  facet normal -0.442211 0.896911 0
    outer loop
      vertex 49.16 -31.1719 23.43
      vertex 49.5119 -30.9984 26.4737
      vertex 49.5119 -30.9984 23.43
    endloop
  endfacet
  facet normal -0.442408 0.896814 2.82636e-05
    outer loop
      vertex 49.5119 -30.9984 26.4737
      vertex 49.16 -31.1719 23.43
      vertex 49.2198 -31.1425 26.6018
    endloop
  endfacet
  facet normal -0.441201 0.897408 0
    outer loop
      vertex 49.2198 -31.1425 26.6018
      vertex 49.16 -31.1719 23.43
      vertex 49.16 -31.1719 26.628
    endloop
  endfacet
  facet normal -0.831501 -0.555523 0
    outer loop
      vertex 48.2799 -35.5963 23.43
      vertex 48.0619 -35.27 28.43
      vertex 48.0619 -35.27 23.43
    endloop
  endfacet
  facet normal -0.831501 -0.555523 0
    outer loop
      vertex 48.0619 -35.27 28.43
      vertex 48.2799 -35.5963 23.43
      vertex 48.2799 -35.5963 28.43
    endloop
  endfacet
  facet normal 0.831501 -0.555523 0
    outer loop
      vertex 53.0401 -35.5963 28.43
      vertex 53.2581 -35.27 23.43
      vertex 53.2581 -35.27 28.43
    endloop
  endfacet
  facet normal 0.831501 -0.555523 0
    outer loop
      vertex 53.2581 -35.27 23.43
      vertex 53.0401 -35.5963 28.43
      vertex 53.0401 -35.5963 23.43
    endloop
  endfacet
  facet normal -0.980815 0.19494 0
    outer loop
      vertex 47.6857 -33.3784 23.43
      vertex 47.7622 -32.9935 27.759
      vertex 47.7622 -32.9935 23.43
    endloop
  endfacet
  facet normal -0.980815 0.19494 0
    outer loop
      vertex 47.7622 -32.9935 27.759
      vertex 47.6857 -33.3784 23.43
      vertex 47.6857 -33.3784 27.9515
    endloop
  endfacet
  facet normal 0.980819 -0.194921 0.000156091
    outer loop
      vertex 53.5578 -34.5465 28.43
      vertex 53.6343 -34.1616 28.3816
      vertex 53.6174 -34.2466 28.43
    endloop
  endfacet
  facet normal 0.980815 -0.19494 0
    outer loop
      vertex 53.6343 -34.1616 28.3816
      vertex 53.5578 -34.5465 28.43
      vertex 53.5578 -34.5465 23.43
    endloop
  endfacet
  facet normal 0.980815 -0.19494 0
    outer loop
      vertex 53.6343 -34.1616 28.3816
      vertex 53.5578 -34.5465 23.43
      vertex 53.6343 -34.1616 23.43
    endloop
  endfacet
  facet normal 0.751724 -0.659478 0
    outer loop
      vertex 52.7813 -35.8913 28.43
      vertex 53.0401 -35.5963 23.43
      vertex 53.0401 -35.5963 28.43
    endloop
  endfacet
  facet normal 0.751724 -0.659478 0
    outer loop
      vertex 53.0401 -35.5963 23.43
      vertex 52.7813 -35.8913 28.43
      vertex 52.7813 -35.8913 23.43
    endloop
  endfacet
  facet normal -0.321574 0.946885 0
    outer loop
      vertex 49.5119 -30.9984 23.43
      vertex 49.8835 -30.8722 26.337
      vertex 49.8835 -30.8722 23.43
    endloop
  endfacet
  facet normal -0.321574 0.946885 0
    outer loop
      vertex 49.8835 -30.8722 26.337
      vertex 49.5119 -30.9984 23.43
      vertex 49.5119 -30.9984 26.4737
    endloop
  endfacet
  facet normal -0.831501 0.555523 0
    outer loop
      vertex 48.0619 -32.27 23.43
      vertex 48.2799 -31.9437 27.1684
      vertex 48.2799 -31.9437 23.43
    endloop
  endfacet
  facet normal -0.831501 0.555523 0
    outer loop
      vertex 48.2799 -31.9437 27.1684
      vertex 48.0619 -32.27 23.43
      vertex 48.0619 -32.27 27.3641
    endloop
  endfacet
  facet normal 0.19494 -0.980815 0
    outer loop
      vertex 51.0516 -36.7443 23.43
      vertex 51.4365 -36.6678 28.43
      vertex 51.0516 -36.7443 28.43
    endloop
  endfacet
  facet normal 0.19494 -0.980815 0
    outer loop
      vertex 51.4365 -36.6678 28.43
      vertex 51.0516 -36.7443 23.43
      vertex 51.4365 -36.6678 23.43
    endloop
  endfacet
  facet normal -0.896961 -0.44211 0
    outer loop
      vertex 48.0619 -35.27 23.43
      vertex 47.8884 -34.918 28.43
      vertex 47.8884 -34.918 23.43
    endloop
  endfacet
  facet normal -0.896961 -0.44211 0
    outer loop
      vertex 47.8884 -34.918 28.43
      vertex 48.0619 -35.27 23.43
      vertex 48.0619 -35.27 28.43
    endloop
  endfacet
  facet normal -0.997853 0.0654873 0
    outer loop
      vertex 47.66 -33.77 23.43
      vertex 47.6857 -33.3784 27.9515
      vertex 47.6857 -33.3784 23.43
    endloop
  endfacet
  facet normal -0.997853 0.0654873 0
    outer loop
      vertex 47.6857 -33.3784 27.9515
      vertex 47.66 -33.77 23.43
      vertex 47.66 -33.77 28.1362
    endloop
  endfacet
  facet normal 0.946858 -0.321651 0
    outer loop
      vertex 53.4316 -34.918 28.43
      vertex 53.5578 -34.5465 23.43
      vertex 53.5578 -34.5465 28.43
    endloop
  endfacet
  facet normal 0.946858 -0.321651 0
    outer loop
      vertex 53.5578 -34.5465 23.43
      vertex 53.4316 -34.918 28.43
      vertex 53.4316 -34.918 23.43
    endloop
  endfacet
  facet normal -0.751724 0.659478 0
    outer loop
      vertex 48.2799 -31.9437 23.43
      vertex 48.5387 -31.6487 26.9783
      vertex 48.5387 -31.6487 23.43
    endloop
  endfacet
  facet normal -0.751724 0.659478 0
    outer loop
      vertex 48.5387 -31.6487 26.9783
      vertex 48.2799 -31.9437 23.43
      vertex 48.2799 -31.9437 27.1684
    endloop
  endfacet
  facet normal -0.980815 -0.19494 0
    outer loop
      vertex 47.7622 -34.5465 23.43
      vertex 47.6857 -34.1616 28.31
      vertex 47.6857 -34.1616 23.43
    endloop
  endfacet
  facet normal -0.980815 -0.19494 -0
    outer loop
      vertex 47.7622 -34.5465 28.43
      vertex 47.6857 -34.1616 28.31
      vertex 47.7622 -34.5465 23.43
    endloop
  endfacet
  facet normal -0.980392 -0.196942 -0.00669062
    outer loop
      vertex 47.6857 -34.1616 28.31
      vertex 47.7622 -34.5465 28.43
      vertex 47.7019 -34.2434 28.344
    endloop
  endfacet
  facet normal -0.980769 -0.195172 -0.000188406
    outer loop
      vertex 47.7019 -34.2434 28.344
      vertex 47.7622 -34.5465 28.43
      vertex 47.7304 -34.3867 28.43
    endloop
  endfacet
  facet normal 0.19494 0.980815 -0
    outer loop
      vertex 51.4365 -30.8722 23.43
      vertex 51.0516 -30.7957 27.0389
      vertex 51.4365 -30.8722 27.3307
    endloop
  endfacet
  facet normal 0.19494 0.980815 0
    outer loop
      vertex 51.0516 -30.7957 27.0389
      vertex 51.4365 -30.8722 23.43
      vertex 51.0516 -30.7957 23.43
    endloop
  endfacet
  facet normal -0.555523 0.831501 0
    outer loop
      vertex 48.8337 -31.3899 23.43
      vertex 49.16 -31.1719 26.628
      vertex 49.16 -31.1719 23.43
    endloop
  endfacet
  facet normal -0.555523 0.831501 0
    outer loop
      vertex 49.16 -31.1719 26.628
      vertex 48.8337 -31.3899 23.43
      vertex 48.8337 -31.3899 26.7972
    endloop
  endfacet
  facet normal 0.0654873 -0.997853 0
    outer loop
      vertex 50.66 -36.77 23.43
      vertex 51.0516 -36.7443 28.43
      vertex 50.66 -36.77 28.43
    endloop
  endfacet
  facet normal 0.0654873 -0.997853 0
    outer loop
      vertex 51.0516 -36.7443 28.43
      vertex 50.66 -36.77 23.43
      vertex 51.0516 -36.7443 23.43
    endloop
  endfacet
  facet normal -0.946885 0.321574 0
    outer loop
      vertex 47.7622 -32.9935 23.43
      vertex 47.8884 -32.6219 27.5621
      vertex 47.8884 -32.6219 23.43
    endloop
  endfacet
  facet normal -0.946885 0.321574 0
    outer loop
      vertex 47.8884 -32.6219 27.5621
      vertex 47.7622 -32.9935 23.43
      vertex 47.7622 -32.9935 27.759
    endloop
  endfacet
  facet normal 0.751724 0.659478 -0
    outer loop
      vertex 53.0401 -31.9437 23.43
      vertex 52.7813 -31.6487 27.5518
      vertex 53.0401 -31.9437 27.5931
    endloop
  endfacet
  facet normal 0.751724 0.659478 0
    outer loop
      vertex 52.7813 -31.6487 27.5518
      vertex 53.0401 -31.9437 23.43
      vertex 52.7813 -31.6487 23.43
    endloop
  endfacet
  facet normal 0.946885 0.321574 -0
    outer loop
      vertex 53.5578 -32.9935 23.43
      vertex 53.4316 -32.6219 27.733
      vertex 53.5578 -32.9935 27.8292
    endloop
  endfacet
  facet normal 0.946885 0.321574 0
    outer loop
      vertex 53.4316 -32.6219 27.733
      vertex 53.5578 -32.9935 23.43
      vertex 53.4316 -32.6219 23.43
    endloop
  endfacet
  facet normal -0.442211 -0.896911 0
    outer loop
      vertex 49.16 -36.3681 23.43
      vertex 49.5119 -36.5416 28.43
      vertex 49.16 -36.3681 28.43
    endloop
  endfacet
  facet normal -0.442211 -0.896911 -0
    outer loop
      vertex 49.5119 -36.5416 28.43
      vertex 49.16 -36.3681 23.43
      vertex 49.5119 -36.5416 23.43
    endloop
  endfacet
  facet normal -0.321574 -0.946885 0
    outer loop
      vertex 49.5119 -36.5416 23.43
      vertex 49.8835 -36.6678 28.43
      vertex 49.5119 -36.5416 28.43
    endloop
  endfacet
  facet normal -0.321574 -0.946885 -0
    outer loop
      vertex 49.8835 -36.6678 28.43
      vertex 49.5119 -36.5416 23.43
      vertex 49.8835 -36.6678 23.43
    endloop
  endfacet
  facet normal 0.0654873 0.997853 -0
    outer loop
      vertex 51.0516 -30.7957 23.43
      vertex 50.66 -30.77 26.7575
      vertex 51.0516 -30.7957 27.0389
    endloop
  endfacet
  facet normal 0.0654873 0.997853 0
    outer loop
      vertex 50.66 -30.77 26.7575
      vertex 51.0516 -30.7957 23.43
      vertex 50.66 -30.77 23.43
    endloop
  endfacet
  facet normal -0.19494 -0.980815 0
    outer loop
      vertex 49.8835 -36.6678 23.43
      vertex 50.2684 -36.7443 28.43
      vertex 49.8835 -36.6678 28.43
    endloop
  endfacet
  facet normal -0.19494 -0.980815 -0
    outer loop
      vertex 50.2684 -36.7443 28.43
      vertex 49.8835 -36.6678 23.43
      vertex 50.2684 -36.7443 23.43
    endloop
  endfacet
  facet normal 0.896961 -0.44211 0
    outer loop
      vertex 53.2581 -35.27 28.43
      vertex 53.4316 -34.918 23.43
      vertex 53.4316 -34.918 28.43
    endloop
  endfacet
  facet normal 0.896961 -0.44211 0
    outer loop
      vertex 53.4316 -34.918 23.43
      vertex 53.2581 -35.27 28.43
      vertex 53.2581 -35.27 23.43
    endloop
  endfacet
  facet normal -0.896911 0.442211 0
    outer loop
      vertex 47.8884 -32.6219 23.43
      vertex 48.0619 -32.27 27.3641
      vertex 48.0619 -32.27 23.43
    endloop
  endfacet
  facet normal -0.896911 0.442211 0
    outer loop
      vertex 48.0619 -32.27 27.3641
      vertex 47.8884 -32.6219 23.43
      vertex 47.8884 -32.6219 27.5621
    endloop
  endfacet
  facet normal 0.659478 -0.751724 0
    outer loop
      vertex 52.4863 -36.1501 23.43
      vertex 52.7813 -35.8913 28.43
      vertex 52.4863 -36.1501 28.43
    endloop
  endfacet
  facet normal 0.659478 -0.751724 0
    outer loop
      vertex 52.7813 -35.8913 28.43
      vertex 52.4863 -36.1501 23.43
      vertex 52.7813 -35.8913 23.43
    endloop
  endfacet
  facet normal -0.555523 -0.831501 0
    outer loop
      vertex 48.8337 -36.1501 23.43
      vertex 49.16 -36.3681 28.43
      vertex 48.8337 -36.1501 28.43
    endloop
  endfacet
  facet normal -0.555523 -0.831501 -0
    outer loop
      vertex 49.16 -36.3681 28.43
      vertex 48.8337 -36.1501 23.43
      vertex 49.16 -36.3681 23.43
    endloop
  endfacet
  facet normal 0.194811 -0.980841 0
    outer loop
      vertex 100.337 11.1485 2.5
      vertex 100.915 11.2633 16.09
      vertex 100.337 11.1485 16.09
    endloop
  endfacet
  facet normal 0.194811 -0.980841 0
    outer loop
      vertex 100.915 11.2633 16.09
      vertex 100.337 11.1485 2.5
      vertex 100.915 11.2633 2.5
    endloop
  endfacet
  facet normal 0.980731 0.195365 0
    outer loop
      vertex 104.212 16.1974 16.09
      vertex 104.097 16.7747 2.5
      vertex 104.097 16.7747 16.09
    endloop
  endfacet
  facet normal 0.980731 0.195365 0
    outer loop
      vertex 104.097 16.7747 2.5
      vertex 104.212 16.1974 16.09
      vertex 104.212 16.1974 2.5
    endloop
  endfacet
  facet normal 0.997914 0.0645569 0
    outer loop
      vertex 104.25 15.61 16.09
      vertex 104.212 16.1974 2.5
      vertex 104.212 16.1974 16.09
    endloop
  endfacet
  facet normal 0.997914 0.0645569 0
    outer loop
      vertex 104.212 16.1974 2.5
      vertex 104.25 15.61 16.09
      vertex 104.25 15.61 2.5
    endloop
  endfacet
  facet normal 0.946522 0.322639 0
    outer loop
      vertex 104.097 16.7747 16.09
      vertex 103.907 17.3321 2.5
      vertex 103.907 17.3321 16.09
    endloop
  endfacet
  facet normal 0.946522 0.322639 0
    outer loop
      vertex 103.907 17.3321 2.5
      vertex 104.097 16.7747 16.09
      vertex 104.097 16.7747 2.5
    endloop
  endfacet
  facet normal -0.946936 -0.321421 0
    outer loop
      vertex 95.5925 13.8879 2.5
      vertex 95.4033 14.4453 16.09
      vertex 95.4033 14.4453 2.5
    endloop
  endfacet
  facet normal -0.946936 -0.321421 0
    outer loop
      vertex 95.4033 14.4453 16.09
      vertex 95.5925 13.8879 2.5
      vertex 95.5925 13.8879 16.09
    endloop
  endfacet
  facet normal 0.321628 -0.946866 0
    outer loop
      vertex 100.915 11.2633 2.5
      vertex 101.472 11.4525 16.09
      vertex 100.915 11.2633 16.09
    endloop
  endfacet
  facet normal 0.321628 -0.946866 0
    outer loop
      vertex 101.472 11.4525 16.09
      vertex 100.915 11.2633 2.5
      vertex 101.472 11.4525 2.5
    endloop
  endfacet
  facet normal -0.195038 0.980796 0
    outer loop
      vertex 99.1626 20.0715 2.5
      vertex 98.5853 19.9567 16.09
      vertex 99.1626 20.0715 16.09
    endloop
  endfacet
  facet normal -0.195038 0.980796 0
    outer loop
      vertex 98.5853 19.9567 16.09
      vertex 99.1626 20.0715 2.5
      vertex 98.5853 19.9567 2.5
    endloop
  endfacet
  facet normal -0.831475 0.555562 0
    outer loop
      vertex 95.8529 17.86 2.5
      vertex 96.1799 18.3494 16.09
      vertex 96.1799 18.3494 2.5
    endloop
  endfacet
  facet normal -0.831475 0.555562 0
    outer loop
      vertex 96.1799 18.3494 16.09
      vertex 95.8529 17.86 2.5
      vertex 95.8529 17.86 16.09
    endloop
  endfacet
  facet normal -0.659298 0.751882 0
    outer loop
      vertex 97.0106 19.1801 2.5
      vertex 96.568 18.792 16.09
      vertex 97.0106 19.1801 16.09
    endloop
  endfacet
  facet normal -0.659298 0.751882 0
    outer loop
      vertex 96.568 18.792 16.09
      vertex 97.0106 19.1801 2.5
      vertex 96.568 18.792 2.5
    endloop
  endfacet
  facet normal -0.321421 0.946936 0
    outer loop
      vertex 98.5853 19.9567 2.5
      vertex 98.0279 19.7675 16.09
      vertex 98.5853 19.9567 16.09
    endloop
  endfacet
  facet normal -0.321421 0.946936 0
    outer loop
      vertex 98.0279 19.7675 16.09
      vertex 98.5853 19.9567 2.5
      vertex 98.0279 19.7675 2.5
    endloop
  endfacet
  facet normal 0.997914 -0.0645569 0
    outer loop
      vertex 104.212 15.0226 16.09
      vertex 104.25 15.61 2.5
      vertex 104.25 15.61 16.09
    endloop
  endfacet
  facet normal 0.997914 -0.0645569 0
    outer loop
      vertex 104.25 15.61 2.5
      vertex 104.212 15.0226 16.09
      vertex 104.212 15.0226 2.5
    endloop
  endfacet
  facet normal -0.896827 0.442382 0
    outer loop
      vertex 95.5925 17.3321 2.5
      vertex 95.8529 17.86 16.09
      vertex 95.8529 17.86 2.5
    endloop
  endfacet
  facet normal -0.896827 0.442382 0
    outer loop
      vertex 95.8529 17.86 16.09
      vertex 95.5925 17.3321 2.5
      vertex 95.5925 17.3321 16.09
    endloop
  endfacet
  facet normal 0.897096 0.441836 0
    outer loop
      vertex 103.907 17.3321 16.09
      vertex 103.647 17.86 2.5
      vertex 103.647 17.86 16.09
    endloop
  endfacet
  facet normal 0.897096 0.441836 0
    outer loop
      vertex 103.647 17.86 2.5
      vertex 103.907 17.3321 16.09
      vertex 103.907 17.3321 2.5
    endloop
  endfacet
  facet normal 0.658961 -0.752177 0
    outer loop
      vertex 102.489 12.0399 2.5
      vertex 102.932 12.428 16.09
      vertex 102.489 12.0399 16.09
    endloop
  endfacet
  facet normal 0.658961 -0.752177 0
    outer loop
      vertex 102.932 12.428 16.09
      vertex 102.489 12.0399 2.5
      vertex 102.932 12.428 2.5
    endloop
  endfacet
  facet normal 0.658961 0.752177 -0
    outer loop
      vertex 102.932 18.792 2.5
      vertex 102.489 19.1801 16.09
      vertex 102.932 18.792 16.09
    endloop
  endfacet
  facet normal 0.658961 0.752177 0
    outer loop
      vertex 102.489 19.1801 16.09
      vertex 102.932 18.792 2.5
      vertex 102.489 19.1801 2.5
    endloop
  endfacet
  facet normal 0.897096 -0.441836 0
    outer loop
      vertex 103.647 13.36 16.09
      vertex 103.907 13.8879 2.5
      vertex 103.907 13.8879 16.09
    endloop
  endfacet
  facet normal 0.897096 -0.441836 0
    outer loop
      vertex 103.907 13.8879 2.5
      vertex 103.647 13.36 16.09
      vertex 103.647 13.36 2.5
    endloop
  endfacet
  facet normal 0.831475 -0.555562 0
    outer loop
      vertex 103.32 12.8706 16.09
      vertex 103.647 13.36 2.5
      vertex 103.647 13.36 16.09
    endloop
  endfacet
  facet normal 0.831475 -0.555562 0
    outer loop
      vertex 103.647 13.36 2.5
      vertex 103.32 12.8706 16.09
      vertex 103.32 12.8706 2.5
    endloop
  endfacet
  facet normal 0.751966 0.659202 0
    outer loop
      vertex 103.32 18.3494 16.09
      vertex 102.932 18.792 2.5
      vertex 102.932 18.792 16.09
    endloop
  endfacet
  facet normal 0.751966 0.659202 0
    outer loop
      vertex 102.932 18.792 2.5
      vertex 103.32 18.3494 16.09
      vertex 103.32 18.3494 2.5
    endloop
  endfacet
  facet normal 0.442315 0.89686 -0
    outer loop
      vertex 102 19.5071 2.5
      vertex 101.472 19.7675 16.09
      vertex 102 19.5071 16.09
    endloop
  endfacet
  facet normal 0.442315 0.89686 0
    outer loop
      vertex 101.472 19.7675 16.09
      vertex 102 19.5071 2.5
      vertex 101.472 19.7675 2.5
    endloop
  endfacet
  facet normal -0.997859 -0.0654027 0
    outer loop
      vertex 95.2885 15.0226 2.5
      vertex 95.25 15.61 16.09
      vertex 95.25 15.61 2.5
    endloop
  endfacet
  facet normal -0.997859 -0.0654027 0
    outer loop
      vertex 95.25 15.61 16.09
      vertex 95.2885 15.0226 2.5
      vertex 95.2885 15.0226 16.09
    endloop
  endfacet
  facet normal 0.194811 0.980841 -0
    outer loop
      vertex 100.915 19.9567 2.5
      vertex 100.337 20.0715 16.09
      vertex 100.915 19.9567 16.09
    endloop
  endfacet
  facet normal 0.194811 0.980841 0
    outer loop
      vertex 100.337 20.0715 16.09
      vertex 100.915 19.9567 2.5
      vertex 100.337 20.0715 2.5
    endloop
  endfacet
  facet normal -0.751882 -0.659298 0
    outer loop
      vertex 96.568 12.428 2.5
      vertex 96.1799 12.8706 16.09
      vertex 96.1799 12.8706 2.5
    endloop
  endfacet
  facet normal -0.751882 -0.659298 0
    outer loop
      vertex 96.1799 12.8706 16.09
      vertex 96.568 12.428 2.5
      vertex 96.568 12.428 16.09
    endloop
  endfacet
  facet normal 0.831475 0.555562 0
    outer loop
      vertex 103.647 17.86 16.09
      vertex 103.32 18.3494 2.5
      vertex 103.32 18.3494 16.09
    endloop
  endfacet
  facet normal 0.831475 0.555562 0
    outer loop
      vertex 103.32 18.3494 2.5
      vertex 103.647 17.86 16.09
      vertex 103.647 17.86 2.5
    endloop
  endfacet
  facet normal 0.555877 0.831265 -0
    outer loop
      vertex 102.489 19.1801 2.5
      vertex 102 19.5071 16.09
      vertex 102.489 19.1801 16.09
    endloop
  endfacet
  facet normal 0.555877 0.831265 0
    outer loop
      vertex 102 19.5071 16.09
      vertex 102.489 19.1801 2.5
      vertex 102 19.5071 2.5
    endloop
  endfacet
  facet normal 0.321628 0.946866 -0
    outer loop
      vertex 101.472 19.7675 2.5
      vertex 100.915 19.9567 16.09
      vertex 101.472 19.7675 16.09
    endloop
  endfacet
  facet normal 0.321628 0.946866 0
    outer loop
      vertex 100.915 19.9567 16.09
      vertex 101.472 19.7675 2.5
      vertex 100.915 19.9567 2.5
    endloop
  endfacet
  facet normal -0.831475 -0.555562 0
    outer loop
      vertex 96.1799 12.8706 2.5
      vertex 95.8529 13.36 16.09
      vertex 95.8529 13.36 2.5
    endloop
  endfacet
  facet normal -0.831475 -0.555562 0
    outer loop
      vertex 95.8529 13.36 16.09
      vertex 96.1799 12.8706 2.5
      vertex 96.1799 12.8706 16.09
    endloop
  endfacet
  facet normal -0.555562 0.831475 0
    outer loop
      vertex 97.5 19.5071 2.5
      vertex 97.0106 19.1801 16.09
      vertex 97.5 19.5071 16.09
    endloop
  endfacet
  facet normal -0.555562 0.831475 0
    outer loop
      vertex 97.0106 19.1801 16.09
      vertex 97.5 19.5071 2.5
      vertex 97.0106 19.1801 2.5
    endloop
  endfacet
  facet normal 0.980731 -0.195365 0
    outer loop
      vertex 104.097 14.4453 16.09
      vertex 104.212 15.0226 2.5
      vertex 104.212 15.0226 16.09
    endloop
  endfacet
  facet normal 0.980731 -0.195365 0
    outer loop
      vertex 104.212 15.0226 2.5
      vertex 104.097 14.4453 16.09
      vertex 104.097 14.4453 2.5
    endloop
  endfacet
  facet normal 0.0654471 -0.997856 0
    outer loop
      vertex 99.75 11.11 2.5
      vertex 100.337 11.1485 16.09
      vertex 99.75 11.11 16.09
    endloop
  endfacet
  facet normal 0.0654471 -0.997856 0
    outer loop
      vertex 100.337 11.1485 16.09
      vertex 99.75 11.11 2.5
      vertex 100.337 11.1485 2.5
    endloop
  endfacet
  facet normal 0.555877 -0.831265 0
    outer loop
      vertex 102 11.7129 2.5
      vertex 102.489 12.0399 16.09
      vertex 102 11.7129 16.09
    endloop
  endfacet
  facet normal 0.555877 -0.831265 0
    outer loop
      vertex 102.489 12.0399 16.09
      vertex 102 11.7129 2.5
      vertex 102.489 12.0399 2.5
    endloop
  endfacet
  facet normal -0.896827 -0.442382 0
    outer loop
      vertex 95.8529 13.36 2.5
      vertex 95.5925 13.8879 16.09
      vertex 95.5925 13.8879 2.5
    endloop
  endfacet
  facet normal -0.896827 -0.442382 0
    outer loop
      vertex 95.5925 13.8879 16.09
      vertex 95.8529 13.36 2.5
      vertex 95.8529 13.36 16.09
    endloop
  endfacet
  facet normal 0.751966 -0.659202 0
    outer loop
      vertex 102.932 12.428 16.09
      vertex 103.32 12.8706 2.5
      vertex 103.32 12.8706 16.09
    endloop
  endfacet
  facet normal 0.751966 -0.659202 0
    outer loop
      vertex 103.32 12.8706 2.5
      vertex 102.932 12.428 16.09
      vertex 102.932 12.428 2.5
    endloop
  endfacet
  facet normal -0.555562 -0.831475 0
    outer loop
      vertex 97.0106 12.0399 2.5
      vertex 97.5 11.7129 16.09
      vertex 97.0106 12.0399 16.09
    endloop
  endfacet
  facet normal -0.555562 -0.831475 -0
    outer loop
      vertex 97.5 11.7129 16.09
      vertex 97.0106 12.0399 2.5
      vertex 97.5 11.7129 2.5
    endloop
  endfacet
  facet normal -0.659298 -0.751882 0
    outer loop
      vertex 96.568 12.428 2.5
      vertex 97.0106 12.0399 16.09
      vertex 96.568 12.428 16.09
    endloop
  endfacet
  facet normal -0.659298 -0.751882 -0
    outer loop
      vertex 97.0106 12.0399 16.09
      vertex 96.568 12.428 2.5
      vertex 97.0106 12.0399 2.5
    endloop
  endfacet
  facet normal -0.195038 -0.980796 0
    outer loop
      vertex 98.5853 11.2633 2.5
      vertex 99.1626 11.1485 16.09
      vertex 98.5853 11.2633 16.09
    endloop
  endfacet
  facet normal -0.195038 -0.980796 -0
    outer loop
      vertex 99.1626 11.1485 16.09
      vertex 98.5853 11.2633 2.5
      vertex 99.1626 11.1485 2.5
    endloop
  endfacet
  facet normal -0.0654027 0.997859 0
    outer loop
      vertex 99.75 20.11 2.5
      vertex 99.1626 20.0715 16.09
      vertex 99.75 20.11 16.09
    endloop
  endfacet
  facet normal -0.0654027 0.997859 0
    outer loop
      vertex 99.1626 20.0715 16.09
      vertex 99.75 20.11 2.5
      vertex 99.1626 20.0715 2.5
    endloop
  endfacet
  facet normal -0.980796 0.195038 0
    outer loop
      vertex 95.2885 16.1974 2.5
      vertex 95.4033 16.7747 16.09
      vertex 95.4033 16.7747 2.5
    endloop
  endfacet
  facet normal -0.980796 0.195038 0
    outer loop
      vertex 95.4033 16.7747 16.09
      vertex 95.2885 16.1974 2.5
      vertex 95.2885 16.1974 16.09
    endloop
  endfacet
  facet normal 0.946522 -0.322639 0
    outer loop
      vertex 103.907 13.8879 16.09
      vertex 104.097 14.4453 2.5
      vertex 104.097 14.4453 16.09
    endloop
  endfacet
  facet normal 0.946522 -0.322639 0
    outer loop
      vertex 104.097 14.4453 2.5
      vertex 103.907 13.8879 16.09
      vertex 103.907 13.8879 2.5
    endloop
  endfacet
  facet normal -0.442382 -0.896827 0
    outer loop
      vertex 97.5 11.7129 2.5
      vertex 98.0279 11.4525 16.09
      vertex 97.5 11.7129 16.09
    endloop
  endfacet
  facet normal -0.442382 -0.896827 -0
    outer loop
      vertex 98.0279 11.4525 16.09
      vertex 97.5 11.7129 2.5
      vertex 98.0279 11.4525 2.5
    endloop
  endfacet
  facet normal -0.442382 0.896827 0
    outer loop
      vertex 98.0279 19.7675 2.5
      vertex 97.5 19.5071 16.09
      vertex 98.0279 19.7675 16.09
    endloop
  endfacet
  facet normal -0.442382 0.896827 0
    outer loop
      vertex 97.5 19.5071 16.09
      vertex 98.0279 19.7675 2.5
      vertex 97.5 19.5071 2.5
    endloop
  endfacet
  facet normal -0.980796 -0.195038 0
    outer loop
      vertex 95.4033 14.4453 2.5
      vertex 95.2885 15.0226 16.09
      vertex 95.2885 15.0226 2.5
    endloop
  endfacet
  facet normal -0.980796 -0.195038 0
    outer loop
      vertex 95.2885 15.0226 16.09
      vertex 95.4033 14.4453 2.5
      vertex 95.4033 14.4453 16.09
    endloop
  endfacet
  facet normal 0.0654471 0.997856 -0
    outer loop
      vertex 100.337 20.0715 2.5
      vertex 99.75 20.11 16.09
      vertex 100.337 20.0715 16.09
    endloop
  endfacet
  facet normal 0.0654471 0.997856 0
    outer loop
      vertex 99.75 20.11 16.09
      vertex 100.337 20.0715 2.5
      vertex 99.75 20.11 2.5
    endloop
  endfacet
  facet normal 0.442315 -0.89686 0
    outer loop
      vertex 101.472 11.4525 2.5
      vertex 102 11.7129 16.09
      vertex 101.472 11.4525 16.09
    endloop
  endfacet
  facet normal 0.442315 -0.89686 0
    outer loop
      vertex 102 11.7129 16.09
      vertex 101.472 11.4525 2.5
      vertex 102 11.7129 2.5
    endloop
  endfacet
  facet normal -0.751882 0.659298 0
    outer loop
      vertex 96.1799 18.3494 2.5
      vertex 96.568 18.792 16.09
      vertex 96.568 18.792 2.5
    endloop
  endfacet
  facet normal -0.751882 0.659298 0
    outer loop
      vertex 96.568 18.792 16.09
      vertex 96.1799 18.3494 2.5
      vertex 96.1799 18.3494 16.09
    endloop
  endfacet
  facet normal -0.946936 0.321421 0
    outer loop
      vertex 95.4033 16.7747 2.5
      vertex 95.5925 17.3321 16.09
      vertex 95.5925 17.3321 2.5
    endloop
  endfacet
  facet normal -0.946936 0.321421 0
    outer loop
      vertex 95.5925 17.3321 16.09
      vertex 95.4033 16.7747 2.5
      vertex 95.4033 16.7747 16.09
    endloop
  endfacet
  facet normal -0.997859 0.0654027 0
    outer loop
      vertex 95.25 15.61 2.5
      vertex 95.2885 16.1974 16.09
      vertex 95.2885 16.1974 2.5
    endloop
  endfacet
  facet normal -0.997859 0.0654027 0
    outer loop
      vertex 95.2885 16.1974 16.09
      vertex 95.25 15.61 2.5
      vertex 95.25 15.61 16.09
    endloop
  endfacet
  facet normal -0.0654027 -0.997859 0
    outer loop
      vertex 99.1626 11.1485 2.5
      vertex 99.75 11.11 16.09
      vertex 99.1626 11.1485 16.09
    endloop
  endfacet
  facet normal -0.0654027 -0.997859 -0
    outer loop
      vertex 99.75 11.11 16.09
      vertex 99.1626 11.1485 2.5
      vertex 99.75 11.11 2.5
    endloop
  endfacet
  facet normal -0.321421 -0.946936 0
    outer loop
      vertex 98.0279 11.4525 2.5
      vertex 98.5853 11.2633 16.09
      vertex 98.0279 11.4525 16.09
    endloop
  endfacet
  facet normal -0.321421 -0.946936 -0
    outer loop
      vertex 98.5853 11.2633 16.09
      vertex 98.0279 11.4525 2.5
      vertex 98.5853 11.2633 2.5
    endloop
  endfacet
  facet normal 0.706368 0.0456963 0.706368
    outer loop
      vertex 104.212 16.1974 16.09
      vertex 102.75 15.61 17.59
      vertex 104.25 15.61 16.09
    endloop
  endfacet
  facet normal 0.393494 0.588436 0.706333
    outer loop
      vertex 102.489 19.1801 16.09
      vertex 101.25 18.2081 17.59
      vertex 101.576 17.9901 17.59
    endloop
  endfacet
  facet normal 0.312945 -0.634909 0.706368
    outer loop
      vertex 101.25 13.0119 17.59
      vertex 100.898 12.8384 17.59
      vertex 101.472 11.4525 16.09
    endloop
  endfacet
  facet normal -0.13806 -0.69427 0.706349
    outer loop
      vertex 98.9735 12.7122 17.59
      vertex 98.5853 11.2633 16.09
      vertex 99.1626 11.1485 16.09
    endloop
  endfacet
  facet normal -0.67022 0.227676 0.706378
    outer loop
      vertex 95.5925 17.3321 16.09
      vertex 96.8522 16.3865 17.59
      vertex 96.9784 16.758 17.59
    endloop
  endfacet
  facet normal -0.670301 0.227522 0.706349
    outer loop
      vertex 96.8522 16.3865 17.59
      vertex 95.5925 17.3321 16.09
      vertex 95.4033 16.7747 16.09
    endloop
  endfacet
  facet normal -0.13806 0.69427 0.706349
    outer loop
      vertex 99.1626 20.0715 16.09
      vertex 98.5853 19.9567 16.09
      vertex 98.9735 18.5078 17.59
    endloop
  endfacet
  facet normal 0.5886 0.393242 0.706336
    outer loop
      vertex 103.32 18.3494 16.09
      vertex 102.13 17.4363 17.59
      vertex 102.348 17.11 17.59
    endloop
  endfacet
  facet normal -0.532238 0.4667 0.706338
    outer loop
      vertex 96.568 18.792 16.09
      vertex 96.1799 18.3494 16.09
      vertex 97.3699 17.4363 17.59
    endloop
  endfacet
  facet normal -0.634836 -0.313149 0.706343
    outer loop
      vertex 97.1519 14.11 17.59
      vertex 95.5925 13.8879 16.09
      vertex 95.8529 13.36 16.09
    endloop
  endfacet
  facet normal 0.466465 0.532451 0.706333
    outer loop
      vertex 102.489 19.1801 16.09
      vertex 101.576 17.9901 17.59
      vertex 102.932 18.792 16.09
    endloop
  endfacet
  facet normal 0.0463277 0.706348 0.706348
    outer loop
      vertex 99.75 20.11 16.09
      vertex 99.75 18.61 17.59
      vertex 100.337 20.0715 16.09
    endloop
  endfacet
  facet normal 0.634713 -0.313839 0.706148
    outer loop
      vertex 102.522 14.4619 17.59
      vertex 102.348 14.11 17.59
      vertex 103.907 13.8879 16.09
    endloop
  endfacet
  facet normal -0.0463563 -0.706347 0.706347
    outer loop
      vertex 99.3584 12.6357 17.59
      vertex 99.75 11.11 16.09
      vertex 99.75 12.61 17.59
    endloop
  endfacet
  facet normal -0.0462957 -0.706341 0.706356
    outer loop
      vertex 99.75 11.11 16.09
      vertex 99.3584 12.6357 17.59
      vertex 99.1626 11.1485 16.09
    endloop
  endfacet
  facet normal 0.670016 0.228387 0.706342
    outer loop
      vertex 103.907 17.3321 16.09
      vertex 102.648 16.3865 17.59
      vertex 104.097 16.7747 16.09
    endloop
  endfacet
  facet normal 0.670531 0.227421 0.706165
    outer loop
      vertex 102.648 16.3865 17.59
      vertex 103.907 17.3321 16.09
      vertex 102.522 16.758 17.59
    endloop
  endfacet
  facet normal -0.670287 -0.227518 0.706364
    outer loop
      vertex 96.9784 14.4619 17.59
      vertex 95.4033 14.4453 16.09
      vertex 95.5925 13.8879 16.09
    endloop
  endfacet
  facet normal -0.588577 -0.393267 0.706341
    outer loop
      vertex 97.1519 14.11 17.59
      vertex 95.8529 13.36 16.09
      vertex 96.1799 12.8706 16.09
    endloop
  endfacet
  facet normal 0.0463093 -0.706352 0.706344
    outer loop
      vertex 100.142 12.6357 17.59
      vertex 99.75 12.61 17.59
      vertex 100.337 11.1485 16.09
    endloop
  endfacet
  facet normal -0.634836 0.313149 0.706343
    outer loop
      vertex 95.8529 17.86 16.09
      vertex 95.5925 17.3321 16.09
      vertex 97.1519 17.11 17.59
    endloop
  endfacet
  facet normal 0.466423 -0.532403 0.706397
    outer loop
      vertex 101.871 13.4887 17.59
      vertex 102.489 12.0399 16.09
      vertex 102.932 12.428 16.09
    endloop
  endfacet
  facet normal 0.466842 -0.532142 0.706317
    outer loop
      vertex 102.489 12.0399 16.09
      vertex 101.871 13.4887 17.59
      vertex 101.576 13.2299 17.59
    endloop
  endfacet
  facet normal 0.0463277 -0.706348 0.706348
    outer loop
      vertex 99.75 12.61 17.59
      vertex 99.75 11.11 16.09
      vertex 100.337 11.1485 16.09
    endloop
  endfacet
  facet normal -0.694286 0.137991 0.706346
    outer loop
      vertex 95.4033 16.7747 16.09
      vertex 96.7757 16.0016 17.59
      vertex 96.8522 16.3865 17.59
    endloop
  endfacet
  facet normal -0.694261 0.138058 0.706358
    outer loop
      vertex 96.7757 16.0016 17.59
      vertex 95.4033 16.7747 16.09
      vertex 95.2885 16.1974 16.09
    endloop
  endfacet
  facet normal 0.63504 0.312768 0.706329
    outer loop
      vertex 103.647 17.86 16.09
      vertex 102.348 17.11 17.59
      vertex 103.907 17.3321 16.09
    endloop
  endfacet
  facet normal -0.393242 -0.5886 0.706336
    outer loop
      vertex 97.9237 13.2299 17.59
      vertex 97.0106 12.0399 16.09
      vertex 98.25 13.0119 17.59
    endloop
  endfacet
  facet normal 0.634737 0.313762 0.706161
    outer loop
      vertex 103.907 17.3321 16.09
      vertex 102.348 17.11 17.59
      vertex 102.522 16.758 17.59
    endloop
  endfacet
  facet normal -0.532105 -0.46681 0.706366
    outer loop
      vertex 97.3699 13.7837 17.59
      vertex 96.568 12.428 16.09
      vertex 97.6287 13.4887 17.59
    endloop
  endfacet
  facet normal -0.532238 -0.4667 0.706338
    outer loop
      vertex 96.568 12.428 16.09
      vertex 97.3699 13.7837 17.59
      vertex 96.1799 12.8706 16.09
    endloop
  endfacet
  facet normal -0.312941 -0.6349 0.706378
    outer loop
      vertex 98.25 13.0119 17.59
      vertex 98.0279 11.4525 16.09
      vertex 98.602 12.8384 17.59
    endloop
  endfacet
  facet normal 0.138309 -0.694257 0.706313
    outer loop
      vertex 100.526 12.7122 17.59
      vertex 100.142 12.6357 17.59
      vertex 100.337 11.1485 16.09
    endloop
  endfacet
  facet normal 0.694041 0.138255 0.706536
    outer loop
      vertex 104.097 16.7747 16.09
      vertex 102.724 16.0016 17.59
      vertex 104.212 16.1974 16.09
    endloop
  endfacet
  facet normal 0.694464 0.137125 0.70634
    outer loop
      vertex 102.724 16.0016 17.59
      vertex 104.097 16.7747 16.09
      vertex 102.648 16.3865 17.59
    endloop
  endfacet
  facet normal -0.706341 0.0462957 0.706356
    outer loop
      vertex 95.25 15.61 16.09
      vertex 96.7757 16.0016 17.59
      vertex 95.2885 16.1974 16.09
    endloop
  endfacet
  facet normal -0.706347 0.0463563 0.706347
    outer loop
      vertex 96.7757 16.0016 17.59
      vertex 95.25 15.61 16.09
      vertex 96.75 15.61 17.59
    endloop
  endfacet
  facet normal 0.137893 0.694271 0.70638
    outer loop
      vertex 100.915 19.9567 16.09
      vertex 100.337 20.0715 16.09
      vertex 100.526 18.5078 17.59
    endloop
  endfacet
  facet normal 0.393494 -0.588436 0.706333
    outer loop
      vertex 102.489 12.0399 16.09
      vertex 101.25 13.0119 17.59
      vertex 102 11.7129 16.09
    endloop
  endfacet
  facet normal 0.0463093 0.706352 0.706344
    outer loop
      vertex 100.337 20.0715 16.09
      vertex 99.75 18.61 17.59
      vertex 100.142 18.5843 17.59
    endloop
  endfacet
  facet normal 0.588577 0.393267 0.706341
    outer loop
      vertex 103.32 18.3494 16.09
      vertex 102.348 17.11 17.59
      vertex 103.647 17.86 16.09
    endloop
  endfacet
  facet normal -0.227515 0.67028 0.706372
    outer loop
      vertex 98.5853 19.9567 16.09
      vertex 98.0279 19.7675 16.09
      vertex 98.602 18.3816 17.59
    endloop
  endfacet
  facet normal 0.706368 -0.0456963 0.706368
    outer loop
      vertex 104.25 15.61 16.09
      vertex 102.75 15.61 17.59
      vertex 104.212 15.0226 16.09
    endloop
  endfacet
  facet normal -0.4667 0.532238 0.706338
    outer loop
      vertex 97.0106 19.1801 16.09
      vertex 96.568 18.792 16.09
      vertex 97.9237 17.9901 17.59
    endloop
  endfacet
  facet normal 0.670346 -0.227297 0.706379
    outer loop
      vertex 102.648 14.8335 17.59
      vertex 102.522 14.4619 17.59
      vertex 104.097 14.4453 16.09
    endloop
  endfacet
  facet normal -0.5886 0.393242 0.706336
    outer loop
      vertex 97.3699 17.4363 17.59
      vertex 96.1799 18.3494 16.09
      vertex 97.1519 17.11 17.59
    endloop
  endfacet
  facet normal -0.588577 0.393267 0.706341
    outer loop
      vertex 96.1799 18.3494 16.09
      vertex 95.8529 17.86 16.09
      vertex 97.1519 17.11 17.59
    endloop
  endfacet
  facet normal 0.53188 0.466972 0.706428
    outer loop
      vertex 102.932 18.792 16.09
      vertex 101.871 17.7313 17.59
      vertex 102.13 17.4363 17.59
    endloop
  endfacet
  facet normal 0.137893 -0.694271 0.70638
    outer loop
      vertex 100.526 12.7122 17.59
      vertex 100.337 11.1485 16.09
      vertex 100.915 11.2633 16.09
    endloop
  endfacet
  facet normal -0.46681 0.532105 0.706366
    outer loop
      vertex 97.9237 17.9901 17.59
      vertex 96.568 18.792 16.09
      vertex 97.6287 17.7313 17.59
    endloop
  endfacet
  facet normal 0.532295 -0.46663 0.706341
    outer loop
      vertex 102.13 13.7837 17.59
      vertex 102.932 12.428 16.09
      vertex 103.32 12.8706 16.09
    endloop
  endfacet
  facet normal 0.53188 -0.466972 0.706428
    outer loop
      vertex 102.932 12.428 16.09
      vertex 102.13 13.7837 17.59
      vertex 101.871 13.4887 17.59
    endloop
  endfacet
  facet normal -0.393238 0.588595 0.706342
    outer loop
      vertex 97.5 19.5071 16.09
      vertex 97.9237 17.9901 17.59
      vertex 98.25 18.2081 17.59
    endloop
  endfacet
  facet normal -0.393269 0.588581 0.706337
    outer loop
      vertex 97.9237 17.9901 17.59
      vertex 97.5 19.5071 16.09
      vertex 97.0106 19.1801 16.09
    endloop
  endfacet
  facet normal 0.532295 0.46663 0.706341
    outer loop
      vertex 102.932 18.792 16.09
      vertex 102.13 17.4363 17.59
      vertex 103.32 18.3494 16.09
    endloop
  endfacet
  facet normal 0.63504 -0.312768 0.706329
    outer loop
      vertex 103.907 13.8879 16.09
      vertex 102.348 14.11 17.59
      vertex 103.647 13.36 16.09
    endloop
  endfacet
  facet normal 0.393494 0.588436 0.706333
    outer loop
      vertex 102 19.5071 16.09
      vertex 101.25 18.2081 17.59
      vertex 102.489 19.1801 16.09
    endloop
  endfacet
  facet normal -0.393267 -0.588577 0.706341
    outer loop
      vertex 98.25 13.0119 17.59
      vertex 97.0106 12.0399 16.09
      vertex 97.5 11.7129 16.09
    endloop
  endfacet
  facet normal -0.694261 -0.138058 0.706358
    outer loop
      vertex 96.7757 15.2184 17.59
      vertex 95.2885 15.0226 16.09
      vertex 95.4033 14.4453 16.09
    endloop
  endfacet
  facet normal 0.312959 0.634938 0.706336
    outer loop
      vertex 102 19.5071 16.09
      vertex 100.898 18.3816 17.59
      vertex 101.25 18.2081 17.59
    endloop
  endfacet
  facet normal 0.227651 -0.670199 0.706405
    outer loop
      vertex 101.472 11.4525 16.09
      vertex 100.526 12.7122 17.59
      vertex 100.915 11.2633 16.09
    endloop
  endfacet
  facet normal 0.670157 -0.228435 0.706192
    outer loop
      vertex 104.097 14.4453 16.09
      vertex 102.522 14.4619 17.59
      vertex 103.907 13.8879 16.09
    endloop
  endfacet
  facet normal 0.393494 -0.588436 0.706333
    outer loop
      vertex 101.576 13.2299 17.59
      vertex 101.25 13.0119 17.59
      vertex 102.489 12.0399 16.09
    endloop
  endfacet
  facet normal 0.5886 -0.393242 0.706336
    outer loop
      vertex 102.348 14.11 17.59
      vertex 102.13 13.7837 17.59
      vertex 103.32 12.8706 16.09
    endloop
  endfacet
  facet normal 0.313102 -0.634862 0.706341
    outer loop
      vertex 102 11.7129 16.09
      vertex 101.25 13.0119 17.59
      vertex 101.472 11.4525 16.09
    endloop
  endfacet
  facet normal -0.670268 -0.227632 0.706346
    outer loop
      vertex 96.8522 14.8335 17.59
      vertex 95.4033 14.4453 16.09
      vertex 96.9784 14.4619 17.59
    endloop
  endfacet
  facet normal -0.532105 0.46681 0.706366
    outer loop
      vertex 97.6287 17.7313 17.59
      vertex 96.568 18.792 16.09
      vertex 97.3699 17.4363 17.59
    endloop
  endfacet
  facet normal 0.466779 0.53207 0.706413
    outer loop
      vertex 102.932 18.792 16.09
      vertex 101.576 17.9901 17.59
      vertex 101.871 17.7313 17.59
    endloop
  endfacet
  facet normal 0.694041 -0.138255 0.706536
    outer loop
      vertex 104.212 15.0226 16.09
      vertex 102.724 15.2184 17.59
      vertex 104.097 14.4453 16.09
    endloop
  endfacet
  facet normal 0.706094 -0.0468806 0.706565
    outer loop
      vertex 102.75 15.61 17.59
      vertex 102.724 15.2184 17.59
      vertex 104.212 15.0226 16.09
    endloop
  endfacet
  facet normal -0.466832 -0.53213 0.706333
    outer loop
      vertex 97.6287 13.4887 17.59
      vertex 97.0106 12.0399 16.09
      vertex 97.9237 13.2299 17.59
    endloop
  endfacet
  facet normal -0.466686 -0.532221 0.70636
    outer loop
      vertex 97.0106 12.0399 16.09
      vertex 97.6287 13.4887 17.59
      vertex 96.568 12.428 16.09
    endloop
  endfacet
  facet normal -0.6349 0.312941 0.706378
    outer loop
      vertex 97.1519 17.11 17.59
      vertex 95.5925 17.3321 16.09
      vertex 96.9784 16.758 17.59
    endloop
  endfacet
  facet normal -0.5886 -0.393242 0.706336
    outer loop
      vertex 97.1519 14.11 17.59
      vertex 96.1799 12.8706 16.09
      vertex 97.3699 13.7837 17.59
    endloop
  endfacet
  facet normal 0.138309 0.694257 0.706313
    outer loop
      vertex 100.337 20.0715 16.09
      vertex 100.142 18.5843 17.59
      vertex 100.526 18.5078 17.59
    endloop
  endfacet
  facet normal -0.137989 0.694273 0.70636
    outer loop
      vertex 99.1626 20.0715 16.09
      vertex 98.9735 18.5078 17.59
      vertex 99.3584 18.5843 17.59
    endloop
  endfacet
  facet normal -0.137989 -0.694273 0.70636
    outer loop
      vertex 99.3584 12.6357 17.59
      vertex 98.9735 12.7122 17.59
      vertex 99.1626 11.1485 16.09
    endloop
  endfacet
  facet normal -0.312959 0.634938 0.706336
    outer loop
      vertex 98.602 18.3816 17.59
      vertex 97.5 19.5071 16.09
      vertex 98.25 18.2081 17.59
    endloop
  endfacet
  facet normal 0.22739 0.670278 0.706414
    outer loop
      vertex 100.915 19.9567 16.09
      vertex 100.526 18.5078 17.59
      vertex 100.898 18.3816 17.59
    endloop
  endfacet
  facet normal -0.0463563 0.706347 0.706347
    outer loop
      vertex 99.75 20.11 16.09
      vertex 99.3584 18.5843 17.59
      vertex 99.75 18.61 17.59
    endloop
  endfacet
  facet normal -0.0462957 0.706341 0.706356
    outer loop
      vertex 99.3584 18.5843 17.59
      vertex 99.75 20.11 16.09
      vertex 99.1626 20.0715 16.09
    endloop
  endfacet
  facet normal -0.227687 0.670252 0.706344
    outer loop
      vertex 98.9735 18.5078 17.59
      vertex 98.5853 19.9567 16.09
      vertex 98.602 18.3816 17.59
    endloop
  endfacet
  facet normal -0.313137 0.634811 0.706371
    outer loop
      vertex 98.0279 19.7675 16.09
      vertex 97.5 19.5071 16.09
      vertex 98.602 18.3816 17.59
    endloop
  endfacet
  facet normal -0.313149 -0.634836 0.706343
    outer loop
      vertex 98.25 13.0119 17.59
      vertex 97.5 11.7129 16.09
      vertex 98.0279 11.4525 16.09
    endloop
  endfacet
  facet normal 0.227663 0.670233 0.706369
    outer loop
      vertex 100.915 19.9567 16.09
      vertex 100.898 18.3816 17.59
      vertex 101.472 19.7675 16.09
    endloop
  endfacet
  facet normal 0.313093 0.634843 0.706362
    outer loop
      vertex 101.472 19.7675 16.09
      vertex 100.898 18.3816 17.59
      vertex 102 19.5071 16.09
    endloop
  endfacet
  facet normal -0.634876 -0.313018 0.706365
    outer loop
      vertex 96.9784 14.4619 17.59
      vertex 95.5925 13.8879 16.09
      vertex 97.1519 14.11 17.59
    endloop
  endfacet
  facet normal 0.694464 -0.137125 0.70634
    outer loop
      vertex 102.724 15.2184 17.59
      vertex 102.648 14.8335 17.59
      vertex 104.097 14.4453 16.09
    endloop
  endfacet
  facet normal 0.227407 -0.670329 0.70636
    outer loop
      vertex 100.898 12.8384 17.59
      vertex 100.526 12.7122 17.59
      vertex 101.472 11.4525 16.09
    endloop
  endfacet
  facet normal -0.706347 -0.0463563 0.706347
    outer loop
      vertex 95.25 15.61 16.09
      vertex 96.7757 15.2184 17.59
      vertex 96.75 15.61 17.59
    endloop
  endfacet
  facet normal -0.706341 -0.0462957 0.706356
    outer loop
      vertex 96.7757 15.2184 17.59
      vertex 95.25 15.61 16.09
      vertex 95.2885 15.0226 16.09
    endloop
  endfacet
  facet normal -0.227522 -0.670301 0.706349
    outer loop
      vertex 98.9735 12.7122 17.59
      vertex 98.0279 11.4525 16.09
      vertex 98.5853 11.2633 16.09
    endloop
  endfacet
  facet normal -0.227676 -0.67022 0.706378
    outer loop
      vertex 98.602 12.8384 17.59
      vertex 98.0279 11.4525 16.09
      vertex 98.9735 12.7122 17.59
    endloop
  endfacet
  facet normal 0.588577 -0.393267 0.706341
    outer loop
      vertex 103.647 13.36 16.09
      vertex 102.348 14.11 17.59
      vertex 103.32 12.8706 16.09
    endloop
  endfacet
  facet normal -0.694286 -0.137991 0.706346
    outer loop
      vertex 96.7757 15.2184 17.59
      vertex 95.4033 14.4453 16.09
      vertex 96.8522 14.8335 17.59
    endloop
  endfacet
  facet normal 0.706094 0.0468806 0.706565
    outer loop
      vertex 104.212 16.1974 16.09
      vertex 102.724 16.0016 17.59
      vertex 102.75 15.61 17.59
    endloop
  endfacet
  facet normal 0.195379 -0.980728 0
    outer loop
      vertex 100.142 12.6357 17.59
      vertex 100.526 12.7122 19.9107
      vertex 100.142 12.6357 19.9357
    endloop
  endfacet
  facet normal 0.195379 -0.980728 0
    outer loop
      vertex 100.526 12.7122 19.9107
      vertex 100.142 12.6357 17.59
      vertex 100.526 12.7122 17.59
    endloop
  endfacet
  facet normal 0.981058 0.193714 0
    outer loop
      vertex 102.724 16.0016 21.4356
      vertex 102.648 16.3865 17.59
      vertex 102.648 16.3865 21.6634
    endloop
  endfacet
  facet normal 0.981058 0.193714 0
    outer loop
      vertex 102.648 16.3865 17.59
      vertex 102.724 16.0016 21.4356
      vertex 102.724 16.0016 17.59
    endloop
  endfacet
  facet normal 0.997803 0.0662484 0
    outer loop
      vertex 102.75 15.61 21.2087
      vertex 102.724 16.0016 17.59
      vertex 102.724 16.0016 21.4356
    endloop
  endfacet
  facet normal 0.997803 0.0662484 0
    outer loop
      vertex 102.724 16.0016 17.59
      vertex 102.75 15.61 21.2087
      vertex 102.75 15.61 17.59
    endloop
  endfacet
  facet normal 0.947013 0.321194 0
    outer loop
      vertex 102.648 16.3865 21.6634
      vertex 102.522 16.758 17.59
      vertex 102.522 16.758 21.8884
    endloop
  endfacet
  facet normal 0.947013 0.321194 0
    outer loop
      vertex 102.522 16.758 17.59
      vertex 102.648 16.3865 21.6634
      vertex 102.648 16.3865 17.59
    endloop
  endfacet
  facet normal 0.321264 0.94699 -0
    outer loop
      vertex 100.898 18.3816 17.59
      vertex 100.526 18.5078 22.59
      vertex 100.898 18.3816 22.59
    endloop
  endfacet
  facet normal 0.321264 0.94699 0
    outer loop
      vertex 100.526 18.5078 22.59
      vertex 100.898 18.3816 17.59
      vertex 100.526 18.5078 17.59
    endloop
  endfacet
  facet normal 0.44211 0.896961 -0
    outer loop
      vertex 101.25 18.2081 17.59
      vertex 100.898 18.3816 22.59
      vertex 101.25 18.2081 22.59
    endloop
  endfacet
  facet normal 0.44211 0.896961 0
    outer loop
      vertex 100.898 18.3816 22.59
      vertex 101.25 18.2081 17.59
      vertex 100.898 18.3816 17.59
    endloop
  endfacet
  facet normal -0.321651 0.946858 0
    outer loop
      vertex 98.9735 18.5078 17.59
      vertex 98.602 18.3816 22.59
      vertex 98.9735 18.5078 22.59
    endloop
  endfacet
  facet normal -0.321651 0.946858 0
    outer loop
      vertex 98.602 18.3816 22.59
      vertex 98.9735 18.5078 17.59
      vertex 98.602 18.3816 17.59
    endloop
  endfacet
  facet normal -0.659478 0.751724 0
    outer loop
      vertex 97.9237 17.9901 17.59
      vertex 97.6287 17.7313 22.59
      vertex 97.9237 17.9901 22.59
    endloop
  endfacet
  facet normal -0.659478 0.751724 0
    outer loop
      vertex 97.6287 17.7313 22.59
      vertex 97.9237 17.9901 17.59
      vertex 97.6287 17.7313 17.59
    endloop
  endfacet
  facet normal -0.44211 -0.896961 0
    outer loop
      vertex 98.25 13.0119 17.59
      vertex 98.602 12.8384 20.255
      vertex 98.25 13.0119 20.3962
    endloop
  endfacet
  facet normal -0.44211 -0.896961 -0
    outer loop
      vertex 98.602 12.8384 20.255
      vertex 98.25 13.0119 17.59
      vertex 98.602 12.8384 17.59
    endloop
  endfacet
  facet normal 0.897235 0.441553 0
    outer loop
      vertex 102.398 17.0084 22.0435
      vertex 102.348 17.11 17.59
      vertex 102.348 17.11 22.1065
    endloop
  endfacet
  facet normal 0.896154 0.443744 6.21253e-05
    outer loop
      vertex 102.522 16.758 21.8884
      vertex 102.348 17.11 17.59
      vertex 102.398 17.0084 22.0435
    endloop
  endfacet
  facet normal 0.896455 0.443134 0
    outer loop
      vertex 102.348 17.11 17.59
      vertex 102.522 16.758 21.8884
      vertex 102.522 16.758 17.59
    endloop
  endfacet
  facet normal -0.0654873 -0.997853 0
    outer loop
      vertex 99.3584 12.6357 17.59
      vertex 99.75 12.61 19.9802
      vertex 99.3584 12.6357 20.0434
    endloop
  endfacet
  facet normal -0.0654873 -0.997853 -0
    outer loop
      vertex 99.75 12.61 19.9802
      vertex 99.3584 12.6357 17.59
      vertex 99.75 12.61 17.59
    endloop
  endfacet
  facet normal 0.981058 -0.193714 0
    outer loop
      vertex 102.648 14.8335 20.7733
      vertex 102.724 15.2184 17.59
      vertex 102.724 15.2184 20.9867
    endloop
  endfacet
  facet normal 0.981058 -0.193714 0
    outer loop
      vertex 102.724 15.2184 17.59
      vertex 102.648 14.8335 20.7733
      vertex 102.648 14.8335 17.59
    endloop
  endfacet
  facet normal 0.751471 0.659766 0
    outer loop
      vertex 102.13 17.4363 22.3347
      vertex 101.871 17.7313 17.59
      vertex 101.871 17.7313 22.5894
    endloop
  endfacet
  facet normal 0.751471 0.659766 0
    outer loop
      vertex 101.871 17.7313 17.59
      vertex 102.13 17.4363 22.3347
      vertex 102.13 17.4363 17.59
    endloop
  endfacet
  facet normal 0.659478 -0.751724 0
    outer loop
      vertex 101.871 13.4887 17.59
      vertex 101.576 13.2299 19.9552
      vertex 101.576 13.2299 17.59
    endloop
  endfacet
  facet normal 0.659478 -0.751724 0
    outer loop
      vertex 101.576 13.2299 19.9552
      vertex 101.871 13.4887 17.59
      vertex 101.871 13.4887 20.0757
    endloop
  endfacet
  facet normal -0.321651 -0.946858 0
    outer loop
      vertex 98.602 12.8384 17.59
      vertex 98.9735 12.7122 20.1279
      vertex 98.602 12.8384 20.255
    endloop
  endfacet
  facet normal -0.321651 -0.946858 -0
    outer loop
      vertex 98.9735 12.7122 20.1279
      vertex 98.602 12.8384 17.59
      vertex 98.9735 12.7122 17.59
    endloop
  endfacet
  facet normal 0.555877 -0.831265 0
    outer loop
      vertex 101.576 13.2299 17.59
      vertex 101.25 13.0119 19.9203
      vertex 101.25 13.0119 17.59
    endloop
  endfacet
  facet normal 0.555418 -0.831572 -9.29074e-05
    outer loop
      vertex 101.25 13.0119 19.9203
      vertex 101.576 13.2299 17.59
      vertex 101.574 13.2283 19.9545
    endloop
  endfacet
  facet normal 0.624695 -0.780869 0
    outer loop
      vertex 101.574 13.2283 19.9545
      vertex 101.576 13.2299 17.59
      vertex 101.576 13.2299 19.9552
    endloop
  endfacet
  facet normal 0.643944 0.733512 0.217476
    outer loop
      vertex 101.871 17.7313 22.5894
      vertex 101.576 17.9901 22.59
      vertex 101.87 17.732 22.59
    endloop
  endfacet
  facet normal 0.659478 0.751724 -0
    outer loop
      vertex 101.871 17.7313 17.59
      vertex 101.576 17.9901 22.59
      vertex 101.871 17.7313 22.5894
    endloop
  endfacet
  facet normal 0.659478 0.751724 0
    outer loop
      vertex 101.576 17.9901 22.59
      vertex 101.871 17.7313 17.59
      vertex 101.576 17.9901 17.59
    endloop
  endfacet
  facet normal -0.831502 -0.555522 0
    outer loop
      vertex 97.1519 14.11 17.59
      vertex 97.3079 13.8765 20.8612
      vertex 97.1519 14.11 21.0098
    endloop
  endfacet
  facet normal -0.831258 -0.555887 -3.7684e-05
    outer loop
      vertex 97.1519 14.11 17.59
      vertex 97.3614 13.7965 20.8247
      vertex 97.3079 13.8765 20.8612
    endloop
  endfacet
  facet normal -0.831501 -0.555523 -0
    outer loop
      vertex 97.3699 13.7837 20.8189
      vertex 97.1519 14.11 17.59
      vertex 97.3699 13.7837 17.59
    endloop
  endfacet
  facet normal -0.832982 -0.553299 0.000324733
    outer loop
      vertex 97.1519 14.11 17.59
      vertex 97.3699 13.7837 20.8189
      vertex 97.3614 13.7965 20.8247
    endloop
  endfacet
  facet normal 0 0 1
    outer loop
      vertex 101.211 17.6983 22.59
      vertex 101.576 17.9901 22.59
      vertex 101.25 18.2081 22.59
    endloop
  endfacet
  facet normal 0 0 1
    outer loop
      vertex 101.576 17.9901 22.59
      vertex 101.211 17.6983 22.59
      vertex 101.87 17.732 22.59
    endloop
  endfacet
  facet normal 0 0 1
    outer loop
      vertex 100.898 18.3816 22.59
      vertex 101.211 17.6983 22.59
      vertex 101.25 18.2081 22.59
    endloop
  endfacet
  facet normal 0 0 1
    outer loop
      vertex 100.898 18.3816 22.59
      vertex 100.612 17.6677 22.59
      vertex 101.211 17.6983 22.59
    endloop
  endfacet
  facet normal 0 0 1
    outer loop
      vertex 100.526 18.5078 22.59
      vertex 100.612 17.6677 22.59
      vertex 100.898 18.3816 22.59
    endloop
  endfacet
  facet normal 0 0 1
    outer loop
      vertex 100.612 17.6677 22.59
      vertex 100.526 18.5078 22.59
      vertex 100.568 17.6604 22.59
    endloop
  endfacet
  facet normal 0 0 1
    outer loop
      vertex 100.142 18.5843 22.59
      vertex 100.568 17.6604 22.59
      vertex 100.526 18.5078 22.59
    endloop
  endfacet
  facet normal 0 0 1
    outer loop
      vertex 99.75 18.61 22.59
      vertex 100.568 17.6604 22.59
      vertex 100.142 18.5843 22.59
    endloop
  endfacet
  facet normal 0 0 1
    outer loop
      vertex 99.75 18.61 22.59
      vertex 99.4244 17.265 22.59
      vertex 100.568 17.6604 22.59
    endloop
  endfacet
  facet normal -0 0 1
    outer loop
      vertex 99.3584 18.5843 22.59
      vertex 99.4244 17.265 22.59
      vertex 99.75 18.61 22.59
    endloop
  endfacet
  facet normal -0 0 1
    outer loop
      vertex 98.9735 18.5078 22.59
      vertex 99.4244 17.265 22.59
      vertex 99.3584 18.5843 22.59
    endloop
  endfacet
  facet normal 0 0 1
    outer loop
      vertex 99.4244 17.265 22.59
      vertex 98.9735 18.5078 22.59
      vertex 99.2918 17.2191 22.59
    endloop
  endfacet
  facet normal -0 0 1
    outer loop
      vertex 98.602 18.3816 22.59
      vertex 99.2918 17.2191 22.59
      vertex 98.9735 18.5078 22.59
    endloop
  endfacet
  facet normal -0 0 1
    outer loop
      vertex 98.25 18.2081 22.59
      vertex 99.2918 17.2191 22.59
      vertex 98.602 18.3816 22.59
    endloop
  endfacet
  facet normal -0 0 1
    outer loop
      vertex 97.9237 17.9901 22.59
      vertex 99.2918 17.2191 22.59
      vertex 98.25 18.2081 22.59
    endloop
  endfacet
  facet normal -0 0 1
    outer loop
      vertex 97.6287 17.7313 22.59
      vertex 99.2918 17.2191 22.59
      vertex 97.9237 17.9901 22.59
    endloop
  endfacet
  facet normal -0 0 1
    outer loop
      vertex 97.3699 17.4363 22.59
      vertex 99.2918 17.2191 22.59
      vertex 97.6287 17.7313 22.59
    endloop
  endfacet
  facet normal 0 0 1
    outer loop
      vertex 97.1519 17.11 22.59
      vertex 99.2918 17.2191 22.59
      vertex 97.3699 17.4363 22.59
    endloop
  endfacet
  facet normal 0 0 1
    outer loop
      vertex 99.2918 17.2191 22.59
      vertex 97.1519 17.11 22.59
      vertex 97.0214 16.8452 22.59
    endloop
  endfacet
  facet normal 0.896405 -0.443235 0
    outer loop
      vertex 102.348 14.11 20.3868
      vertex 102.522 14.4619 17.59
      vertex 102.522 14.4619 20.5722
    endloop
  endfacet
  facet normal 0.896405 -0.443235 0
    outer loop
      vertex 102.522 14.4619 17.59
      vertex 102.348 14.11 20.3868
      vertex 102.348 14.11 17.59
    endloop
  endfacet
  facet normal 0.831501 -0.555523 0
    outer loop
      vertex 102.13 13.7837 20.2204
      vertex 102.348 14.11 17.59
      vertex 102.348 14.11 20.3868
    endloop
  endfacet
  facet normal 0.831501 -0.555523 0
    outer loop
      vertex 102.348 14.11 17.59
      vertex 102.13 13.7837 20.2204
      vertex 102.13 13.7837 17.59
    endloop
  endfacet
  facet normal -0.44211 0.896961 0
    outer loop
      vertex 98.602 18.3816 17.59
      vertex 98.25 18.2081 22.59
      vertex 98.602 18.3816 22.59
    endloop
  endfacet
  facet normal -0.44211 0.896961 0
    outer loop
      vertex 98.25 18.2081 22.59
      vertex 98.602 18.3816 17.59
      vertex 98.25 18.2081 17.59
    endloop
  endfacet
  facet normal 0.195379 0.980728 -0
    outer loop
      vertex 100.526 18.5078 17.59
      vertex 100.142 18.5843 22.59
      vertex 100.526 18.5078 22.59
    endloop
  endfacet
  facet normal 0.195379 0.980728 0
    outer loop
      vertex 100.142 18.5843 22.59
      vertex 100.526 18.5078 17.59
      vertex 100.142 18.5843 17.59
    endloop
  endfacet
  facet normal -0.997853 -0.0654873 -0
    outer loop
      vertex 96.7757 15.2184 21.6807
      vertex 96.75 15.61 17.59
      vertex 96.7757 15.2184 17.59
    endloop
  endfacet
  facet normal -0.997853 -0.0654873 0
    outer loop
      vertex 96.75 15.61 17.59
      vertex 96.7757 15.2184 21.6807
      vertex 96.75 15.61 21.9076
    endloop
  endfacet
  facet normal 0.829396 0.558661 0
    outer loop
      vertex 102.169 17.3784 22.2852
      vertex 102.13 17.4363 17.59
      vertex 102.13 17.4363 22.3347
    endloop
  endfacet
  facet normal 0.835491 0.549504 -0.000163546
    outer loop
      vertex 102.193 17.3419 22.254
      vertex 102.13 17.4363 17.59
      vertex 102.169 17.3784 22.2852
    endloop
  endfacet
  facet normal 0.831393 0.555685 1.69237e-05
    outer loop
      vertex 102.348 17.11 22.1065
      vertex 102.13 17.4363 17.59
      vertex 102.193 17.3419 22.254
    endloop
  endfacet
  facet normal 0.831501 0.555523 0
    outer loop
      vertex 102.13 17.4363 17.59
      vertex 102.348 17.11 22.1065
      vertex 102.348 17.11 17.59
    endloop
  endfacet
  facet normal 0.321264 -0.94699 0
    outer loop
      vertex 100.526 12.7122 17.59
      vertex 100.898 12.8384 19.9055
      vertex 100.526 12.7122 19.9107
    endloop
  endfacet
  facet normal 0.321264 -0.94699 0
    outer loop
      vertex 100.898 12.8384 19.9055
      vertex 100.526 12.7122 17.59
      vertex 100.898 12.8384 17.59
    endloop
  endfacet
  facet normal -0.946885 -0.321574 -0
    outer loop
      vertex 96.9784 14.4619 21.2279
      vertex 96.8522 14.8335 17.59
      vertex 96.9784 14.4619 17.59
    endloop
  endfacet
  facet normal -0.946885 -0.321574 0
    outer loop
      vertex 96.8522 14.8335 17.59
      vertex 96.9784 14.4619 21.2279
      vertex 96.8522 14.8335 21.4528
    endloop
  endfacet
  facet normal -0.831501 0.555523 0
    outer loop
      vertex 97.1519 17.11 17.59
      vertex 97.3699 17.4363 22.59
      vertex 97.3699 17.4363 17.59
    endloop
  endfacet
  facet normal -0.831501 0.555523 0
    outer loop
      vertex 97.3699 17.4363 22.59
      vertex 97.1519 17.11 17.59
      vertex 97.1519 17.11 22.59
    endloop
  endfacet
  facet normal 0.997803 -0.0662484 0
    outer loop
      vertex 102.724 15.2184 20.9867
      vertex 102.75 15.61 17.59
      vertex 102.75 15.61 21.2087
    endloop
  endfacet
  facet normal 0.997803 -0.0662484 0
    outer loop
      vertex 102.75 15.61 17.59
      vertex 102.724 15.2184 20.9867
      vertex 102.724 15.2184 17.59
    endloop
  endfacet
  facet normal -0.555523 0.831501 0
    outer loop
      vertex 98.25 18.2081 17.59
      vertex 97.9237 17.9901 22.59
      vertex 98.25 18.2081 22.59
    endloop
  endfacet
  facet normal -0.555523 0.831501 0
    outer loop
      vertex 97.9237 17.9901 22.59
      vertex 98.25 18.2081 17.59
      vertex 97.9237 17.9901 17.59
    endloop
  endfacet
  facet normal -0.896781 -0.442475 0
    outer loop
      vertex 96.9784 14.4619 17.59
      vertex 96.9971 14.424 21.2044
      vertex 96.9784 14.4619 21.2279
    endloop
  endfacet
  facet normal -0.896911 -0.442211 -0
    outer loop
      vertex 97.1519 14.11 21.0098
      vertex 96.9784 14.4619 17.59
      vertex 97.1519 14.11 17.59
    endloop
  endfacet
  facet normal -0.896926 -0.442181 3.83175e-06
    outer loop
      vertex 96.9784 14.4619 17.59
      vertex 97.1519 14.11 21.0098
      vertex 96.9971 14.424 21.2044
    endloop
  endfacet
  facet normal 0.751471 -0.659766 0
    outer loop
      vertex 101.871 13.4887 20.0757
      vertex 102.13 13.7837 17.59
      vertex 102.13 13.7837 20.2204
    endloop
  endfacet
  facet normal 0.751471 -0.659766 0
    outer loop
      vertex 102.13 13.7837 17.59
      vertex 101.871 13.4887 20.0757
      vertex 101.871 13.4887 17.59
    endloop
  endfacet
  facet normal -0.551563 -0.834027 0.0132988
    outer loop
      vertex 97.9237 13.2299 20.5412
      vertex 98.0453 13.1487 20.4921
      vertex 98.0142 13.1695 20.5067
    endloop
  endfacet
  facet normal -0.555331 -0.831629 0
    outer loop
      vertex 97.9237 13.2299 17.59
      vertex 98.0453 13.1487 20.4921
      vertex 97.9237 13.2299 20.5412
    endloop
  endfacet
  facet normal -0.555631 -0.831429 1.81736e-05
    outer loop
      vertex 98.0453 13.1487 20.4921
      vertex 97.9237 13.2299 17.59
      vertex 98.25 13.0119 20.3962
    endloop
  endfacet
  facet normal -0.555523 -0.831501 -0
    outer loop
      vertex 98.25 13.0119 20.3962
      vertex 97.9237 13.2299 17.59
      vertex 98.25 13.0119 17.59
    endloop
  endfacet
  facet normal -0.659478 -0.751724 0
    outer loop
      vertex 97.6287 13.4887 17.59
      vertex 97.9237 13.2299 20.5412
      vertex 97.6287 13.4887 20.6759
    endloop
  endfacet
  facet normal -0.659478 -0.751724 -0
    outer loop
      vertex 97.9237 13.2299 20.5412
      vertex 97.6287 13.4887 17.59
      vertex 97.9237 13.2299 17.59
    endloop
  endfacet
  facet normal -0.19533 -0.980738 1.63779e-05
    outer loop
      vertex 98.9735 12.7122 17.59
      vertex 99.0912 12.6888 20.0995
      vertex 99.0671 12.6936 20.1046
    endloop
  endfacet
  facet normal -0.19451 -0.980901 -1.53508e-05
    outer loop
      vertex 98.9735 12.7122 17.59
      vertex 99.0671 12.6936 20.1046
      vertex 99.0202 12.7029 20.1144
    endloop
  endfacet
  facet normal -0.195308 -0.980742 0
    outer loop
      vertex 98.9735 12.7122 17.59
      vertex 99.0202 12.7029 20.1144
      vertex 98.9735 12.7122 20.1279
    endloop
  endfacet
  facet normal -0.194917 -0.98082 -3.78051e-06
    outer loop
      vertex 99.0912 12.6888 20.0995
      vertex 98.9735 12.7122 17.59
      vertex 99.3584 12.6357 20.0434
    endloop
  endfacet
  facet normal -0.19494 -0.980815 -0
    outer loop
      vertex 99.3584 12.6357 20.0434
      vertex 98.9735 12.7122 17.59
      vertex 99.3584 12.6357 17.59
    endloop
  endfacet
  facet normal -0.0654873 0.997853 0
    outer loop
      vertex 99.75 18.61 17.59
      vertex 99.3584 18.5843 22.59
      vertex 99.75 18.61 22.59
    endloop
  endfacet
  facet normal -0.0654873 0.997853 0
    outer loop
      vertex 99.3584 18.5843 22.59
      vertex 99.75 18.61 17.59
      vertex 99.3584 18.5843 17.59
    endloop
  endfacet
  facet normal -0.980815 0.19494 0
    outer loop
      vertex 96.7757 16.0016 22.1296
      vertex 96.8522 16.3865 17.59
      vertex 96.7757 16.0016 17.59
    endloop
  endfacet
  facet normal -0.980815 0.19494 0
    outer loop
      vertex 96.8522 16.3865 17.59
      vertex 96.7757 16.0016 22.1296
      vertex 96.8522 16.3865 22.343
    endloop
  endfacet
  facet normal 0.94704 -0.321117 0
    outer loop
      vertex 102.522 14.4619 20.5722
      vertex 102.648 14.8335 17.59
      vertex 102.648 14.8335 20.7733
    endloop
  endfacet
  facet normal 0.94704 -0.321117 0
    outer loop
      vertex 102.648 14.8335 17.59
      vertex 102.522 14.4619 20.5722
      vertex 102.522 14.4619 17.59
    endloop
  endfacet
  facet normal 0.555877 0.831265 -0
    outer loop
      vertex 101.576 17.9901 17.59
      vertex 101.25 18.2081 22.59
      vertex 101.576 17.9901 22.59
    endloop
  endfacet
  facet normal 0.555877 0.831265 0
    outer loop
      vertex 101.25 18.2081 22.59
      vertex 101.576 17.9901 17.59
      vertex 101.25 18.2081 17.59
    endloop
  endfacet
  facet normal -0.997853 0.0654873 0
    outer loop
      vertex 96.75 15.61 21.9076
      vertex 96.7757 16.0016 17.59
      vertex 96.75 15.61 17.59
    endloop
  endfacet
  facet normal -0.997853 0.0654873 0
    outer loop
      vertex 96.7757 16.0016 17.59
      vertex 96.75 15.61 21.9076
      vertex 96.7757 16.0016 22.1296
    endloop
  endfacet
  facet normal 0.441814 -0.897107 -5.58559e-05
    outer loop
      vertex 101.25 13.0119 17.59
      vertex 101.244 13.0088 19.92
      vertex 100.898 12.8384 19.9055
    endloop
  endfacet
  facet normal 0.44211 -0.896961 0
    outer loop
      vertex 101.25 13.0119 17.59
      vertex 100.898 12.8384 19.9055
      vertex 100.898 12.8384 17.59
    endloop
  endfacet
  facet normal 0.45902 -0.888426 0
    outer loop
      vertex 101.244 13.0088 19.92
      vertex 101.25 13.0119 17.59
      vertex 101.25 13.0119 19.9203
    endloop
  endfacet
  facet normal -0.19494 0.980815 0
    outer loop
      vertex 99.3584 18.5843 17.59
      vertex 98.9735 18.5078 22.59
      vertex 99.3584 18.5843 22.59
    endloop
  endfacet
  facet normal -0.19494 0.980815 0
    outer loop
      vertex 98.9735 18.5078 22.59
      vertex 99.3584 18.5843 17.59
      vertex 98.9735 18.5078 17.59
    endloop
  endfacet
  facet normal -0.980815 -0.19494 -0
    outer loop
      vertex 96.8522 14.8335 21.4528
      vertex 96.7757 15.2184 17.59
      vertex 96.8522 14.8335 17.59
    endloop
  endfacet
  facet normal -0.980815 -0.19494 0
    outer loop
      vertex 96.7757 15.2184 17.59
      vertex 96.8522 14.8335 21.4528
      vertex 96.7757 15.2184 21.6807
    endloop
  endfacet
  facet normal 0.0654208 0.997858 -0
    outer loop
      vertex 100.142 18.5843 17.59
      vertex 99.75 18.61 22.59
      vertex 100.142 18.5843 22.59
    endloop
  endfacet
  facet normal 0.0654208 0.997858 0
    outer loop
      vertex 99.75 18.61 22.59
      vertex 100.142 18.5843 17.59
      vertex 99.75 18.61 17.59
    endloop
  endfacet
  facet normal -0.751724 0.659478 0
    outer loop
      vertex 97.3699 17.4363 17.59
      vertex 97.6287 17.7313 22.59
      vertex 97.6287 17.7313 17.59
    endloop
  endfacet
  facet normal -0.751724 0.659478 0
    outer loop
      vertex 97.6287 17.7313 22.59
      vertex 97.3699 17.4363 17.59
      vertex 97.3699 17.4363 22.59
    endloop
  endfacet
  facet normal -0.946858 0.321651 0
    outer loop
      vertex 96.8522 16.3865 22.343
      vertex 96.9784 16.758 17.59
      vertex 96.8522 16.3865 17.59
    endloop
  endfacet
  facet normal -0.946858 0.321651 0
    outer loop
      vertex 96.9784 16.758 17.59
      vertex 96.8522 16.3865 22.343
      vertex 96.9784 16.758 22.5441
    endloop
  endfacet
  facet normal -0.896961 0.44211 0
    outer loop
      vertex 96.9784 16.758 22.5441
      vertex 97.1519 17.11 22.59
      vertex 97.1519 17.11 17.59
    endloop
  endfacet
  facet normal -0.896961 0.44211 0
    outer loop
      vertex 96.9784 16.758 22.5441
      vertex 97.1519 17.11 17.59
      vertex 96.9784 16.758 17.59
    endloop
  endfacet
  facet normal -0.896987 0.442057 0.000501839
    outer loop
      vertex 97.1519 17.11 22.59
      vertex 96.9784 16.758 22.5441
      vertex 97.0214 16.8452 22.59
    endloop
  endfacet
  facet normal 0.0654208 -0.997858 0
    outer loop
      vertex 99.75 12.61 17.59
      vertex 100.142 12.6357 19.9357
      vertex 99.75 12.61 19.9802
    endloop
  endfacet
  facet normal 0.0654208 -0.997858 0
    outer loop
      vertex 100.142 12.6357 19.9357
      vertex 99.75 12.61 17.59
      vertex 100.142 12.6357 17.59
    endloop
  endfacet
  facet normal -0.751762 -0.659435 0
    outer loop
      vertex 97.3699 13.7837 17.59
      vertex 97.6056 13.515 20.6887
      vertex 97.3699 13.7837 20.8189
    endloop
  endfacet
  facet normal -0.751724 -0.659478 -0
    outer loop
      vertex 97.6287 13.4887 20.6759
      vertex 97.3699 13.7837 17.59
      vertex 97.6287 13.4887 17.59
    endloop
  endfacet
  facet normal -0.751354 -0.6599 -7.13004e-05
    outer loop
      vertex 97.3699 13.7837 17.59
      vertex 97.6287 13.4887 20.6759
      vertex 97.6056 13.515 20.6887
    endloop
  endfacet
  facet normal 0.980796 0.195038 0
    outer loop
      vertex 93.8815 -27.7526 10.68
      vertex 93.7667 -27.1753 2.5
      vertex 93.7667 -27.1753 10.68
    endloop
  endfacet
  facet normal 0.980796 0.195038 0
    outer loop
      vertex 93.7667 -27.1753 2.5
      vertex 93.8815 -27.7526 10.68
      vertex 93.8815 -27.7526 2.5
    endloop
  endfacet
  facet normal 0.997859 0.0654027 0
    outer loop
      vertex 93.92 -28.34 10.68
      vertex 93.8815 -27.7526 2.5
      vertex 93.8815 -27.7526 10.68
    endloop
  endfacet
  facet normal 0.997859 0.0654027 0
    outer loop
      vertex 93.8815 -27.7526 2.5
      vertex 93.92 -28.34 10.68
      vertex 93.92 -28.34 2.5
    endloop
  endfacet
  facet normal 0.946936 0.321421 0
    outer loop
      vertex 93.7667 -27.1753 10.68
      vertex 93.5775 -26.6179 2.5
      vertex 93.5775 -26.6179 10.68
    endloop
  endfacet
  facet normal 0.946936 0.321421 0
    outer loop
      vertex 93.5775 -26.6179 2.5
      vertex 93.7667 -27.1753 10.68
      vertex 93.7667 -27.1753 2.5
    endloop
  endfacet
  facet normal -0.321421 -0.946936 0
    outer loop
      vertex 87.6979 -32.4975 2.5
      vertex 88.2553 -32.6867 10.68
      vertex 87.6979 -32.4975 10.68
    endloop
  endfacet
  facet normal -0.321421 -0.946936 -0
    outer loop
      vertex 88.2553 -32.6867 10.68
      vertex 87.6979 -32.4975 2.5
      vertex 88.2553 -32.6867 2.5
    endloop
  endfacet
  facet normal -0.0654027 0.997859 0
    outer loop
      vertex 89.42 -23.84 2.5
      vertex 88.8326 -23.8785 10.68
      vertex 89.42 -23.84 10.68
    endloop
  endfacet
  facet normal -0.0654027 0.997859 0
    outer loop
      vertex 88.8326 -23.8785 10.68
      vertex 89.42 -23.84 2.5
      vertex 88.8326 -23.8785 2.5
    endloop
  endfacet
  facet normal 0.0654027 0.997859 -0
    outer loop
      vertex 90.0074 -23.8785 2.5
      vertex 89.42 -23.84 10.68
      vertex 90.0074 -23.8785 10.68
    endloop
  endfacet
  facet normal 0.0654027 0.997859 0
    outer loop
      vertex 89.42 -23.84 10.68
      vertex 90.0074 -23.8785 2.5
      vertex 89.42 -23.84 2.5
    endloop
  endfacet
  facet normal 0.195038 -0.980796 0
    outer loop
      vertex 90.0074 -32.8015 2.5
      vertex 90.5847 -32.6867 10.68
      vertex 90.0074 -32.8015 10.68
    endloop
  endfacet
  facet normal 0.195038 -0.980796 0
    outer loop
      vertex 90.5847 -32.6867 10.68
      vertex 90.0074 -32.8015 2.5
      vertex 90.5847 -32.6867 2.5
    endloop
  endfacet
  facet normal -0.195038 0.980796 0
    outer loop
      vertex 88.8326 -23.8785 2.5
      vertex 88.2553 -23.9933 10.68
      vertex 88.8326 -23.8785 10.68
    endloop
  endfacet
  facet normal -0.195038 0.980796 0
    outer loop
      vertex 88.2553 -23.9933 10.68
      vertex 88.8326 -23.8785 2.5
      vertex 88.2553 -23.9933 2.5
    endloop
  endfacet
  facet normal 0.997859 -0.0654027 0
    outer loop
      vertex 93.8815 -28.9274 10.68
      vertex 93.92 -28.34 2.5
      vertex 93.92 -28.34 10.68
    endloop
  endfacet
  facet normal 0.997859 -0.0654027 0
    outer loop
      vertex 93.92 -28.34 2.5
      vertex 93.8815 -28.9274 10.68
      vertex 93.8815 -28.9274 2.5
    endloop
  endfacet
  facet normal 0.980796 -0.195038 0
    outer loop
      vertex 93.7667 -29.5047 10.68
      vertex 93.8815 -28.9274 2.5
      vertex 93.8815 -28.9274 10.68
    endloop
  endfacet
  facet normal 0.980796 -0.195038 0
    outer loop
      vertex 93.8815 -28.9274 2.5
      vertex 93.7667 -29.5047 10.68
      vertex 93.7667 -29.5047 2.5
    endloop
  endfacet
  facet normal -0.0654027 -0.997859 0
    outer loop
      vertex 88.8326 -32.8015 2.5
      vertex 89.42 -32.84 10.68
      vertex 88.8326 -32.8015 10.68
    endloop
  endfacet
  facet normal -0.0654027 -0.997859 -0
    outer loop
      vertex 89.42 -32.84 10.68
      vertex 88.8326 -32.8015 2.5
      vertex 89.42 -32.84 2.5
    endloop
  endfacet
  facet normal -0.659298 0.751882 0
    outer loop
      vertex 86.6806 -24.7699 2.5
      vertex 86.238 -25.158 10.68
      vertex 86.6806 -24.7699 10.68
    endloop
  endfacet
  facet normal -0.659298 0.751882 0
    outer loop
      vertex 86.238 -25.158 10.68
      vertex 86.6806 -24.7699 2.5
      vertex 86.238 -25.158 2.5
    endloop
  endfacet
  facet normal 0.442382 0.896827 -0
    outer loop
      vertex 91.67 -24.4429 2.5
      vertex 91.1421 -24.1825 10.68
      vertex 91.67 -24.4429 10.68
    endloop
  endfacet
  facet normal 0.442382 0.896827 0
    outer loop
      vertex 91.1421 -24.1825 10.68
      vertex 91.67 -24.4429 2.5
      vertex 91.1421 -24.1825 2.5
    endloop
  endfacet
  facet normal 0.555562 0.831475 -0
    outer loop
      vertex 92.1594 -24.7699 2.5
      vertex 91.67 -24.4429 10.68
      vertex 92.1594 -24.7699 10.68
    endloop
  endfacet
  facet normal 0.555562 0.831475 0
    outer loop
      vertex 91.67 -24.4429 10.68
      vertex 92.1594 -24.7699 2.5
      vertex 91.67 -24.4429 2.5
    endloop
  endfacet
  facet normal 0.751882 -0.659298 0
    outer loop
      vertex 92.602 -31.522 10.68
      vertex 92.9901 -31.0794 2.5
      vertex 92.9901 -31.0794 10.68
    endloop
  endfacet
  facet normal 0.751882 -0.659298 0
    outer loop
      vertex 92.9901 -31.0794 2.5
      vertex 92.602 -31.522 10.68
      vertex 92.602 -31.522 2.5
    endloop
  endfacet
  facet normal -0.831475 0.555562 0
    outer loop
      vertex 85.5229 -26.09 2.5
      vertex 85.8499 -25.6006 10.68
      vertex 85.8499 -25.6006 2.5
    endloop
  endfacet
  facet normal -0.831475 0.555562 0
    outer loop
      vertex 85.8499 -25.6006 10.68
      vertex 85.5229 -26.09 2.5
      vertex 85.5229 -26.09 10.68
    endloop
  endfacet
  facet normal -0.442382 0.896827 0
    outer loop
      vertex 87.6979 -24.1825 2.5
      vertex 87.17 -24.4429 10.68
      vertex 87.6979 -24.1825 10.68
    endloop
  endfacet
  facet normal -0.442382 0.896827 0
    outer loop
      vertex 87.17 -24.4429 10.68
      vertex 87.6979 -24.1825 2.5
      vertex 87.17 -24.4429 2.5
    endloop
  endfacet
  facet normal -0.946936 0.321421 0
    outer loop
      vertex 85.0733 -27.1753 2.5
      vertex 85.2625 -26.6179 10.68
      vertex 85.2625 -26.6179 2.5
    endloop
  endfacet
  facet normal -0.946936 0.321421 0
    outer loop
      vertex 85.2625 -26.6179 10.68
      vertex 85.0733 -27.1753 2.5
      vertex 85.0733 -27.1753 10.68
    endloop
  endfacet
  facet normal 0.659298 0.751882 -0
    outer loop
      vertex 92.602 -25.158 2.5
      vertex 92.1594 -24.7699 10.68
      vertex 92.602 -25.158 10.68
    endloop
  endfacet
  facet normal 0.659298 0.751882 0
    outer loop
      vertex 92.1594 -24.7699 10.68
      vertex 92.602 -25.158 2.5
      vertex 92.1594 -24.7699 2.5
    endloop
  endfacet
  facet normal 0.896827 0.442382 0
    outer loop
      vertex 93.5775 -26.6179 10.68
      vertex 93.3171 -26.09 2.5
      vertex 93.3171 -26.09 10.68
    endloop
  endfacet
  facet normal 0.896827 0.442382 0
    outer loop
      vertex 93.3171 -26.09 2.5
      vertex 93.5775 -26.6179 10.68
      vertex 93.5775 -26.6179 2.5
    endloop
  endfacet
  facet normal -0.896827 -0.442382 0
    outer loop
      vertex 85.5229 -30.59 2.5
      vertex 85.2625 -30.0621 10.68
      vertex 85.2625 -30.0621 2.5
    endloop
  endfacet
  facet normal -0.896827 -0.442382 0
    outer loop
      vertex 85.2625 -30.0621 10.68
      vertex 85.5229 -30.59 2.5
      vertex 85.5229 -30.59 10.68
    endloop
  endfacet
  facet normal 0.831475 0.555562 0
    outer loop
      vertex 93.3171 -26.09 10.68
      vertex 92.9901 -25.6006 2.5
      vertex 92.9901 -25.6006 10.68
    endloop
  endfacet
  facet normal 0.831475 0.555562 0
    outer loop
      vertex 92.9901 -25.6006 2.5
      vertex 93.3171 -26.09 10.68
      vertex 93.3171 -26.09 2.5
    endloop
  endfacet
  facet normal 0.321421 -0.946936 0
    outer loop
      vertex 90.5847 -32.6867 2.5
      vertex 91.1421 -32.4975 10.68
      vertex 90.5847 -32.6867 10.68
    endloop
  endfacet
  facet normal 0.321421 -0.946936 0
    outer loop
      vertex 91.1421 -32.4975 10.68
      vertex 90.5847 -32.6867 2.5
      vertex 91.1421 -32.4975 2.5
    endloop
  endfacet
  facet normal 0.555562 -0.831475 0
    outer loop
      vertex 91.67 -32.2371 2.5
      vertex 92.1594 -31.9101 10.68
      vertex 91.67 -32.2371 10.68
    endloop
  endfacet
  facet normal 0.555562 -0.831475 0
    outer loop
      vertex 92.1594 -31.9101 10.68
      vertex 91.67 -32.2371 2.5
      vertex 92.1594 -31.9101 2.5
    endloop
  endfacet
  facet normal 0.751882 0.659298 0
    outer loop
      vertex 92.9901 -25.6006 10.68
      vertex 92.602 -25.158 2.5
      vertex 92.602 -25.158 10.68
    endloop
  endfacet
  facet normal 0.751882 0.659298 0
    outer loop
      vertex 92.602 -25.158 2.5
      vertex 92.9901 -25.6006 10.68
      vertex 92.9901 -25.6006 2.5
    endloop
  endfacet
  facet normal -0.555562 0.831475 0
    outer loop
      vertex 87.17 -24.4429 2.5
      vertex 86.6806 -24.7699 10.68
      vertex 87.17 -24.4429 10.68
    endloop
  endfacet
  facet normal -0.555562 0.831475 0
    outer loop
      vertex 86.6806 -24.7699 10.68
      vertex 87.17 -24.4429 2.5
      vertex 86.6806 -24.7699 2.5
    endloop
  endfacet
  facet normal -0.321421 0.946936 0
    outer loop
      vertex 88.2553 -23.9933 2.5
      vertex 87.6979 -24.1825 10.68
      vertex 88.2553 -23.9933 10.68
    endloop
  endfacet
  facet normal -0.321421 0.946936 0
    outer loop
      vertex 87.6979 -24.1825 10.68
      vertex 88.2553 -23.9933 2.5
      vertex 87.6979 -24.1825 2.5
    endloop
  endfacet
  facet normal 0.442382 -0.896827 0
    outer loop
      vertex 91.1421 -32.4975 2.5
      vertex 91.67 -32.2371 10.68
      vertex 91.1421 -32.4975 10.68
    endloop
  endfacet
  facet normal 0.442382 -0.896827 0
    outer loop
      vertex 91.67 -32.2371 10.68
      vertex 91.1421 -32.4975 2.5
      vertex 91.67 -32.2371 2.5
    endloop
  endfacet
  facet normal -0.896827 0.442382 0
    outer loop
      vertex 85.2625 -26.6179 2.5
      vertex 85.5229 -26.09 10.68
      vertex 85.5229 -26.09 2.5
    endloop
  endfacet
  facet normal -0.896827 0.442382 0
    outer loop
      vertex 85.5229 -26.09 10.68
      vertex 85.2625 -26.6179 2.5
      vertex 85.2625 -26.6179 10.68
    endloop
  endfacet
  facet normal 0.831475 -0.555562 0
    outer loop
      vertex 92.9901 -31.0794 10.68
      vertex 93.3171 -30.59 2.5
      vertex 93.3171 -30.59 10.68
    endloop
  endfacet
  facet normal 0.831475 -0.555562 0
    outer loop
      vertex 93.3171 -30.59 2.5
      vertex 92.9901 -31.0794 10.68
      vertex 92.9901 -31.0794 2.5
    endloop
  endfacet
  facet normal -0.751882 -0.659298 0
    outer loop
      vertex 86.238 -31.522 2.5
      vertex 85.8499 -31.0794 10.68
      vertex 85.8499 -31.0794 2.5
    endloop
  endfacet
  facet normal -0.751882 -0.659298 0
    outer loop
      vertex 85.8499 -31.0794 10.68
      vertex 86.238 -31.522 2.5
      vertex 86.238 -31.522 10.68
    endloop
  endfacet
  facet normal -0.980796 -0.195038 0
    outer loop
      vertex 85.0733 -29.5047 2.5
      vertex 84.9585 -28.9274 10.68
      vertex 84.9585 -28.9274 2.5
    endloop
  endfacet
  facet normal -0.980796 -0.195038 0
    outer loop
      vertex 84.9585 -28.9274 10.68
      vertex 85.0733 -29.5047 2.5
      vertex 85.0733 -29.5047 10.68
    endloop
  endfacet
  facet normal -0.946936 -0.321421 0
    outer loop
      vertex 85.2625 -30.0621 2.5
      vertex 85.0733 -29.5047 10.68
      vertex 85.0733 -29.5047 2.5
    endloop
  endfacet
  facet normal -0.946936 -0.321421 0
    outer loop
      vertex 85.0733 -29.5047 10.68
      vertex 85.2625 -30.0621 2.5
      vertex 85.2625 -30.0621 10.68
    endloop
  endfacet
  facet normal -0.997859 0.0654027 0
    outer loop
      vertex 84.92 -28.34 2.5
      vertex 84.9585 -27.7526 10.68
      vertex 84.9585 -27.7526 2.5
    endloop
  endfacet
  facet normal -0.997859 0.0654027 0
    outer loop
      vertex 84.9585 -27.7526 10.68
      vertex 84.92 -28.34 2.5
      vertex 84.92 -28.34 10.68
    endloop
  endfacet
  facet normal 0.321421 0.946936 -0
    outer loop
      vertex 91.1421 -24.1825 2.5
      vertex 90.5847 -23.9933 10.68
      vertex 91.1421 -24.1825 10.68
    endloop
  endfacet
  facet normal 0.321421 0.946936 0
    outer loop
      vertex 90.5847 -23.9933 10.68
      vertex 91.1421 -24.1825 2.5
      vertex 90.5847 -23.9933 2.5
    endloop
  endfacet
  facet normal -0.195038 -0.980796 0
    outer loop
      vertex 88.2553 -32.6867 2.5
      vertex 88.8326 -32.8015 10.68
      vertex 88.2553 -32.6867 10.68
    endloop
  endfacet
  facet normal -0.195038 -0.980796 -0
    outer loop
      vertex 88.8326 -32.8015 10.68
      vertex 88.2553 -32.6867 2.5
      vertex 88.8326 -32.8015 2.5
    endloop
  endfacet
  facet normal 0.659298 -0.751882 0
    outer loop
      vertex 92.1594 -31.9101 2.5
      vertex 92.602 -31.522 10.68
      vertex 92.1594 -31.9101 10.68
    endloop
  endfacet
  facet normal 0.659298 -0.751882 0
    outer loop
      vertex 92.602 -31.522 10.68
      vertex 92.1594 -31.9101 2.5
      vertex 92.602 -31.522 2.5
    endloop
  endfacet
  facet normal 0.896827 -0.442382 0
    outer loop
      vertex 93.3171 -30.59 10.68
      vertex 93.5775 -30.0621 2.5
      vertex 93.5775 -30.0621 10.68
    endloop
  endfacet
  facet normal 0.896827 -0.442382 0
    outer loop
      vertex 93.5775 -30.0621 2.5
      vertex 93.3171 -30.59 10.68
      vertex 93.3171 -30.59 2.5
    endloop
  endfacet
  facet normal 0.195038 0.980796 -0
    outer loop
      vertex 90.5847 -23.9933 2.5
      vertex 90.0074 -23.8785 10.68
      vertex 90.5847 -23.9933 10.68
    endloop
  endfacet
  facet normal 0.195038 0.980796 0
    outer loop
      vertex 90.0074 -23.8785 10.68
      vertex 90.5847 -23.9933 2.5
      vertex 90.0074 -23.8785 2.5
    endloop
  endfacet
  facet normal -0.997859 -0.0654027 0
    outer loop
      vertex 84.9585 -28.9274 2.5
      vertex 84.92 -28.34 10.68
      vertex 84.92 -28.34 2.5
    endloop
  endfacet
  facet normal -0.997859 -0.0654027 0
    outer loop
      vertex 84.92 -28.34 10.68
      vertex 84.9585 -28.9274 2.5
      vertex 84.9585 -28.9274 10.68
    endloop
  endfacet
  facet normal -0.442382 -0.896827 0
    outer loop
      vertex 87.17 -32.2371 2.5
      vertex 87.6979 -32.4975 10.68
      vertex 87.17 -32.2371 10.68
    endloop
  endfacet
  facet normal -0.442382 -0.896827 -0
    outer loop
      vertex 87.6979 -32.4975 10.68
      vertex 87.17 -32.2371 2.5
      vertex 87.6979 -32.4975 2.5
    endloop
  endfacet
  facet normal 0.946936 -0.321421 0
    outer loop
      vertex 93.5775 -30.0621 10.68
      vertex 93.7667 -29.5047 2.5
      vertex 93.7667 -29.5047 10.68
    endloop
  endfacet
  facet normal 0.946936 -0.321421 0
    outer loop
      vertex 93.7667 -29.5047 2.5
      vertex 93.5775 -30.0621 10.68
      vertex 93.5775 -30.0621 2.5
    endloop
  endfacet
  facet normal -0.980796 0.195038 0
    outer loop
      vertex 84.9585 -27.7526 2.5
      vertex 85.0733 -27.1753 10.68
      vertex 85.0733 -27.1753 2.5
    endloop
  endfacet
  facet normal -0.980796 0.195038 0
    outer loop
      vertex 85.0733 -27.1753 10.68
      vertex 84.9585 -27.7526 2.5
      vertex 84.9585 -27.7526 10.68
    endloop
  endfacet
  facet normal 0.0654027 -0.997859 0
    outer loop
      vertex 89.42 -32.84 2.5
      vertex 90.0074 -32.8015 10.68
      vertex 89.42 -32.84 10.68
    endloop
  endfacet
  facet normal 0.0654027 -0.997859 0
    outer loop
      vertex 90.0074 -32.8015 10.68
      vertex 89.42 -32.84 2.5
      vertex 90.0074 -32.8015 2.5
    endloop
  endfacet
  facet normal -0.831475 -0.555562 0
    outer loop
      vertex 85.8499 -31.0794 2.5
      vertex 85.5229 -30.59 10.68
      vertex 85.5229 -30.59 2.5
    endloop
  endfacet
  facet normal -0.831475 -0.555562 0
    outer loop
      vertex 85.5229 -30.59 10.68
      vertex 85.8499 -31.0794 2.5
      vertex 85.8499 -31.0794 10.68
    endloop
  endfacet
  facet normal -0.751882 0.659298 0
    outer loop
      vertex 85.8499 -25.6006 2.5
      vertex 86.238 -25.158 10.68
      vertex 86.238 -25.158 2.5
    endloop
  endfacet
  facet normal -0.751882 0.659298 0
    outer loop
      vertex 86.238 -25.158 10.68
      vertex 85.8499 -25.6006 2.5
      vertex 85.8499 -25.6006 10.68
    endloop
  endfacet
  facet normal -0.659298 -0.751882 0
    outer loop
      vertex 86.238 -31.522 2.5
      vertex 86.6806 -31.9101 10.68
      vertex 86.238 -31.522 10.68
    endloop
  endfacet
  facet normal -0.659298 -0.751882 -0
    outer loop
      vertex 86.6806 -31.9101 10.68
      vertex 86.238 -31.522 2.5
      vertex 86.6806 -31.9101 2.5
    endloop
  endfacet
  facet normal -0.555562 -0.831475 0
    outer loop
      vertex 86.6806 -31.9101 2.5
      vertex 87.17 -32.2371 10.68
      vertex 86.6806 -31.9101 10.68
    endloop
  endfacet
  facet normal -0.555562 -0.831475 -0
    outer loop
      vertex 87.17 -32.2371 10.68
      vertex 86.6806 -31.9101 2.5
      vertex 87.17 -32.2371 2.5
    endloop
  endfacet
  facet normal 0.137991 0.694286 0.706346
    outer loop
      vertex 90.5847 -23.9933 10.68
      vertex 89.8116 -25.3657 12.18
      vertex 90.1965 -25.4422 12.18
    endloop
  endfacet
  facet normal -0.227624 0.670247 0.706368
    outer loop
      vertex 88.6435 -25.4422 12.18
      vertex 87.6979 -24.1825 10.68
      vertex 88.2719 -25.5684 12.18
    endloop
  endfacet
  facet normal -0.0463563 0.706347 0.706347
    outer loop
      vertex 89.42 -23.84 10.68
      vertex 89.0284 -25.3657 12.18
      vertex 89.42 -25.34 12.18
    endloop
  endfacet
  facet normal -0.227522 0.670301 0.706349
    outer loop
      vertex 88.2553 -23.9933 10.68
      vertex 87.6979 -24.1825 10.68
      vertex 88.6435 -25.4422 12.18
    endloop
  endfacet
  facet normal 0.466686 0.532221 0.70636
    outer loop
      vertex 92.1594 -24.7699 10.68
      vertex 91.5413 -26.2187 12.18
      vertex 92.602 -25.158 10.68
    endloop
  endfacet
  facet normal 0.466832 0.53213 0.706333
    outer loop
      vertex 91.5413 -26.2187 12.18
      vertex 92.1594 -24.7699 10.68
      vertex 91.2463 -25.9599 12.18
    endloop
  endfacet
  facet normal -0.393242 0.5886 0.706336
    outer loop
      vertex 87.92 -25.7419 12.18
      vertex 86.6806 -24.7699 10.68
      vertex 87.5937 -25.9599 12.18
    endloop
  endfacet
  facet normal -0.706349 0.0462963 0.706349
    outer loop
      vertex 84.9585 -27.7526 10.68
      vertex 84.92 -28.34 10.68
      vertex 86.42 -28.34 12.18
    endloop
  endfacet
  facet normal 0.393242 -0.5886 0.706336
    outer loop
      vertex 91.2463 -30.7201 12.18
      vertex 90.92 -30.9381 12.18
      vertex 92.1594 -31.9101 10.68
    endloop
  endfacet
  facet normal -0.634836 0.313149 0.706343
    outer loop
      vertex 85.5229 -26.09 10.68
      vertex 85.2625 -26.6179 10.68
      vertex 86.8219 -26.84 12.18
    endloop
  endfacet
  facet normal -0.670247 0.227624 0.706368
    outer loop
      vertex 85.2625 -26.6179 10.68
      vertex 86.5222 -27.5635 12.18
      vertex 86.6484 -27.1919 12.18
    endloop
  endfacet
  facet normal -0.670301 0.227522 0.706349
    outer loop
      vertex 86.5222 -27.5635 12.18
      vertex 85.2625 -26.6179 10.68
      vertex 85.0733 -27.1753 10.68
    endloop
  endfacet
  facet normal -0.694273 -0.137989 0.70636
    outer loop
      vertex 86.4457 -28.7316 12.18
      vertex 84.9585 -28.9274 10.68
      vertex 86.5222 -29.1165 12.18
    endloop
  endfacet
  facet normal -0.706335 -0.0463555 0.706358
    outer loop
      vertex 86.42 -28.34 12.18
      vertex 84.9585 -28.9274 10.68
      vertex 86.4457 -28.7316 12.18
    endloop
  endfacet
  facet normal 0.0463563 0.706347 0.706347
    outer loop
      vertex 89.42 -23.84 10.68
      vertex 89.42 -25.34 12.18
      vertex 89.8116 -25.3657 12.18
    endloop
  endfacet
  facet normal -0.706349 -0.0462963 0.706349
    outer loop
      vertex 86.42 -28.34 12.18
      vertex 84.92 -28.34 10.68
      vertex 84.9585 -28.9274 10.68
    endloop
  endfacet
  facet normal -0.634876 0.313018 0.706365
    outer loop
      vertex 86.8219 -26.84 12.18
      vertex 85.2625 -26.6179 10.68
      vertex 86.6484 -27.1919 12.18
    endloop
  endfacet
  facet normal -0.67022 -0.227676 0.706378
    outer loop
      vertex 86.5222 -29.1165 12.18
      vertex 85.2625 -30.0621 10.68
      vertex 86.6484 -29.488 12.18
    endloop
  endfacet
  facet normal 0.0463555 -0.706335 0.706358
    outer loop
      vertex 89.42 -31.34 12.18
      vertex 90.0074 -32.8015 10.68
      vertex 89.8116 -31.3143 12.18
    endloop
  endfacet
  facet normal 0.0462963 -0.706349 0.706349
    outer loop
      vertex 90.0074 -32.8015 10.68
      vertex 89.42 -31.34 12.18
      vertex 89.42 -32.84 10.68
    endloop
  endfacet
  facet normal -0.0462957 0.706341 0.706356
    outer loop
      vertex 89.42 -23.84 10.68
      vertex 88.8326 -23.8785 10.68
      vertex 89.0284 -25.3657 12.18
    endloop
  endfacet
  facet normal 0.393242 0.5886 0.706336
    outer loop
      vertex 92.1594 -24.7699 10.68
      vertex 90.92 -25.7419 12.18
      vertex 91.2463 -25.9599 12.18
    endloop
  endfacet
  facet normal 0.532105 0.46681 0.706366
    outer loop
      vertex 92.602 -25.158 10.68
      vertex 91.5413 -26.2187 12.18
      vertex 91.8001 -26.5137 12.18
    endloop
  endfacet
  facet normal -0.393267 0.588577 0.706341
    outer loop
      vertex 87.17 -24.4429 10.68
      vertex 86.6806 -24.7699 10.68
      vertex 87.92 -25.7419 12.18
    endloop
  endfacet
  facet normal 0.138058 0.694261 0.706358
    outer loop
      vertex 90.0074 -23.8785 10.68
      vertex 89.8116 -25.3657 12.18
      vertex 90.5847 -23.9933 10.68
    endloop
  endfacet
  facet normal 0.227522 0.670301 0.706349
    outer loop
      vertex 90.5847 -23.9933 10.68
      vertex 90.1965 -25.4422 12.18
      vertex 91.1421 -24.1825 10.68
    endloop
  endfacet
  facet normal -0.466832 0.53213 0.706333
    outer loop
      vertex 86.6806 -24.7699 10.68
      vertex 87.2987 -26.2187 12.18
      vertex 87.5937 -25.9599 12.18
    endloop
  endfacet
  facet normal -0.466686 0.532221 0.70636
    outer loop
      vertex 87.2987 -26.2187 12.18
      vertex 86.6806 -24.7699 10.68
      vertex 86.238 -25.158 10.68
    endloop
  endfacet
  facet normal 0.634836 0.313149 0.706343
    outer loop
      vertex 93.3171 -26.09 10.68
      vertex 92.0181 -26.84 12.18
      vertex 93.5775 -26.6179 10.68
    endloop
  endfacet
  facet normal 0.393267 0.588577 0.706341
    outer loop
      vertex 91.67 -24.4429 10.68
      vertex 90.92 -25.7419 12.18
      vertex 92.1594 -24.7699 10.68
    endloop
  endfacet
  facet normal 0.588581 0.393269 0.706337
    outer loop
      vertex 92.9901 -25.6006 10.68
      vertex 91.8001 -26.5137 12.18
      vertex 93.3171 -26.09 10.68
    endloop
  endfacet
  facet normal 0.466686 -0.532221 0.70636
    outer loop
      vertex 91.5413 -30.4613 12.18
      vertex 92.1594 -31.9101 10.68
      vertex 92.602 -31.522 10.68
    endloop
  endfacet
  facet normal 0.466832 -0.53213 0.706333
    outer loop
      vertex 92.1594 -31.9101 10.68
      vertex 91.5413 -30.4613 12.18
      vertex 91.2463 -30.7201 12.18
    endloop
  endfacet
  facet normal -0.227632 -0.670268 0.706346
    outer loop
      vertex 88.2719 -31.1116 12.18
      vertex 88.2553 -32.6867 10.68
      vertex 88.6435 -31.2378 12.18
    endloop
  endfacet
  facet normal -0.227518 -0.670287 0.706364
    outer loop
      vertex 88.2553 -32.6867 10.68
      vertex 88.2719 -31.1116 12.18
      vertex 87.6979 -32.4975 10.68
    endloop
  endfacet
  facet normal 0.670301 -0.227522 0.706349
    outer loop
      vertex 93.7667 -29.5047 10.68
      vertex 92.3178 -29.1165 12.18
      vertex 93.5775 -30.0621 10.68
    endloop
  endfacet
  facet normal -0.137989 -0.694273 0.70636
    outer loop
      vertex 89.0284 -31.3143 12.18
      vertex 88.6435 -31.2378 12.18
      vertex 88.8326 -32.8015 10.68
    endloop
  endfacet
  facet normal 0.69427 -0.13806 0.706349
    outer loop
      vertex 93.8815 -28.9274 10.68
      vertex 92.3178 -29.1165 12.18
      vertex 93.7667 -29.5047 10.68
    endloop
  endfacet
  facet normal -0.0463555 -0.706335 0.706358
    outer loop
      vertex 89.0284 -31.3143 12.18
      vertex 88.8326 -32.8015 10.68
      vertex 89.42 -31.34 12.18
    endloop
  endfacet
  facet normal -0.532105 0.46681 0.706366
    outer loop
      vertex 87.2987 -26.2187 12.18
      vertex 86.238 -25.158 10.68
      vertex 87.0399 -26.5137 12.18
    endloop
  endfacet
  facet normal 0.634836 -0.313149 0.706343
    outer loop
      vertex 93.5775 -30.0621 10.68
      vertex 92.0181 -29.84 12.18
      vertex 93.3171 -30.59 10.68
    endloop
  endfacet
  facet normal 0.0462957 0.706341 0.706356
    outer loop
      vertex 90.0074 -23.8785 10.68
      vertex 89.42 -23.84 10.68
      vertex 89.8116 -25.3657 12.18
    endloop
  endfacet
  facet normal -0.6349 -0.312941 0.706378
    outer loop
      vertex 86.6484 -29.488 12.18
      vertex 85.2625 -30.0621 10.68
      vertex 86.8219 -29.84 12.18
    endloop
  endfacet
  facet normal 0.5886 -0.393242 0.706336
    outer loop
      vertex 92.0181 -29.84 12.18
      vertex 91.8001 -30.1663 12.18
      vertex 92.9901 -31.0794 10.68
    endloop
  endfacet
  facet normal -0.137991 0.694286 0.706346
    outer loop
      vertex 89.0284 -25.3657 12.18
      vertex 88.2553 -23.9933 10.68
      vertex 88.6435 -25.4422 12.18
    endloop
  endfacet
  facet normal -0.588595 0.393238 0.706342
    outer loop
      vertex 87.0399 -26.5137 12.18
      vertex 85.5229 -26.09 10.68
      vertex 86.8219 -26.84 12.18
    endloop
  endfacet
  facet normal 0.532238 0.4667 0.706338
    outer loop
      vertex 92.602 -25.158 10.68
      vertex 91.8001 -26.5137 12.18
      vertex 92.9901 -25.6006 10.68
    endloop
  endfacet
  facet normal 0.634876 0.313018 0.706365
    outer loop
      vertex 93.5775 -26.6179 10.68
      vertex 92.0181 -26.84 12.18
      vertex 92.1916 -27.1919 12.18
    endloop
  endfacet
  facet normal 0.393267 -0.588577 0.706341
    outer loop
      vertex 92.1594 -31.9101 10.68
      vertex 90.92 -30.9381 12.18
      vertex 91.67 -32.2371 10.68
    endloop
  endfacet
  facet normal 0.670301 0.227522 0.706349
    outer loop
      vertex 93.5775 -26.6179 10.68
      vertex 92.3178 -27.5635 12.18
      vertex 93.7667 -27.1753 10.68
    endloop
  endfacet
  facet normal 0.670247 0.227624 0.706368
    outer loop
      vertex 92.3178 -27.5635 12.18
      vertex 93.5775 -26.6179 10.68
      vertex 92.1916 -27.1919 12.18
    endloop
  endfacet
  facet normal 0.694261 0.138058 0.706358
    outer loop
      vertex 93.7667 -27.1753 10.68
      vertex 92.3943 -27.9484 12.18
      vertex 93.8815 -27.7526 10.68
    endloop
  endfacet
  facet normal 0.694286 0.137991 0.706346
    outer loop
      vertex 92.3943 -27.9484 12.18
      vertex 93.7667 -27.1753 10.68
      vertex 92.3178 -27.5635 12.18
    endloop
  endfacet
  facet normal 0.227676 0.67022 0.706378
    outer loop
      vertex 91.1421 -24.1825 10.68
      vertex 90.1965 -25.4422 12.18
      vertex 90.568 -25.5684 12.18
    endloop
  endfacet
  facet normal 0.706347 0.0463563 0.706347
    outer loop
      vertex 93.92 -28.34 10.68
      vertex 92.3943 -27.9484 12.18
      vertex 92.42 -28.34 12.18
    endloop
  endfacet
  facet normal 0.706341 0.0462957 0.706356
    outer loop
      vertex 92.3943 -27.9484 12.18
      vertex 93.92 -28.34 10.68
      vertex 93.8815 -27.7526 10.68
    endloop
  endfacet
  facet normal -0.138058 0.694261 0.706358
    outer loop
      vertex 88.8326 -23.8785 10.68
      vertex 88.2553 -23.9933 10.68
      vertex 89.0284 -25.3657 12.18
    endloop
  endfacet
  facet normal -0.670301 -0.227522 0.706349
    outer loop
      vertex 86.5222 -29.1165 12.18
      vertex 85.0733 -29.5047 10.68
      vertex 85.2625 -30.0621 10.68
    endloop
  endfacet
  facet normal -0.313018 -0.634876 0.706365
    outer loop
      vertex 87.92 -30.9381 12.18
      vertex 87.6979 -32.4975 10.68
      vertex 88.2719 -31.1116 12.18
    endloop
  endfacet
  facet normal -0.532105 -0.46681 0.706366
    outer loop
      vertex 87.0399 -30.1663 12.18
      vertex 86.238 -31.522 10.68
      vertex 87.2987 -30.4613 12.18
    endloop
  endfacet
  facet normal -0.532238 -0.4667 0.706338
    outer loop
      vertex 86.238 -31.522 10.68
      vertex 87.0399 -30.1663 12.18
      vertex 85.8499 -31.0794 10.68
    endloop
  endfacet
  facet normal 0.313149 0.634836 0.706343
    outer loop
      vertex 91.1421 -24.1825 10.68
      vertex 90.92 -25.7419 12.18
      vertex 91.67 -24.4429 10.68
    endloop
  endfacet
  facet normal 0.227676 -0.67022 0.706378
    outer loop
      vertex 90.568 -31.1116 12.18
      vertex 90.1965 -31.2378 12.18
      vertex 91.1421 -32.4975 10.68
    endloop
  endfacet
  facet normal 0.6349 -0.312941 0.706378
    outer loop
      vertex 92.1916 -29.488 12.18
      vertex 92.0181 -29.84 12.18
      vertex 93.5775 -30.0621 10.68
    endloop
  endfacet
  facet normal 0.694273 -0.137989 0.70636
    outer loop
      vertex 92.3943 -28.7316 12.18
      vertex 92.3178 -29.1165 12.18
      vertex 93.8815 -28.9274 10.68
    endloop
  endfacet
  facet normal -0.69427 -0.13806 0.706349
    outer loop
      vertex 86.5222 -29.1165 12.18
      vertex 84.9585 -28.9274 10.68
      vertex 85.0733 -29.5047 10.68
    endloop
  endfacet
  facet normal -0.588577 -0.393267 0.706341
    outer loop
      vertex 86.8219 -29.84 12.18
      vertex 85.5229 -30.59 10.68
      vertex 85.8499 -31.0794 10.68
    endloop
  endfacet
  facet normal 0.312941 0.6349 0.706378
    outer loop
      vertex 91.1421 -24.1825 10.68
      vertex 90.568 -25.5684 12.18
      vertex 90.92 -25.7419 12.18
    endloop
  endfacet
  facet normal 0.588577 -0.393267 0.706341
    outer loop
      vertex 93.3171 -30.59 10.68
      vertex 92.0181 -29.84 12.18
      vertex 92.9901 -31.0794 10.68
    endloop
  endfacet
  facet normal 0.588595 0.393238 0.706342
    outer loop
      vertex 93.3171 -26.09 10.68
      vertex 91.8001 -26.5137 12.18
      vertex 92.0181 -26.84 12.18
    endloop
  endfacet
  facet normal 0.67022 -0.227676 0.706378
    outer loop
      vertex 92.3178 -29.1165 12.18
      vertex 92.1916 -29.488 12.18
      vertex 93.5775 -30.0621 10.68
    endloop
  endfacet
  facet normal 0.532238 -0.4667 0.706338
    outer loop
      vertex 91.8001 -30.1663 12.18
      vertex 92.602 -31.522 10.68
      vertex 92.9901 -31.0794 10.68
    endloop
  endfacet
  facet normal 0.532105 -0.46681 0.706366
    outer loop
      vertex 92.602 -31.522 10.68
      vertex 91.8001 -30.1663 12.18
      vertex 91.5413 -30.4613 12.18
    endloop
  endfacet
  facet normal 0.706347 -0.0463563 0.706347
    outer loop
      vertex 92.3943 -28.7316 12.18
      vertex 93.92 -28.34 10.68
      vertex 92.42 -28.34 12.18
    endloop
  endfacet
  facet normal 0.706341 -0.0462957 0.706356
    outer loop
      vertex 93.92 -28.34 10.68
      vertex 92.3943 -28.7316 12.18
      vertex 93.8815 -28.9274 10.68
    endloop
  endfacet
  facet normal -0.313018 0.634876 0.706365
    outer loop
      vertex 88.2719 -25.5684 12.18
      vertex 87.6979 -24.1825 10.68
      vertex 87.92 -25.7419 12.18
    endloop
  endfacet
  facet normal 0.13806 -0.69427 0.706349
    outer loop
      vertex 90.1965 -31.2378 12.18
      vertex 90.0074 -32.8015 10.68
      vertex 90.5847 -32.6867 10.68
    endloop
  endfacet
  facet normal -0.313149 -0.634836 0.706343
    outer loop
      vertex 87.92 -30.9381 12.18
      vertex 87.17 -32.2371 10.68
      vertex 87.6979 -32.4975 10.68
    endloop
  endfacet
  facet normal -0.694286 0.137991 0.706346
    outer loop
      vertex 85.0733 -27.1753 10.68
      vertex 86.4457 -27.9484 12.18
      vertex 86.5222 -27.5635 12.18
    endloop
  endfacet
  facet normal -0.694261 0.138058 0.706358
    outer loop
      vertex 86.4457 -27.9484 12.18
      vertex 85.0733 -27.1753 10.68
      vertex 84.9585 -27.7526 10.68
    endloop
  endfacet
  facet normal -0.706335 0.0463555 0.706358
    outer loop
      vertex 86.4457 -27.9484 12.18
      vertex 84.9585 -27.7526 10.68
      vertex 86.42 -28.34 12.18
    endloop
  endfacet
  facet normal -0.532238 0.4667 0.706338
    outer loop
      vertex 86.238 -25.158 10.68
      vertex 85.8499 -25.6006 10.68
      vertex 87.0399 -26.5137 12.18
    endloop
  endfacet
  facet normal -0.588581 0.393269 0.706337
    outer loop
      vertex 85.8499 -25.6006 10.68
      vertex 85.5229 -26.09 10.68
      vertex 87.0399 -26.5137 12.18
    endloop
  endfacet
  facet normal -0.0462963 -0.706349 0.706349
    outer loop
      vertex 89.42 -31.34 12.18
      vertex 88.8326 -32.8015 10.68
      vertex 89.42 -32.84 10.68
    endloop
  endfacet
  facet normal -0.313149 0.634836 0.706343
    outer loop
      vertex 87.6979 -24.1825 10.68
      vertex 87.17 -24.4429 10.68
      vertex 87.92 -25.7419 12.18
    endloop
  endfacet
  facet normal -0.13806 -0.69427 0.706349
    outer loop
      vertex 88.6435 -31.2378 12.18
      vertex 88.2553 -32.6867 10.68
      vertex 88.8326 -32.8015 10.68
    endloop
  endfacet
  facet normal -0.466832 -0.53213 0.706333
    outer loop
      vertex 87.2987 -30.4613 12.18
      vertex 86.6806 -31.9101 10.68
      vertex 87.5937 -30.7201 12.18
    endloop
  endfacet
  facet normal -0.466686 -0.532221 0.70636
    outer loop
      vertex 86.6806 -31.9101 10.68
      vertex 87.2987 -30.4613 12.18
      vertex 86.238 -31.522 10.68
    endloop
  endfacet
  facet normal 0.312941 -0.6349 0.706378
    outer loop
      vertex 90.92 -30.9381 12.18
      vertex 90.568 -31.1116 12.18
      vertex 91.1421 -32.4975 10.68
    endloop
  endfacet
  facet normal -0.634836 -0.313149 0.706343
    outer loop
      vertex 86.8219 -29.84 12.18
      vertex 85.2625 -30.0621 10.68
      vertex 85.5229 -30.59 10.68
    endloop
  endfacet
  facet normal -0.393267 -0.588577 0.706341
    outer loop
      vertex 87.92 -30.9381 12.18
      vertex 86.6806 -31.9101 10.68
      vertex 87.17 -32.2371 10.68
    endloop
  endfacet
  facet normal 0.137989 -0.694273 0.70636
    outer loop
      vertex 90.1965 -31.2378 12.18
      vertex 89.8116 -31.3143 12.18
      vertex 90.0074 -32.8015 10.68
    endloop
  endfacet
  facet normal 0.227522 -0.670301 0.706349
    outer loop
      vertex 91.1421 -32.4975 10.68
      vertex 90.1965 -31.2378 12.18
      vertex 90.5847 -32.6867 10.68
    endloop
  endfacet
  facet normal 0.313149 -0.634836 0.706343
    outer loop
      vertex 91.67 -32.2371 10.68
      vertex 90.92 -30.9381 12.18
      vertex 91.1421 -32.4975 10.68
    endloop
  endfacet
  facet normal -0.5886 -0.393242 0.706336
    outer loop
      vertex 86.8219 -29.84 12.18
      vertex 85.8499 -31.0794 10.68
      vertex 87.0399 -30.1663 12.18
    endloop
  endfacet
  facet normal -0.393242 -0.5886 0.706336
    outer loop
      vertex 87.5937 -30.7201 12.18
      vertex 86.6806 -31.9101 10.68
      vertex 87.92 -30.9381 12.18
    endloop
  endfacet
  facet normal -0.896961 -0.44211 0
    outer loop
      vertex 86.8219 -29.84 12.18
      vertex 86.6484 -29.488 16.4483
      vertex 86.6484 -29.488 12.18
    endloop
  endfacet
  facet normal -0.896961 -0.44211 0
    outer loop
      vertex 86.6484 -29.488 16.4483
      vertex 86.8219 -29.84 12.18
      vertex 86.8219 -29.84 16.4684
    endloop
  endfacet
  facet normal 0.980815 0.19494 -0
    outer loop
      vertex 92.3943 -27.9484 12.18
      vertex 92.3178 -27.5635 14.7272
      vertex 92.3943 -27.9484 14.7775
    endloop
  endfacet
  facet normal 0.980815 0.19494 0
    outer loop
      vertex 92.3178 -27.5635 14.7272
      vertex 92.3943 -27.9484 12.18
      vertex 92.3178 -27.5635 12.18
    endloop
  endfacet
  facet normal 0.997853 0.0654873 -0
    outer loop
      vertex 92.42 -28.34 12.18
      vertex 92.3943 -27.9484 14.7775
      vertex 92.42 -28.34 14.8417
    endloop
  endfacet
  facet normal 0.997853 0.0654873 0
    outer loop
      vertex 92.3943 -27.9484 14.7775
      vertex 92.42 -28.34 12.18
      vertex 92.3943 -27.9484 12.18
    endloop
  endfacet
  facet normal 0.946885 0.321574 -0
    outer loop
      vertex 92.3178 -27.5635 12.18
      vertex 92.1916 -27.1919 14.6917
      vertex 92.3178 -27.5635 14.7272
    endloop
  endfacet
  facet normal 0.946885 0.321574 0
    outer loop
      vertex 92.1916 -27.1919 14.6917
      vertex 92.3178 -27.5635 12.18
      vertex 92.1916 -27.1919 12.18
    endloop
  endfacet
  facet normal 0.751724 -0.659478 0
    outer loop
      vertex 91.5413 -30.4613 12.18
      vertex 91.8001 -30.1663 15.3258
      vertex 91.5413 -30.4613 15.4436
    endloop
  endfacet
  facet normal 0.751724 -0.659478 0
    outer loop
      vertex 91.8001 -30.1663 15.3258
      vertex 91.5413 -30.4613 12.18
      vertex 91.8001 -30.1663 12.18
    endloop
  endfacet
  facet normal -0.321574 0.946885 0
    outer loop
      vertex 88.2719 -25.5684 12.18
      vertex 88.6435 -25.4422 15.312
      vertex 88.6435 -25.4422 12.18
    endloop
  endfacet
  facet normal -0.321574 0.946885 0
    outer loop
      vertex 88.6435 -25.4422 15.312
      vertex 88.2719 -25.5684 12.18
      vertex 88.2719 -25.5684 15.391
    endloop
  endfacet
  facet normal -0.751702 -0.659503 0
    outer loop
      vertex 87.0399 -30.1663 12.18
      vertex 87.1894 -30.3367 16.4662
      vertex 87.0399 -30.1663 16.4728
    endloop
  endfacet
  facet normal -0.751724 -0.659478 1.77166e-06
    outer loop
      vertex 87.2987 -30.4613 12.18
      vertex 87.1894 -30.3367 16.4662
      vertex 87.0399 -30.1663 12.18
    endloop
  endfacet
  facet normal -0.751754 -0.659444 0
    outer loop
      vertex 87.1894 -30.3367 16.4662
      vertex 87.2987 -30.4613 12.18
      vertex 87.2987 -30.4613 16.4813
    endloop
  endfacet
  facet normal 0.997853 -0.0654873 0
    outer loop
      vertex 92.3943 -28.7316 12.18
      vertex 92.42 -28.34 14.8417
      vertex 92.3943 -28.7316 14.9187
    endloop
  endfacet
  facet normal 0.997853 -0.0654873 0
    outer loop
      vertex 92.42 -28.34 14.8417
      vertex 92.3943 -28.7316 12.18
      vertex 92.42 -28.34 12.18
    endloop
  endfacet
  facet normal 0.321651 -0.946858 0
    outer loop
      vertex 90.1965 -31.2378 12.18
      vertex 90.568 -31.1116 15.8643
      vertex 90.1965 -31.2378 16.0194
    endloop
  endfacet
  facet normal 0.321651 -0.946858 0
    outer loop
      vertex 90.568 -31.1116 15.8643
      vertex 90.1965 -31.2378 12.18
      vertex 90.568 -31.1116 12.18
    endloop
  endfacet
  facet normal 0.831501 0.555523 -0
    outer loop
      vertex 92.0181 -26.84 12.18
      vertex 91.8001 -26.5137 14.6673
      vertex 92.0181 -26.84 14.6716
    endloop
  endfacet
  facet normal 0.831501 0.555523 0
    outer loop
      vertex 91.8001 -26.5137 14.6673
      vertex 92.0181 -26.84 12.18
      vertex 91.8001 -26.5137 12.18
    endloop
  endfacet
  facet normal 0.896911 0.442211 -0
    outer loop
      vertex 92.1916 -27.1919 12.18
      vertex 92.0181 -26.84 14.6716
      vertex 92.1916 -27.1919 14.6917
    endloop
  endfacet
  facet normal 0.896911 0.442211 0
    outer loop
      vertex 92.0181 -26.84 14.6716
      vertex 92.1916 -27.1919 12.18
      vertex 92.0181 -26.84 12.18
    endloop
  endfacet
  facet normal -0.195001 0.980803 7.9521e-06
    outer loop
      vertex 88.6435 -25.4422 12.18
      vertex 88.9776 -25.3758 15.241
      vertex 89.0284 -25.3657 15.2302
    endloop
  endfacet
  facet normal -0.194134 0.980975 -9.03156e-05
    outer loop
      vertex 88.9776 -25.3758 15.241
      vertex 88.6435 -25.4422 12.18
      vertex 88.9493 -25.3814 15.247
    endloop
  endfacet
  facet normal -0.19494 0.980815 0
    outer loop
      vertex 88.6435 -25.4422 12.18
      vertex 89.0284 -25.3657 15.2302
      vertex 89.0284 -25.3657 12.18
    endloop
  endfacet
  facet normal -0.195006 0.980802 0
    outer loop
      vertex 88.9493 -25.3814 15.247
      vertex 88.6435 -25.4422 12.18
      vertex 88.6435 -25.4422 15.312
    endloop
  endfacet
  facet normal -0.980815 -0.19494 0
    outer loop
      vertex 86.5222 -29.1165 12.18
      vertex 86.4457 -28.7316 16.3625
      vertex 86.4457 -28.7316 12.18
    endloop
  endfacet
  facet normal -0.980815 -0.19494 0
    outer loop
      vertex 86.4457 -28.7316 16.3625
      vertex 86.5222 -29.1165 12.18
      vertex 86.5222 -29.1165 16.4128
    endloop
  endfacet
  facet normal -0.980815 0.19494 0
    outer loop
      vertex 86.4457 -27.9484 12.18
      vertex 86.5222 -27.5635 16.1328
      vertex 86.5222 -27.5635 12.18
    endloop
  endfacet
  facet normal -0.980815 0.19494 0
    outer loop
      vertex 86.5222 -27.5635 16.1328
      vertex 86.4457 -27.9484 12.18
      vertex 86.4457 -27.9484 16.2213
    endloop
  endfacet
  facet normal -0.555523 -0.831501 0
    outer loop
      vertex 87.5937 -30.7201 12.18
      vertex 87.92 -30.9381 16.4802
      vertex 87.5937 -30.7201 16.4929
    endloop
  endfacet
  facet normal -0.555523 -0.831501 -0
    outer loop
      vertex 87.92 -30.9381 16.4802
      vertex 87.5937 -30.7201 12.18
      vertex 87.92 -30.9381 12.18
    endloop
  endfacet
  facet normal 0.659478 -0.751724 0
    outer loop
      vertex 91.2463 -30.7201 12.18
      vertex 91.5413 -30.4613 15.4436
      vertex 91.2463 -30.7201 15.5639
    endloop
  endfacet
  facet normal 0.659478 -0.751724 0
    outer loop
      vertex 91.5413 -30.4613 15.4436
      vertex 91.2463 -30.7201 12.18
      vertex 91.5413 -30.4613 12.18
    endloop
  endfacet
  facet normal -0.751724 0.659478 0
    outer loop
      vertex 87.0399 -26.5137 12.18
      vertex 87.2987 -26.2187 15.6965
      vertex 87.2987 -26.2187 12.18
    endloop
  endfacet
  facet normal -0.750939 0.660371 -0.000132668
    outer loop
      vertex 87.2987 -26.2187 15.6965
      vertex 87.0399 -26.5137 12.18
      vertex 87.279 -26.2411 15.7054
    endloop
  endfacet
  facet normal -0.75179 0.659402 0
    outer loop
      vertex 87.279 -26.2411 15.7054
      vertex 87.0399 -26.5137 12.18
      vertex 87.0399 -26.5137 15.8143
    endloop
  endfacet
  facet normal 0.980815 -0.19494 0
    outer loop
      vertex 92.3178 -29.1165 12.18
      vertex 92.3943 -28.7316 14.9187
      vertex 92.3178 -29.1165 15.0072
    endloop
  endfacet
  facet normal 0.980815 -0.19494 0
    outer loop
      vertex 92.3943 -28.7316 14.9187
      vertex 92.3178 -29.1165 12.18
      vertex 92.3943 -28.7316 12.18
    endloop
  endfacet
  facet normal 0.896961 -0.44211 0
    outer loop
      vertex 92.0181 -29.84 12.18
      vertex 92.1916 -29.488 15.1057
      vertex 92.0181 -29.84 15.2125
    endloop
  endfacet
  facet normal 0.896961 -0.44211 0
    outer loop
      vertex 92.1916 -29.488 15.1057
      vertex 92.0181 -29.84 12.18
      vertex 92.1916 -29.488 12.18
    endloop
  endfacet
  facet normal 0.194595 -0.980884 0
    outer loop
      vertex 89.8116 -31.3143 12.18
      vertex 89.9356 -31.2897 16.1145
      vertex 89.8116 -31.3143 16.1505
    endloop
  endfacet
  facet normal 0.195098 -0.980784 -1.64928e-05
    outer loop
      vertex 89.9356 -31.2897 16.1145
      vertex 89.8116 -31.3143 12.18
      vertex 90.1965 -31.2378 16.0194
    endloop
  endfacet
  facet normal 0.19494 -0.980815 0
    outer loop
      vertex 90.1965 -31.2378 16.0194
      vertex 89.8116 -31.3143 12.18
      vertex 90.1965 -31.2378 12.18
    endloop
  endfacet
  facet normal 0.555523 0.831501 0
    outer loop
      vertex 90.92 -25.7419 12.18
      vertex 91.2463 -25.9599 14.7588
      vertex 91.2463 -25.9599 12.18
    endloop
  endfacet
  facet normal 0.555523 0.831501 0
    outer loop
      vertex 91.2463 -25.9599 14.7588
      vertex 90.92 -25.7419 12.18
      vertex 90.92 -25.7419 14.8281
    endloop
  endfacet
  facet normal -0.0654873 -0.997853 0
    outer loop
      vertex 89.0284 -31.3143 12.18
      vertex 89.42 -31.34 16.2439
      vertex 89.0284 -31.3143 16.3176
    endloop
  endfacet
  facet normal -0.0654873 -0.997853 -0
    outer loop
      vertex 89.42 -31.34 16.2439
      vertex 89.0284 -31.3143 12.18
      vertex 89.42 -31.34 12.18
    endloop
  endfacet
  facet normal -0.659478 0.751724 0
    outer loop
      vertex 87.2987 -26.2187 12.18
      vertex 87.5937 -25.9599 15.5762
      vertex 87.5937 -25.9599 12.18
    endloop
  endfacet
  facet normal -0.659478 0.751724 0
    outer loop
      vertex 87.5937 -25.9599 15.5762
      vertex 87.2987 -26.2187 12.18
      vertex 87.2987 -26.2187 15.6965
    endloop
  endfacet
  facet normal -0.659478 -0.751724 0
    outer loop
      vertex 87.5937 -30.7201 12.18
      vertex 87.2987 -30.4613 16.4813
      vertex 87.2987 -30.4613 12.18
    endloop
  endfacet
  facet normal -0.659478 -0.751724 0
    outer loop
      vertex 87.2987 -30.4613 16.4813
      vertex 87.5937 -30.7201 12.18
      vertex 87.5937 -30.7201 16.4929
    endloop
  endfacet
  facet normal -0.441958 -0.897036 0
    outer loop
      vertex 87.92 -30.9381 12.18
      vertex 88.0499 -31.0021 16.4666
      vertex 87.92 -30.9381 16.4802
    endloop
  endfacet
  facet normal -0.442595 -0.896722 2.40157e-05
    outer loop
      vertex 87.92 -30.9381 12.18
      vertex 88.2444 -31.0981 16.4462
      vertex 88.0499 -31.0021 16.4666
    endloop
  endfacet
  facet normal -0.440686 -0.897661 -0.000156364
    outer loop
      vertex 87.92 -30.9381 12.18
      vertex 88.2719 -31.1116 16.4433
      vertex 88.2444 -31.0981 16.4462
    endloop
  endfacet
  facet normal -0.442211 -0.896911 -0
    outer loop
      vertex 88.2719 -31.1116 16.4433
      vertex 87.92 -30.9381 12.18
      vertex 88.2719 -31.1116 12.18
    endloop
  endfacet
  facet normal -0.192414 -0.981314 0
    outer loop
      vertex 88.6435 -31.2378 12.18
      vertex 88.6486 -31.2388 16.3818
      vertex 88.6435 -31.2378 16.3829
    endloop
  endfacet
  facet normal -0.194818 -0.980839 -9.59383e-06
    outer loop
      vertex 88.6435 -31.2378 12.18
      vertex 88.9781 -31.3043 16.3245
      vertex 88.8039 -31.2697 16.3484
    endloop
  endfacet
  facet normal -0.195144 -0.980775 3.441e-06
    outer loop
      vertex 88.6486 -31.2388 16.3818
      vertex 88.6435 -31.2378 12.18
      vertex 88.8039 -31.2697 16.3484
    endloop
  endfacet
  facet normal -0.19499 -0.980805 4.88595e-06
    outer loop
      vertex 88.9781 -31.3043 16.3245
      vertex 88.6435 -31.2378 12.18
      vertex 89.0284 -31.3143 16.3176
    endloop
  endfacet
  facet normal -0.19494 -0.980815 -0
    outer loop
      vertex 89.0284 -31.3143 16.3176
      vertex 88.6435 -31.2378 12.18
      vertex 89.0284 -31.3143 12.18
    endloop
  endfacet
  facet normal -0.946885 0.321574 0
    outer loop
      vertex 86.5222 -27.5635 12.18
      vertex 86.6484 -27.1919 16.0343
      vertex 86.6484 -27.1919 12.18
    endloop
  endfacet
  facet normal -0.946885 0.321574 0
    outer loop
      vertex 86.6484 -27.1919 16.0343
      vertex 86.5222 -27.5635 12.18
      vertex 86.5222 -27.5635 16.1328
    endloop
  endfacet
  facet normal -0.442211 0.896911 0
    outer loop
      vertex 87.92 -25.7419 12.18
      vertex 88.2719 -25.5684 15.391
      vertex 88.2719 -25.5684 12.18
    endloop
  endfacet
  facet normal -0.442211 0.896911 0
    outer loop
      vertex 88.2719 -25.5684 15.391
      vertex 87.92 -25.7419 12.18
      vertex 87.92 -25.7419 15.4658
    endloop
  endfacet
  facet normal 0.19494 0.980815 0
    outer loop
      vertex 89.8116 -25.3657 12.18
      vertex 90.1965 -25.4422 14.9819
      vertex 90.1965 -25.4422 12.18
    endloop
  endfacet
  facet normal 0.19494 0.980815 0
    outer loop
      vertex 90.1965 -25.4422 14.9819
      vertex 89.8116 -25.3657 12.18
      vertex 89.8116 -25.3657 15.0637
    endloop
  endfacet
  facet normal 0.555493 -0.831521 0
    outer loop
      vertex 90.92 -30.9381 12.18
      vertex 90.9926 -30.8896 15.6578
      vertex 90.92 -30.9381 15.6971
    endloop
  endfacet
  facet normal 0.555532 -0.831495 -1.16897e-06
    outer loop
      vertex 90.92 -30.9381 12.18
      vertex 91.2463 -30.7201 15.5639
      vertex 90.9926 -30.8896 15.6578
    endloop
  endfacet
  facet normal 0.555523 -0.831501 0
    outer loop
      vertex 91.2463 -30.7201 15.5639
      vertex 90.92 -30.9381 12.18
      vertex 91.2463 -30.7201 12.18
    endloop
  endfacet
  facet normal 0.442237 -0.896898 0
    outer loop
      vertex 90.568 -31.1116 12.18
      vertex 90.9073 -30.9443 15.7031
      vertex 90.568 -31.1116 15.8643
    endloop
  endfacet
  facet normal 0.438857 -0.898557 0.000404339
    outer loop
      vertex 90.9073 -30.9443 15.7031
      vertex 90.568 -31.1116 12.18
      vertex 90.92 -30.9381 15.6971
    endloop
  endfacet
  facet normal 0.44211 -0.896961 0
    outer loop
      vertex 90.92 -30.9381 15.6971
      vertex 90.568 -31.1116 12.18
      vertex 90.92 -30.9381 12.18
    endloop
  endfacet
  facet normal 0.442315 0.89686 -3.38804e-05
    outer loop
      vertex 90.568 -25.5684 12.18
      vertex 90.7805 -25.6731 14.8578
      vertex 90.92 -25.7419 14.8281
    endloop
  endfacet
  facet normal 0.44211 0.896961 0
    outer loop
      vertex 90.568 -25.5684 12.18
      vertex 90.92 -25.7419 14.8281
      vertex 90.92 -25.7419 12.18
    endloop
  endfacet
  facet normal 0.441972 0.897029 0
    outer loop
      vertex 90.7805 -25.6731 14.8578
      vertex 90.568 -25.5684 12.18
      vertex 90.568 -25.5684 14.9029
    endloop
  endfacet
  facet normal -0.946858 -0.321651 0
    outer loop
      vertex 86.6484 -29.488 12.18
      vertex 86.5222 -29.1165 16.4128
      vertex 86.5222 -29.1165 12.18
    endloop
  endfacet
  facet normal -0.946858 -0.321651 0
    outer loop
      vertex 86.5222 -29.1165 16.4128
      vertex 86.6484 -29.488 12.18
      vertex 86.6484 -29.488 16.4483
    endloop
  endfacet
  facet normal 0.831501 -0.555523 0
    outer loop
      vertex 91.8001 -30.1663 12.18
      vertex 92.0181 -29.84 15.2125
      vertex 91.8001 -30.1663 15.3258
    endloop
  endfacet
  facet normal 0.831501 -0.555523 0
    outer loop
      vertex 92.0181 -29.84 15.2125
      vertex 91.8001 -30.1663 12.18
      vertex 92.0181 -29.84 12.18
    endloop
  endfacet
  facet normal -0.831501 0.555523 0
    outer loop
      vertex 86.8219 -26.84 12.18
      vertex 87.0399 -26.5137 15.8143
      vertex 87.0399 -26.5137 12.18
    endloop
  endfacet
  facet normal -0.831501 0.555523 0
    outer loop
      vertex 87.0399 -26.5137 15.8143
      vertex 86.8219 -26.84 12.18
      vertex 86.8219 -26.84 15.9276
    endloop
  endfacet
  facet normal -0.555523 0.831501 0
    outer loop
      vertex 87.5937 -25.9599 12.18
      vertex 87.92 -25.7419 15.4658
      vertex 87.92 -25.7419 12.18
    endloop
  endfacet
  facet normal -0.555571 0.831469 6.87161e-06
    outer loop
      vertex 87.92 -25.7419 15.4658
      vertex 87.5937 -25.9599 12.18
      vertex 87.854 -25.786 15.4798
    endloop
  endfacet
  facet normal -0.555511 0.831509 0
    outer loop
      vertex 87.854 -25.786 15.4798
      vertex 87.5937 -25.9599 12.18
      vertex 87.5937 -25.9599 15.5762
    endloop
  endfacet
  facet normal -0.997853 0.0654873 0
    outer loop
      vertex 86.42 -28.34 12.18
      vertex 86.4457 -27.9484 16.2213
      vertex 86.4457 -27.9484 12.18
    endloop
  endfacet
  facet normal -0.997853 0.0654873 0
    outer loop
      vertex 86.4457 -27.9484 16.2213
      vertex 86.42 -28.34 12.18
      vertex 86.42 -28.34 16.2983
    endloop
  endfacet
  facet normal 0.0664906 0.997787 -0.000136839
    outer loop
      vertex 89.42 -25.34 12.18
      vertex 89.7996 -25.3649 15.0662
      vertex 89.8116 -25.3657 15.0637
    endloop
  endfacet
  facet normal 0.0654873 0.997853 0
    outer loop
      vertex 89.42 -25.34 12.18
      vertex 89.8116 -25.3657 15.0637
      vertex 89.8116 -25.3657 12.18
    endloop
  endfacet
  facet normal 0.0662226 0.997805 -0.000101438
    outer loop
      vertex 89.7996 -25.3649 15.0662
      vertex 89.42 -25.34 12.18
      vertex 89.7514 -25.3617 15.0765
    endloop
  endfacet
  facet normal 0.0653399 0.997863 0
    outer loop
      vertex 89.7514 -25.3617 15.0765
      vertex 89.42 -25.34 12.18
      vertex 89.42 -25.34 15.1469
    endloop
  endfacet
  facet normal 0.321651 0.946858 0
    outer loop
      vertex 90.1965 -25.4422 12.18
      vertex 90.568 -25.5684 14.9029
      vertex 90.568 -25.5684 12.18
    endloop
  endfacet
  facet normal 0.321651 0.946858 0
    outer loop
      vertex 90.568 -25.5684 14.9029
      vertex 90.1965 -25.4422 12.18
      vertex 90.1965 -25.4422 14.9819
    endloop
  endfacet
  facet normal 0.659478 0.751724 0
    outer loop
      vertex 91.2463 -25.9599 12.18
      vertex 91.5413 -26.2187 14.696
      vertex 91.5413 -26.2187 12.18
    endloop
  endfacet
  facet normal 0.659478 0.751724 0
    outer loop
      vertex 91.5413 -26.2187 14.696
      vertex 91.2463 -25.9599 12.18
      vertex 91.2463 -25.9599 14.7588
    endloop
  endfacet
  facet normal -0.0654873 0.997853 0
    outer loop
      vertex 89.0284 -25.3657 12.18
      vertex 89.42 -25.34 15.1469
      vertex 89.42 -25.34 12.18
    endloop
  endfacet
  facet normal -0.0654873 0.997853 0
    outer loop
      vertex 89.42 -25.34 15.1469
      vertex 89.0284 -25.3657 12.18
      vertex 89.0284 -25.3657 15.2302
    endloop
  endfacet
  facet normal -0.831501 -0.555523 0
    outer loop
      vertex 87.0399 -30.1663 12.18
      vertex 86.8219 -29.84 16.4684
      vertex 86.8219 -29.84 12.18
    endloop
  endfacet
  facet normal -0.831501 -0.555523 0
    outer loop
      vertex 86.8219 -29.84 16.4684
      vertex 87.0399 -30.1663 12.18
      vertex 87.0399 -30.1663 16.4728
    endloop
  endfacet
  facet normal -0.321574 -0.946885 0
    outer loop
      vertex 88.2719 -31.1116 12.18
      vertex 88.6435 -31.2378 16.3829
      vertex 88.2719 -31.1116 16.4433
    endloop
  endfacet
  facet normal -0.321574 -0.946885 -0
    outer loop
      vertex 88.6435 -31.2378 16.3829
      vertex 88.2719 -31.1116 12.18
      vertex 88.6435 -31.2378 12.18
    endloop
  endfacet
  facet normal -0.997853 -0.0654873 0
    outer loop
      vertex 86.4457 -28.7316 12.18
      vertex 86.42 -28.34 16.2983
      vertex 86.42 -28.34 12.18
    endloop
  endfacet
  facet normal -0.997853 -0.0654873 0
    outer loop
      vertex 86.42 -28.34 16.2983
      vertex 86.4457 -28.7316 12.18
      vertex 86.4457 -28.7316 16.3625
    endloop
  endfacet
  facet normal 0.751665 0.659546 0
    outer loop
      vertex 91.6444 -26.3362 14.6741
      vertex 91.5413 -26.2187 12.18
      vertex 91.5413 -26.2187 14.696
    endloop
  endfacet
  facet normal 0.751763 0.659434 -9.32284e-06
    outer loop
      vertex 91.8001 -26.5137 14.6673
      vertex 91.5413 -26.2187 12.18
      vertex 91.6444 -26.3362 14.6741
    endloop
  endfacet
  facet normal 0.751724 0.659478 0
    outer loop
      vertex 91.5413 -26.2187 12.18
      vertex 91.8001 -26.5137 14.6673
      vertex 91.8001 -26.5137 12.18
    endloop
  endfacet
  facet normal 0.0651967 -0.997872 0
    outer loop
      vertex 89.42 -31.34 12.18
      vertex 89.6404 -31.3256 16.1913
      vertex 89.42 -31.34 16.2439
    endloop
  endfacet
  facet normal 0.0658528 -0.997829 -3.61999e-05
    outer loop
      vertex 89.6404 -31.3256 16.1913
      vertex 89.42 -31.34 12.18
      vertex 89.8116 -31.3143 16.1505
    endloop
  endfacet
  facet normal 0.0654873 -0.997853 0
    outer loop
      vertex 89.8116 -31.3143 16.1505
      vertex 89.42 -31.34 12.18
      vertex 89.8116 -31.3143 12.18
    endloop
  endfacet
  facet normal 0.946858 -0.321651 0
    outer loop
      vertex 92.1916 -29.488 12.18
      vertex 92.3178 -29.1165 15.0072
      vertex 92.1916 -29.488 15.1057
    endloop
  endfacet
  facet normal 0.946858 -0.321651 0
    outer loop
      vertex 92.3178 -29.1165 15.0072
      vertex 92.1916 -29.488 12.18
      vertex 92.3178 -29.1165 12.18
    endloop
  endfacet
  facet normal -0.896911 0.442211 0
    outer loop
      vertex 86.6484 -27.1919 12.18
      vertex 86.8219 -26.84 15.9276
      vertex 86.8219 -26.84 12.18
    endloop
  endfacet
  facet normal -0.896911 0.442211 0
    outer loop
      vertex 86.8219 -26.84 15.9276
      vertex 86.6484 -27.1919 12.18
      vertex 86.6484 -27.1919 16.0343
    endloop
  endfacet
  facet normal 0.195035 0.980796 -0
    outer loop
      vertex 3.52468 -50.9333 2.5
      vertex 2.94737 -50.8185 12.24
      vertex 3.52468 -50.9333 12.24
    endloop
  endfacet
  facet normal 0.195035 0.980796 0
    outer loop
      vertex 2.94737 -50.8185 12.24
      vertex 3.52468 -50.9333 2.5
      vertex 2.94737 -50.8185 2.5
    endloop
  endfacet
  facet normal 0.980786 0.195087 0
    outer loop
      vertex 6.8215 -54.6926 12.24
      vertex 6.70667 -54.1153 2.5
      vertex 6.70667 -54.1153 12.24
    endloop
  endfacet
  facet normal 0.980786 0.195087 0
    outer loop
      vertex 6.70667 -54.1153 2.5
      vertex 6.8215 -54.6926 12.24
      vertex 6.8215 -54.6926 2.5
    endloop
  endfacet
  facet normal 0.997859 0.0654027 0
    outer loop
      vertex 6.86 -55.28 12.24
      vertex 6.8215 -54.6926 2.5
      vertex 6.8215 -54.6926 12.24
    endloop
  endfacet
  facet normal 0.997859 0.0654027 0
    outer loop
      vertex 6.8215 -54.6926 2.5
      vertex 6.86 -55.28 12.24
      vertex 6.86 -55.28 2.5
    endloop
  endfacet
  facet normal -0.555542 0.831488 0
    outer loop
      vertex 0.11 -51.3829 2.5
      vertex -0.379426 -51.7099 12.24
      vertex 0.11 -51.3829 12.24
    endloop
  endfacet
  facet normal -0.555542 0.831488 0
    outer loop
      vertex -0.379426 -51.7099 12.24
      vertex 0.11 -51.3829 2.5
      vertex -0.379426 -51.7099 2.5
    endloop
  endfacet
  facet normal -0.0654061 -0.997859 0
    outer loop
      vertex 1.77263 -59.7415 2.5
      vertex 2.36 -59.78 12.24
      vertex 1.77263 -59.7415 12.24
    endloop
  endfacet
  facet normal -0.0654061 -0.997859 -0
    outer loop
      vertex 2.36 -59.78 12.24
      vertex 1.77263 -59.7415 2.5
      vertex 2.36 -59.78 2.5
    endloop
  endfacet
  facet normal 0.831459 0.555586 0
    outer loop
      vertex 6.25711 -53.03 12.24
      vertex 5.93009 -52.5406 2.5
      vertex 5.93009 -52.5406 12.24
    endloop
  endfacet
  facet normal 0.831459 0.555586 0
    outer loop
      vertex 5.93009 -52.5406 2.5
      vertex 6.25711 -53.03 12.24
      vertex 6.25711 -53.03 2.5
    endloop
  endfacet
  facet normal 0.195035 -0.980796 0
    outer loop
      vertex 2.94737 -59.7415 2.5
      vertex 3.52468 -59.6267 12.24
      vertex 2.94737 -59.7415 12.24
    endloop
  endfacet
  facet normal 0.195035 -0.980796 0
    outer loop
      vertex 3.52468 -59.6267 12.24
      vertex 2.94737 -59.7415 2.5
      vertex 3.52468 -59.6267 2.5
    endloop
  endfacet
  facet normal -0.89686 -0.442314 0
    outer loop
      vertex -1.53711 -57.53 2.5
      vertex -1.79746 -57.0021 12.24
      vertex -1.79746 -57.0021 2.5
    endloop
  endfacet
  facet normal -0.89686 -0.442314 0
    outer loop
      vertex -1.79746 -57.0021 12.24
      vertex -1.53711 -57.53 2.5
      vertex -1.53711 -57.53 12.24
    endloop
  endfacet
  facet normal 0.831459 -0.555586 0
    outer loop
      vertex 5.93009 -58.0194 12.24
      vertex 6.25711 -57.53 2.5
      vertex 6.25711 -57.53 12.24
    endloop
  endfacet
  facet normal 0.831459 -0.555586 0
    outer loop
      vertex 6.25711 -57.53 2.5
      vertex 5.93009 -58.0194 12.24
      vertex 5.93009 -58.0194 2.5
    endloop
  endfacet
  facet normal 0.946931 -0.321437 0
    outer loop
      vertex 6.51746 -57.0021 12.24
      vertex 6.70667 -56.4447 2.5
      vertex 6.70667 -56.4447 12.24
    endloop
  endfacet
  facet normal 0.946931 -0.321437 0
    outer loop
      vertex 6.70667 -56.4447 2.5
      vertex 6.51746 -57.0021 12.24
      vertex 6.51746 -57.0021 2.5
    endloop
  endfacet
  facet normal -0.195031 -0.980797 0
    outer loop
      vertex 1.19531 -59.6267 2.5
      vertex 1.77263 -59.7415 12.24
      vertex 1.19531 -59.6267 12.24
    endloop
  endfacet
  facet normal -0.195031 -0.980797 -0
    outer loop
      vertex 1.77263 -59.7415 12.24
      vertex 1.19531 -59.6267 2.5
      vertex 1.77263 -59.7415 2.5
    endloop
  endfacet
  facet normal 0.442369 0.896833 -0
    outer loop
      vertex 4.61 -51.3829 2.5
      vertex 4.08208 -51.1225 12.24
      vertex 4.61 -51.3829 12.24
    endloop
  endfacet
  facet normal 0.442369 0.896833 0
    outer loop
      vertex 4.08208 -51.1225 12.24
      vertex 4.61 -51.3829 2.5
      vertex 4.08208 -51.1225 2.5
    endloop
  endfacet
  facet normal 0.321421 0.946936 -0
    outer loop
      vertex 4.08208 -51.1225 2.5
      vertex 3.52468 -50.9333 12.24
      vertex 4.08208 -51.1225 12.24
    endloop
  endfacet
  facet normal 0.321421 0.946936 0
    outer loop
      vertex 3.52468 -50.9333 12.24
      vertex 4.08208 -51.1225 2.5
      vertex 3.52468 -50.9333 2.5
    endloop
  endfacet
  facet normal 0.65934 -0.751845 0
    outer loop
      vertex 5.09943 -58.8501 2.5
      vertex 5.54198 -58.462 12.24
      vertex 5.09943 -58.8501 12.24
    endloop
  endfacet
  facet normal 0.65934 -0.751845 0
    outer loop
      vertex 5.54198 -58.462 12.24
      vertex 5.09943 -58.8501 2.5
      vertex 5.54198 -58.462 2.5
    endloop
  endfacet
  facet normal -0.831459 0.555586 0
    outer loop
      vertex -1.53711 -53.03 2.5
      vertex -1.21009 -52.5406 12.24
      vertex -1.21009 -52.5406 2.5
    endloop
  endfacet
  facet normal -0.831459 0.555586 0
    outer loop
      vertex -1.21009 -52.5406 12.24
      vertex -1.53711 -53.03 2.5
      vertex -1.53711 -53.03 12.24
    endloop
  endfacet
  facet normal 0.555539 -0.831491 0
    outer loop
      vertex 4.61 -59.1771 2.5
      vertex 5.09943 -58.8501 12.24
      vertex 4.61 -59.1771 12.24
    endloop
  endfacet
  facet normal 0.555539 -0.831491 0
    outer loop
      vertex 5.09943 -58.8501 12.24
      vertex 4.61 -59.1771 2.5
      vertex 5.09943 -58.8501 2.5
    endloop
  endfacet
  facet normal -0.555542 -0.831488 0
    outer loop
      vertex -0.379426 -58.8501 2.5
      vertex 0.11 -59.1771 12.24
      vertex -0.379426 -58.8501 12.24
    endloop
  endfacet
  facet normal -0.555542 -0.831488 -0
    outer loop
      vertex 0.11 -59.1771 12.24
      vertex -0.379426 -58.8501 2.5
      vertex 0.11 -59.1771 2.5
    endloop
  endfacet
  facet normal -0.442366 0.896835 0
    outer loop
      vertex 0.637924 -51.1225 2.5
      vertex 0.11 -51.3829 12.24
      vertex 0.637924 -51.1225 12.24
    endloop
  endfacet
  facet normal -0.442366 0.896835 0
    outer loop
      vertex 0.11 -51.3829 12.24
      vertex 0.637924 -51.1225 2.5
      vertex 0.11 -51.3829 2.5
    endloop
  endfacet
  facet normal -0.946931 -0.321437 0
    outer loop
      vertex -1.79746 -57.0021 2.5
      vertex -1.98667 -56.4447 12.24
      vertex -1.98667 -56.4447 2.5
    endloop
  endfacet
  facet normal -0.946931 -0.321437 0
    outer loop
      vertex -1.98667 -56.4447 12.24
      vertex -1.79746 -57.0021 2.5
      vertex -1.79746 -57.0021 12.24
    endloop
  endfacet
  facet normal 0.997859 -0.0654027 0
    outer loop
      vertex 6.8215 -55.8674 12.24
      vertex 6.86 -55.28 2.5
      vertex 6.86 -55.28 12.24
    endloop
  endfacet
  facet normal 0.997859 -0.0654027 0
    outer loop
      vertex 6.86 -55.28 2.5
      vertex 6.8215 -55.8674 12.24
      vertex 6.8215 -55.8674 2.5
    endloop
  endfacet
  facet normal -0.831459 -0.555586 0
    outer loop
      vertex -1.21009 -58.0194 2.5
      vertex -1.53711 -57.53 12.24
      vertex -1.53711 -57.53 2.5
    endloop
  endfacet
  facet normal -0.831459 -0.555586 0
    outer loop
      vertex -1.53711 -57.53 12.24
      vertex -1.21009 -58.0194 2.5
      vertex -1.21009 -58.0194 12.24
    endloop
  endfacet
  facet normal 0.89686 0.442314 0
    outer loop
      vertex 6.51746 -53.5579 12.24
      vertex 6.25711 -53.03 2.5
      vertex 6.25711 -53.03 12.24
    endloop
  endfacet
  facet normal 0.89686 0.442314 0
    outer loop
      vertex 6.25711 -53.03 2.5
      vertex 6.51746 -53.5579 12.24
      vertex 6.51746 -53.5579 2.5
    endloop
  endfacet
  facet normal -0.980786 -0.195087 0
    outer loop
      vertex -1.98667 -56.4447 2.5
      vertex -2.1015 -55.8674 12.24
      vertex -2.1015 -55.8674 2.5
    endloop
  endfacet
  facet normal -0.980786 -0.195087 0
    outer loop
      vertex -2.1015 -55.8674 12.24
      vertex -1.98667 -56.4447 2.5
      vertex -1.98667 -56.4447 12.24
    endloop
  endfacet
  facet normal 0.89686 -0.442314 0
    outer loop
      vertex 6.25711 -57.53 12.24
      vertex 6.51746 -57.0021 2.5
      vertex 6.51746 -57.0021 12.24
    endloop
  endfacet
  facet normal 0.89686 -0.442314 0
    outer loop
      vertex 6.51746 -57.0021 2.5
      vertex 6.25711 -57.53 12.24
      vertex 6.25711 -57.53 2.5
    endloop
  endfacet
  facet normal 0.442369 -0.896833 0
    outer loop
      vertex 4.08208 -59.4375 2.5
      vertex 4.61 -59.1771 12.24
      vertex 4.08208 -59.4375 12.24
    endloop
  endfacet
  facet normal 0.442369 -0.896833 0
    outer loop
      vertex 4.61 -59.1771 12.24
      vertex 4.08208 -59.4375 2.5
      vertex 4.61 -59.1771 2.5
    endloop
  endfacet
  facet normal 0.555539 0.831491 -0
    outer loop
      vertex 5.09943 -51.7099 2.5
      vertex 4.61 -51.3829 12.24
      vertex 5.09943 -51.7099 12.24
    endloop
  endfacet
  facet normal 0.555539 0.831491 0
    outer loop
      vertex 4.61 -51.3829 12.24
      vertex 5.09943 -51.7099 2.5
      vertex 4.61 -51.3829 2.5
    endloop
  endfacet
  facet normal -0.89686 0.442314 0
    outer loop
      vertex -1.79746 -53.5579 2.5
      vertex -1.53711 -53.03 12.24
      vertex -1.53711 -53.03 2.5
    endloop
  endfacet
  facet normal -0.89686 0.442314 0
    outer loop
      vertex -1.53711 -53.03 12.24
      vertex -1.79746 -53.5579 2.5
      vertex -1.79746 -53.5579 12.24
    endloop
  endfacet
  facet normal 0.751873 -0.659308 0
    outer loop
      vertex 5.54198 -58.462 12.24
      vertex 5.93009 -58.0194 2.5
      vertex 5.93009 -58.0194 12.24
    endloop
  endfacet
  facet normal 0.751873 -0.659308 0
    outer loop
      vertex 5.93009 -58.0194 2.5
      vertex 5.54198 -58.462 12.24
      vertex 5.54198 -58.462 2.5
    endloop
  endfacet
  facet normal -0.321429 0.946934 0
    outer loop
      vertex 1.19531 -50.9333 2.5
      vertex 0.637924 -51.1225 12.24
      vertex 1.19531 -50.9333 12.24
    endloop
  endfacet
  facet normal -0.321429 0.946934 0
    outer loop
      vertex 0.637924 -51.1225 12.24
      vertex 1.19531 -50.9333 2.5
      vertex 0.637924 -51.1225 2.5
    endloop
  endfacet
  facet normal 0.751873 0.659308 0
    outer loop
      vertex 5.93009 -52.5406 12.24
      vertex 5.54198 -52.098 2.5
      vertex 5.54198 -52.098 12.24
    endloop
  endfacet
  facet normal 0.751873 0.659308 0
    outer loop
      vertex 5.54198 -52.098 2.5
      vertex 5.93009 -52.5406 12.24
      vertex 5.93009 -52.5406 2.5
    endloop
  endfacet
  facet normal 0.0654061 0.997859 -0
    outer loop
      vertex 2.94737 -50.8185 2.5
      vertex 2.36 -50.78 12.24
      vertex 2.94737 -50.8185 12.24
    endloop
  endfacet
  facet normal 0.0654061 0.997859 0
    outer loop
      vertex 2.36 -50.78 12.24
      vertex 2.94737 -50.8185 2.5
      vertex 2.36 -50.78 2.5
    endloop
  endfacet
  facet normal -0.195031 0.980797 0
    outer loop
      vertex 1.77263 -50.8185 2.5
      vertex 1.19531 -50.9333 12.24
      vertex 1.77263 -50.8185 12.24
    endloop
  endfacet
  facet normal -0.195031 0.980797 0
    outer loop
      vertex 1.19531 -50.9333 12.24
      vertex 1.77263 -50.8185 2.5
      vertex 1.19531 -50.9333 2.5
    endloop
  endfacet
  facet normal 0.65934 0.751845 -0
    outer loop
      vertex 5.54198 -52.098 2.5
      vertex 5.09943 -51.7099 12.24
      vertex 5.54198 -52.098 12.24
    endloop
  endfacet
  facet normal 0.65934 0.751845 0
    outer loop
      vertex 5.09943 -51.7099 12.24
      vertex 5.54198 -52.098 2.5
      vertex 5.09943 -51.7099 2.5
    endloop
  endfacet
  facet normal 0.980786 -0.195087 0
    outer loop
      vertex 6.70667 -56.4447 12.24
      vertex 6.8215 -55.8674 2.5
      vertex 6.8215 -55.8674 12.24
    endloop
  endfacet
  facet normal 0.980786 -0.195087 0
    outer loop
      vertex 6.8215 -55.8674 2.5
      vertex 6.70667 -56.4447 12.24
      vertex 6.70667 -56.4447 2.5
    endloop
  endfacet
  facet normal -0.946931 0.321437 0
    outer loop
      vertex -1.98667 -54.1153 2.5
      vertex -1.79746 -53.5579 12.24
      vertex -1.79746 -53.5579 2.5
    endloop
  endfacet
  facet normal -0.946931 0.321437 0
    outer loop
      vertex -1.79746 -53.5579 12.24
      vertex -1.98667 -54.1153 2.5
      vertex -1.98667 -54.1153 12.24
    endloop
  endfacet
  facet normal 0.321421 -0.946936 0
    outer loop
      vertex 3.52468 -59.6267 2.5
      vertex 4.08208 -59.4375 12.24
      vertex 3.52468 -59.6267 12.24
    endloop
  endfacet
  facet normal 0.321421 -0.946936 0
    outer loop
      vertex 4.08208 -59.4375 12.24
      vertex 3.52468 -59.6267 2.5
      vertex 4.08208 -59.4375 2.5
    endloop
  endfacet
  facet normal -0.321429 -0.946934 0
    outer loop
      vertex 0.637924 -59.4375 2.5
      vertex 1.19531 -59.6267 12.24
      vertex 0.637924 -59.4375 12.24
    endloop
  endfacet
  facet normal -0.321429 -0.946934 -0
    outer loop
      vertex 1.19531 -59.6267 12.24
      vertex 0.637924 -59.4375 2.5
      vertex 1.19531 -59.6267 2.5
    endloop
  endfacet
  facet normal -0.659337 0.751848 0
    outer loop
      vertex -0.379426 -51.7099 2.5
      vertex -0.82198 -52.098 12.24
      vertex -0.379426 -51.7099 12.24
    endloop
  endfacet
  facet normal -0.659337 0.751848 0
    outer loop
      vertex -0.82198 -52.098 12.24
      vertex -0.379426 -51.7099 2.5
      vertex -0.82198 -52.098 2.5
    endloop
  endfacet
  facet normal 0.946931 0.321437 0
    outer loop
      vertex 6.70667 -54.1153 12.24
      vertex 6.51746 -53.5579 2.5
      vertex 6.51746 -53.5579 12.24
    endloop
  endfacet
  facet normal 0.946931 0.321437 0
    outer loop
      vertex 6.51746 -53.5579 2.5
      vertex 6.70667 -54.1153 12.24
      vertex 6.70667 -54.1153 2.5
    endloop
  endfacet
  facet normal -0.980786 0.195087 0
    outer loop
      vertex -2.1015 -54.6926 2.5
      vertex -1.98667 -54.1153 12.24
      vertex -1.98667 -54.1153 2.5
    endloop
  endfacet
  facet normal -0.980786 0.195087 0
    outer loop
      vertex -1.98667 -54.1153 12.24
      vertex -2.1015 -54.6926 2.5
      vertex -2.1015 -54.6926 12.24
    endloop
  endfacet
  facet normal -0.659337 -0.751848 0
    outer loop
      vertex -0.82198 -58.462 2.5
      vertex -0.379426 -58.8501 12.24
      vertex -0.82198 -58.462 12.24
    endloop
  endfacet
  facet normal -0.659337 -0.751848 -0
    outer loop
      vertex -0.379426 -58.8501 12.24
      vertex -0.82198 -58.462 2.5
      vertex -0.379426 -58.8501 2.5
    endloop
  endfacet
  facet normal -0.997859 0.0654027 0
    outer loop
      vertex -2.14 -55.28 2.5
      vertex -2.1015 -54.6926 12.24
      vertex -2.1015 -54.6926 2.5
    endloop
  endfacet
  facet normal -0.997859 0.0654027 0
    outer loop
      vertex -2.1015 -54.6926 12.24
      vertex -2.14 -55.28 2.5
      vertex -2.14 -55.28 12.24
    endloop
  endfacet
  facet normal -0.442366 -0.896835 0
    outer loop
      vertex 0.11 -59.1771 2.5
      vertex 0.637924 -59.4375 12.24
      vertex 0.11 -59.1771 12.24
    endloop
  endfacet
  facet normal -0.442366 -0.896835 -0
    outer loop
      vertex 0.637924 -59.4375 12.24
      vertex 0.11 -59.1771 2.5
      vertex 0.637924 -59.4375 2.5
    endloop
  endfacet
  facet normal -0.751873 -0.659308 0
    outer loop
      vertex -0.82198 -58.462 2.5
      vertex -1.21009 -58.0194 12.24
      vertex -1.21009 -58.0194 2.5
    endloop
  endfacet
  facet normal -0.751873 -0.659308 0
    outer loop
      vertex -1.21009 -58.0194 12.24
      vertex -0.82198 -58.462 2.5
      vertex -0.82198 -58.462 12.24
    endloop
  endfacet
  facet normal 0.0654061 -0.997859 0
    outer loop
      vertex 2.36 -59.78 2.5
      vertex 2.94737 -59.7415 12.24
      vertex 2.36 -59.78 12.24
    endloop
  endfacet
  facet normal 0.0654061 -0.997859 0
    outer loop
      vertex 2.94737 -59.7415 12.24
      vertex 2.36 -59.78 2.5
      vertex 2.94737 -59.7415 2.5
    endloop
  endfacet
  facet normal -0.0654061 0.997859 0
    outer loop
      vertex 2.36 -50.78 2.5
      vertex 1.77263 -50.8185 12.24
      vertex 2.36 -50.78 12.24
    endloop
  endfacet
  facet normal -0.0654061 0.997859 0
    outer loop
      vertex 1.77263 -50.8185 12.24
      vertex 2.36 -50.78 2.5
      vertex 1.77263 -50.8185 2.5
    endloop
  endfacet
  facet normal -0.997859 -0.0654027 0
    outer loop
      vertex -2.1015 -55.8674 2.5
      vertex -2.14 -55.28 12.24
      vertex -2.14 -55.28 2.5
    endloop
  endfacet
  facet normal -0.997859 -0.0654027 0
    outer loop
      vertex -2.14 -55.28 12.24
      vertex -2.1015 -55.8674 2.5
      vertex -2.1015 -55.8674 12.24
    endloop
  endfacet
  facet normal -0.751873 0.659308 0
    outer loop
      vertex -1.21009 -52.5406 2.5
      vertex -0.82198 -52.098 12.24
      vertex -0.82198 -52.098 2.5
    endloop
  endfacet
  facet normal -0.751873 0.659308 0
    outer loop
      vertex -0.82198 -52.098 12.24
      vertex -1.21009 -52.5406 2.5
      vertex -1.21009 -52.5406 12.24
    endloop
  endfacet
  facet normal -0.313138 -0.634842 0.706343
    outer loop
      vertex 0.86 -57.8781 13.74
      vertex 0.11 -59.1771 12.24
      vertex 0.637924 -59.4375 12.24
    endloop
  endfacet
  facet normal 0.694262 -0.138095 0.70635
    outer loop
      vertex 5.33433 -55.6716 13.74
      vertex 6.70667 -56.4447 12.24
      vertex 6.8215 -55.8674 12.24
    endloop
  endfacet
  facet normal 0.694268 -0.138078 0.706347
    outer loop
      vertex 6.70667 -56.4447 12.24
      vertex 5.33433 -55.6716 13.74
      vertex 5.25778 -56.0565 13.74
    endloop
  endfacet
  facet normal -0.137998 0.694283 0.706348
    outer loop
      vertex 1.96842 -52.3057 13.74
      vertex 1.19531 -50.9333 12.24
      vertex 1.58354 -52.3822 13.74
    endloop
  endfacet
  facet normal -0.393251 0.588587 0.706342
    outer loop
      vertex 0.86 -52.6819 13.74
      vertex 0.11 -51.3829 12.24
      vertex 0.533715 -52.8999 13.74
    endloop
  endfacet
  facet normal 0.39325 0.588588 0.706342
    outer loop
      vertex 4.61 -51.3829 12.24
      vertex 3.86 -52.6819 13.74
      vertex 5.09943 -51.7099 12.24
    endloop
  endfacet
  facet normal 0.532166 -0.466755 0.706356
    outer loop
      vertex 4.74006 -57.1063 13.74
      vertex 4.48132 -57.4013 13.74
      vertex 5.54198 -58.462 12.24
    endloop
  endfacet
  facet normal 0.466779 -0.532142 0.706358
    outer loop
      vertex 4.48132 -57.4013 13.74
      vertex 4.18628 -57.6601 13.74
      vertex 5.54198 -58.462 12.24
    endloop
  endfacet
  facet normal -0.0462981 -0.706341 0.706356
    outer loop
      vertex 2.36 -59.78 12.24
      vertex 1.96842 -58.2543 13.74
      vertex 1.77263 -59.7415 12.24
    endloop
  endfacet
  facet normal -0.0463586 -0.706347 0.706347
    outer loop
      vertex 1.96842 -58.2543 13.74
      vertex 2.36 -59.78 12.24
      vertex 2.36 -58.28 13.74
    endloop
  endfacet
  facet normal -0.532179 -0.466764 0.706341
    outer loop
      vertex -0.0200596 -57.1063 13.74
      vertex -1.21009 -58.0194 12.24
      vertex 0.238679 -57.4013 13.74
    endloop
  endfacet
  facet normal -0.312981 0.63489 0.706369
    outer loop
      vertex 1.21195 -52.5084 13.74
      vertex 0.637924 -51.1225 12.24
      vertex 0.86 -52.6819 13.74
    endloop
  endfacet
  facet normal -0.393251 -0.588587 0.706342
    outer loop
      vertex 0.533715 -57.6601 13.74
      vertex 0.11 -59.1771 12.24
      vertex 0.86 -57.8781 13.74
    endloop
  endfacet
  facet normal -0.466724 -0.53221 0.706343
    outer loop
      vertex 0.533715 -57.6601 13.74
      vertex -0.82198 -58.462 12.24
      vertex -0.379426 -58.8501 12.24
    endloop
  endfacet
  facet normal 0.0463586 -0.706347 0.706347
    outer loop
      vertex 2.36 -59.78 12.24
      vertex 2.75158 -58.2543 13.74
      vertex 2.36 -58.28 13.74
    endloop
  endfacet
  facet normal 0.0462981 -0.706341 0.706356
    outer loop
      vertex 2.75158 -58.2543 13.74
      vertex 2.36 -59.78 12.24
      vertex 2.94737 -59.7415 12.24
    endloop
  endfacet
  facet normal -0.466783 -0.532139 0.706358
    outer loop
      vertex 0.238679 -57.4013 13.74
      vertex -0.82198 -58.462 12.24
      vertex 0.533715 -57.6601 13.74
    endloop
  endfacet
  facet normal 0.634886 0.313042 0.706345
    outer loop
      vertex 6.25711 -53.03 12.24
      vertex 4.95808 -53.78 13.74
      vertex 5.13164 -54.132 13.74
    endloop
  endfacet
  facet normal -0.137998 -0.694283 0.706348
    outer loop
      vertex 1.58354 -58.1778 13.74
      vertex 1.19531 -59.6267 12.24
      vertex 1.96842 -58.2543 13.74
    endloop
  endfacet
  facet normal 0.31314 -0.634841 0.706343
    outer loop
      vertex 4.61 -59.1771 12.24
      vertex 3.86 -57.8781 13.74
      vertex 4.08208 -59.4375 12.24
    endloop
  endfacet
  facet normal -0.63485 -0.313117 0.706345
    outer loop
      vertex -0.411638 -56.4281 13.74
      vertex -1.79746 -57.0021 12.24
      vertex -0.238076 -56.78 13.74
    endloop
  endfacet
  facet normal -0.313138 0.634842 0.706343
    outer loop
      vertex 0.637924 -51.1225 12.24
      vertex 0.11 -51.3829 12.24
      vertex 0.86 -52.6819 13.74
    endloop
  endfacet
  facet normal -0.588581 0.393259 0.706343
    outer loop
      vertex -0.0200596 -53.4537 13.74
      vertex -1.21009 -52.5406 12.24
      vertex -0.238076 -53.78 13.74
    endloop
  endfacet
  facet normal -0.694264 0.13809 0.706349
    outer loop
      vertex -0.537777 -54.5035 13.74
      vertex -2.1015 -54.6926 12.24
      vertex -0.614334 -54.8884 13.74
    endloop
  endfacet
  facet normal 0.634849 0.313095 0.706356
    outer loop
      vertex 6.25711 -53.03 12.24
      vertex 5.13164 -54.132 13.74
      vertex 6.51746 -53.5579 12.24
    endloop
  endfacet
  facet normal 0.393255 0.588583 0.706343
    outer loop
      vertex 5.09943 -51.7099 12.24
      vertex 3.86 -52.6819 13.74
      vertex 4.18628 -52.8999 13.74
    endloop
  endfacet
  facet normal -0.0463586 0.706347 0.706347
    outer loop
      vertex 2.36 -50.78 12.24
      vertex 1.96842 -52.3057 13.74
      vertex 2.36 -52.28 13.74
    endloop
  endfacet
  facet normal -0.0462981 0.706341 0.706356
    outer loop
      vertex 1.96842 -52.3057 13.74
      vertex 2.36 -50.78 12.24
      vertex 1.77263 -50.8185 12.24
    endloop
  endfacet
  facet normal 0.466726 -0.532207 0.706345
    outer loop
      vertex 5.54198 -58.462 12.24
      vertex 4.18628 -57.6601 13.74
      vertex 5.09943 -58.8501 12.24
    endloop
  endfacet
  facet normal -0.532221 -0.466697 0.706353
    outer loop
      vertex 0.238679 -57.4013 13.74
      vertex -1.21009 -58.0194 12.24
      vertex -0.82198 -58.462 12.24
    endloop
  endfacet
  facet normal 0.588562 -0.393281 0.706347
    outer loop
      vertex 4.95808 -56.78 13.74
      vertex 5.93009 -58.0194 12.24
      vertex 6.25711 -57.53 12.24
    endloop
  endfacet
  facet normal 0.588578 -0.393263 0.706343
    outer loop
      vertex 5.93009 -58.0194 12.24
      vertex 4.95808 -56.78 13.74
      vertex 4.74006 -57.1063 13.74
    endloop
  endfacet
  facet normal 0.31298 -0.63489 0.70637
    outer loop
      vertex 3.86 -57.8781 13.74
      vertex 3.50805 -58.0516 13.74
      vertex 4.08208 -59.4375 12.24
    endloop
  endfacet
  facet normal 0.532228 -0.466704 0.706343
    outer loop
      vertex 5.93009 -58.0194 12.24
      vertex 4.74006 -57.1063 13.74
      vertex 5.54198 -58.462 12.24
    endloop
  endfacet
  facet normal 0.6703 -0.227534 0.706347
    outer loop
      vertex 5.25778 -56.0565 13.74
      vertex 5.13164 -56.4281 13.74
      vertex 6.70667 -56.4447 12.24
    endloop
  endfacet
  facet normal 0.466726 0.532207 0.706345
    outer loop
      vertex 5.09943 -51.7099 12.24
      vertex 4.18628 -52.8999 13.74
      vertex 5.54198 -52.098 12.24
    endloop
  endfacet
  facet normal 0.694264 0.138095 0.706347
    outer loop
      vertex 6.70667 -54.1153 12.24
      vertex 5.25778 -54.5035 13.74
      vertex 6.8215 -54.6926 12.24
    endloop
  endfacet
  facet normal -0.138054 -0.694262 0.706358
    outer loop
      vertex 1.96842 -58.2543 13.74
      vertex 1.19531 -59.6267 12.24
      vertex 1.77263 -59.7415 12.24
    endloop
  endfacet
  facet normal -0.634873 0.313039 0.706358
    outer loop
      vertex -0.238076 -53.78 13.74
      vertex -1.79746 -53.5579 12.24
      vertex -0.411638 -54.132 13.74
    endloop
  endfacet
  facet normal 0.138058 -0.69427 0.706349
    outer loop
      vertex 3.13646 -58.1778 13.74
      vertex 2.94737 -59.7415 12.24
      vertex 3.52468 -59.6267 12.24
    endloop
  endfacet
  facet normal 0.137996 -0.694272 0.70636
    outer loop
      vertex 2.94737 -59.7415 12.24
      vertex 3.13646 -58.1778 13.74
      vertex 2.75158 -58.2543 13.74
    endloop
  endfacet
  facet normal -0.706348 -0.0462932 0.706349
    outer loop
      vertex -2.14 -55.28 12.24
      vertex -0.614334 -55.6716 13.74
      vertex -0.639999 -55.28 13.74
    endloop
  endfacet
  facet normal -0.706349 -0.0462963 0.706348
    outer loop
      vertex -0.614334 -55.6716 13.74
      vertex -2.14 -55.28 12.24
      vertex -2.1015 -55.8674 12.24
    endloop
  endfacet
  facet normal -0.532221 0.466697 0.706353
    outer loop
      vertex -0.82198 -52.098 12.24
      vertex -1.21009 -52.5406 12.24
      vertex 0.238679 -53.1587 13.74
    endloop
  endfacet
  facet normal -0.634855 0.313098 0.706348
    outer loop
      vertex -1.53711 -53.03 12.24
      vertex -1.79746 -53.5579 12.24
      vertex -0.238076 -53.78 13.74
    endloop
  endfacet
  facet normal -0.588561 0.39328 0.706347
    outer loop
      vertex -1.21009 -52.5406 12.24
      vertex -1.53711 -53.03 12.24
      vertex -0.238076 -53.78 13.74
    endloop
  endfacet
  facet normal -0.588581 -0.393259 0.706343
    outer loop
      vertex -0.238076 -56.78 13.74
      vertex -1.21009 -58.0194 12.24
      vertex -0.0200596 -57.1063 13.74
    endloop
  endfacet
  facet normal -0.634855 -0.313098 0.706348
    outer loop
      vertex -0.238076 -56.78 13.74
      vertex -1.79746 -57.0021 12.24
      vertex -1.53711 -57.53 12.24
    endloop
  endfacet
  facet normal -0.393252 0.588587 0.706342
    outer loop
      vertex 0.11 -51.3829 12.24
      vertex -0.379426 -51.7099 12.24
      vertex 0.533715 -52.8999 13.74
    endloop
  endfacet
  facet normal 0.138058 0.69427 0.706349
    outer loop
      vertex 2.94737 -50.8185 12.24
      vertex 3.13646 -52.3822 13.74
      vertex 3.52468 -50.9333 12.24
    endloop
  endfacet
  facet normal 0.137996 0.694272 0.70636
    outer loop
      vertex 3.13646 -52.3822 13.74
      vertex 2.94737 -50.8185 12.24
      vertex 2.75158 -52.3057 13.74
    endloop
  endfacet
  facet normal -0.6703 -0.227532 0.706347
    outer loop
      vertex -0.537777 -56.0565 13.74
      vertex -1.79746 -57.0021 12.24
      vertex -0.411638 -56.4281 13.74
    endloop
  endfacet
  facet normal -0.6703 -0.227534 0.706347
    outer loop
      vertex -1.79746 -57.0021 12.24
      vertex -0.537777 -56.0565 13.74
      vertex -1.98667 -56.4447 12.24
    endloop
  endfacet
  facet normal 0.588562 0.393281 0.706347
    outer loop
      vertex 5.93009 -52.5406 12.24
      vertex 4.95808 -53.78 13.74
      vertex 6.25711 -53.03 12.24
    endloop
  endfacet
  facet normal 0.588578 0.393263 0.706343
    outer loop
      vertex 4.95808 -53.78 13.74
      vertex 5.93009 -52.5406 12.24
      vertex 4.74006 -53.4537 13.74
    endloop
  endfacet
  facet normal 0.31314 0.634841 0.706343
    outer loop
      vertex 4.08208 -51.1225 12.24
      vertex 3.86 -52.6819 13.74
      vertex 4.61 -51.3829 12.24
    endloop
  endfacet
  facet normal 0.6703 -0.227534 0.706347
    outer loop
      vertex 6.70667 -56.4447 12.24
      vertex 5.13164 -56.4281 13.74
      vertex 6.51746 -57.0021 12.24
    endloop
  endfacet
  facet normal 0.532228 0.466704 0.706343
    outer loop
      vertex 5.54198 -52.098 12.24
      vertex 4.74006 -53.4537 13.74
      vertex 5.93009 -52.5406 12.24
    endloop
  endfacet
  facet normal 0.227517 0.670285 0.706367
    outer loop
      vertex 3.52468 -50.9333 12.24
      vertex 3.50805 -52.5084 13.74
      vertex 4.08208 -51.1225 12.24
    endloop
  endfacet
  facet normal 0.227637 0.670265 0.706347
    outer loop
      vertex 3.50805 -52.5084 13.74
      vertex 3.52468 -50.9333 12.24
      vertex 3.13646 -52.3822 13.74
    endloop
  endfacet
  facet normal 0.31298 0.63489 0.70637
    outer loop
      vertex 4.08208 -51.1225 12.24
      vertex 3.50805 -52.5084 13.74
      vertex 3.86 -52.6819 13.74
    endloop
  endfacet
  facet normal 0.670283 0.22759 0.706345
    outer loop
      vertex 6.70667 -54.1153 12.24
      vertex 5.13164 -54.132 13.74
      vertex 5.25778 -54.5035 13.74
    endloop
  endfacet
  facet normal 0.227629 -0.670243 0.70637
    outer loop
      vertex 3.50805 -58.0516 13.74
      vertex 3.13646 -58.1778 13.74
      vertex 4.08208 -59.4375 12.24
    endloop
  endfacet
  facet normal 0.706348 0.0463023 0.706348
    outer loop
      vertex 6.86 -55.28 12.24
      vertex 5.33433 -54.8884 13.74
      vertex 5.36 -55.28 13.74
    endloop
  endfacet
  facet normal 0.706348 0.0462962 0.706349
    outer loop
      vertex 5.33433 -54.8884 13.74
      vertex 6.86 -55.28 12.24
      vertex 6.8215 -54.6926 12.24
    endloop
  endfacet
  facet normal 0.634858 -0.3131 0.706345
    outer loop
      vertex 6.51746 -57.0021 12.24
      vertex 5.13164 -56.4281 13.74
      vertex 6.25711 -57.53 12.24
    endloop
  endfacet
  facet normal -0.227636 0.670265 0.706348
    outer loop
      vertex 1.58354 -52.3822 13.74
      vertex 1.19531 -50.9333 12.24
      vertex 1.21195 -52.5084 13.74
    endloop
  endfacet
  facet normal -0.393252 -0.588587 0.706342
    outer loop
      vertex 0.533715 -57.6601 13.74
      vertex -0.379426 -58.8501 12.24
      vertex 0.11 -59.1771 12.24
    endloop
  endfacet
  facet normal 0.634849 -0.313113 0.706348
    outer loop
      vertex 5.13164 -56.4281 13.74
      vertex 4.95808 -56.78 13.74
      vertex 6.25711 -57.53 12.24
    endloop
  endfacet
  facet normal -0.227629 -0.670243 0.70637
    outer loop
      vertex 1.21195 -58.0516 13.74
      vertex 0.637924 -59.4375 12.24
      vertex 1.58354 -58.1778 13.74
    endloop
  endfacet
  facet normal 0.706348 -0.0463023 0.706348
    outer loop
      vertex 5.33433 -55.6716 13.74
      vertex 6.86 -55.28 12.24
      vertex 5.36 -55.28 13.74
    endloop
  endfacet
  facet normal 0.706348 -0.0462962 0.706349
    outer loop
      vertex 6.86 -55.28 12.24
      vertex 5.33433 -55.6716 13.74
      vertex 6.8215 -55.8674 12.24
    endloop
  endfacet
  facet normal -0.227522 0.670284 0.706366
    outer loop
      vertex 1.19531 -50.9333 12.24
      vertex 0.637924 -51.1225 12.24
      vertex 1.21195 -52.5084 13.74
    endloop
  endfacet
  facet normal -0.588561 -0.39328 0.706347
    outer loop
      vertex -0.238076 -56.78 13.74
      vertex -1.53711 -57.53 12.24
      vertex -1.21009 -58.0194 12.24
    endloop
  endfacet
  facet normal 0.532166 0.466755 0.706356
    outer loop
      vertex 5.54198 -52.098 12.24
      vertex 4.48132 -53.1587 13.74
      vertex 4.74006 -53.4537 13.74
    endloop
  endfacet
  facet normal 0.0462981 0.706341 0.706356
    outer loop
      vertex 2.36 -50.78 12.24
      vertex 2.75158 -52.3057 13.74
      vertex 2.94737 -50.8185 12.24
    endloop
  endfacet
  facet normal 0.0463586 0.706347 0.706347
    outer loop
      vertex 2.75158 -52.3057 13.74
      vertex 2.36 -50.78 12.24
      vertex 2.36 -52.28 13.74
    endloop
  endfacet
  facet normal -0.532179 0.466764 0.706341
    outer loop
      vertex 0.238679 -53.1587 13.74
      vertex -1.21009 -52.5406 12.24
      vertex -0.0200596 -53.4537 13.74
    endloop
  endfacet
  facet normal -0.670273 0.227584 0.706357
    outer loop
      vertex -0.411638 -54.132 13.74
      vertex -1.79746 -53.5579 12.24
      vertex -0.537777 -54.5035 13.74
    endloop
  endfacet
  facet normal -0.466794 0.532153 0.70634
    outer loop
      vertex -0.379426 -51.7099 12.24
      vertex 0.238679 -53.1587 13.74
      vertex 0.533715 -52.8999 13.74
    endloop
  endfacet
  facet normal -0.466717 0.532201 0.706355
    outer loop
      vertex 0.238679 -53.1587 13.74
      vertex -0.379426 -51.7099 12.24
      vertex -0.82198 -52.098 12.24
    endloop
  endfacet
  facet normal -0.6703 0.227534 0.706347
    outer loop
      vertex -1.79746 -53.5579 12.24
      vertex -1.98667 -54.1153 12.24
      vertex -0.537777 -54.5035 13.74
    endloop
  endfacet
  facet normal 0.466779 0.532142 0.706358
    outer loop
      vertex 5.54198 -52.098 12.24
      vertex 4.18628 -52.8999 13.74
      vertex 4.48132 -53.1587 13.74
    endloop
  endfacet
  facet normal -0.706349 0.0462963 0.706348
    outer loop
      vertex -2.14 -55.28 12.24
      vertex -0.614334 -54.8884 13.74
      vertex -2.1015 -54.6926 12.24
    endloop
  endfacet
  facet normal -0.706348 0.0462932 0.706349
    outer loop
      vertex -0.614334 -54.8884 13.74
      vertex -2.14 -55.28 12.24
      vertex -0.639999 -55.28 13.74
    endloop
  endfacet
  facet normal -0.227527 -0.670298 0.706351
    outer loop
      vertex 1.58354 -58.1778 13.74
      vertex 0.637924 -59.4375 12.24
      vertex 1.19531 -59.6267 12.24
    endloop
  endfacet
  facet normal 0.393249 -0.588587 0.706343
    outer loop
      vertex 4.18628 -57.6601 13.74
      vertex 4.61 -59.1771 12.24
      vertex 5.09943 -58.8501 12.24
    endloop
  endfacet
  facet normal 0.393255 -0.588584 0.706342
    outer loop
      vertex 4.61 -59.1771 12.24
      vertex 4.18628 -57.6601 13.74
      vertex 3.86 -57.8781 13.74
    endloop
  endfacet
  facet normal 0.227522 -0.6703 0.706351
    outer loop
      vertex 4.08208 -59.4375 12.24
      vertex 3.13646 -58.1778 13.74
      vertex 3.52468 -59.6267 12.24
    endloop
  endfacet
  facet normal -0.138054 0.694262 0.706358
    outer loop
      vertex 1.77263 -50.8185 12.24
      vertex 1.19531 -50.9333 12.24
      vertex 1.96842 -52.3057 13.74
    endloop
  endfacet
  facet normal 0.670293 0.227532 0.706354
    outer loop
      vertex 6.51746 -53.5579 12.24
      vertex 5.13164 -54.132 13.74
      vertex 6.70667 -54.1153 12.24
    endloop
  endfacet
  facet normal 0.694265 0.138077 0.70635
    outer loop
      vertex 6.8215 -54.6926 12.24
      vertex 5.25778 -54.5035 13.74
      vertex 5.33433 -54.8884 13.74
    endloop
  endfacet
  facet normal -0.694264 0.138095 0.706348
    outer loop
      vertex -1.98667 -54.1153 12.24
      vertex -2.1015 -54.6926 12.24
      vertex -0.537777 -54.5035 13.74
    endloop
  endfacet
  facet normal -0.312981 -0.63489 0.706369
    outer loop
      vertex 0.86 -57.8781 13.74
      vertex 0.637924 -59.4375 12.24
      vertex 1.21195 -58.0516 13.74
    endloop
  endfacet
  facet normal -0.694265 -0.13809 0.706348
    outer loop
      vertex -0.614334 -55.6716 13.74
      vertex -1.98667 -56.4447 12.24
      vertex -0.537777 -56.0565 13.74
    endloop
  endfacet
  facet normal -0.694263 -0.138095 0.706349
    outer loop
      vertex -1.98667 -56.4447 12.24
      vertex -0.614334 -55.6716 13.74
      vertex -2.1015 -55.8674 12.24
    endloop
  endfacet
  facet normal 0.195128 0.980778 -0
    outer loop
      vertex 3.13646 -52.3822 13.74
      vertex 2.76803 -52.3089 18.4941
      vertex 3.13646 -52.3822 18.589
    endloop
  endfacet
  facet normal 0.191033 0.981584 -0.00032981
    outer loop
      vertex 3.13646 -52.3822 13.74
      vertex 2.75158 -52.3057 18.4898
      vertex 2.76803 -52.3089 18.4941
    endloop
  endfacet
  facet normal 0.19495 0.980813 0
    outer loop
      vertex 2.75158 -52.3057 18.4898
      vertex 3.13646 -52.3822 13.74
      vertex 2.75158 -52.3057 13.74
    endloop
  endfacet
  facet normal 0.980791 0.195062 0
    outer loop
      vertex 5.33433 -54.8884 18.74
      vertex 5.25778 -54.5035 13.74
      vertex 5.25778 -54.5035 18.74
    endloop
  endfacet
  facet normal 0.980791 0.195062 0
    outer loop
      vertex 5.25778 -54.5035 13.74
      vertex 5.33433 -54.8884 18.74
      vertex 5.33433 -54.8884 13.74
    endloop
  endfacet
  facet normal 0.997858 0.0654112 0
    outer loop
      vertex 5.36 -55.28 18.74
      vertex 5.33433 -54.8884 13.74
      vertex 5.33433 -54.8884 18.74
    endloop
  endfacet
  facet normal 0.997858 0.0654112 0
    outer loop
      vertex 5.33433 -54.8884 13.74
      vertex 5.36 -55.28 18.74
      vertex 5.36 -55.28 13.74
    endloop
  endfacet
  facet normal 0.946905 0.321514 0
    outer loop
      vertex 5.25778 -54.5035 18.74
      vertex 5.13164 -54.132 13.74
      vertex 5.13164 -54.132 18.74
    endloop
  endfacet
  facet normal 0.946905 0.321514 0
    outer loop
      vertex 5.13164 -54.132 13.74
      vertex 5.25778 -54.5035 18.74
      vertex 5.25778 -54.5035 13.74
    endloop
  endfacet
  facet normal -0.946932 -0.321434 0
    outer loop
      vertex -0.411638 -56.4281 13.74
      vertex -0.537777 -56.0565 17.3601
      vertex -0.537777 -56.0565 13.74
    endloop
  endfacet
  facet normal -0.946932 -0.321434 0
    outer loop
      vertex -0.537777 -56.0565 17.3601
      vertex -0.411638 -56.4281 13.74
      vertex -0.411638 -56.4281 17.3704
    endloop
  endfacet
  facet normal -0.946905 0.321512 0
    outer loop
      vertex -0.537777 -54.5035 17.4596
      vertex -0.411638 -54.132 13.74
      vertex -0.537777 -54.5035 13.74
    endloop
  endfacet
  facet normal -0.946905 0.321512 0
    outer loop
      vertex -0.411638 -54.132 13.74
      vertex -0.537777 -54.5035 17.4596
      vertex -0.411638 -54.132 17.5175
    endloop
  endfacet
  facet normal 0.831477 0.555558 0
    outer loop
      vertex 4.95808 -53.78 18.74
      vertex 4.74006 -53.4537 13.74
      vertex 4.74006 -53.4537 18.74
    endloop
  endfacet
  facet normal 0.831477 0.555558 0
    outer loop
      vertex 4.74006 -53.4537 13.74
      vertex 4.95808 -53.78 18.74
      vertex 4.95808 -53.78 13.74
    endloop
  endfacet
  facet normal 0.659428 -0.751768 0
    outer loop
      vertex 4.48132 -57.4013 13.74
      vertex 4.18628 -57.6601 18.5347
      vertex 4.18628 -57.6601 13.74
    endloop
  endfacet
  facet normal 0.659447 -0.751751 2.10043e-06
    outer loop
      vertex 4.18628 -57.6601 18.5347
      vertex 4.48132 -57.4013 13.74
      vertex 4.26414 -57.5918 18.5601
    endloop
  endfacet
  facet normal 0.659319 -0.751863 -8.09843e-06
    outer loop
      vertex 4.26414 -57.5918 18.5601
      vertex 4.48132 -57.4013 13.74
      vertex 4.38194 -57.4885 18.5986
    endloop
  endfacet
  facet normal 0.659543 -0.751667 0
    outer loop
      vertex 4.38194 -57.4885 18.5986
      vertex 4.48132 -57.4013 13.74
      vertex 4.48132 -57.4013 18.631
    endloop
  endfacet
  facet normal 0.831441 -0.555611 0.0012496
    outer loop
      vertex 4.74006 -57.1063 18.7199
      vertex 4.95808 -56.78 18.74
      vertex 4.79496 -57.0241 18.74
    endloop
  endfacet
  facet normal 0.831477 -0.555558 0
    outer loop
      vertex 4.95808 -56.78 18.74
      vertex 4.74006 -57.1063 18.7199
      vertex 4.95808 -56.78 13.74
    endloop
  endfacet
  facet normal 0.831477 -0.555558 0
    outer loop
      vertex 4.95808 -56.78 13.74
      vertex 4.74006 -57.1063 18.7199
      vertex 4.74006 -57.1063 13.74
    endloop
  endfacet
  facet normal -0.0654906 -0.997853 0
    outer loop
      vertex 2.36 -58.28 13.74
      vertex 1.96842 -58.2543 17.8969
      vertex 1.96842 -58.2543 13.74
    endloop
  endfacet
  facet normal -0.0654906 -0.997853 0
    outer loop
      vertex 1.96842 -58.2543 17.8969
      vertex 2.36 -58.28 13.74
      vertex 2.36 -58.28 18.0011
    endloop
  endfacet
  facet normal 0.19495 -0.980813 0
    outer loop
      vertex 3.13646 -58.1778 13.74
      vertex 2.75158 -58.2543 18.1087
      vertex 2.75158 -58.2543 13.74
    endloop
  endfacet
  facet normal 0.19495 -0.980813 0
    outer loop
      vertex 2.75158 -58.2543 18.1087
      vertex 3.13646 -58.1778 13.74
      vertex 3.13646 -58.1778 18.2176
    endloop
  endfacet
  facet normal 0.8969 0.442233 0
    outer loop
      vertex 5.13164 -54.132 18.74
      vertex 4.95808 -53.78 13.74
      vertex 4.95808 -53.78 18.74
    endloop
  endfacet
  facet normal 0.8969 0.442233 0
    outer loop
      vertex 4.95808 -53.78 13.74
      vertex 5.13164 -54.132 18.74
      vertex 5.13164 -54.132 13.74
    endloop
  endfacet
  facet normal 0.946931 -0.321437 0
    outer loop
      vertex 5.13164 -56.4281 18.74
      vertex 5.25778 -56.0565 13.74
      vertex 5.25778 -56.0565 18.74
    endloop
  endfacet
  facet normal 0.946931 -0.321437 0
    outer loop
      vertex 5.25778 -56.0565 13.74
      vertex 5.13164 -56.4281 18.74
      vertex 5.13164 -56.4281 13.74
    endloop
  endfacet
  facet normal -0.19495 -0.980813 0
    outer loop
      vertex 1.96842 -58.2543 13.74
      vertex 1.58354 -58.1778 17.7977
      vertex 1.58354 -58.1778 13.74
    endloop
  endfacet
  facet normal -0.19495 -0.980813 0
    outer loop
      vertex 1.58354 -58.1778 17.7977
      vertex 1.96842 -58.2543 13.74
      vertex 1.96842 -58.2543 17.8969
    endloop
  endfacet
  facet normal -0.555541 -0.831489 0
    outer loop
      vertex 0.86 -57.8781 13.74
      vertex 0.533715 -57.6601 17.547
      vertex 0.533715 -57.6601 13.74
    endloop
  endfacet
  facet normal -0.555541 -0.831489 0
    outer loop
      vertex 0.533715 -57.6601 17.547
      vertex 0.86 -57.8781 13.74
      vertex 0.86 -57.8781 17.6213
    endloop
  endfacet
  facet normal 0.751799 0.659392 0
    outer loop
      vertex 4.74006 -53.4537 18.74
      vertex 4.48132 -53.1587 13.74
      vertex 4.48132 -53.1587 18.74
    endloop
  endfacet
  facet normal 0.751799 0.659392 0
    outer loop
      vertex 4.48132 -53.1587 13.74
      vertex 4.74006 -53.4537 18.74
      vertex 4.74006 -53.4537 13.74
    endloop
  endfacet
  facet normal -0.659433 0.751764 0
    outer loop
      vertex 0.533715 -52.8999 13.74
      vertex 0.238679 -53.1587 17.7557
      vertex 0.533715 -52.8999 17.852
    endloop
  endfacet
  facet normal -0.659433 0.751764 0
    outer loop
      vertex 0.238679 -53.1587 17.7557
      vertex 0.533715 -52.8999 13.74
      vertex 0.238679 -53.1587 13.74
    endloop
  endfacet
  facet normal -0.44216 0.896936 0
    outer loop
      vertex 1.21195 -52.5084 13.74
      vertex 0.86 -52.6819 17.9542
      vertex 1.21195 -52.5084 18.0605
    endloop
  endfacet
  facet normal -0.44216 0.896936 0
    outer loop
      vertex 0.86 -52.6819 17.9542
      vertex 1.21195 -52.5084 13.74
      vertex 0.86 -52.6819 13.74
    endloop
  endfacet
  facet normal -0.19467 0.980869 0
    outer loop
      vertex 1.96842 -52.3057 13.74
      vertex 1.87974 -52.3233 18.2529
      vertex 1.96842 -52.3057 18.2781
    endloop
  endfacet
  facet normal -0.195233 0.980757 -1.1513e-05
    outer loop
      vertex 1.87974 -52.3233 18.2529
      vertex 1.96842 -52.3057 13.74
      vertex 1.60747 -52.3775 18.1759
    endloop
  endfacet
  facet normal -0.192778 0.981242 0.000196139
    outer loop
      vertex 1.96842 -52.3057 13.74
      vertex 1.58354 -52.3822 18.1691
      vertex 1.60747 -52.3775 18.1759
    endloop
  endfacet
  facet normal -0.19495 0.980813 0
    outer loop
      vertex 1.58354 -52.3822 18.1691
      vertex 1.96842 -52.3057 13.74
      vertex 1.58354 -52.3822 13.74
    endloop
  endfacet
  facet normal 0.321582 0.946882 -0
    outer loop
      vertex 3.50805 -52.5084 13.74
      vertex 3.13646 -52.3822 18.589
      vertex 3.50805 -52.5084 18.6814
    endloop
  endfacet
  facet normal 0.321582 0.946882 0
    outer loop
      vertex 3.13646 -52.3822 18.589
      vertex 3.50805 -52.5084 13.74
      vertex 3.13646 -52.3822 13.74
    endloop
  endfacet
  facet normal 0.751994 -0.65917 0
    outer loop
      vertex 4.73445 -57.1127 18.718
      vertex 4.74006 -57.1063 13.74
      vertex 4.74006 -57.1063 18.7199
    endloop
  endfacet
  facet normal 0.751795 -0.659397 -5.15771e-07
    outer loop
      vertex 4.48132 -57.4013 18.631
      vertex 4.74006 -57.1063 13.74
      vertex 4.73445 -57.1127 18.718
    endloop
  endfacet
  facet normal 0.751799 -0.659392 0
    outer loop
      vertex 4.74006 -57.1063 13.74
      vertex 4.48132 -57.4013 18.631
      vertex 4.48132 -57.4013 13.74
    endloop
  endfacet
  facet normal 0.321582 -0.946882 0
    outer loop
      vertex 3.50805 -58.0516 13.74
      vertex 3.13646 -58.1778 18.2176
      vertex 3.13646 -58.1778 13.74
    endloop
  endfacet
  facet normal 0.321582 -0.946882 0
    outer loop
      vertex 3.13646 -58.1778 18.2176
      vertex 3.50805 -58.0516 13.74
      vertex 3.50805 -58.0516 18.3262
    endloop
  endfacet
  facet normal 0.555547 0.831485 -0
    outer loop
      vertex 4.18628 -52.8999 13.74
      vertex 3.86 -52.6819 18.74
      vertex 4.18628 -52.8999 18.74
    endloop
  endfacet
  facet normal 0.555547 0.831485 0
    outer loop
      vertex 3.86 -52.6819 18.74
      vertex 4.18628 -52.8999 13.74
      vertex 3.86 -52.6819 13.74
    endloop
  endfacet
  facet normal -0.321565 0.946888 0
    outer loop
      vertex 1.58354 -52.3822 13.74
      vertex 1.52877 -52.4008 18.1531
      vertex 1.58354 -52.3822 18.1691
    endloop
  endfacet
  facet normal -0.321584 0.946881 -2.69915e-07
    outer loop
      vertex 1.58354 -52.3822 13.74
      vertex 1.21195 -52.5084 18.0605
      vertex 1.52877 -52.4008 18.1531
    endloop
  endfacet
  facet normal -0.321582 0.946882 0
    outer loop
      vertex 1.21195 -52.5084 18.0605
      vertex 1.58354 -52.3822 13.74
      vertex 1.21195 -52.5084 13.74
    endloop
  endfacet
  facet normal -0.751801 -0.65939 0
    outer loop
      vertex 0.238679 -57.4013 13.74
      vertex -0.0200596 -57.1063 17.4328
      vertex -0.0200596 -57.1063 13.74
    endloop
  endfacet
  facet normal -0.751801 -0.65939 0
    outer loop
      vertex -0.0200596 -57.1063 17.4328
      vertex 0.238679 -57.4013 13.74
      vertex 0.238679 -57.4013 17.4838
    endloop
  endfacet
  facet normal 0.0653898 0.99786 -0
    outer loop
      vertex 2.75158 -52.3057 13.74
      vertex 2.42196 -52.2841 18.4021
      vertex 2.75158 -52.3057 18.4898
    endloop
  endfacet
  facet normal 0.0660155 0.997819 4.44353e-05
    outer loop
      vertex 2.75158 -52.3057 13.74
      vertex 2.36 -52.28 18.3856
      vertex 2.42196 -52.2841 18.4021
    endloop
  endfacet
  facet normal 0.0654906 0.997853 0
    outer loop
      vertex 2.36 -52.28 18.3856
      vertex 2.75158 -52.3057 13.74
      vertex 2.36 -52.28 13.74
    endloop
  endfacet
  facet normal -0.751801 0.65939 0
    outer loop
      vertex -0.0200596 -53.4537 17.6668
      vertex 0.238679 -53.1587 13.74
      vertex -0.0200596 -53.4537 13.74
    endloop
  endfacet
  facet normal -0.751801 0.65939 0
    outer loop
      vertex 0.238679 -53.1587 13.74
      vertex -0.0200596 -53.4537 17.6668
      vertex 0.238679 -53.1587 17.7557
    endloop
  endfacet
  facet normal -0.555541 0.831489 0
    outer loop
      vertex 0.86 -52.6819 13.74
      vertex 0.533715 -52.8999 17.852
      vertex 0.86 -52.6819 17.9542
    endloop
  endfacet
  facet normal -0.555541 0.831489 0
    outer loop
      vertex 0.533715 -52.8999 17.852
      vertex 0.86 -52.6819 13.74
      vertex 0.533715 -52.8999 13.74
    endloop
  endfacet
  facet normal 0.555547 -0.831485 0
    outer loop
      vertex 4.18628 -57.6601 13.74
      vertex 3.86 -57.8781 18.4325
      vertex 3.86 -57.8781 13.74
    endloop
  endfacet
  facet normal 0.555547 -0.831485 0
    outer loop
      vertex 3.86 -57.8781 18.4325
      vertex 4.18628 -57.6601 13.74
      vertex 4.18628 -57.6601 18.5347
    endloop
  endfacet
  facet normal -0.659433 -0.751764 0
    outer loop
      vertex 0.533715 -57.6601 13.74
      vertex 0.238679 -57.4013 17.4838
      vertex 0.238679 -57.4013 13.74
    endloop
  endfacet
  facet normal -0.659433 -0.751764 0
    outer loop
      vertex 0.238679 -57.4013 17.4838
      vertex 0.533715 -57.6601 13.74
      vertex 0.533715 -57.6601 17.547
    endloop
  endfacet
  facet normal 0.441885 0.897069 0.00204748
    outer loop
      vertex 3.86 -52.6819 18.74
      vertex 3.50805 -52.5084 18.6814
      vertex 3.75342 -52.6294 18.74
    endloop
  endfacet
  facet normal 0.44216 0.896936 -0
    outer loop
      vertex 3.86 -52.6819 13.74
      vertex 3.50805 -52.5084 18.6814
      vertex 3.86 -52.6819 18.74
    endloop
  endfacet
  facet normal 0.44216 0.896936 0
    outer loop
      vertex 3.50805 -52.5084 18.6814
      vertex 3.86 -52.6819 13.74
      vertex 3.50805 -52.5084 13.74
    endloop
  endfacet
  facet normal 0.980791 -0.195062 0
    outer loop
      vertex 5.25778 -56.0565 18.74
      vertex 5.33433 -55.6716 13.74
      vertex 5.33433 -55.6716 18.74
    endloop
  endfacet
  facet normal 0.980791 -0.195062 0
    outer loop
      vertex 5.33433 -55.6716 13.74
      vertex 5.25778 -56.0565 18.74
      vertex 5.25778 -56.0565 13.74
    endloop
  endfacet
  facet normal 0.997858 -0.0654112 0
    outer loop
      vertex 5.33433 -55.6716 18.74
      vertex 5.36 -55.28 13.74
      vertex 5.36 -55.28 18.74
    endloop
  endfacet
  facet normal 0.997858 -0.0654112 0
    outer loop
      vertex 5.36 -55.28 13.74
      vertex 5.33433 -55.6716 18.74
      vertex 5.33433 -55.6716 13.74
    endloop
  endfacet
  facet normal 0.44216 -0.896936 0
    outer loop
      vertex 3.86 -57.8781 13.74
      vertex 3.50805 -58.0516 18.3262
      vertex 3.50805 -58.0516 13.74
    endloop
  endfacet
  facet normal 0.44216 -0.896936 0
    outer loop
      vertex 3.50805 -58.0516 18.3262
      vertex 3.86 -57.8781 13.74
      vertex 3.86 -57.8781 18.4325
    endloop
  endfacet
  facet normal 0.659428 0.751768 -0
    outer loop
      vertex 4.48132 -53.1587 13.74
      vertex 4.18628 -52.8999 18.74
      vertex 4.48132 -53.1587 18.74
    endloop
  endfacet
  facet normal 0.659428 0.751768 0
    outer loop
      vertex 4.18628 -52.8999 18.74
      vertex 4.48132 -53.1587 13.74
      vertex 4.18628 -52.8999 13.74
    endloop
  endfacet
  facet normal -0.896898 0.442237 0
    outer loop
      vertex -0.411638 -54.132 17.5175
      vertex -0.238076 -53.78 13.74
      vertex -0.411638 -54.132 13.74
    endloop
  endfacet
  facet normal -0.896898 0.442237 0
    outer loop
      vertex -0.238076 -53.78 13.74
      vertex -0.411638 -54.132 17.5175
      vertex -0.238076 -53.78 17.587
    endloop
  endfacet
  facet normal 0.89685 -0.442334 0
    outer loop
      vertex 4.95808 -56.78 18.74
      vertex 5.13164 -56.4281 13.74
      vertex 5.13164 -56.4281 18.74
    endloop
  endfacet
  facet normal 0.89685 -0.442334 0
    outer loop
      vertex 5.13164 -56.4281 13.74
      vertex 4.95808 -56.78 18.74
      vertex 4.95808 -56.78 13.74
    endloop
  endfacet
  facet normal -0.980787 -0.19508 -0
    outer loop
      vertex -0.537777 -56.0565 17.3601
      vertex -0.614334 -55.6716 13.74
      vertex -0.537777 -56.0565 13.74
    endloop
  endfacet
  facet normal -0.980787 -0.19508 0
    outer loop
      vertex -0.614334 -55.6716 13.74
      vertex -0.537777 -56.0565 17.3601
      vertex -0.614334 -55.6716 17.364
    endloop
  endfacet
  facet normal -0.896848 -0.442338 0
    outer loop
      vertex -0.238076 -56.78 13.74
      vertex -0.411638 -56.4281 17.3704
      vertex -0.411638 -56.4281 13.74
    endloop
  endfacet
  facet normal -0.896848 -0.442338 0
    outer loop
      vertex -0.411638 -56.4281 17.3704
      vertex -0.238076 -56.78 13.74
      vertex -0.238076 -56.78 17.3947
    endloop
  endfacet
  facet normal -0.980787 0.19508 0
    outer loop
      vertex -0.614334 -54.8884 17.4142
      vertex -0.537777 -54.5035 13.74
      vertex -0.614334 -54.8884 13.74
    endloop
  endfacet
  facet normal -0.980787 0.19508 0
    outer loop
      vertex -0.537777 -54.5035 13.74
      vertex -0.614334 -54.8884 17.4142
      vertex -0.537777 -54.5035 17.4596
    endloop
  endfacet
  facet normal -0.997858 0.0654118 0
    outer loop
      vertex -0.614334 -54.8884 13.74
      vertex -0.618726 -54.9554 17.4087
      vertex -0.614334 -54.8884 17.4142
    endloop
  endfacet
  facet normal -0.997859 0.0653985 0
    outer loop
      vertex -0.639999 -55.28 17.3822
      vertex -0.614334 -54.8884 13.74
      vertex -0.639999 -55.28 13.74
    endloop
  endfacet
  facet normal -0.997859 0.0653958 -2.9468e-07
    outer loop
      vertex -0.614334 -54.8884 13.74
      vertex -0.639999 -55.28 17.3822
      vertex -0.618726 -54.9554 17.4087
    endloop
  endfacet
  facet normal -0.44216 -0.896936 0
    outer loop
      vertex 1.21195 -58.0516 13.74
      vertex 0.86 -57.8781 17.6213
      vertex 0.86 -57.8781 13.74
    endloop
  endfacet
  facet normal -0.44216 -0.896936 0
    outer loop
      vertex 0.86 -57.8781 17.6213
      vertex 1.21195 -58.0516 13.74
      vertex 1.21195 -58.0516 17.7053
    endloop
  endfacet
  facet normal -0.831482 0.555552 0
    outer loop
      vertex -0.238076 -53.78 17.587
      vertex -0.0200596 -53.4537 13.74
      vertex -0.238076 -53.78 13.74
    endloop
  endfacet
  facet normal -0.831482 0.555552 0
    outer loop
      vertex -0.0200596 -53.4537 13.74
      vertex -0.238076 -53.78 17.587
      vertex -0.0200596 -53.4537 17.6668
    endloop
  endfacet
  facet normal 0.0654906 -0.997853 0
    outer loop
      vertex 2.75158 -58.2543 13.74
      vertex 2.36 -58.28 18.0011
      vertex 2.36 -58.28 13.74
    endloop
  endfacet
  facet normal 0.0652957 -0.997866 -1.79925e-05
    outer loop
      vertex 2.36 -58.28 18.0011
      vertex 2.75158 -58.2543 13.74
      vertex 2.65497 -58.2607 18.0821
    endloop
  endfacet
  facet normal 0.0661008 -0.997813 0
    outer loop
      vertex 2.65497 -58.2607 18.0821
      vertex 2.75158 -58.2543 13.74
      vertex 2.75158 -58.2543 18.1087
    endloop
  endfacet
  facet normal -0.321582 -0.946882 0
    outer loop
      vertex 1.58354 -58.1778 13.74
      vertex 1.21195 -58.0516 17.7053
      vertex 1.21195 -58.0516 13.74
    endloop
  endfacet
  facet normal -0.321582 -0.946882 0
    outer loop
      vertex 1.21195 -58.0516 17.7053
      vertex 1.58354 -58.1778 13.74
      vertex 1.58354 -58.1778 17.7977
    endloop
  endfacet
  facet normal -0.0654906 0.997853 0
    outer loop
      vertex 2.36 -52.28 13.74
      vertex 1.96842 -52.3057 18.2781
      vertex 2.36 -52.28 18.3856
    endloop
  endfacet
  facet normal -0.0654906 0.997853 0
    outer loop
      vertex 1.96842 -52.3057 18.2781
      vertex 2.36 -52.28 13.74
      vertex 1.96842 -52.3057 13.74
    endloop
  endfacet
  facet normal 0 0 1
    outer loop
      vertex 4.2806 -54.8539 18.74
      vertex 5.36 -55.28 18.74
      vertex 5.33433 -54.8884 18.74
    endloop
  endfacet
  facet normal -0 0 1
    outer loop
      vertex 4.2806 -54.8539 18.74
      vertex 5.33433 -54.8884 18.74
      vertex 5.25778 -54.5035 18.74
    endloop
  endfacet
  facet normal 0 0 1
    outer loop
      vertex 5.36 -55.28 18.74
      vertex 4.2806 -54.8539 18.74
      vertex 5.33433 -55.6716 18.74
    endloop
  endfacet
  facet normal 0 0 1
    outer loop
      vertex 4.2806 -54.8539 18.74
      vertex 5.25778 -54.5035 18.74
      vertex 5.13164 -54.132 18.74
    endloop
  endfacet
  facet normal 0 -0 1
    outer loop
      vertex 4.647 -56.3998 18.74
      vertex 5.33433 -55.6716 18.74
      vertex 4.2806 -54.8539 18.74
    endloop
  endfacet
  facet normal 0 0 1
    outer loop
      vertex 4.2806 -54.8539 18.74
      vertex 5.13164 -54.132 18.74
      vertex 4.95808 -53.78 18.74
    endloop
  endfacet
  facet normal 0 0 1
    outer loop
      vertex 5.33433 -55.6716 18.74
      vertex 4.647 -56.3998 18.74
      vertex 5.25778 -56.0565 18.74
    endloop
  endfacet
  facet normal 0 0 1
    outer loop
      vertex 5.13164 -56.4281 18.74
      vertex 4.647 -56.3998 18.74
      vertex 4.95808 -56.78 18.74
    endloop
  endfacet
  facet normal 0 0 1
    outer loop
      vertex 4.2806 -54.8539 18.74
      vertex 4.95808 -53.78 18.74
      vertex 4.74006 -53.4537 18.74
    endloop
  endfacet
  facet normal 0 0 1
    outer loop
      vertex 4.95808 -56.78 18.74
      vertex 4.647 -56.3998 18.74
      vertex 4.79496 -57.0241 18.74
    endloop
  endfacet
  facet normal 0 0 1
    outer loop
      vertex 4.2806 -54.8539 18.74
      vertex 4.74006 -53.4537 18.74
      vertex 4.48132 -53.1587 18.74
    endloop
  endfacet
  facet normal 0 0 1
    outer loop
      vertex 5.25778 -56.0565 18.74
      vertex 4.647 -56.3998 18.74
      vertex 5.13164 -56.4281 18.74
    endloop
  endfacet
  facet normal 0 0 1
    outer loop
      vertex 4.18628 -52.8999 18.74
      vertex 4.2806 -54.8539 18.74
      vertex 4.48132 -53.1587 18.74
    endloop
  endfacet
  facet normal 0 0 1
    outer loop
      vertex 3.86 -52.6819 18.74
      vertex 4.2806 -54.8539 18.74
      vertex 4.18628 -52.8999 18.74
    endloop
  endfacet
  facet normal 0 0 1
    outer loop
      vertex 4.2806 -54.8539 18.74
      vertex 3.86 -52.6819 18.74
      vertex 3.75342 -52.6294 18.74
    endloop
  endfacet
  facet normal -0.997859 -0.0653985 -0
    outer loop
      vertex -0.614334 -55.6716 17.364
      vertex -0.639999 -55.28 13.74
      vertex -0.614334 -55.6716 13.74
    endloop
  endfacet
  facet normal -0.997859 -0.0653985 0
    outer loop
      vertex -0.639999 -55.28 13.74
      vertex -0.614334 -55.6716 17.364
      vertex -0.639999 -55.28 17.3822
    endloop
  endfacet
  facet normal -0.831482 -0.555552 0
    outer loop
      vertex -0.0200596 -57.1063 13.74
      vertex -0.238076 -56.78 17.3947
      vertex -0.238076 -56.78 13.74
    endloop
  endfacet
  facet normal -0.831482 -0.555552 0
    outer loop
      vertex -0.238076 -56.78 17.3947
      vertex -0.0200596 -57.1063 13.74
      vertex -0.0200596 -57.1063 17.4328
    endloop
  endfacet
  facet normal -0.896827 -0.442382 0
    outer loop
      vertex -15.7671 -72.6 2.5
      vertex -16.0275 -72.0721 6.99
      vertex -16.0275 -72.0721 2.5
    endloop
  endfacet
  facet normal -0.896827 -0.442382 0
    outer loop
      vertex -16.0275 -72.0721 6.99
      vertex -15.7671 -72.6 2.5
      vertex -15.7671 -72.6 6.99
    endloop
  endfacet
  facet normal 0.980786 0.195087 0
    outer loop
      vertex -7.4085 -69.7626 6.99
      vertex -7.52333 -69.1853 2.5
      vertex -7.52333 -69.1853 6.99
    endloop
  endfacet
  facet normal 0.980786 0.195087 0
    outer loop
      vertex -7.52333 -69.1853 2.5
      vertex -7.4085 -69.7626 6.99
      vertex -7.4085 -69.7626 2.5
    endloop
  endfacet
  facet normal 0.997859 0.0654027 0
    outer loop
      vertex -7.37 -70.35 6.99
      vertex -7.4085 -69.7626 2.5
      vertex -7.4085 -69.7626 6.99
    endloop
  endfacet
  facet normal 0.997859 0.0654027 0
    outer loop
      vertex -7.4085 -69.7626 2.5
      vertex -7.37 -70.35 6.99
      vertex -7.37 -70.35 2.5
    endloop
  endfacet
  facet normal 0.946931 0.321437 0
    outer loop
      vertex -7.52333 -69.1853 6.99
      vertex -7.71254 -68.6279 2.5
      vertex -7.71254 -68.6279 6.99
    endloop
  endfacet
  facet normal 0.946931 0.321437 0
    outer loop
      vertex -7.71254 -68.6279 2.5
      vertex -7.52333 -69.1853 6.99
      vertex -7.52333 -69.1853 2.5
    endloop
  endfacet
  facet normal 0.751873 -0.659308 0
    outer loop
      vertex -8.68802 -73.532 6.99
      vertex -8.29991 -73.0894 2.5
      vertex -8.29991 -73.0894 6.99
    endloop
  endfacet
  facet normal 0.751873 -0.659308 0
    outer loop
      vertex -8.29991 -73.0894 2.5
      vertex -8.68802 -73.532 6.99
      vertex -8.68802 -73.532 2.5
    endloop
  endfacet
  facet normal -0.946936 0.321421 0
    outer loop
      vertex -16.2167 -69.1853 2.5
      vertex -16.0275 -68.6279 6.99
      vertex -16.0275 -68.6279 2.5
    endloop
  endfacet
  facet normal -0.946936 0.321421 0
    outer loop
      vertex -16.0275 -68.6279 6.99
      vertex -16.2167 -69.1853 2.5
      vertex -16.2167 -69.1853 6.99
    endloop
  endfacet
  facet normal -0.831475 0.555562 0
    outer loop
      vertex -15.7671 -68.1 2.5
      vertex -15.4401 -67.6106 6.99
      vertex -15.4401 -67.6106 2.5
    endloop
  endfacet
  facet normal -0.831475 0.555562 0
    outer loop
      vertex -15.4401 -67.6106 6.99
      vertex -15.7671 -68.1 2.5
      vertex -15.7671 -68.1 6.99
    endloop
  endfacet
  facet normal 0.997859 -0.0654027 0
    outer loop
      vertex -7.4085 -70.9374 6.99
      vertex -7.37 -70.35 2.5
      vertex -7.37 -70.35 6.99
    endloop
  endfacet
  facet normal 0.997859 -0.0654027 0
    outer loop
      vertex -7.37 -70.35 2.5
      vertex -7.4085 -70.9374 6.99
      vertex -7.4085 -70.9374 2.5
    endloop
  endfacet
  facet normal 0.831459 0.555586 0
    outer loop
      vertex -7.97289 -68.1 6.99
      vertex -8.29991 -67.6106 2.5
      vertex -8.29991 -67.6106 6.99
    endloop
  endfacet
  facet normal 0.831459 0.555586 0
    outer loop
      vertex -8.29991 -67.6106 2.5
      vertex -7.97289 -68.1 6.99
      vertex -7.97289 -68.1 2.5
    endloop
  endfacet
  facet normal 0.89686 0.442314 0
    outer loop
      vertex -7.71254 -68.6279 6.99
      vertex -7.97289 -68.1 2.5
      vertex -7.97289 -68.1 6.99
    endloop
  endfacet
  facet normal 0.89686 0.442314 0
    outer loop
      vertex -7.97289 -68.1 2.5
      vertex -7.71254 -68.6279 6.99
      vertex -7.71254 -68.6279 2.5
    endloop
  endfacet
  facet normal -0.195038 0.980796 0
    outer loop
      vertex -12.4574 -65.8885 2.5
      vertex -13.0347 -66.0033 6.99
      vertex -12.4574 -65.8885 6.99
    endloop
  endfacet
  facet normal -0.195038 0.980796 0
    outer loop
      vertex -13.0347 -66.0033 6.99
      vertex -12.4574 -65.8885 2.5
      vertex -13.0347 -66.0033 2.5
    endloop
  endfacet
  facet normal -0.442382 -0.896827 0
    outer loop
      vertex -14.12 -74.2471 2.5
      vertex -13.5921 -74.5075 6.99
      vertex -14.12 -74.2471 6.99
    endloop
  endfacet
  facet normal -0.442382 -0.896827 -0
    outer loop
      vertex -13.5921 -74.5075 6.99
      vertex -14.12 -74.2471 2.5
      vertex -13.5921 -74.5075 2.5
    endloop
  endfacet
  facet normal -0.831475 -0.555562 0
    outer loop
      vertex -15.4401 -73.0894 2.5
      vertex -15.7671 -72.6 6.99
      vertex -15.7671 -72.6 2.5
    endloop
  endfacet
  facet normal -0.831475 -0.555562 0
    outer loop
      vertex -15.7671 -72.6 6.99
      vertex -15.4401 -73.0894 2.5
      vertex -15.4401 -73.0894 6.99
    endloop
  endfacet
  facet normal -0.659298 0.751882 0
    outer loop
      vertex -14.6094 -66.7799 2.5
      vertex -15.052 -67.168 6.99
      vertex -14.6094 -66.7799 6.99
    endloop
  endfacet
  facet normal -0.659298 0.751882 0
    outer loop
      vertex -15.052 -67.168 6.99
      vertex -14.6094 -66.7799 2.5
      vertex -15.052 -67.168 2.5
    endloop
  endfacet
  facet normal -0.321421 0.946936 0
    outer loop
      vertex -13.0347 -66.0033 2.5
      vertex -13.5921 -66.1925 6.99
      vertex -13.0347 -66.0033 6.99
    endloop
  endfacet
  facet normal -0.321421 0.946936 0
    outer loop
      vertex -13.5921 -66.1925 6.99
      vertex -13.0347 -66.0033 2.5
      vertex -13.5921 -66.1925 2.5
    endloop
  endfacet
  facet normal 0.442382 -0.896827 0
    outer loop
      vertex -10.1479 -74.5075 2.5
      vertex -9.62 -74.2471 6.99
      vertex -10.1479 -74.5075 6.99
    endloop
  endfacet
  facet normal 0.442382 -0.896827 0
    outer loop
      vertex -9.62 -74.2471 6.99
      vertex -10.1479 -74.5075 2.5
      vertex -9.62 -74.2471 2.5
    endloop
  endfacet
  facet normal 0.946931 -0.321437 0
    outer loop
      vertex -7.71254 -72.0721 6.99
      vertex -7.52333 -71.5147 2.5
      vertex -7.52333 -71.5147 6.99
    endloop
  endfacet
  facet normal 0.946931 -0.321437 0
    outer loop
      vertex -7.52333 -71.5147 2.5
      vertex -7.71254 -72.0721 6.99
      vertex -7.71254 -72.0721 2.5
    endloop
  endfacet
  facet normal -0.659298 -0.751882 0
    outer loop
      vertex -15.052 -73.532 2.5
      vertex -14.6094 -73.9201 6.99
      vertex -15.052 -73.532 6.99
    endloop
  endfacet
  facet normal -0.659298 -0.751882 -0
    outer loop
      vertex -14.6094 -73.9201 6.99
      vertex -15.052 -73.532 2.5
      vertex -14.6094 -73.9201 2.5
    endloop
  endfacet
  facet normal 0.195038 -0.980796 0
    outer loop
      vertex -11.2826 -74.8115 2.5
      vertex -10.7053 -74.6967 6.99
      vertex -11.2826 -74.8115 6.99
    endloop
  endfacet
  facet normal 0.195038 -0.980796 0
    outer loop
      vertex -10.7053 -74.6967 6.99
      vertex -11.2826 -74.8115 2.5
      vertex -10.7053 -74.6967 2.5
    endloop
  endfacet
  facet normal 0.555539 0.831491 -0
    outer loop
      vertex -9.13057 -66.7799 2.5
      vertex -9.62 -66.4529 6.99
      vertex -9.13057 -66.7799 6.99
    endloop
  endfacet
  facet normal 0.555539 0.831491 0
    outer loop
      vertex -9.62 -66.4529 6.99
      vertex -9.13057 -66.7799 2.5
      vertex -9.62 -66.4529 2.5
    endloop
  endfacet
  facet normal -0.997859 0.0654027 0
    outer loop
      vertex -16.37 -70.35 2.5
      vertex -16.3315 -69.7626 6.99
      vertex -16.3315 -69.7626 2.5
    endloop
  endfacet
  facet normal -0.997859 0.0654027 0
    outer loop
      vertex -16.3315 -69.7626 6.99
      vertex -16.37 -70.35 2.5
      vertex -16.37 -70.35 6.99
    endloop
  endfacet
  facet normal 0.195038 0.980796 -0
    outer loop
      vertex -10.7053 -66.0033 2.5
      vertex -11.2826 -65.8885 6.99
      vertex -10.7053 -66.0033 6.99
    endloop
  endfacet
  facet normal 0.195038 0.980796 0
    outer loop
      vertex -11.2826 -65.8885 6.99
      vertex -10.7053 -66.0033 2.5
      vertex -11.2826 -65.8885 2.5
    endloop
  endfacet
  facet normal -0.0654027 -0.997859 0
    outer loop
      vertex -12.4574 -74.8115 2.5
      vertex -11.87 -74.85 6.99
      vertex -12.4574 -74.8115 6.99
    endloop
  endfacet
  facet normal -0.0654027 -0.997859 -0
    outer loop
      vertex -11.87 -74.85 6.99
      vertex -12.4574 -74.8115 2.5
      vertex -11.87 -74.85 2.5
    endloop
  endfacet
  facet normal -0.442382 0.896827 0
    outer loop
      vertex -13.5921 -66.1925 2.5
      vertex -14.12 -66.4529 6.99
      vertex -13.5921 -66.1925 6.99
    endloop
  endfacet
  facet normal -0.442382 0.896827 0
    outer loop
      vertex -14.12 -66.4529 6.99
      vertex -13.5921 -66.1925 2.5
      vertex -14.12 -66.4529 2.5
    endloop
  endfacet
  facet normal 0.751873 0.659308 0
    outer loop
      vertex -8.29991 -67.6106 6.99
      vertex -8.68802 -67.168 2.5
      vertex -8.68802 -67.168 6.99
    endloop
  endfacet
  facet normal 0.751873 0.659308 0
    outer loop
      vertex -8.68802 -67.168 2.5
      vertex -8.29991 -67.6106 6.99
      vertex -8.29991 -67.6106 2.5
    endloop
  endfacet
  facet normal -0.555562 0.831475 0
    outer loop
      vertex -14.12 -66.4529 2.5
      vertex -14.6094 -66.7799 6.99
      vertex -14.12 -66.4529 6.99
    endloop
  endfacet
  facet normal -0.555562 0.831475 0
    outer loop
      vertex -14.6094 -66.7799 6.99
      vertex -14.12 -66.4529 2.5
      vertex -14.6094 -66.7799 2.5
    endloop
  endfacet
  facet normal 0.65934 -0.751845 0
    outer loop
      vertex -9.13057 -73.9201 2.5
      vertex -8.68802 -73.532 6.99
      vertex -9.13057 -73.9201 6.99
    endloop
  endfacet
  facet normal 0.65934 -0.751845 0
    outer loop
      vertex -8.68802 -73.532 6.99
      vertex -9.13057 -73.9201 2.5
      vertex -8.68802 -73.532 2.5
    endloop
  endfacet
  facet normal -0.195038 -0.980796 0
    outer loop
      vertex -13.0347 -74.6967 2.5
      vertex -12.4574 -74.8115 6.99
      vertex -13.0347 -74.6967 6.99
    endloop
  endfacet
  facet normal -0.195038 -0.980796 -0
    outer loop
      vertex -12.4574 -74.8115 6.99
      vertex -13.0347 -74.6967 2.5
      vertex -12.4574 -74.8115 2.5
    endloop
  endfacet
  facet normal 0.831459 -0.555586 0
    outer loop
      vertex -8.29991 -73.0894 6.99
      vertex -7.97289 -72.6 2.5
      vertex -7.97289 -72.6 6.99
    endloop
  endfacet
  facet normal 0.831459 -0.555586 0
    outer loop
      vertex -7.97289 -72.6 2.5
      vertex -8.29991 -73.0894 6.99
      vertex -8.29991 -73.0894 2.5
    endloop
  endfacet
  facet normal 0.321421 -0.946936 0
    outer loop
      vertex -10.7053 -74.6967 2.5
      vertex -10.1479 -74.5075 6.99
      vertex -10.7053 -74.6967 6.99
    endloop
  endfacet
  facet normal 0.321421 -0.946936 0
    outer loop
      vertex -10.1479 -74.5075 6.99
      vertex -10.7053 -74.6967 2.5
      vertex -10.1479 -74.5075 2.5
    endloop
  endfacet
  facet normal 0.555539 -0.831491 0
    outer loop
      vertex -9.62 -74.2471 2.5
      vertex -9.13057 -73.9201 6.99
      vertex -9.62 -74.2471 6.99
    endloop
  endfacet
  facet normal 0.555539 -0.831491 0
    outer loop
      vertex -9.13057 -73.9201 6.99
      vertex -9.62 -74.2471 2.5
      vertex -9.13057 -73.9201 2.5
    endloop
  endfacet
  facet normal 0.442382 0.896827 -0
    outer loop
      vertex -9.62 -66.4529 2.5
      vertex -10.1479 -66.1925 6.99
      vertex -9.62 -66.4529 6.99
    endloop
  endfacet
  facet normal 0.442382 0.896827 0
    outer loop
      vertex -10.1479 -66.1925 6.99
      vertex -9.62 -66.4529 2.5
      vertex -10.1479 -66.1925 2.5
    endloop
  endfacet
  facet normal -0.751882 -0.659298 0
    outer loop
      vertex -15.052 -73.532 2.5
      vertex -15.4401 -73.0894 6.99
      vertex -15.4401 -73.0894 2.5
    endloop
  endfacet
  facet normal -0.751882 -0.659298 0
    outer loop
      vertex -15.4401 -73.0894 6.99
      vertex -15.052 -73.532 2.5
      vertex -15.052 -73.532 6.99
    endloop
  endfacet
  facet normal -0.946936 -0.321421 0
    outer loop
      vertex -16.0275 -72.0721 2.5
      vertex -16.2167 -71.5147 6.99
      vertex -16.2167 -71.5147 2.5
    endloop
  endfacet
  facet normal -0.946936 -0.321421 0
    outer loop
      vertex -16.2167 -71.5147 6.99
      vertex -16.0275 -72.0721 2.5
      vertex -16.0275 -72.0721 6.99
    endloop
  endfacet
  facet normal -0.896827 0.442382 0
    outer loop
      vertex -16.0275 -68.6279 2.5
      vertex -15.7671 -68.1 6.99
      vertex -15.7671 -68.1 2.5
    endloop
  endfacet
  facet normal -0.896827 0.442382 0
    outer loop
      vertex -15.7671 -68.1 6.99
      vertex -16.0275 -68.6279 2.5
      vertex -16.0275 -68.6279 6.99
    endloop
  endfacet
  facet normal -0.980796 0.195038 0
    outer loop
      vertex -16.3315 -69.7626 2.5
      vertex -16.2167 -69.1853 6.99
      vertex -16.2167 -69.1853 2.5
    endloop
  endfacet
  facet normal -0.980796 0.195038 0
    outer loop
      vertex -16.2167 -69.1853 6.99
      vertex -16.3315 -69.7626 2.5
      vertex -16.3315 -69.7626 6.99
    endloop
  endfacet
  facet normal 0.321421 0.946936 -0
    outer loop
      vertex -10.1479 -66.1925 2.5
      vertex -10.7053 -66.0033 6.99
      vertex -10.1479 -66.1925 6.99
    endloop
  endfacet
  facet normal 0.321421 0.946936 0
    outer loop
      vertex -10.7053 -66.0033 6.99
      vertex -10.1479 -66.1925 2.5
      vertex -10.7053 -66.0033 2.5
    endloop
  endfacet
  facet normal 0.65934 0.751845 -0
    outer loop
      vertex -8.68802 -67.168 2.5
      vertex -9.13057 -66.7799 6.99
      vertex -8.68802 -67.168 6.99
    endloop
  endfacet
  facet normal 0.65934 0.751845 0
    outer loop
      vertex -9.13057 -66.7799 6.99
      vertex -8.68802 -67.168 2.5
      vertex -9.13057 -66.7799 2.5
    endloop
  endfacet
  facet normal 0.980786 -0.195087 0
    outer loop
      vertex -7.52333 -71.5147 6.99
      vertex -7.4085 -70.9374 2.5
      vertex -7.4085 -70.9374 6.99
    endloop
  endfacet
  facet normal 0.980786 -0.195087 0
    outer loop
      vertex -7.4085 -70.9374 2.5
      vertex -7.52333 -71.5147 6.99
      vertex -7.52333 -71.5147 2.5
    endloop
  endfacet
  facet normal 0.89686 -0.442314 0
    outer loop
      vertex -7.97289 -72.6 6.99
      vertex -7.71254 -72.0721 2.5
      vertex -7.71254 -72.0721 6.99
    endloop
  endfacet
  facet normal 0.89686 -0.442314 0
    outer loop
      vertex -7.71254 -72.0721 2.5
      vertex -7.97289 -72.6 6.99
      vertex -7.97289 -72.6 2.5
    endloop
  endfacet
  facet normal -0.751882 0.659298 0
    outer loop
      vertex -15.4401 -67.6106 2.5
      vertex -15.052 -67.168 6.99
      vertex -15.052 -67.168 2.5
    endloop
  endfacet
  facet normal -0.751882 0.659298 0
    outer loop
      vertex -15.052 -67.168 6.99
      vertex -15.4401 -67.6106 2.5
      vertex -15.4401 -67.6106 6.99
    endloop
  endfacet
  facet normal -0.321421 -0.946936 0
    outer loop
      vertex -13.5921 -74.5075 2.5
      vertex -13.0347 -74.6967 6.99
      vertex -13.5921 -74.5075 6.99
    endloop
  endfacet
  facet normal -0.321421 -0.946936 -0
    outer loop
      vertex -13.0347 -74.6967 6.99
      vertex -13.5921 -74.5075 2.5
      vertex -13.0347 -74.6967 2.5
    endloop
  endfacet
  facet normal -0.980796 -0.195038 0
    outer loop
      vertex -16.2167 -71.5147 2.5
      vertex -16.3315 -70.9374 6.99
      vertex -16.3315 -70.9374 2.5
    endloop
  endfacet
  facet normal -0.980796 -0.195038 0
    outer loop
      vertex -16.3315 -70.9374 6.99
      vertex -16.2167 -71.5147 2.5
      vertex -16.2167 -71.5147 6.99
    endloop
  endfacet
  facet normal 0.0654027 -0.997859 0
    outer loop
      vertex -11.87 -74.85 2.5
      vertex -11.2826 -74.8115 6.99
      vertex -11.87 -74.85 6.99
    endloop
  endfacet
  facet normal 0.0654027 -0.997859 0
    outer loop
      vertex -11.2826 -74.8115 6.99
      vertex -11.87 -74.85 2.5
      vertex -11.2826 -74.8115 2.5
    endloop
  endfacet
  facet normal -0.997859 -0.0654027 0
    outer loop
      vertex -16.3315 -70.9374 2.5
      vertex -16.37 -70.35 6.99
      vertex -16.37 -70.35 2.5
    endloop
  endfacet
  facet normal -0.997859 -0.0654027 0
    outer loop
      vertex -16.37 -70.35 6.99
      vertex -16.3315 -70.9374 2.5
      vertex -16.3315 -70.9374 6.99
    endloop
  endfacet
  facet normal -0.555562 -0.831475 0
    outer loop
      vertex -14.6094 -73.9201 2.5
      vertex -14.12 -74.2471 6.99
      vertex -14.6094 -73.9201 6.99
    endloop
  endfacet
  facet normal -0.555562 -0.831475 -0
    outer loop
      vertex -14.12 -74.2471 6.99
      vertex -14.6094 -73.9201 2.5
      vertex -14.12 -74.2471 2.5
    endloop
  endfacet
  facet normal 0.0654027 0.997859 -0
    outer loop
      vertex -11.2826 -65.8885 2.5
      vertex -11.87 -65.85 6.99
      vertex -11.2826 -65.8885 6.99
    endloop
  endfacet
  facet normal 0.0654027 0.997859 0
    outer loop
      vertex -11.87 -65.85 6.99
      vertex -11.2826 -65.8885 2.5
      vertex -11.87 -65.85 2.5
    endloop
  endfacet
  facet normal -0.0654027 0.997859 0
    outer loop
      vertex -11.87 -65.85 2.5
      vertex -12.4574 -65.8885 6.99
      vertex -11.87 -65.85 6.99
    endloop
  endfacet
  facet normal -0.0654027 0.997859 0
    outer loop
      vertex -12.4574 -65.8885 6.99
      vertex -11.87 -65.85 2.5
      vertex -12.4574 -65.8885 2.5
    endloop
  endfacet
  facet normal -0.0463563 -0.706347 0.706347
    outer loop
      vertex -11.87 -73.35 8.49
      vertex -12.2616 -73.3243 8.49
      vertex -11.87 -74.85 6.99
    endloop
  endfacet
  facet normal -0.67022 -0.227676 0.706378
    outer loop
      vertex -14.7678 -71.1265 8.49
      vertex -16.0275 -72.0721 6.99
      vertex -14.6416 -71.498 8.49
    endloop
  endfacet
  facet normal -0.634836 0.313149 0.706343
    outer loop
      vertex -15.7671 -68.1 6.99
      vertex -16.0275 -68.6279 6.99
      vertex -14.4681 -68.85 8.49
    endloop
  endfacet
  facet normal -0.694273 0.137989 0.70636
    outer loop
      vertex -14.7678 -69.5735 8.49
      vertex -16.3315 -69.7626 6.99
      vertex -14.8443 -69.9584 8.49
    endloop
  endfacet
  facet normal 0.227518 0.670287 0.706364
    outer loop
      vertex -10.7053 -66.0033 6.99
      vertex -10.7219 -67.5784 8.49
      vertex -10.1479 -66.1925 6.99
    endloop
  endfacet
  facet normal 0.588578 -0.393263 0.706343
    outer loop
      vertex -9.27192 -71.85 8.49
      vertex -9.48994 -72.1763 8.49
      vertex -8.29991 -73.0894 6.99
    endloop
  endfacet
  facet normal 0.0463563 -0.706347 0.706347
    outer loop
      vertex -11.87 -74.85 6.99
      vertex -11.4784 -73.3243 8.49
      vertex -11.87 -73.35 8.49
    endloop
  endfacet
  facet normal 0.0462957 -0.706341 0.706356
    outer loop
      vertex -11.4784 -73.3243 8.49
      vertex -11.87 -74.85 6.99
      vertex -11.2826 -74.8115 6.99
    endloop
  endfacet
  facet normal -0.532221 0.466686 0.70636
    outer loop
      vertex -15.052 -67.168 6.99
      vertex -15.4401 -67.6106 6.99
      vertex -13.9913 -68.2287 8.49
    endloop
  endfacet
  facet normal 0.694268 -0.138078 0.706347
    outer loop
      vertex -8.89567 -70.7416 8.49
      vertex -8.97222 -71.1265 8.49
      vertex -7.52333 -71.5147 6.99
    endloop
  endfacet
  facet normal 0.31303 0.6349 0.706338
    outer loop
      vertex -9.62 -66.4529 6.99
      vertex -10.7219 -67.5784 8.49
      vertex -10.37 -67.7519 8.49
    endloop
  endfacet
  facet normal -0.0462957 -0.706341 0.706356
    outer loop
      vertex -12.2616 -73.3243 8.49
      vertex -12.4574 -74.8115 6.99
      vertex -11.87 -74.85 6.99
    endloop
  endfacet
  facet normal -0.706335 -0.0463555 0.706358
    outer loop
      vertex -14.87 -70.35 8.49
      vertex -16.3315 -70.9374 6.99
      vertex -14.8443 -70.7416 8.49
    endloop
  endfacet
  facet normal 0.634875 -0.313037 0.706358
    outer loop
      vertex -9.09836 -71.498 8.49
      vertex -9.27192 -71.85 8.49
      vertex -7.71254 -72.0721 6.99
    endloop
  endfacet
  facet normal -0.466686 0.532221 0.70636
    outer loop
      vertex -14.6094 -66.7799 6.99
      vertex -15.052 -67.168 6.99
      vertex -13.9913 -68.2287 8.49
    endloop
  endfacet
  facet normal 0.670293 -0.227532 0.706354
    outer loop
      vertex -7.52333 -71.5147 6.99
      vertex -9.09836 -71.498 8.49
      vertex -7.71254 -72.0721 6.99
    endloop
  endfacet
  facet normal 0.313141 -0.634821 0.706361
    outer loop
      vertex -9.62 -74.2471 6.99
      vertex -10.7219 -73.1216 8.49
      vertex -10.1479 -74.5075 6.99
    endloop
  endfacet
  facet normal 0.137989 0.694273 0.70636
    outer loop
      vertex -11.2826 -65.8885 6.99
      vertex -11.4784 -67.3757 8.49
      vertex -11.0935 -67.4522 8.49
    endloop
  endfacet
  facet normal 0.393238 -0.588595 0.706342
    outer loop
      vertex -10.0437 -72.7301 8.49
      vertex -10.37 -72.9481 8.49
      vertex -9.62 -74.2471 6.99
    endloop
  endfacet
  facet normal -0.5886 0.393242 0.706336
    outer loop
      vertex -14.2501 -68.5237 8.49
      vertex -15.4401 -67.6106 6.99
      vertex -14.4681 -68.85 8.49
    endloop
  endfacet
  facet normal -0.6349 0.312941 0.706378
    outer loop
      vertex -14.4681 -68.85 8.49
      vertex -16.0275 -68.6279 6.99
      vertex -14.6416 -69.202 8.49
    endloop
  endfacet
  facet normal -0.393267 0.588577 0.706341
    outer loop
      vertex -14.12 -66.4529 6.99
      vertex -14.6094 -66.7799 6.99
      vertex -13.37 -67.7519 8.49
    endloop
  endfacet
  facet normal 0.634856 0.313099 0.706348
    outer loop
      vertex -7.97289 -68.1 6.99
      vertex -9.27192 -68.85 8.49
      vertex -7.71254 -68.6279 6.99
    endloop
  endfacet
  facet normal -0.706349 0.0462963 0.706349
    outer loop
      vertex -16.3315 -69.7626 6.99
      vertex -16.37 -70.35 6.99
      vertex -14.87 -70.35 8.49
    endloop
  endfacet
  facet normal 0.694262 -0.138095 0.70635
    outer loop
      vertex -7.4085 -70.9374 6.99
      vertex -8.89567 -70.7416 8.49
      vertex -7.52333 -71.5147 6.99
    endloop
  endfacet
  facet normal -0.466832 -0.53213 0.706333
    outer loop
      vertex -13.9913 -72.4713 8.49
      vertex -14.6094 -73.9201 6.99
      vertex -13.6963 -72.7301 8.49
    endloop
  endfacet
  facet normal -0.466686 -0.532221 0.70636
    outer loop
      vertex -14.6094 -73.9201 6.99
      vertex -13.9913 -72.4713 8.49
      vertex -15.052 -73.532 6.99
    endloop
  endfacet
  facet normal 0.393251 0.588589 0.70634
    outer loop
      vertex -9.62 -66.4529 6.99
      vertex -10.0437 -67.9699 8.49
      vertex -9.13057 -66.7799 6.99
    endloop
  endfacet
  facet normal 0.393238 0.588595 0.706342
    outer loop
      vertex -10.0437 -67.9699 8.49
      vertex -9.62 -66.4529 6.99
      vertex -10.37 -67.7519 8.49
    endloop
  endfacet
  facet normal -0.588577 0.393267 0.706341
    outer loop
      vertex -15.4401 -67.6106 6.99
      vertex -15.7671 -68.1 6.99
      vertex -14.4681 -68.85 8.49
    endloop
  endfacet
  facet normal 0.13806 0.69427 0.706349
    outer loop
      vertex -10.7053 -66.0033 6.99
      vertex -11.2826 -65.8885 6.99
      vertex -11.0935 -67.4522 8.49
    endloop
  endfacet
  facet normal 0.588562 0.393281 0.706347
    outer loop
      vertex -8.29991 -67.6106 6.99
      vertex -9.27192 -68.85 8.49
      vertex -7.97289 -68.1 6.99
    endloop
  endfacet
  facet normal 0.634856 -0.313099 0.706348
    outer loop
      vertex -7.71254 -72.0721 6.99
      vertex -9.27192 -71.85 8.49
      vertex -7.97289 -72.6 6.99
    endloop
  endfacet
  facet normal -0.694273 -0.137989 0.70636
    outer loop
      vertex -14.8443 -70.7416 8.49
      vertex -16.3315 -70.9374 6.99
      vertex -14.7678 -71.1265 8.49
    endloop
  endfacet
  facet normal 0.53222 0.466697 0.706354
    outer loop
      vertex -8.68802 -67.168 6.99
      vertex -9.74868 -68.2287 8.49
      vertex -8.29991 -67.6106 6.99
    endloop
  endfacet
  facet normal -0.706335 0.0463555 0.706358
    outer loop
      vertex -14.8443 -69.9584 8.49
      vertex -16.3315 -69.7626 6.99
      vertex -14.87 -70.35 8.49
    endloop
  endfacet
  facet normal -0.313141 0.634821 0.706361
    outer loop
      vertex -13.5921 -66.1925 6.99
      vertex -14.12 -66.4529 6.99
      vertex -13.0181 -67.5784 8.49
    endloop
  endfacet
  facet normal -0.137991 0.694286 0.706346
    outer loop
      vertex -12.2616 -67.3757 8.49
      vertex -13.0347 -66.0033 6.99
      vertex -12.6465 -67.4522 8.49
    endloop
  endfacet
  facet normal -0.67022 0.227676 0.706378
    outer loop
      vertex -14.6416 -69.202 8.49
      vertex -16.0275 -68.6279 6.99
      vertex -14.7678 -69.5735 8.49
    endloop
  endfacet
  facet normal -0.227632 0.670268 0.706346
    outer loop
      vertex -12.6465 -67.4522 8.49
      vertex -13.0347 -66.0033 6.99
      vertex -13.0181 -67.5784 8.49
    endloop
  endfacet
  facet normal 0.13806 -0.69427 0.706349
    outer loop
      vertex -11.0935 -73.2478 8.49
      vertex -11.2826 -74.8115 6.99
      vertex -10.7053 -74.6967 6.99
    endloop
  endfacet
  facet normal 0.588578 0.393263 0.706343
    outer loop
      vertex -8.29991 -67.6106 6.99
      vertex -9.48994 -68.5237 8.49
      vertex -9.27192 -68.85 8.49
    endloop
  endfacet
  facet normal -0.69427 0.13806 0.706349
    outer loop
      vertex -16.2167 -69.1853 6.99
      vertex -16.3315 -69.7626 6.99
      vertex -14.7678 -69.5735 8.49
    endloop
  endfacet
  facet normal -0.0463563 0.706347 0.706347
    outer loop
      vertex -11.87 -65.85 6.99
      vertex -12.2616 -67.3757 8.49
      vertex -11.87 -67.35 8.49
    endloop
  endfacet
  facet normal 0.634875 0.313037 0.706358
    outer loop
      vertex -7.71254 -68.6279 6.99
      vertex -9.27192 -68.85 8.49
      vertex -9.09836 -69.202 8.49
    endloop
  endfacet
  facet normal -0.466832 0.53213 0.706333
    outer loop
      vertex -13.6963 -67.9699 8.49
      vertex -14.6094 -66.7799 6.99
      vertex -13.9913 -68.2287 8.49
    endloop
  endfacet
  facet normal -0.670301 -0.227522 0.706349
    outer loop
      vertex -14.7678 -71.1265 8.49
      vertex -16.2167 -71.5147 6.99
      vertex -16.0275 -72.0721 6.99
    endloop
  endfacet
  facet normal 0.466719 0.532199 0.706355
    outer loop
      vertex -9.13057 -66.7799 6.99
      vertex -9.74868 -68.2287 8.49
      vertex -8.68802 -67.168 6.99
    endloop
  endfacet
  facet normal -0.670301 0.227522 0.706349
    outer loop
      vertex -16.0275 -68.6279 6.99
      vertex -16.2167 -69.1853 6.99
      vertex -14.7678 -69.5735 8.49
    endloop
  endfacet
  facet normal -0.6349 -0.312941 0.706378
    outer loop
      vertex -14.6416 -71.498 8.49
      vertex -16.0275 -72.0721 6.99
      vertex -14.4681 -71.85 8.49
    endloop
  endfacet
  facet normal -0.393242 0.5886 0.706336
    outer loop
      vertex -13.37 -67.7519 8.49
      vertex -14.6094 -66.7799 6.99
      vertex -13.6963 -67.9699 8.49
    endloop
  endfacet
  facet normal -0.313141 -0.634821 0.706361
    outer loop
      vertex -13.0181 -73.1216 8.49
      vertex -14.12 -74.2471 6.99
      vertex -13.5921 -74.5075 6.99
    endloop
  endfacet
  facet normal 0.137989 -0.694273 0.70636
    outer loop
      vertex -11.0935 -73.2478 8.49
      vertex -11.4784 -73.3243 8.49
      vertex -11.2826 -74.8115 6.99
    endloop
  endfacet
  facet normal 0.670283 -0.22759 0.706345
    outer loop
      vertex -8.97222 -71.1265 8.49
      vertex -9.09836 -71.498 8.49
      vertex -7.52333 -71.5147 6.99
    endloop
  endfacet
  facet normal 0.532178 0.466765 0.706341
    outer loop
      vertex -8.29991 -67.6106 6.99
      vertex -9.74868 -68.2287 8.49
      vertex -9.48994 -68.5237 8.49
    endloop
  endfacet
  facet normal 0.0462957 0.706341 0.706356
    outer loop
      vertex -11.87 -65.85 6.99
      vertex -11.4784 -67.3757 8.49
      vertex -11.2826 -65.8885 6.99
    endloop
  endfacet
  facet normal 0.0463563 0.706347 0.706347
    outer loop
      vertex -11.4784 -67.3757 8.49
      vertex -11.87 -65.85 6.99
      vertex -11.87 -67.35 8.49
    endloop
  endfacet
  facet normal -0.393269 -0.588581 0.706337
    outer loop
      vertex -13.6963 -72.7301 8.49
      vertex -14.6094 -73.9201 6.99
      vertex -14.12 -74.2471 6.99
    endloop
  endfacet
  facet normal -0.53213 0.466832 0.706333
    outer loop
      vertex -13.9913 -68.2287 8.49
      vertex -15.4401 -67.6106 6.99
      vertex -14.2501 -68.5237 8.49
    endloop
  endfacet
  facet normal 0.46681 0.532142 0.706338
    outer loop
      vertex -9.13057 -66.7799 6.99
      vertex -10.0437 -67.9699 8.49
      vertex -9.74868 -68.2287 8.49
    endloop
  endfacet
  facet normal -0.634836 -0.313149 0.706343
    outer loop
      vertex -14.4681 -71.85 8.49
      vertex -16.0275 -72.0721 6.99
      vertex -15.7671 -72.6 6.99
    endloop
  endfacet
  facet normal 0.706349 -0.0462963 0.706349
    outer loop
      vertex -8.87 -70.35 8.49
      vertex -7.4085 -70.9374 6.99
      vertex -7.37 -70.35 6.99
    endloop
  endfacet
  facet normal 0.706347 -0.0463022 0.70635
    outer loop
      vertex -7.4085 -70.9374 6.99
      vertex -8.87 -70.35 8.49
      vertex -8.89567 -70.7416 8.49
    endloop
  endfacet
  facet normal -0.5886 -0.393242 0.706336
    outer loop
      vertex -14.4681 -71.85 8.49
      vertex -15.4401 -73.0894 6.99
      vertex -14.2501 -72.1763 8.49
    endloop
  endfacet
  facet normal 0.588562 -0.393281 0.706347
    outer loop
      vertex -7.97289 -72.6 6.99
      vertex -9.27192 -71.85 8.49
      vertex -8.29991 -73.0894 6.99
    endloop
  endfacet
  facet normal -0.137991 -0.694286 0.706346
    outer loop
      vertex -12.6465 -73.2478 8.49
      vertex -13.0347 -74.6967 6.99
      vertex -12.2616 -73.3243 8.49
    endloop
  endfacet
  facet normal -0.588577 -0.393267 0.706341
    outer loop
      vertex -14.4681 -71.85 8.49
      vertex -15.7671 -72.6 6.99
      vertex -15.4401 -73.0894 6.99
    endloop
  endfacet
  facet normal 0.532228 -0.466704 0.706343
    outer loop
      vertex -9.48994 -72.1763 8.49
      vertex -8.68802 -73.532 6.99
      vertex -8.29991 -73.0894 6.99
    endloop
  endfacet
  facet normal 0.532166 -0.466755 0.706356
    outer loop
      vertex -8.68802 -73.532 6.99
      vertex -9.48994 -72.1763 8.49
      vertex -9.74868 -72.4713 8.49
    endloop
  endfacet
  facet normal -0.69427 -0.13806 0.706349
    outer loop
      vertex -14.7678 -71.1265 8.49
      vertex -16.3315 -70.9374 6.99
      vertex -16.2167 -71.5147 6.99
    endloop
  endfacet
  facet normal 0.227632 0.670268 0.706346
    outer loop
      vertex -10.7053 -66.0033 6.99
      vertex -11.0935 -67.4522 8.49
      vertex -10.7219 -67.5784 8.49
    endloop
  endfacet
  facet normal 0.313141 0.634821 0.706361
    outer loop
      vertex -10.1479 -66.1925 6.99
      vertex -10.7219 -67.5784 8.49
      vertex -9.62 -66.4529 6.99
    endloop
  endfacet
  facet normal -0.0462957 0.706341 0.706356
    outer loop
      vertex -11.87 -65.85 6.99
      vertex -12.4574 -65.8885 6.99
      vertex -12.2616 -67.3757 8.49
    endloop
  endfacet
  facet normal -0.31303 -0.6349 0.706338
    outer loop
      vertex -13.37 -72.9481 8.49
      vertex -14.12 -74.2471 6.99
      vertex -13.0181 -73.1216 8.49
    endloop
  endfacet
  facet normal -0.138058 0.694261 0.706358
    outer loop
      vertex -12.4574 -65.8885 6.99
      vertex -13.0347 -66.0033 6.99
      vertex -12.2616 -67.3757 8.49
    endloop
  endfacet
  facet normal 0.31303 -0.6349 0.706338
    outer loop
      vertex -10.37 -72.9481 8.49
      vertex -10.7219 -73.1216 8.49
      vertex -9.62 -74.2471 6.99
    endloop
  endfacet
  facet normal 0.227624 -0.670247 0.706368
    outer loop
      vertex -10.7219 -73.1216 8.49
      vertex -11.0935 -73.2478 8.49
      vertex -10.1479 -74.5075 6.99
    endloop
  endfacet
  facet normal 0.227522 -0.670301 0.706349
    outer loop
      vertex -10.1479 -74.5075 6.99
      vertex -11.0935 -73.2478 8.49
      vertex -10.7053 -74.6967 6.99
    endloop
  endfacet
  facet normal -0.227518 0.670287 0.706364
    outer loop
      vertex -13.0347 -66.0033 6.99
      vertex -13.5921 -66.1925 6.99
      vertex -13.0181 -67.5784 8.49
    endloop
  endfacet
  facet normal -0.31303 0.6349 0.706338
    outer loop
      vertex -13.0181 -67.5784 8.49
      vertex -14.12 -66.4529 6.99
      vertex -13.37 -67.7519 8.49
    endloop
  endfacet
  facet normal 0.6703 0.227534 0.706347
    outer loop
      vertex -7.71254 -68.6279 6.99
      vertex -8.97222 -69.5735 8.49
      vertex -7.52333 -69.1853 6.99
    endloop
  endfacet
  facet normal 0.670273 0.227586 0.706356
    outer loop
      vertex -8.97222 -69.5735 8.49
      vertex -7.71254 -68.6279 6.99
      vertex -9.09836 -69.202 8.49
    endloop
  endfacet
  facet normal 0.694262 0.138095 0.70635
    outer loop
      vertex -7.52333 -69.1853 6.99
      vertex -8.89567 -69.9584 8.49
      vertex -7.4085 -69.7626 6.99
    endloop
  endfacet
  facet normal 0.694268 0.138078 0.706347
    outer loop
      vertex -8.89567 -69.9584 8.49
      vertex -7.52333 -69.1853 6.99
      vertex -8.97222 -69.5735 8.49
    endloop
  endfacet
  facet normal 0.466719 -0.532199 0.706355
    outer loop
      vertex -9.74868 -72.4713 8.49
      vertex -9.13057 -73.9201 6.99
      vertex -8.68802 -73.532 6.99
    endloop
  endfacet
  facet normal 0.46681 -0.532142 0.706338
    outer loop
      vertex -9.13057 -73.9201 6.99
      vertex -9.74868 -72.4713 8.49
      vertex -10.0437 -72.7301 8.49
    endloop
  endfacet
  facet normal 0.706348 0.0463023 0.706348
    outer loop
      vertex -7.37 -70.35 6.99
      vertex -8.89567 -69.9584 8.49
      vertex -8.87 -70.35 8.49
    endloop
  endfacet
  facet normal 0.706348 0.0462962 0.706349
    outer loop
      vertex -8.89567 -69.9584 8.49
      vertex -7.37 -70.35 6.99
      vertex -7.4085 -69.7626 6.99
    endloop
  endfacet
  facet normal -0.138058 -0.694261 0.706358
    outer loop
      vertex -12.2616 -73.3243 8.49
      vertex -13.0347 -74.6967 6.99
      vertex -12.4574 -74.8115 6.99
    endloop
  endfacet
  facet normal -0.393238 -0.588595 0.706342
    outer loop
      vertex -13.6963 -72.7301 8.49
      vertex -14.12 -74.2471 6.99
      vertex -13.37 -72.9481 8.49
    endloop
  endfacet
  facet normal -0.706349 -0.0462963 0.706349
    outer loop
      vertex -14.87 -70.35 8.49
      vertex -16.37 -70.35 6.99
      vertex -16.3315 -70.9374 6.99
    endloop
  endfacet
  facet normal 0.393251 -0.588589 0.70634
    outer loop
      vertex -9.13057 -73.9201 6.99
      vertex -10.0437 -72.7301 8.49
      vertex -9.62 -74.2471 6.99
    endloop
  endfacet
  facet normal -0.227632 -0.670268 0.706346
    outer loop
      vertex -13.0181 -73.1216 8.49
      vertex -13.0347 -74.6967 6.99
      vertex -12.6465 -73.2478 8.49
    endloop
  endfacet
  facet normal -0.227518 -0.670287 0.706364
    outer loop
      vertex -13.0347 -74.6967 6.99
      vertex -13.0181 -73.1216 8.49
      vertex -13.5921 -74.5075 6.99
    endloop
  endfacet
  facet normal -0.532105 -0.46681 0.706366
    outer loop
      vertex -14.2501 -72.1763 8.49
      vertex -15.052 -73.532 6.99
      vertex -13.9913 -72.4713 8.49
    endloop
  endfacet
  facet normal -0.532238 -0.4667 0.706338
    outer loop
      vertex -15.052 -73.532 6.99
      vertex -14.2501 -72.1763 8.49
      vertex -15.4401 -73.0894 6.99
    endloop
  endfacet
  facet normal -0.896961 -0.44211 0
    outer loop
      vertex -14.4681 -71.85 8.49
      vertex -14.6416 -71.498 12.5568
      vertex -14.6416 -71.498 8.49
    endloop
  endfacet
  facet normal -0.896961 -0.44211 0
    outer loop
      vertex -14.6416 -71.498 12.5568
      vertex -14.4681 -71.85 8.49
      vertex -14.4681 -71.85 12.5812
    endloop
  endfacet
  facet normal 0.980791 0.195062 0
    outer loop
      vertex -8.89567 -69.9584 13.49
      vertex -8.97222 -69.5735 8.49
      vertex -8.97222 -69.5735 13.49
    endloop
  endfacet
  facet normal 0.980791 0.195062 0
    outer loop
      vertex -8.97222 -69.5735 8.49
      vertex -8.89567 -69.9584 13.49
      vertex -8.89567 -69.9584 8.49
    endloop
  endfacet
  facet normal 0.997858 0.0654112 0
    outer loop
      vertex -8.87 -70.35 13.49
      vertex -8.89567 -69.9584 8.49
      vertex -8.89567 -69.9584 13.49
    endloop
  endfacet
  facet normal 0.997858 0.0654112 0
    outer loop
      vertex -8.89567 -69.9584 8.49
      vertex -8.87 -70.35 13.49
      vertex -8.87 -70.35 8.49
    endloop
  endfacet
  facet normal 0.946905 0.321514 0
    outer loop
      vertex -8.97222 -69.5735 13.49
      vertex -9.09836 -69.202 8.49
      vertex -9.09836 -69.202 13.49
    endloop
  endfacet
  facet normal 0.946905 0.321514 0
    outer loop
      vertex -9.09836 -69.202 8.49
      vertex -8.97222 -69.5735 13.49
      vertex -8.97222 -69.5735 8.49
    endloop
  endfacet
  facet normal 0.321574 0.946885 -0
    outer loop
      vertex -10.7219 -67.5784 8.49
      vertex -11.0935 -67.4522 13.49
      vertex -10.7219 -67.5784 13.49
    endloop
  endfacet
  facet normal 0.321574 0.946885 0
    outer loop
      vertex -11.0935 -67.4522 13.49
      vertex -10.7219 -67.5784 8.49
      vertex -11.0935 -67.4522 8.49
    endloop
  endfacet
  facet normal 0.751799 -0.659392 0
    outer loop
      vertex -9.74868 -72.4713 13.49
      vertex -9.48994 -72.1763 8.49
      vertex -9.48994 -72.1763 13.49
    endloop
  endfacet
  facet normal 0.751799 -0.659392 0
    outer loop
      vertex -9.48994 -72.1763 8.49
      vertex -9.74868 -72.4713 13.49
      vertex -9.74868 -72.4713 8.49
    endloop
  endfacet
  facet normal -0.831501 0.555523 0
    outer loop
      vertex -14.4681 -68.85 12.7735
      vertex -14.2501 -68.5237 8.49
      vertex -14.4681 -68.85 8.49
    endloop
  endfacet
  facet normal -0.831501 0.555523 0
    outer loop
      vertex -14.2501 -68.5237 8.49
      vertex -14.4681 -68.85 12.7735
      vertex -14.2501 -68.5237 12.8533
    endloop
  endfacet
  facet normal 0.997858 -0.0654112 0
    outer loop
      vertex -8.89567 -70.7416 13.49
      vertex -8.87 -70.35 8.49
      vertex -8.87 -70.35 13.49
    endloop
  endfacet
  facet normal 0.997858 -0.0654112 0
    outer loop
      vertex -8.87 -70.35 8.49
      vertex -8.89567 -70.7416 13.49
      vertex -8.89567 -70.7416 8.49
    endloop
  endfacet
  facet normal 0.321705 -0.946836 -0.00292805
    outer loop
      vertex -10.8719 -73.1725 13.4689
      vertex -10.7219 -73.1216 13.49
      vertex -10.7996 -73.148 13.49
    endloop
  endfacet
  facet normal 0.320967 -0.947086 0.00292148
    outer loop
      vertex -11.0935 -73.2478 13.4041
      vertex -10.7219 -73.1216 13.49
      vertex -10.8719 -73.1725 13.4689
    endloop
  endfacet
  facet normal 0.321574 -0.946885 0
    outer loop
      vertex -10.7219 -73.1216 8.49
      vertex -11.0935 -73.2478 13.4041
      vertex -11.0935 -73.2478 8.49
    endloop
  endfacet
  facet normal 0.321574 -0.946885 0
    outer loop
      vertex -11.0935 -73.2478 13.4041
      vertex -10.7219 -73.1216 8.49
      vertex -10.7219 -73.1216 13.49
    endloop
  endfacet
  facet normal 0.8969 -0.442233 0
    outer loop
      vertex -9.27192 -71.85 13.49
      vertex -9.09836 -71.498 8.49
      vertex -9.09836 -71.498 13.49
    endloop
  endfacet
  facet normal 0.8969 -0.442233 0
    outer loop
      vertex -9.09836 -71.498 8.49
      vertex -9.27192 -71.85 13.49
      vertex -9.27192 -71.85 8.49
    endloop
  endfacet
  facet normal 0.8969 0.442233 0
    outer loop
      vertex -9.09836 -69.202 13.49
      vertex -9.27192 -68.85 8.49
      vertex -9.27192 -68.85 13.49
    endloop
  endfacet
  facet normal 0.8969 0.442233 0
    outer loop
      vertex -9.27192 -68.85 8.49
      vertex -9.09836 -69.202 13.49
      vertex -9.09836 -69.202 8.49
    endloop
  endfacet
  facet normal -0.195142 0.980775 0
    outer loop
      vertex -12.2616 -67.3757 8.49
      vertex -12.5134 -67.4258 13.3933
      vertex -12.2616 -67.3757 13.4646
    endloop
  endfacet
  facet normal -0.19441 0.98092 3.90983e-05
    outer loop
      vertex -12.2616 -67.3757 8.49
      vertex -12.6123 -67.4454 13.3653
      vertex -12.5134 -67.4258 13.3933
    endloop
  endfacet
  facet normal -0.195011 0.980801 -5.88007e-06
    outer loop
      vertex -12.2616 -67.3757 8.49
      vertex -12.6465 -67.4522 13.3556
      vertex -12.6123 -67.4454 13.3653
    endloop
  endfacet
  facet normal -0.19494 0.980815 0
    outer loop
      vertex -12.6465 -67.4522 13.3556
      vertex -12.2616 -67.3757 8.49
      vertex -12.6465 -67.4522 8.49
    endloop
  endfacet
  facet normal 0.442211 -0.896911 0
    outer loop
      vertex -10.7219 -73.1216 8.49
      vertex -10.37 -72.9481 13.49
      vertex -10.7219 -73.1216 13.49
    endloop
  endfacet
  facet normal 0.442211 -0.896911 0
    outer loop
      vertex -10.37 -72.9481 13.49
      vertex -10.7219 -73.1216 8.49
      vertex -10.37 -72.9481 8.49
    endloop
  endfacet
  facet normal -0.980809 0.19497 0
    outer loop
      vertex -14.7678 -69.5735 8.49
      vertex -14.8267 -69.8698 12.6111
      vertex -14.7678 -69.5735 12.646
    endloop
  endfacet
  facet normal -0.980815 0.19494 0
    outer loop
      vertex -14.8443 -69.9584 12.6007
      vertex -14.7678 -69.5735 8.49
      vertex -14.8443 -69.9584 8.49
    endloop
  endfacet
  facet normal -0.980835 0.19484 -9.74946e-06
    outer loop
      vertex -14.7678 -69.5735 8.49
      vertex -14.8443 -69.9584 12.6007
      vertex -14.8267 -69.8698 12.6111
    endloop
  endfacet
  facet normal -0.659478 0.751724 0
    outer loop
      vertex -13.6963 -67.9699 8.49
      vertex -13.9913 -68.2287 12.9422
      vertex -13.6963 -67.9699 13.0386
    endloop
  endfacet
  facet normal -0.659478 0.751724 0
    outer loop
      vertex -13.9913 -68.2287 12.9422
      vertex -13.6963 -67.9699 8.49
      vertex -13.9913 -68.2287 8.49
    endloop
  endfacet
  facet normal 0.831477 0.555558 0
    outer loop
      vertex -9.27192 -68.85 13.49
      vertex -9.48994 -68.5237 8.49
      vertex -9.48994 -68.5237 13.49
    endloop
  endfacet
  facet normal 0.831477 0.555558 0
    outer loop
      vertex -9.48994 -68.5237 8.49
      vertex -9.27192 -68.85 13.49
      vertex -9.27192 -68.85 8.49
    endloop
  endfacet
  facet normal 0.946905 -0.321514 0
    outer loop
      vertex -9.09836 -71.498 13.49
      vertex -8.97222 -71.1265 8.49
      vertex -8.97222 -71.1265 13.49
    endloop
  endfacet
  facet normal 0.946905 -0.321514 0
    outer loop
      vertex -8.97222 -71.1265 8.49
      vertex -9.09836 -71.498 13.49
      vertex -9.09836 -71.498 8.49
    endloop
  endfacet
  facet normal -0.997853 -0.0654873 -0
    outer loop
      vertex -14.8443 -70.7416 12.5505
      vertex -14.87 -70.35 8.49
      vertex -14.8443 -70.7416 8.49
    endloop
  endfacet
  facet normal -0.997853 -0.0654873 0
    outer loop
      vertex -14.87 -70.35 8.49
      vertex -14.8443 -70.7416 12.5505
      vertex -14.87 -70.35 12.5686
    endloop
  endfacet
  facet normal -0.321574 0.946885 0
    outer loop
      vertex -12.6465 -67.4522 8.49
      vertex -13.0181 -67.5784 13.2471
      vertex -12.6465 -67.4522 13.3556
    endloop
  endfacet
  facet normal -0.321574 0.946885 0
    outer loop
      vertex -13.0181 -67.5784 13.2471
      vertex -12.6465 -67.4522 8.49
      vertex -13.0181 -67.5784 8.49
    endloop
  endfacet
  facet normal 0.555523 0.831501 -0
    outer loop
      vertex -10.0437 -67.9699 8.49
      vertex -10.37 -67.7519 13.49
      vertex -10.0437 -67.9699 13.49
    endloop
  endfacet
  facet normal 0.555523 0.831501 0
    outer loop
      vertex -10.37 -67.7519 13.49
      vertex -10.0437 -67.9699 8.49
      vertex -10.37 -67.7519 8.49
    endloop
  endfacet
  facet normal -0.896961 0.44211 0
    outer loop
      vertex -14.6416 -69.202 12.704
      vertex -14.4681 -68.85 8.49
      vertex -14.6416 -69.202 8.49
    endloop
  endfacet
  facet normal -0.896961 0.44211 0
    outer loop
      vertex -14.4681 -68.85 8.49
      vertex -14.6416 -69.202 12.704
      vertex -14.4681 -68.85 12.7735
    endloop
  endfacet
  facet normal 0.19494 -0.980815 0
    outer loop
      vertex -11.0935 -73.2478 8.49
      vertex -11.4784 -73.3243 13.2951
      vertex -11.4784 -73.3243 8.49
    endloop
  endfacet
  facet normal 0.19494 -0.980815 0
    outer loop
      vertex -11.4784 -73.3243 13.2951
      vertex -11.0935 -73.2478 8.49
      vertex -11.0935 -73.2478 13.4041
    endloop
  endfacet
  facet normal -0.19494 -0.980815 0
    outer loop
      vertex -12.2616 -73.3243 8.49
      vertex -12.6465 -73.2478 12.9842
      vertex -12.6465 -73.2478 8.49
    endloop
  endfacet
  facet normal -0.19494 -0.980815 0
    outer loop
      vertex -12.6465 -73.2478 12.9842
      vertex -12.2616 -73.3243 8.49
      vertex -12.2616 -73.3243 13.0834
    endloop
  endfacet
  facet normal 0.0654873 -0.997853 0
    outer loop
      vertex -11.4784 -73.3243 8.49
      vertex -11.87 -73.35 13.1876
      vertex -11.87 -73.35 8.49
    endloop
  endfacet
  facet normal 0.0654873 -0.997853 0
    outer loop
      vertex -11.87 -73.35 13.1876
      vertex -11.4784 -73.3243 8.49
      vertex -11.4784 -73.3243 13.2951
    endloop
  endfacet
  facet normal 0.659453 0.751746 -0
    outer loop
      vertex -9.74868 -68.2287 8.49
      vertex -10.0437 -67.9699 13.49
      vertex -9.74868 -68.2287 13.49
    endloop
  endfacet
  facet normal 0.659453 0.751746 0
    outer loop
      vertex -10.0437 -67.9699 13.49
      vertex -9.74868 -68.2287 8.49
      vertex -10.0437 -67.9699 8.49
    endloop
  endfacet
  facet normal 0.659453 -0.751746 0
    outer loop
      vertex -10.0437 -72.7301 8.49
      vertex -9.74868 -72.4713 13.49
      vertex -10.0437 -72.7301 13.49
    endloop
  endfacet
  facet normal 0.659453 -0.751746 0
    outer loop
      vertex -9.74868 -72.4713 13.49
      vertex -10.0437 -72.7301 8.49
      vertex -9.74868 -72.4713 8.49
    endloop
  endfacet
  facet normal -0.981049 -0.193757 0
    outer loop
      vertex -14.8443 -70.7416 8.49
      vertex -14.8364 -70.7816 12.5501
      vertex -14.8443 -70.7416 12.5505
    endloop
  endfacet
  facet normal -0.980815 -0.19494 -1.2107e-05
    outer loop
      vertex -14.7678 -71.1265 8.49
      vertex -14.8364 -70.7816 12.5501
      vertex -14.8443 -70.7416 8.49
    endloop
  endfacet
  facet normal -0.980788 -0.195077 0
    outer loop
      vertex -14.8364 -70.7816 12.5501
      vertex -14.7678 -71.1265 8.49
      vertex -14.7678 -71.1265 12.5465
    endloop
  endfacet
  facet normal 0.751799 0.659392 0
    outer loop
      vertex -9.48994 -68.5237 13.49
      vertex -9.74868 -68.2287 8.49
      vertex -9.74868 -68.2287 13.49
    endloop
  endfacet
  facet normal 0.751799 0.659392 0
    outer loop
      vertex -9.74868 -68.2287 8.49
      vertex -9.48994 -68.5237 13.49
      vertex -9.48994 -68.5237 8.49
    endloop
  endfacet
  facet normal -0.751724 -0.659478 0
    outer loop
      vertex -13.9913 -72.4713 8.49
      vertex -14.2501 -72.1763 12.6193
      vertex -14.2501 -72.1763 8.49
    endloop
  endfacet
  facet normal -0.751724 -0.659478 0
    outer loop
      vertex -14.2501 -72.1763 12.6193
      vertex -13.9913 -72.4713 8.49
      vertex -13.9913 -72.4713 12.6703
    endloop
  endfacet
  facet normal 0.831477 -0.555558 0
    outer loop
      vertex -9.48994 -72.1763 13.49
      vertex -9.27192 -71.85 8.49
      vertex -9.27192 -71.85 13.49
    endloop
  endfacet
  facet normal 0.831477 -0.555558 0
    outer loop
      vertex -9.27192 -71.85 8.49
      vertex -9.48994 -72.1763 13.49
      vertex -9.48994 -72.1763 8.49
    endloop
  endfacet
  facet normal 0 0 1
    outer loop
      vertex -10.62 -70.35 13.49
      vertex -8.87 -70.35 13.49
      vertex -8.89567 -69.9584 13.49
    endloop
  endfacet
  facet normal 0 0 1
    outer loop
      vertex -10.6626 -70.0265 13.49
      vertex -8.89567 -69.9584 13.49
      vertex -8.97222 -69.5735 13.49
    endloop
  endfacet
  facet normal 0 0 1
    outer loop
      vertex -8.87 -70.35 13.49
      vertex -10.62 -70.35 13.49
      vertex -8.89567 -70.7416 13.49
    endloop
  endfacet
  facet normal 0 0 1
    outer loop
      vertex -10.6626 -70.0265 13.49
      vertex -8.97222 -69.5735 13.49
      vertex -9.09836 -69.202 13.49
    endloop
  endfacet
  facet normal -0 0 1
    outer loop
      vertex -10.6626 -70.6735 13.49
      vertex -8.89567 -70.7416 13.49
      vertex -10.62 -70.35 13.49
    endloop
  endfacet
  facet normal 0 0 1
    outer loop
      vertex -10.7875 -69.725 13.49
      vertex -9.09836 -69.202 13.49
      vertex -9.27192 -68.85 13.49
    endloop
  endfacet
  facet normal 0 0 1
    outer loop
      vertex -8.89567 -70.7416 13.49
      vertex -10.6626 -70.6735 13.49
      vertex -8.97222 -71.1265 13.49
    endloop
  endfacet
  facet normal 0 0 1
    outer loop
      vertex -10.7875 -69.725 13.49
      vertex -9.27192 -68.85 13.49
      vertex -9.48994 -68.5237 13.49
    endloop
  endfacet
  facet normal 0 0 1
    outer loop
      vertex -8.97222 -71.1265 13.49
      vertex -10.6626 -70.6735 13.49
      vertex -9.09836 -71.498 13.49
    endloop
  endfacet
  facet normal 0 0 1
    outer loop
      vertex -10.9861 -69.4661 13.49
      vertex -9.48994 -68.5237 13.49
      vertex -9.74868 -68.2287 13.49
    endloop
  endfacet
  facet normal -0 0 1
    outer loop
      vertex -10.7875 -70.975 13.49
      vertex -9.09836 -71.498 13.49
      vertex -10.6626 -70.6735 13.49
    endloop
  endfacet
  facet normal 0 0 1
    outer loop
      vertex -10.9861 -69.4661 13.49
      vertex -9.74868 -68.2287 13.49
      vertex -10.0437 -67.9699 13.49
    endloop
  endfacet
  facet normal 0 0 1
    outer loop
      vertex -9.09836 -71.498 13.49
      vertex -10.7875 -70.975 13.49
      vertex -9.27192 -71.85 13.49
    endloop
  endfacet
  facet normal 0 0 1
    outer loop
      vertex -11.245 -69.2675 13.49
      vertex -10.0437 -67.9699 13.49
      vertex -10.37 -67.7519 13.49
    endloop
  endfacet
  facet normal 0 0 1
    outer loop
      vertex -9.27192 -71.85 13.49
      vertex -10.7875 -70.975 13.49
      vertex -9.48994 -72.1763 13.49
    endloop
  endfacet
  facet normal -0 0 1
    outer loop
      vertex -10.9861 -71.2339 13.49
      vertex -9.48994 -72.1763 13.49
      vertex -10.7875 -70.975 13.49
    endloop
  endfacet
  facet normal 0 0 1
    outer loop
      vertex -8.89567 -69.9584 13.49
      vertex -10.6626 -70.0265 13.49
      vertex -10.62 -70.35 13.49
    endloop
  endfacet
  facet normal 0 0 1
    outer loop
      vertex -11.245 -69.2675 13.49
      vertex -10.37 -67.7519 13.49
      vertex -10.7219 -67.5784 13.49
    endloop
  endfacet
  facet normal 0 0 1
    outer loop
      vertex -9.09836 -69.202 13.49
      vertex -10.7875 -69.725 13.49
      vertex -10.6626 -70.0265 13.49
    endloop
  endfacet
  facet normal 0 0 1
    outer loop
      vertex -9.48994 -68.5237 13.49
      vertex -10.9861 -69.4661 13.49
      vertex -10.7875 -69.725 13.49
    endloop
  endfacet
  facet normal 0 0 1
    outer loop
      vertex -11.9831 -68.1543 13.49
      vertex -10.7219 -67.5784 13.49
      vertex -11.0935 -67.4522 13.49
    endloop
  endfacet
  facet normal 0 0 1
    outer loop
      vertex -10.0437 -67.9699 13.49
      vertex -11.245 -69.2675 13.49
      vertex -10.9861 -69.4661 13.49
    endloop
  endfacet
  facet normal 0 0 1
    outer loop
      vertex -11.9831 -68.1543 13.49
      vertex -11.0935 -67.4522 13.49
      vertex -11.4784 -67.3757 13.49
    endloop
  endfacet
  facet normal 0 0 1
    outer loop
      vertex -10.7219 -67.5784 13.49
      vertex -11.9831 -68.1543 13.49
      vertex -11.5465 -69.1426 13.49
    endloop
  endfacet
  facet normal 0 0 1
    outer loop
      vertex -10.7219 -67.5784 13.49
      vertex -11.5465 -69.1426 13.49
      vertex -11.245 -69.2675 13.49
    endloop
  endfacet
  facet normal 0 0 1
    outer loop
      vertex -12.03 -67.9567 13.49
      vertex -11.4784 -67.3757 13.49
      vertex -11.87 -67.35 13.49
    endloop
  endfacet
  facet normal 0 0 1
    outer loop
      vertex -11.5465 -69.1426 13.49
      vertex -11.9831 -68.1543 13.49
      vertex -11.7554 -69.1151 13.49
    endloop
  endfacet
  facet normal 0 0 1
    outer loop
      vertex -11.4784 -67.3757 13.49
      vertex -12.03 -67.9567 13.49
      vertex -11.9831 -68.1543 13.49
    endloop
  endfacet
  facet normal 0 -0 1
    outer loop
      vertex -12.03 -67.9567 13.49
      vertex -11.87 -67.35 13.49
      vertex -12.1692 -67.3696 13.49
    endloop
  endfacet
  facet normal -0 0 1
    outer loop
      vertex -11.0344 -72.1569 13.49
      vertex -9.48994 -72.1763 13.49
      vertex -10.9861 -71.2339 13.49
    endloop
  endfacet
  facet normal 0 0 1
    outer loop
      vertex -9.48994 -72.1763 13.49
      vertex -11.0344 -72.1569 13.49
      vertex -9.74868 -72.4713 13.49
    endloop
  endfacet
  facet normal 0 -0 1
    outer loop
      vertex -10.8812 -72.8033 13.49
      vertex -10.0437 -72.7301 13.49
      vertex -11.0344 -72.1569 13.49
    endloop
  endfacet
  facet normal 0 0 1
    outer loop
      vertex -10.37 -72.9481 13.49
      vertex -10.8812 -72.8033 13.49
      vertex -10.7219 -73.1216 13.49
    endloop
  endfacet
  facet normal 0 0 1
    outer loop
      vertex -10.7219 -73.1216 13.49
      vertex -10.8812 -72.8033 13.49
      vertex -10.7996 -73.148 13.49
    endloop
  endfacet
  facet normal 0 0 1
    outer loop
      vertex -9.74868 -72.4713 13.49
      vertex -11.0344 -72.1569 13.49
      vertex -10.0437 -72.7301 13.49
    endloop
  endfacet
  facet normal 0 0 1
    outer loop
      vertex -10.0437 -72.7301 13.49
      vertex -10.8812 -72.8033 13.49
      vertex -10.37 -72.9481 13.49
    endloop
  endfacet
  facet normal 0 -0 1
    outer loop
      vertex -11.0344 -72.1569 13.49
      vertex -10.9861 -71.2339 13.49
      vertex -11.2121 -71.4073 13.49
    endloop
  endfacet
  facet normal 0.555523 -0.831501 0
    outer loop
      vertex -10.37 -72.9481 8.49
      vertex -10.0437 -72.7301 13.49
      vertex -10.37 -72.9481 13.49
    endloop
  endfacet
  facet normal 0.555523 -0.831501 0
    outer loop
      vertex -10.0437 -72.7301 13.49
      vertex -10.37 -72.9481 8.49
      vertex -10.0437 -72.7301 8.49
    endloop
  endfacet
  facet normal -0.442211 -0.896911 0
    outer loop
      vertex -13.0181 -73.1216 8.49
      vertex -13.37 -72.9481 12.8078
      vertex -13.37 -72.9481 8.49
    endloop
  endfacet
  facet normal -0.442211 -0.896911 0
    outer loop
      vertex -13.37 -72.9481 12.8078
      vertex -13.0181 -73.1216 8.49
      vertex -13.0181 -73.1216 12.8918
    endloop
  endfacet
  facet normal -0.321574 -0.946885 0
    outer loop
      vertex -12.6465 -73.2478 8.49
      vertex -13.0181 -73.1216 12.8918
      vertex -13.0181 -73.1216 8.49
    endloop
  endfacet
  facet normal -0.321574 -0.946885 0
    outer loop
      vertex -13.0181 -73.1216 12.8918
      vertex -12.6465 -73.2478 8.49
      vertex -12.6465 -73.2478 12.9842
    endloop
  endfacet
  facet normal -0.555523 -0.831501 0
    outer loop
      vertex -13.37 -72.9481 8.49
      vertex -13.6963 -72.7301 12.7335
      vertex -13.6963 -72.7301 8.49
    endloop
  endfacet
  facet normal -0.555523 -0.831501 0
    outer loop
      vertex -13.6963 -72.7301 12.7335
      vertex -13.37 -72.9481 8.49
      vertex -13.37 -72.9481 12.8078
    endloop
  endfacet
  facet normal 0.442211 0.896911 -0
    outer loop
      vertex -10.37 -67.7519 8.49
      vertex -10.7219 -67.5784 13.49
      vertex -10.37 -67.7519 13.49
    endloop
  endfacet
  facet normal 0.442211 0.896911 0
    outer loop
      vertex -10.7219 -67.5784 13.49
      vertex -10.37 -67.7519 8.49
      vertex -10.7219 -67.5784 8.49
    endloop
  endfacet
  facet normal -0.442211 0.896911 0
    outer loop
      vertex -13.0181 -67.5784 8.49
      vertex -13.37 -67.7519 13.1408
      vertex -13.0181 -67.5784 13.2471
    endloop
  endfacet
  facet normal -0.442211 0.896911 0
    outer loop
      vertex -13.37 -67.7519 13.1408
      vertex -13.0181 -67.5784 8.49
      vertex -13.37 -67.7519 8.49
    endloop
  endfacet
  facet normal -0.946858 -0.321651 0
    outer loop
      vertex -14.6416 -71.498 8.49
      vertex -14.7678 -71.1265 12.5465
      vertex -14.7678 -71.1265 8.49
    endloop
  endfacet
  facet normal -0.946858 -0.321651 0
    outer loop
      vertex -14.7678 -71.1265 12.5465
      vertex -14.6416 -71.498 8.49
      vertex -14.6416 -71.498 12.5568
    endloop
  endfacet
  facet normal 0.0654873 0.997853 -0
    outer loop
      vertex -11.4784 -67.3757 8.49
      vertex -11.87 -67.35 13.49
      vertex -11.4784 -67.3757 13.49
    endloop
  endfacet
  facet normal 0.0654873 0.997853 0
    outer loop
      vertex -11.87 -67.35 13.49
      vertex -11.4784 -67.3757 8.49
      vertex -11.87 -67.35 8.49
    endloop
  endfacet
  facet normal -0.946858 0.321651 0
    outer loop
      vertex -14.7678 -69.5735 12.646
      vertex -14.6416 -69.202 8.49
      vertex -14.7678 -69.5735 8.49
    endloop
  endfacet
  facet normal -0.946858 0.321651 0
    outer loop
      vertex -14.6416 -69.202 8.49
      vertex -14.7678 -69.5735 12.646
      vertex -14.6416 -69.202 12.704
    endloop
  endfacet
  facet normal 0.19494 0.980815 -0
    outer loop
      vertex -11.0935 -67.4522 8.49
      vertex -11.4784 -67.3757 13.49
      vertex -11.0935 -67.4522 13.49
    endloop
  endfacet
  facet normal 0.19494 0.980815 0
    outer loop
      vertex -11.4784 -67.3757 13.49
      vertex -11.0935 -67.4522 8.49
      vertex -11.4784 -67.3757 8.49
    endloop
  endfacet
  facet normal 0.980791 -0.195062 0
    outer loop
      vertex -8.97222 -71.1265 13.49
      vertex -8.89567 -70.7416 8.49
      vertex -8.89567 -70.7416 13.49
    endloop
  endfacet
  facet normal 0.980791 -0.195062 0
    outer loop
      vertex -8.89567 -70.7416 8.49
      vertex -8.97222 -71.1265 13.49
      vertex -8.97222 -71.1265 8.49
    endloop
  endfacet
  facet normal -0.0654873 -0.997853 0
    outer loop
      vertex -11.87 -73.35 8.49
      vertex -12.2616 -73.3243 13.0834
      vertex -12.2616 -73.3243 8.49
    endloop
  endfacet
  facet normal -0.0654873 -0.997853 0
    outer loop
      vertex -12.2616 -73.3243 13.0834
      vertex -11.87 -73.35 8.49
      vertex -11.87 -73.35 13.1876
    endloop
  endfacet
  facet normal -0.555523 0.831501 0
    outer loop
      vertex -13.37 -67.7519 8.49
      vertex -13.6963 -67.9699 13.0386
      vertex -13.37 -67.7519 13.1408
    endloop
  endfacet
  facet normal -0.555523 0.831501 0
    outer loop
      vertex -13.6963 -67.9699 13.0386
      vertex -13.37 -67.7519 8.49
      vertex -13.6963 -67.9699 8.49
    endloop
  endfacet
  facet normal -0.997857 0.0654332 0
    outer loop
      vertex -14.8443 -69.9584 8.49
      vertex -14.8571 -70.1536 12.5847
      vertex -14.8443 -69.9584 12.6007
    endloop
  endfacet
  facet normal -0.997853 0.0654873 0
    outer loop
      vertex -14.87 -70.35 12.5686
      vertex -14.8443 -69.9584 8.49
      vertex -14.87 -70.35 8.49
    endloop
  endfacet
  facet normal -0.99785 0.0655406 5.14163e-06
    outer loop
      vertex -14.8443 -69.9584 8.49
      vertex -14.87 -70.35 12.5686
      vertex -14.8571 -70.1536 12.5847
    endloop
  endfacet
  facet normal -0.831501 -0.555523 0
    outer loop
      vertex -14.2501 -72.1763 8.49
      vertex -14.4681 -71.85 12.5812
      vertex -14.4681 -71.85 8.49
    endloop
  endfacet
  facet normal -0.831501 -0.555523 0
    outer loop
      vertex -14.4681 -71.85 12.5812
      vertex -14.2501 -72.1763 8.49
      vertex -14.2501 -72.1763 12.6193
    endloop
  endfacet
  facet normal -0.0653678 0.99786 -0.00184874
    outer loop
      vertex -11.87 -67.35 13.49
      vertex -12.2616 -67.3757 13.4646
      vertex -12.1692 -67.3696 13.49
    endloop
  endfacet
  facet normal -0.0654873 0.997853 0
    outer loop
      vertex -11.87 -67.35 8.49
      vertex -12.2616 -67.3757 13.4646
      vertex -11.87 -67.35 13.49
    endloop
  endfacet
  facet normal -0.0654873 0.997853 0
    outer loop
      vertex -12.2616 -67.3757 13.4646
      vertex -11.87 -67.35 8.49
      vertex -12.2616 -67.3757 8.49
    endloop
  endfacet
  facet normal -0.751724 0.659478 0
    outer loop
      vertex -14.2501 -68.5237 12.8533
      vertex -13.9913 -68.2287 8.49
      vertex -14.2501 -68.5237 8.49
    endloop
  endfacet
  facet normal -0.751724 0.659478 0
    outer loop
      vertex -13.9913 -68.2287 8.49
      vertex -14.2501 -68.5237 12.8533
      vertex -13.9913 -68.2287 12.9422
    endloop
  endfacet
  facet normal -0.659478 -0.751724 0
    outer loop
      vertex -13.6963 -72.7301 8.49
      vertex -13.9913 -72.4713 12.6703
      vertex -13.9913 -72.4713 8.49
    endloop
  endfacet
  facet normal -0.659478 -0.751724 0
    outer loop
      vertex -13.9913 -72.4713 12.6703
      vertex -13.6963 -72.7301 8.49
      vertex -13.6963 -72.7301 12.7335
    endloop
  endfacet
  facet normal 0.205935 -0.000876395 0.978565
    outer loop
      vertex 8.67994 -16.3637 34.1796
      vertex 8.72598 -16.4877 34.1698
      vertex 8.69904 -16.3419 34.1756
    endloop
  endfacet
  facet normal 0.208164 -1.18346e-05 0.978094
    outer loop
      vertex 8.72598 -16.4877 34.1698
      vertex 8.67994 -16.3637 34.1796
      vertex 8.57797 -16.5163 34.2013
    endloop
  endfacet
  facet normal 0.165923 0.382888 0.908772
    outer loop
      vertex 13.0346 -19.6901 35.5028
      vertex 13.4401 -20.0163 35.5662
      vertex 13.5089 -19.9132 35.5102
    endloop
  endfacet
  facet normal 0.165738 0.382682 0.908893
    outer loop
      vertex 13.4401 -20.0163 35.5662
      vertex 13.0346 -19.6901 35.5028
      vertex 13.1813 -20.3113 35.7376
    endloop
  endfacet
  facet normal 0.166145 0.38274 0.908794
    outer loop
      vertex 13.1813 -20.3113 35.7376
      vertex 13.0346 -19.6901 35.5028
      vertex 13.1369 -20.3502 35.7621
    endloop
  endfacet
  facet normal 0.176087 0.532718 0.827771
    outer loop
      vertex 49.6084 -35.0076 28.43
      vertex 49.597 -34.9207 28.3765
      vertex 49.3455 -34.9207 28.43
    endloop
  endfacet
  facet normal 0.205613 0.310042 0.928223
    outer loop
      vertex 52.1721 -32.4231 27.9455
      vertex 53.2581 -32.27 27.6538
      vertex 53.0401 -31.9437 27.5931
    endloop
  endfacet
  facet normal 0.205496 0.310226 0.928187
    outer loop
      vertex 52.1721 -32.4231 27.9455
      vertex 53.0401 -31.9437 27.5931
      vertex 52.7813 -31.6487 27.5518
    endloop
  endfacet
  facet normal 0.205659 0.310101 0.928193
    outer loop
      vertex 52.1721 -32.4231 27.9455
      vertex 52.7813 -31.6487 27.5518
      vertex 52.4863 -31.3899 27.5307
    endloop
  endfacet
  facet normal 0.205614 0.310034 0.928225
    outer loop
      vertex 53.2581 -32.27 27.6538
      vertex 52.1721 -32.4231 27.9455
      vertex 53.3491 -32.4546 27.6953
    endloop
  endfacet
  facet normal 0.205737 0.310074 0.928184
    outer loop
      vertex 52.16 -31.1719 27.5302
      vertex 52.1721 -32.4231 27.9455
      vertex 52.4863 -31.3899 27.5307
    endloop
  endfacet
  facet normal 0.205381 0.310094 0.928256
    outer loop
      vertex 51.8081 -30.9984 27.5501
      vertex 52.1721 -32.4231 27.9455
      vertex 52.16 -31.1719 27.5302
    endloop
  endfacet
  facet normal 0.205692 0.310149 0.928169
    outer loop
      vertex 51.8081 -30.9984 27.5501
      vertex 51.7941 -32.665 28.1101
      vertex 52.1721 -32.4231 27.9455
    endloop
  endfacet
  facet normal 0.206251 0.310108 0.928059
    outer loop
      vertex 51.7941 -32.665 28.1101
      vertex 51.8081 -30.9984 27.5501
      vertex 51.7225 -30.9693 27.5594
    endloop
  endfacet
  facet normal 0.128633 -0.339486 0.931774
    outer loop
      vertex 98.1123 13.5256 20.6229
      vertex 97.9237 13.2299 20.5412
      vertex 98.0142 13.1695 20.5067
    endloop
  endfacet
  facet normal 0.128018 -0.339151 0.931981
    outer loop
      vertex 98.1123 13.5256 20.6229
      vertex 97.6287 13.4887 20.6759
      vertex 97.9237 13.2299 20.5412
    endloop
  endfacet
  facet normal 0.128077 -0.340798 0.931372
    outer loop
      vertex 97.6287 13.4887 20.6759
      vertex 98.1123 13.5256 20.6229
      vertex 97.6056 13.515 20.6887
    endloop
  endfacet
  facet normal 0.207913 -9.89374e-07 0.978147
    outer loop
      vertex 88.6435 -25.4422 15.312
      vertex 88.8298 -25.9871 15.2724
      vertex 88.9493 -25.3814 15.247
    endloop
  endfacet
  facet normal 0.207944 1.01278e-05 0.978141
    outer loop
      vertex 88.2719 -25.5684 15.391
      vertex 88.8298 -25.9871 15.2724
      vertex 88.6435 -25.4422 15.312
    endloop
  endfacet
  facet normal 0.207924 -1.7709e-05 0.978145
    outer loop
      vertex 87.92 -25.7419 15.4658
      vertex 88.8298 -25.9871 15.2724
      vertex 88.2719 -25.5684 15.391
    endloop
  endfacet
  facet normal 0.207806 -0.000472534 0.97817
    outer loop
      vertex 88.8298 -25.9871 15.2724
      vertex 87.92 -25.7419 15.4658
      vertex 87.854 -25.786 15.4798
    endloop
  endfacet
  facet normal 0.128083 -0.339372 0.931891
    outer loop
      vertex 99.2943 13.6981 20.439
      vertex 100.898 12.8384 19.9055
      vertex 101.244 13.0088 19.92
    endloop
  endfacet
  facet normal 0.128131 -0.339294 0.931913
    outer loop
      vertex 100.898 12.8384 19.9055
      vertex 99.2943 13.6981 20.439
      vertex 100.526 12.7122 19.9107
    endloop
  endfacet
  facet normal 0.128243 -0.339171 0.931942
    outer loop
      vertex 100.526 12.7122 19.9107
      vertex 99.2943 13.6981 20.439
      vertex 100.142 12.6357 19.9357
    endloop
  endfacet
  facet normal 0.128038 -0.339322 0.931916
    outer loop
      vertex 100.142 12.6357 19.9357
      vertex 99.2943 13.6981 20.439
      vertex 99.75 12.61 19.9802
    endloop
  endfacet
  facet normal 0.128135 -0.339282 0.931917
    outer loop
      vertex 99.75 12.61 19.9802
      vertex 99.2943 13.6981 20.439
      vertex 99.3584 12.6357 20.0434
    endloop
  endfacet
  facet normal 0.128236 -0.339272 0.931907
    outer loop
      vertex 99.3584 12.6357 20.0434
      vertex 99.2943 13.6981 20.439
      vertex 99.0912 12.6888 20.0995
    endloop
  endfacet
  facet normal 0.207915 -0.000358724 0.978147
    outer loop
      vertex 90.6885 -26.1392 14.8773
      vertex 91.5413 -26.2187 14.696
      vertex 91.2463 -25.9599 14.7588
    endloop
  endfacet
  facet normal 0.207786 5.97965e-05 0.978174
    outer loop
      vertex 90.6885 -26.1392 14.8773
      vertex 91.2463 -25.9599 14.7588
      vertex 90.92 -25.7419 14.8281
    endloop
  endfacet
  facet normal 0.208158 -0.000166556 0.978095
    outer loop
      vertex 90.6885 -26.1392 14.8773
      vertex 90.92 -25.7419 14.8281
      vertex 90.7805 -25.6731 14.8578
    endloop
  endfacet
  facet normal 0.207961 0.000167014 0.978137
    outer loop
      vertex 91.5413 -26.2187 14.696
      vertex 90.6885 -26.1392 14.8773
      vertex 91.6444 -26.3362 14.6741
    endloop
  endfacet
  facet normal 0.324677 -0.54334 0.774188
    outer loop
      vertex 10.2443 27.1716 43.7542
      vertex 8.47741 27.1035 44.4474
      vertex 8.52 26.78 44.2025
    endloop
  endfacet
  facet normal 0.324688 -0.543382 0.774154
    outer loop
      vertex 9.65006 28.6063 45.0104
      vertex 8.35253 27.405 44.7114
      vertex 8.47741 27.1035 44.4474
    endloop
  endfacet
  facet normal 0.324644 -0.543345 0.774198
    outer loop
      vertex 9.65006 28.6063 45.0104
      vertex 8.15388 27.6639 44.9764
      vertex 8.35253 27.405 44.7114
    endloop
  endfacet
  facet normal 0.324708 -0.543414 0.774123
    outer loop
      vertex 9.45363 28.8303 45.25
      vertex 7.895 27.8625 45.2244
      vertex 8.15388 27.6639 44.9764
    endloop
  endfacet
  facet normal 0.324209 -0.542632 0.77488
    outer loop
      vertex 7.895 27.8625 45.2244
      vertex 9.45363 28.8303 45.25
      vertex 7.85892 27.8775 45.25
    endloop
  endfacet
  facet normal 0.324676 -0.543326 0.774197
    outer loop
      vertex 8.52 26.78 44.2025
      vertex 10.27 26.78 43.4686
      vertex 10.2443 27.1716 43.7542
    endloop
  endfacet
  facet normal 0.324652 -0.543462 0.774113
    outer loop
      vertex 8.47741 27.1035 44.4474
      vertex 10.2443 27.1716 43.7542
      vertex 10.1678 27.5565 44.0565
    endloop
  endfacet
  facet normal 0.324639 -0.543328 0.774212
    outer loop
      vertex 8.47741 27.1035 44.4474
      vertex 10.1678 27.5565 44.0565
      vertex 10.0416 27.9281 44.3702
    endloop
  endfacet
  facet normal 0.324682 -0.543417 0.774131
    outer loop
      vertex 8.47741 27.1035 44.4474
      vertex 10.0416 27.9281 44.3702
      vertex 9.86808 28.28 44.69
    endloop
  endfacet
  facet normal 0.3246 -0.543338 0.774221
    outer loop
      vertex 8.47741 27.1035 44.4474
      vertex 9.86808 28.28 44.69
      vertex 9.65006 28.6063 45.0104
    endloop
  endfacet
  facet normal 0.324665 -0.543377 0.774167
    outer loop
      vertex 8.15388 27.6639 44.9764
      vertex 9.65006 28.6063 45.0104
      vertex 9.45363 28.8303 45.25
    endloop
  endfacet
  facet normal 0.324678 -0.543319 0.774202
    outer loop
      vertex 10.27 26.78 43.4686
      vertex 8.52 26.78 44.2025
      vertex 10.247 26.4284 43.2315
    endloop
  endfacet
  facet normal 0.324626 -0.543426 0.774148
    outer loop
      vertex 10.247 26.4284 43.2315
      vertex 8.52 26.78 44.2025
      vertex 8.49092 26.5592 44.0597
    endloop
  endfacet
  facet normal 0.325063 -0.542897 0.774336
    outer loop
      vertex 6.02489 26.7428 45.2227
      vertex 6.02015 26.7789 45.25
      vertex 5.96704 26.7471 45.25
    endloop
  endfacet
  facet normal 0.262705 -0.391899 0.881704
    outer loop
      vertex 5.93365 24.1012 43.442
      vertex 10.2139 26.2354 43.1153
      vertex 10.2164 26.2481 43.1202
    endloop
  endfacet
  facet normal 0.26333 -0.393276 0.880904
    outer loop
      vertex 10.2139 26.2354 43.1153
      vertex 5.93365 24.1012 43.442
      vertex 6.09399 24.0222 43.3588
    endloop
  endfacet
  facet normal 0.325364 -0.536071 0.778952
    outer loop
      vertex 10.247 26.4284 43.2315
      vertex 10.2164 26.2481 43.1202
      vertex 10.2443 26.3884 43.2051
    endloop
  endfacet
  facet normal 0.327134 -0.53596 0.778287
    outer loop
      vertex 8.49092 26.5592 44.0597
      vertex 10.2164 26.2481 43.1202
      vertex 10.247 26.4284 43.2315
    endloop
  endfacet
  facet normal 0.327246 -0.535713 0.77841
    outer loop
      vertex 8.47741 26.4565 43.9947
      vertex 10.2164 26.2481 43.1202
      vertex 8.49092 26.5592 44.0597
    endloop
  endfacet
  facet normal 0.327105 -0.53608 0.778217
    outer loop
      vertex 8.35253 26.155 43.8395
      vertex 10.2164 26.2481 43.1202
      vertex 8.47741 26.4565 43.9947
    endloop
  endfacet
  facet normal 0.327165 -0.535756 0.778415
    outer loop
      vertex 8.15388 25.8961 43.7448
      vertex 10.2164 26.2481 43.1202
      vertex 8.35253 26.155 43.8395
    endloop
  endfacet
  facet normal 0.327151 -0.536158 0.778143
    outer loop
      vertex 7.895 25.6975 43.7168
      vertex 10.2164 26.2481 43.1202
      vertex 8.15388 25.8961 43.7448
    endloop
  endfacet
  facet normal 0.32709 -0.535883 0.778358
    outer loop
      vertex 5.93365 24.1012 43.442
      vertex 7.895 25.6975 43.7168
      vertex 7.59352 25.5726 43.7575
    endloop
  endfacet
  facet normal 0.327423 -0.535868 0.778229
    outer loop
      vertex 5.96704 26.7471 45.25
      vertex 6.06259 26.4565 45.0097
      vertex 6.02489 26.7428 45.2227
    endloop
  endfacet
  facet normal 0.327139 -0.535934 0.778302
    outer loop
      vertex 7.895 25.6975 43.7168
      vertex 5.93365 24.1012 43.442
      vertex 10.2164 26.2481 43.1202
    endloop
  endfacet
  facet normal 0.32724 -0.536019 0.778202
    outer loop
      vertex 7.27 25.53 43.8642
      vertex 5.93365 24.1012 43.442
      vertex 7.59352 25.5726 43.7575
    endloop
  endfacet
  facet normal 0.327107 -0.535929 0.778319
    outer loop
      vertex 6.94648 25.5726 44.0295
      vertex 5.93365 24.1012 43.442
      vertex 7.27 25.53 43.8642
    endloop
  endfacet
  facet normal 0.327096 -0.535925 0.778327
    outer loop
      vertex 6.645 25.6975 44.2422
      vertex 5.93365 24.1012 43.442
      vertex 6.94648 25.5726 44.0295
    endloop
  endfacet
  facet normal 0.327178 -0.535963 0.778266
    outer loop
      vertex 5.44372 24.3999 43.8536
      vertex 6.645 25.6975 44.2422
      vertex 6.38612 25.8961 44.4878
    endloop
  endfacet
  facet normal 0.327141 -0.535978 0.778271
    outer loop
      vertex 4.88994 24.9537 44.4677
      vertex 6.38612 25.8961 44.4878
      vertex 6.18747 26.155 44.7496
    endloop
  endfacet
  facet normal 0.327124 -0.53594 0.778305
    outer loop
      vertex 4.49836 25.632 45.0994
      vertex 6.18747 26.155 44.7496
      vertex 6.06259 26.4565 45.0097
    endloop
  endfacet
  facet normal 0.327156 -0.535983 0.778262
    outer loop
      vertex 4.43686 25.8131 45.25
      vertex 6.06259 26.4565 45.0097
      vertex 5.96704 26.7471 45.25
    endloop
  endfacet
  facet normal 0.326964 -0.535902 0.778398
    outer loop
      vertex 6.645 25.6975 44.2422
      vertex 5.77 24.1819 43.5663
      vertex 5.93365 24.1012 43.442
    endloop
  endfacet
  facet normal 0.327184 -0.535967 0.778261
    outer loop
      vertex 6.645 25.6975 44.2422
      vertex 5.44372 24.3999 43.8536
      vertex 5.77 24.1819 43.5663
    endloop
  endfacet
  facet normal 0.327099 -0.535936 0.778318
    outer loop
      vertex 6.38612 25.8961 44.4878
      vertex 5.14868 24.6587 44.1558
      vertex 5.44372 24.3999 43.8536
    endloop
  endfacet
  facet normal 0.327128 -0.535958 0.77829
    outer loop
      vertex 6.38612 25.8961 44.4878
      vertex 4.88994 24.9537 44.4677
      vertex 5.14868 24.6587 44.1558
    endloop
  endfacet
  facet normal 0.327181 -0.536011 0.778232
    outer loop
      vertex 6.18747 26.155 44.7496
      vertex 4.67192 25.28 44.7841
      vertex 4.88994 24.9537 44.4677
    endloop
  endfacet
  facet normal 0.327117 -0.535896 0.778338
    outer loop
      vertex 6.18747 26.155 44.7496
      vertex 4.49836 25.632 45.0994
      vertex 4.67192 25.28 44.7841
    endloop
  endfacet
  facet normal 0.327173 -0.536044 0.778212
    outer loop
      vertex 6.06259 26.4565 45.0097
      vertex 4.43686 25.8131 45.25
      vertex 4.49836 25.632 45.0994
    endloop
  endfacet
  facet normal 0.253151 -0.379229 0.89
    outer loop
      vertex 10.2139 26.2354 43.1153
      vertex 10.0416 25.632 42.9072
      vertex 10.1678 26.0035 43.0296
    endloop
  endfacet
  facet normal 0.258203 -0.38005 0.888197
    outer loop
      vertex 10.2139 26.2354 43.1153
      vertex 9.93806 25.4219 42.8474
      vertex 10.0416 25.632 42.9072
    endloop
  endfacet
  facet normal 0.256498 -0.379686 0.888846
    outer loop
      vertex 10.2139 26.2354 43.1153
      vertex 6.40063 23.9138 43.224
      vertex 9.93806 25.4219 42.8474
    endloop
  endfacet
  facet normal 0.256508 -0.379702 0.888837
    outer loop
      vertex 6.09399 24.0222 43.3588
      vertex 6.40063 23.9138 43.224
      vertex 10.2139 26.2354 43.1153
    endloop
  endfacet
  facet normal 0.253026 -0.386918 0.88672
    outer loop
      vertex 6.40063 23.9138 43.224
      vertex 6.09399 24.0222 43.3588
      vertex 6.12195 24.0084 43.3448
    endloop
  endfacet
  facet normal 0.255438 -0.379182 0.889366
    outer loop
      vertex 9.93806 25.4219 42.8474
      vertex 9.65006 24.9537 42.7305
      vertex 9.86808 25.28 42.807
    endloop
  endfacet
  facet normal 0.257046 -0.379972 0.888566
    outer loop
      vertex 9.93806 25.4219 42.8474
      vertex 9.39132 24.6587 42.6792
      vertex 9.65006 24.9537 42.7305
    endloop
  endfacet
  facet normal 0.25648 -0.379633 0.888874
    outer loop
      vertex 9.93806 25.4219 42.8474
      vertex 9.09628 24.3999 42.6538
      vertex 9.39132 24.6587 42.6792
    endloop
  endfacet
  facet normal 0.256275 -0.379488 0.888995
    outer loop
      vertex 9.93806 25.4219 42.8474
      vertex 8.77 24.1819 42.6548
      vertex 9.09628 24.3999 42.6538
    endloop
  endfacet
  facet normal 0.256688 -0.379836 0.888727
    outer loop
      vertex 9.93806 25.4219 42.8474
      vertex 8.41805 24.0084 42.6823
      vertex 8.77 24.1819 42.6548
    endloop
  endfacet
  facet normal 0.256413 -0.379562 0.888924
    outer loop
      vertex 9.93806 25.4219 42.8474
      vertex 8.04646 23.8822 42.7356
      vertex 8.41805 24.0084 42.6823
    endloop
  endfacet
  facet normal 0.256525 -0.379693 0.888835
    outer loop
      vertex 9.93806 25.4219 42.8474
      vertex 7.66158 23.8057 42.814
      vertex 8.04646 23.8822 42.7356
    endloop
  endfacet
  facet normal 0.256456 -0.379598 0.888896
    outer loop
      vertex 9.93806 25.4219 42.8474
      vertex 7.27 23.78 42.916
      vertex 7.66158 23.8057 42.814
    endloop
  endfacet
  facet normal 0.256535 -0.37973 0.888816
    outer loop
      vertex 9.93806 25.4219 42.8474
      vertex 6.87842 23.8057 43.04
      vertex 7.27 23.78 42.916
    endloop
  endfacet
  facet normal 0.256451 -0.379559 0.888914
    outer loop
      vertex 6.40063 23.9138 43.224
      vertex 6.87842 23.8057 43.04
      vertex 9.93806 25.4219 42.8474
    endloop
  endfacet
  facet normal 0.256385 -0.379748 0.888852
    outer loop
      vertex 6.87842 23.8057 43.04
      vertex 6.40063 23.9138 43.224
      vertex 6.49354 23.8822 43.1837
    endloop
  endfacet
  facet normal 0.0273934 -0.0341711 0.999041
    outer loop
      vertex 9.4949 -16.3392 34.0064
      vertex 9.55412 -15.5959 34.0302
      vertex 9.37912 -15.7128 34.031
    endloop
  endfacet
  facet normal 0.20787 7.28449e-06 0.978156
    outer loop
      vertex 9.23372 -15.8099 34.0619
      vertex 9.4949 -16.3392 34.0064
      vertex 9.37912 -15.7128 34.031
    endloop
  endfacet
  facet normal 0.207867 5.53431e-06 0.978157
    outer loop
      vertex 8.93868 -16.0687 34.1246
      vertex 9.4949 -16.3392 34.0064
      vertex 9.23372 -15.8099 34.0619
    endloop
  endfacet
  facet normal 0.207864 1.34644e-08 0.978158
    outer loop
      vertex 8.93868 -16.0687 34.1246
      vertex 8.72598 -16.4877 34.1698
      vertex 9.4949 -16.3392 34.0064
    endloop
  endfacet
  facet normal 0.208321 -0.000242167 0.978061
    outer loop
      vertex 8.72598 -16.4877 34.1698
      vertex 8.93868 -16.0687 34.1246
      vertex 8.70503 -16.3351 34.1743
    endloop
  endfacet
  facet normal 0.20787 -3.00655e-05 0.978157
    outer loop
      vertex 8.72598 -16.4877 34.1698
      vertex 9.64019 -17.1253 33.9755
      vertex 9.4949 -16.3392 34.0064
    endloop
  endfacet
  facet normal 0.20787 -3.00655e-05 0.978157
    outer loop
      vertex 9.64019 -17.1253 33.9755
      vertex 8.72598 -16.4877 34.1698
      vertex 8.87127 -17.2738 34.1389
    endloop
  endfacet
  facet normal 0.027136 -0.0341816 0.999047
    outer loop
      vertex 9.4949 -16.3392 34.0064
      vertex 9.75418 -15.4962 34.0282
      vertex 9.56 -15.5919 34.0302
    endloop
  endfacet
  facet normal 0.0230108 -0.0338259 0.999163
    outer loop
      vertex 9.4949 -16.3392 34.0064
      vertex 9.56 -15.5919 34.0302
      vertex 9.55412 -15.5959 34.0302
    endloop
  endfacet
  facet normal 0.0272853 -0.0342273 0.999042
    outer loop
      vertex 9.75418 -15.4962 34.0282
      vertex 9.4949 -16.3392 34.0064
      vertex 9.64019 -17.1253 33.9755
    endloop
  endfacet
  facet normal 0.21181 0.000259004 0.977311
    outer loop
      vertex 8.72598 -16.4877 34.1698
      vertex 8.70503 -16.3351 34.1743
      vertex 8.69904 -16.3419 34.1756
    endloop
  endfacet
  facet normal -0.127624 -0.0230331 0.991555
    outer loop
      vertex 9.64019 -17.1253 33.9755
      vertex 11.06 -15.19 34.2032
      vertex 10.6684 -15.2157 34.1522
    endloop
  endfacet
  facet normal -0.127289 -0.0232168 0.991594
    outer loop
      vertex 9.64019 -17.1253 33.9755
      vertex 10.6684 -15.2157 34.1522
      vertex 10.2835 -15.2922 34.101
    endloop
  endfacet
  facet normal -0.127438 -0.0231632 0.991576
    outer loop
      vertex 9.64019 -17.1253 33.9755
      vertex 10.2835 -15.2922 34.101
      vertex 9.91195 -15.4184 34.0503
    endloop
  endfacet
  facet normal -0.127966 -0.0230763 0.99151
    outer loop
      vertex 9.64019 -17.1253 33.9755
      vertex 9.91195 -15.4184 34.0503
      vertex 9.76323 -15.4917 34.0294
    endloop
  endfacet
  facet normal -0.127295 -0.0232788 0.991592
    outer loop
      vertex 11.06 -15.19 34.2032
      vertex 9.64019 -17.1253 33.9755
      vertex 11.4069 -15.2127 34.2472
    endloop
  endfacet
  facet normal -0.119808 -0.0237239 0.992514
    outer loop
      vertex 9.76323 -15.4917 34.0294
      vertex 9.75418 -15.4962 34.0282
      vertex 9.64019 -17.1253 33.9755
    endloop
  endfacet
  facet normal 0.208382 -0.000292561 0.978047
    outer loop
      vertex 8.46192 -16.69 34.226
      vertex 8.72598 -16.4877 34.1698
      vertex 8.57245 -16.5246 34.2025
    endloop
  endfacet
  facet normal 0.20815 2.41212e-05 0.978097
    outer loop
      vertex 8.72598 -16.4877 34.1698
      vertex 8.46192 -16.69 34.226
      vertex 8.87127 -17.2738 34.1389
    endloop
  endfacet
  facet normal 0.207829 -0.000211229 0.978165
    outer loop
      vertex 8.28836 -17.042 34.2628
      vertex 8.87127 -17.2738 34.1389
      vertex 8.46192 -16.69 34.226
    endloop
  endfacet
  facet normal 0.20791 2.24614e-06 0.978148
    outer loop
      vertex 8.87127 -17.2738 34.1389
      vertex 8.28836 -17.042 34.2628
      vertex 8.16322 -17.4106 34.2894
    endloop
  endfacet
  facet normal 0.20753 0.00340995 0.978223
    outer loop
      vertex 8.72598 -16.4877 34.1698
      vertex 8.57797 -16.5163 34.2013
      vertex 8.57245 -16.5246 34.2025
    endloop
  endfacet
  facet normal 0.166534 0.189325 0.967689
    outer loop
      vertex 9.68282 -20.8486 34.7083
      vertex 9.23372 -20.5701 34.7311
      vertex 9.56 -20.7881 34.7176
    endloop
  endfacet
  facet normal 0.168271 0.192198 0.966822
    outer loop
      vertex 8.87127 -17.2738 34.1389
      vertex 9.23372 -20.5701 34.7311
      vertex 9.68282 -20.8486 34.7083
    endloop
  endfacet
  facet normal 0.168613 0.192224 0.966757
    outer loop
      vertex 9.23372 -20.5701 34.7311
      vertex 8.87127 -17.2738 34.1389
      vertex 8.93868 -20.3113 34.7311
    endloop
  endfacet
  facet normal 0.168348 0.192227 0.966803
    outer loop
      vertex 8.87127 -17.2738 34.1389
      vertex 8.67994 -20.0163 34.7175
      vertex 8.93868 -20.3113 34.7311
    endloop
  endfacet
  facet normal 0.168402 0.192221 0.966795
    outer loop
      vertex 8.87127 -17.2738 34.1389
      vertex 8.46192 -19.69 34.6906
      vertex 8.67994 -20.0163 34.7175
    endloop
  endfacet
  facet normal 0.168136 0.192275 0.96683
    outer loop
      vertex 8.87127 -17.2738 34.1389
      vertex 8.28836 -19.3381 34.6508
      vertex 8.46192 -19.69 34.6906
    endloop
  endfacet
  facet normal 0.164472 0.2092 0.963942
    outer loop
      vertex 8.16222 -17.4135 34.2902
      vertex 8.87127 -17.2738 34.1389
      vertex 8.16322 -17.4106 34.2894
    endloop
  endfacet
  facet normal 0.168405 0.19231 0.966776
    outer loop
      vertex 8.87127 -17.2738 34.1389
      vertex 8.16222 -17.4135 34.2902
      vertex 8.08566 -17.7984 34.3801
    endloop
  endfacet
  facet normal 0.168399 0.192193 0.966801
    outer loop
      vertex 8.87127 -17.2738 34.1389
      vertex 8.16222 -18.9665 34.5989
      vertex 8.28836 -19.3381 34.6508
    endloop
  endfacet
  facet normal 0.168522 0.192141 0.96679
    outer loop
      vertex 8.06 -18.19 34.4624
      vertex 8.87127 -17.2738 34.1389
      vertex 8.08566 -17.7984 34.3801
    endloop
  endfacet
  facet normal 0.168319 0.192228 0.966808
    outer loop
      vertex 8.87127 -17.2738 34.1389
      vertex 8.08566 -18.5816 34.5357
      vertex 8.16222 -18.9665 34.5989
    endloop
  endfacet
  facet normal 0.168663 0.192016 0.96679
    outer loop
      vertex 8.87127 -17.2738 34.1389
      vertex 8.06 -18.19 34.4624
      vertex 8.08566 -18.5816 34.5357
    endloop
  endfacet
  facet normal 0.16811 0.191509 0.966987
    outer loop
      vertex 10.372 -21.1054 34.6393
      vertex 9.91195 -20.9616 34.6908
      vertex 10.2835 -21.0878 34.6512
    endloop
  endfacet
  facet normal 0.167822 0.190499 0.967236
    outer loop
      vertex 10.372 -21.1054 34.6393
      vertex 9.68282 -20.8486 34.7083
      vertex 9.91195 -20.9616 34.6908
    endloop
  endfacet
  facet normal 0.168421 0.192227 0.96679
    outer loop
      vertex 9.68282 -20.8486 34.7083
      vertex 10.372 -21.1054 34.6393
      vertex 8.87127 -17.2738 34.1389
    endloop
  endfacet
  facet normal 0.16832 0.192262 0.966801
    outer loop
      vertex 8.87127 -17.2738 34.1389
      vertex 9.83639 -17.9895 34.1132
      vertex 9.64019 -17.1253 33.9755
    endloop
  endfacet
  facet normal 0.168193 0.192166 0.966842
    outer loop
      vertex 10.0432 -18.9007 34.2583
      vertex 10.372 -21.1054 34.6393
      vertex 10.5519 -21.1411 34.6151
    endloop
  endfacet
  facet normal 0.168175 0.192164 0.966846
    outer loop
      vertex 9.97747 -18.815 34.2527
      vertex 10.372 -21.1054 34.6393
      vertex 10.0432 -18.9007 34.2583
    endloop
  endfacet
  facet normal 0.168358 0.192227 0.966801
    outer loop
      vertex 8.87127 -17.2738 34.1389
      vertex 9.97747 -18.815 34.2527
      vertex 9.85259 -18.5135 34.2145
    endloop
  endfacet
  facet normal 0.168118 0.191987 0.966891
    outer loop
      vertex 9.83639 -17.9895 34.1132
      vertex 8.87127 -17.2738 34.1389
      vertex 9.81 -18.19 34.1576
    endloop
  endfacet
  facet normal 0.168291 0.19218 0.966822
    outer loop
      vertex 9.97747 -18.815 34.2527
      vertex 8.87127 -17.2738 34.1389
      vertex 10.372 -21.1054 34.6393
    endloop
  endfacet
  facet normal 0.168341 0.192213 0.966807
    outer loop
      vertex 9.81 -18.19 34.1576
      vertex 8.87127 -17.2738 34.1389
      vertex 9.85259 -18.5135 34.2145
    endloop
  endfacet
  facet normal -0.252349 0.0962192 0.96284
    outer loop
      vertex 11.3835 -16.9826 34.4178
      vertex 12.1473 -15.3977 34.4596
      vertex 11.8365 -15.2922 34.3676
    endloop
  endfacet
  facet normal -0.252055 0.0960851 0.962931
    outer loop
      vertex 12.1473 -15.3977 34.4596
      vertex 11.685 -17.1075 34.5092
      vertex 11.7855 -17.1846 34.5432
    endloop
  endfacet
  facet normal -0.252078 0.0961488 0.962918
    outer loop
      vertex 11.3835 -16.9826 34.4178
      vertex 11.8365 -15.2922 34.3676
      vertex 11.4516 -15.2157 34.2592
    endloop
  endfacet
  facet normal -0.252051 0.0961484 0.962926
    outer loop
      vertex 11.3835 -16.9826 34.4178
      vertex 11.4516 -15.2157 34.2592
      vertex 11.4069 -15.2127 34.2472
    endloop
  endfacet
  facet normal -0.2521 0.096097 0.962918
    outer loop
      vertex 12.1473 -15.3977 34.4596
      vertex 11.3835 -16.9826 34.4178
      vertex 11.685 -17.1075 34.5092
    endloop
  endfacet
  facet normal -0.252242 0.0961462 0.962876
    outer loop
      vertex 11.4069 -15.2127 34.2472
      vertex 11.06 -16.94 34.3288
      vertex 11.3835 -16.9826 34.4178
    endloop
  endfacet
  facet normal -0.252263 0.0961502 0.96287
    outer loop
      vertex 11.4069 -15.2127 34.2472
      vertex 10.7365 -16.9826 34.2483
      vertex 11.06 -16.94 34.3288
    endloop
  endfacet
  facet normal -0.251849 0.0959934 0.962994
    outer loop
      vertex 11.4069 -15.2127 34.2472
      vertex 10.435 -17.1075 34.1819
      vertex 10.7365 -16.9826 34.2483
    endloop
  endfacet
  facet normal -0.2522 0.0961774 0.962884
    outer loop
      vertex 9.64019 -17.1253 33.9755
      vertex 10.435 -17.1075 34.1819
      vertex 11.4069 -15.2127 34.2472
    endloop
  endfacet
  facet normal -0.252201 0.0960508 0.962896
    outer loop
      vertex 10.435 -17.1075 34.1819
      vertex 9.64019 -17.1253 33.9755
      vertex 10.1761 -17.3061 34.1339
    endloop
  endfacet
  facet normal -0.250994 0.0964859 0.963168
    outer loop
      vertex 9.85259 -17.8665 34.1051
      vertex 9.64019 -17.1253 33.9755
      vertex 9.83639 -17.9895 34.1132
    endloop
  endfacet
  facet normal -0.252113 0.0961205 0.962912
    outer loop
      vertex 9.97747 -17.565 34.1077
      vertex 9.64019 -17.1253 33.9755
      vertex 9.85259 -17.8665 34.1051
    endloop
  endfacet
  facet normal -0.252201 0.0960482 0.962896
    outer loop
      vertex 10.1761 -17.3061 34.1339
      vertex 9.64019 -17.1253 33.9755
      vertex 9.97747 -17.565 34.1077
    endloop
  endfacet
  facet normal -0.252173 0.096139 0.962895
    outer loop
      vertex 11.06 -19.44 34.5783
      vertex 10.9757 -21.1845 34.7304
      vertex 11.3362 -19.4036 34.647
    endloop
  endfacet
  facet normal -0.251972 0.0960932 0.962952
    outer loop
      vertex 10.6684 -21.1643 34.6479
      vertex 11.06 -19.44 34.5783
      vertex 10.7365 -19.3974 34.4894
    endloop
  endfacet
  facet normal -0.252185 0.0961393 0.962891
    outer loop
      vertex 11.06 -19.44 34.5783
      vertex 10.6684 -21.1643 34.6479
      vertex 10.9757 -21.1845 34.7304
    endloop
  endfacet
  facet normal -0.251978 0.0960933 0.96295
    outer loop
      vertex 10.7365 -19.3974 34.4894
      vertex 10.5519 -21.1411 34.6151
      vertex 10.6684 -21.1643 34.6479
    endloop
  endfacet
  facet normal -0.252097 0.0961037 0.962918
    outer loop
      vertex 10.435 -19.2725 34.398
      vertex 10.5519 -21.1411 34.6151
      vertex 10.7365 -19.3974 34.4894
    endloop
  endfacet
  facet normal -0.252454 0.0960709 0.962828
    outer loop
      vertex 10.1761 -19.0739 34.3103
      vertex 10.5519 -21.1411 34.6151
      vertex 10.435 -19.2725 34.398
    endloop
  endfacet
  facet normal -0.251307 0.0963199 0.963103
    outer loop
      vertex 10.5519 -21.1411 34.6151
      vertex 10.1761 -19.0739 34.3103
      vertex 10.0432 -18.9007 34.2583
    endloop
  endfacet
  facet normal -0.391674 0.122077 0.91197
    outer loop
      vertex 12.9403 -19.0192 35.2847
      vertex 12.2674 -17.8665 34.8414
      vertex 12.31 -18.19 34.903
    endloop
  endfacet
  facet normal -0.391706 0.121997 0.911967
    outer loop
      vertex 11.7855 -17.1846 34.5432
      vertex 12.56 -15.5919 34.6628
      vertex 12.208 -15.4184 34.4884
    endloop
  endfacet
  facet normal -0.391232 0.121891 0.912184
    outer loop
      vertex 11.7855 -17.1846 34.5432
      vertex 12.208 -15.4184 34.4884
      vertex 12.1473 -15.3977 34.4596
    endloop
  endfacet
  facet normal -0.391789 0.122013 0.911929
    outer loop
      vertex 12.5637 -15.5944 34.6647
      vertex 12.1425 -17.565 34.7474
      vertex 12.2674 -17.8665 34.8414
    endloop
  endfacet
  facet normal -0.391598 0.121975 0.912016
    outer loop
      vertex 12.5637 -15.5944 34.6647
      vertex 11.9439 -17.3061 34.6275
      vertex 12.1425 -17.565 34.7474
    endloop
  endfacet
  facet normal -0.391736 0.122027 0.91195
    outer loop
      vertex 12.5637 -15.5944 34.6647
      vertex 11.7855 -17.1846 34.5432
      vertex 11.9439 -17.3061 34.6275
    endloop
  endfacet
  facet normal -0.388082 0.1201 0.913766
    outer loop
      vertex 11.7855 -17.1846 34.5432
      vertex 12.5637 -15.5944 34.6647
      vertex 12.56 -15.5919 34.6628
    endloop
  endfacet
  facet normal -0.391768 0.122011 0.911938
    outer loop
      vertex 12.2674 -17.8665 34.8414
      vertex 12.9403 -19.0192 35.2847
      vertex 12.5637 -15.5944 34.6647
    endloop
  endfacet
  facet normal -0.391697 0.122057 0.911962
    outer loop
      vertex 12.2674 -18.5135 34.928
      vertex 12.9403 -19.0192 35.2847
      vertex 12.31 -18.19 34.903
    endloop
  endfacet
  facet normal -0.391708 0.122041 0.91196
    outer loop
      vertex 12.1425 -18.815 34.9147
      vertex 12.9403 -19.0192 35.2847
      vertex 12.2674 -18.5135 34.928
    endloop
  endfacet
  facet normal -0.391671 0.122178 0.911957
    outer loop
      vertex 12.9403 -19.0192 35.2847
      vertex 12.1425 -18.815 34.9147
      vertex 12.9639 -19.2339 35.3236
    endloop
  endfacet
  facet normal -0.391781 0.121948 0.911941
    outer loop
      vertex 11.9439 -19.0739 34.864
      vertex 12.9639 -19.2339 35.3236
      vertex 12.1425 -18.815 34.9147
    endloop
  endfacet
  facet normal -0.391802 0.121831 0.911948
    outer loop
      vertex 11.685 -19.2725 34.7793
      vertex 12.9639 -19.2339 35.3236
      vertex 11.9439 -19.0739 34.864
    endloop
  endfacet
  facet normal -0.391798 0.122031 0.911923
    outer loop
      vertex 11.685 -19.2725 34.7793
      vertex 11.5293 -21.1489 34.9635
      vertex 12.9639 -19.2339 35.3236
    endloop
  endfacet
  facet normal -0.391739 0.122029 0.911948
    outer loop
      vertex 11.3835 -19.3974 34.6665
      vertex 11.5293 -21.1489 34.9635
      vertex 11.685 -19.2725 34.7793
    endloop
  endfacet
  facet normal -0.391922 0.122001 0.911873
    outer loop
      vertex 11.3362 -19.4036 34.647
      vertex 11.5293 -21.1489 34.9635
      vertex 11.3835 -19.3974 34.6665
    endloop
  endfacet
  facet normal -0.392558 0.121884 0.911616
    outer loop
      vertex 11.5293 -21.1489 34.9635
      vertex 11.3362 -19.4036 34.647
      vertex 11.4516 -21.1643 34.9321
    endloop
  endfacet
  facet normal -0.391585 0.122012 0.912016
    outer loop
      vertex 11.3362 -19.4036 34.647
      vertex 11.06 -21.19 34.7674
      vertex 11.4516 -21.1643 34.9321
    endloop
  endfacet
  facet normal -0.392205 0.122089 0.91174
    outer loop
      vertex 11.06 -21.19 34.7674
      vertex 11.3362 -19.4036 34.647
      vertex 10.9757 -21.1845 34.7304
    endloop
  endfacet
  facet normal -0.472875 0.192704 0.859799
    outer loop
      vertex 12.9639 -19.2339 35.3236
      vertex 12.56 -20.7881 35.4498
      vertex 12.8863 -20.5701 35.5804
    endloop
  endfacet
  facet normal -0.473069 0.192745 0.859683
    outer loop
      vertex 12.9639 -19.2339 35.3236
      vertex 12.208 -20.9616 35.295
      vertex 12.56 -20.7881 35.4498
    endloop
  endfacet
  facet normal -0.473198 0.192803 0.859599
    outer loop
      vertex 12.9639 -19.2339 35.3236
      vertex 11.8365 -21.0878 35.1188
      vertex 12.208 -20.9616 35.295
    endloop
  endfacet
  facet normal -0.472957 0.192637 0.859769
    outer loop
      vertex 12.9639 -19.2339 35.3236
      vertex 11.5293 -21.1489 34.9635
      vertex 11.8365 -21.0878 35.1188
    endloop
  endfacet
  facet normal -0.47339 0.192681 0.859521
    outer loop
      vertex 13.1032 -20.3798 35.6572
      vertex 12.9639 -19.2339 35.3236
      vertex 12.8863 -20.5701 35.5804
    endloop
  endfacet
  facet normal -0.949696 -0.0245672 0.312209
    outer loop
      vertex 13.1032 -20.3798 35.6572
      vertex 13.0346 -19.6901 35.5028
      vertex 12.9687 -19.2649 35.3358
    endloop
  endfacet
  facet normal -0.949745 -0.0246063 0.312057
    outer loop
      vertex 13.0346 -19.6901 35.5028
      vertex 13.1032 -20.3798 35.6572
      vertex 13.1369 -20.3502 35.7621
    endloop
  endfacet
  facet normal -0.950756 -0.0256557 0.308877
    outer loop
      vertex 13.1032 -20.3798 35.6572
      vertex 12.9687 -19.2649 35.3358
      vertex 12.9639 -19.2339 35.3236
    endloop
  endfacet
  facet normal 0.165918 0.381775 0.909241
    outer loop
      vertex 12.9639 -19.2339 35.3236
      vertex 13.8661 -19.2366 35.1601
      vertex 13.8895 -19.1677 35.1269
    endloop
  endfacet
  facet normal 0.165813 0.383265 0.908633
    outer loop
      vertex 13.8661 -19.2366 35.1601
      vertex 12.9639 -19.2339 35.3236
      vertex 12.9687 -19.2649 35.3358
    endloop
  endfacet
  facet normal 0.190575 0.195051 0.9621
    outer loop
      vertex 12.9403 -19.0192 35.2847
      vertex 14.06 -18.19 34.8948
      vertex 14.0343 -17.7984 34.8205
    endloop
  endfacet
  facet normal 0.190539 0.195098 0.962098
    outer loop
      vertex 14.06 -18.19 34.8948
      vertex 12.9403 -19.0192 35.2847
      vertex 14.0343 -18.5816 34.9793
    endloop
  endfacet
  facet normal 0.190527 0.195093 0.962101
    outer loop
      vertex 12.9403 -19.0192 35.2847
      vertex 14.0343 -17.7984 34.8205
      vertex 13.9578 -17.4135 34.7576
    endloop
  endfacet
  facet normal 0.190371 0.195196 0.962111
    outer loop
      vertex 12.9403 -19.0192 35.2847
      vertex 13.9578 -17.4135 34.7576
      vertex 13.8316 -17.042 34.7072
    endloop
  endfacet
  facet normal 0.190612 0.19508 0.962087
    outer loop
      vertex 12.9403 -19.0192 35.2847
      vertex 13.8316 -17.042 34.7072
      vertex 13.6581 -16.69 34.6702
    endloop
  endfacet
  facet normal 0.19053 0.195108 0.962097
    outer loop
      vertex 12.9403 -19.0192 35.2847
      vertex 13.6581 -16.69 34.6702
      vertex 13.4401 -16.3637 34.6472
    endloop
  endfacet
  facet normal 0.190449 0.195127 0.96211
    outer loop
      vertex 12.9403 -19.0192 35.2847
      vertex 13.4401 -16.3637 34.6472
      vertex 13.1813 -16.0687 34.6386
    endloop
  endfacet
  facet normal 0.191069 0.193873 0.96224
    outer loop
      vertex 14.0343 -18.5816 34.9793
      vertex 12.9403 -19.0192 35.2847
      vertex 14.0243 -18.6318 34.9914
    endloop
  endfacet
  facet normal 0.190721 0.195094 0.962062
    outer loop
      vertex 12.8863 -15.8099 34.6446
      vertex 12.9403 -19.0192 35.2847
      vertex 13.1813 -16.0687 34.6386
    endloop
  endfacet
  facet normal 0.190279 0.195104 0.962148
    outer loop
      vertex 12.9403 -19.0192 35.2847
      vertex 12.8863 -15.8099 34.6446
      vertex 12.5637 -15.5944 34.6647
    endloop
  endfacet
  facet normal 0.165906 0.382422 0.908971
    outer loop
      vertex 12.9687 -19.2649 35.3358
      vertex 13.8316 -19.3381 35.2091
      vertex 13.8661 -19.2366 35.1601
    endloop
  endfacet
  facet normal 0.165914 0.382804 0.908809
    outer loop
      vertex 13.8316 -19.3381 35.2091
      vertex 12.9687 -19.2649 35.3358
      vertex 13.6581 -19.69 35.389
    endloop
  endfacet
  facet normal 0.165825 0.382682 0.908876
    outer loop
      vertex 13.6581 -19.69 35.389
      vertex 13.0346 -19.6901 35.5028
      vertex 13.5089 -19.9132 35.5102
    endloop
  endfacet
  facet normal 0.165826 0.38267 0.908882
    outer loop
      vertex 13.6581 -19.69 35.389
      vertex 12.9687 -19.2649 35.3358
      vertex 13.0346 -19.6901 35.5028
    endloop
  endfacet
  facet normal 0.190526 0.19526 0.962067
    outer loop
      vertex 12.9403 -19.0192 35.2847
      vertex 13.9578 -18.9665 35.0725
      vertex 14.0243 -18.6318 34.9914
    endloop
  endfacet
  facet normal 0.19051 0.195441 0.962034
    outer loop
      vertex 13.9578 -18.9665 35.0725
      vertex 12.9403 -19.0192 35.2847
      vertex 13.8895 -19.1677 35.1269
    endloop
  endfacet
  facet normal 0.190487 0.195251 0.962077
    outer loop
      vertex 13.8895 -19.1677 35.1269
      vertex 12.9403 -19.0192 35.2847
      vertex 12.9639 -19.2339 35.3236
    endloop
  endfacet
  facet normal -0.557071 0.235145 0.796479
    outer loop
      vertex 51.4365 -30.8722 27.3307
      vertex 51.7941 -32.665 28.1101
      vertex 51.7225 -30.9693 27.5594
    endloop
  endfacet
  facet normal -0.557085 0.235138 0.796471
    outer loop
      vertex 51.0516 -30.7957 27.0389
      vertex 51.7941 -32.665 28.1101
      vertex 51.4365 -30.8722 27.3307
    endloop
  endfacet
  facet normal -0.556948 0.235232 0.796539
    outer loop
      vertex 50.66 -30.77 26.7575
      vertex 51.7941 -32.665 28.1101
      vertex 51.0516 -30.7957 27.0389
    endloop
  endfacet
  facet normal -0.557067 0.235124 0.796488
    outer loop
      vertex 50.2684 -30.7957 26.4912
      vertex 51.7941 -32.665 28.1101
      vertex 50.66 -30.77 26.7575
    endloop
  endfacet
  facet normal -0.557002 0.235198 0.796512
    outer loop
      vertex 50.018 -30.8455 26.3308
      vertex 51.7941 -32.665 28.1101
      vertex 50.2684 -30.7957 26.4912
    endloop
  endfacet
  facet normal -0.557224 0.234911 0.796441
    outer loop
      vertex 51.7941 -32.665 28.1101
      vertex 50.018 -30.8455 26.3308
      vertex 51.8143 -33.1409 28.2646
    endloop
  endfacet
  facet normal -0.556627 0.235567 0.796664
    outer loop
      vertex 51.8143 -33.1409 28.2646
      vertex 50.018 -30.8455 26.3308
      vertex 51.8156 -33.173 28.275
    endloop
  endfacet
  facet normal 0.190168 0.408683 0.892645
    outer loop
      vertex 49.16 -31.1719 26.628
      vertex 49.4419 -33.5279 27.6466
      vertex 49.2198 -31.1425 26.6018
    endloop
  endfacet
  facet normal 0.189504 0.408414 0.892909
    outer loop
      vertex 49.4526 -34.0935 27.9033
      vertex 49.5085 -34.2434 27.96
      vertex 49.5067 -34.2242 27.9516
    endloop
  endfacet
  facet normal 0.189872 0.408676 0.892711
    outer loop
      vertex 48.8337 -31.3899 26.7972
      vertex 49.4419 -33.5279 27.6466
      vertex 49.16 -31.1719 26.628
    endloop
  endfacet
  facet normal 0.189597 0.408629 0.892791
    outer loop
      vertex 48.5387 -31.6487 26.9783
      vertex 49.4419 -33.5279 27.6466
      vertex 48.8337 -31.3899 26.7972
    endloop
  endfacet
  facet normal 0.189843 0.408715 0.892699
    outer loop
      vertex 48.2799 -31.9437 27.1684
      vertex 49.4419 -33.5279 27.6466
      vertex 48.5387 -31.6487 26.9783
    endloop
  endfacet
  facet normal 0.189747 0.408659 0.892745
    outer loop
      vertex 48.0619 -32.27 27.3641
      vertex 49.4419 -33.5279 27.6466
      vertex 48.2799 -31.9437 27.1684
    endloop
  endfacet
  facet normal 0.189803 0.408712 0.892709
    outer loop
      vertex 47.8884 -32.6219 27.5621
      vertex 49.4419 -33.5279 27.6466
      vertex 48.0619 -32.27 27.3641
    endloop
  endfacet
  facet normal 0.189742 0.408613 0.892767
    outer loop
      vertex 47.7622 -32.9935 27.759
      vertex 49.4419 -33.5279 27.6466
      vertex 47.8884 -32.6219 27.5621
    endloop
  endfacet
  facet normal 0.18978 0.408746 0.892698
    outer loop
      vertex 47.6857 -33.3784 27.9515
      vertex 49.4419 -33.5279 27.6466
      vertex 47.7622 -32.9935 27.759
    endloop
  endfacet
  facet normal 0.189779 0.408645 0.892745
    outer loop
      vertex 49.4419 -33.5279 27.6466
      vertex 47.6857 -33.3784 27.9515
      vertex 49.41 -33.77 27.7642
    endloop
  endfacet
  facet normal 0.189775 0.408619 0.892758
    outer loop
      vertex 47.66 -33.77 28.1362
      vertex 49.41 -33.77 27.7642
      vertex 47.6857 -33.3784 27.9515
    endloop
  endfacet
  facet normal 0.18977 0.408669 0.892736
    outer loop
      vertex 47.6857 -34.1616 28.31
      vertex 49.41 -33.77 27.7642
      vertex 47.66 -33.77 28.1362
    endloop
  endfacet
  facet normal 0.189776 0.408651 0.892743
    outer loop
      vertex 47.7019 -34.2434 28.344
      vertex 49.41 -33.77 27.7642
      vertex 47.6857 -34.1616 28.31
    endloop
  endfacet
  facet normal 0.189708 0.40882 0.89268
    outer loop
      vertex 49.41 -33.77 27.7642
      vertex 47.7019 -34.2434 28.344
      vertex 49.4526 -34.0935 27.9033
    endloop
  endfacet
  facet normal 0.189773 0.408481 0.892821
    outer loop
      vertex 49.4526 -34.0935 27.9033
      vertex 47.7019 -34.2434 28.344
      vertex 49.5085 -34.2434 27.96
    endloop
  endfacet
  facet normal 0.176504 0.529513 0.829736
    outer loop
      vertex 49.3455 -34.9207 28.43
      vertex 49.597 -34.9207 28.3765
      vertex 49.3113 -34.9093 28.43
    endloop
  endfacet
  facet normal 0.527926 0.379814 0.759628
    outer loop
      vertex 49.3113 -34.9093 28.43
      vertex 49.5085 -34.2436 27.9601
      vertex 49.5085 -34.2434 27.96
    endloop
  endfacet
  facet normal 0.17629 0.532304 0.827994
    outer loop
      vertex 49.5743 -34.7469 28.2696
      vertex 49.3113 -34.9093 28.43
      vertex 49.597 -34.9207 28.3765
    endloop
  endfacet
  facet normal 0.176346 0.532241 0.828023
    outer loop
      vertex 49.5085 -34.2436 27.9601
      vertex 49.3113 -34.9093 28.43
      vertex 49.5743 -34.7469 28.2696
    endloop
  endfacet
  facet normal 0.175973 0.532331 0.828044
    outer loop
      vertex 49.5085 -34.2434 27.96
      vertex 47.7304 -34.3867 28.43
      vertex 49.3113 -34.9093 28.43
    endloop
  endfacet
  facet normal 0.176039 0.532052 0.828209
    outer loop
      vertex 47.7304 -34.3867 28.43
      vertex 49.5085 -34.2434 27.96
      vertex 47.7019 -34.2434 28.344
    endloop
  endfacet
  facet normal 0.19386 0.408413 0.891974
    outer loop
      vertex 49.5085 -34.2434 27.96
      vertex 49.51 -34.2321 27.9545
      vertex 49.5067 -34.2242 27.9516
    endloop
  endfacet
  facet normal 0.189941 0.408662 0.892703
    outer loop
      vertex 49.8835 -30.8722 26.337
      vertex 49.6707 -33.0235 27.3671
      vertex 49.9586 -30.8573 26.3142
    endloop
  endfacet
  facet normal 0.189609 0.408716 0.892748
    outer loop
      vertex 49.5119 -30.9984 26.4737
      vertex 49.6707 -33.0235 27.3671
      vertex 49.8835 -30.8722 26.337
    endloop
  endfacet
  facet normal 0.189862 0.408713 0.892696
    outer loop
      vertex 49.2198 -31.1425 26.6018
      vertex 49.6707 -33.0235 27.3671
      vertex 49.5119 -30.9984 26.4737
    endloop
  endfacet
  facet normal 0.189518 0.408669 0.892789
    outer loop
      vertex 49.6707 -33.0235 27.3671
      vertex 49.2198 -31.1425 26.6018
      vertex 49.5775 -33.145 27.4425
    endloop
  endfacet
  facet normal 0.189409 0.40866 0.892816
    outer loop
      vertex 49.5775 -33.145 27.4425
      vertex 49.2198 -31.1425 26.6018
      vertex 49.4526 -33.4465 27.607
    endloop
  endfacet
  facet normal 0.192634 0.408681 0.892117
    outer loop
      vertex 49.4526 -33.4465 27.607
      vertex 49.2198 -31.1425 26.6018
      vertex 49.4419 -33.5279 27.6466
    endloop
  endfacet
  facet normal -0.867632 -0.337751 -0.364882
    outer loop
      vertex 49.5743 -34.7469 28.2696
      vertex 49.597 -34.9207 28.3765
      vertex 49.5085 -34.2434 27.96
    endloop
  endfacet
  facet normal -0.500115 0.358786 0.788135
    outer loop
      vertex 51.8305 -33.3574 28.3684
      vertex 51.8156 -33.173 28.275
      vertex 51.768 -33.2064 28.26
    endloop
  endfacet
  facet normal 0.174301 0.527814 0.831283
    outer loop
      vertex 49.5176 -34.2505 27.9626
      vertex 49.5147 -34.2434 27.9587
      vertex 49.5085 -34.2434 27.96
    endloop
  endfacet
  facet normal 0.175914 0.532367 0.828034
    outer loop
      vertex 50.035 -34.8525 28.2396
      vertex 49.597 -34.9207 28.3765
      vertex 50.1995 -34.9207 28.2485
    endloop
  endfacet
  facet normal 0.175984 0.532157 0.828154
    outer loop
      vertex 49.7761 -34.6539 28.167
      vertex 49.597 -34.9207 28.3765
      vertex 50.035 -34.8525 28.2396
    endloop
  endfacet
  facet normal 0.175896 0.532206 0.828141
    outer loop
      vertex 49.5775 -34.395 28.0428
      vertex 49.597 -34.9207 28.3765
      vertex 49.7761 -34.6539 28.167
    endloop
  endfacet
  facet normal 0.179974 0.533344 0.826531
    outer loop
      vertex 49.5085 -34.2434 27.96
      vertex 49.5775 -34.395 28.0428
      vertex 49.5176 -34.2505 27.9626
    endloop
  endfacet
  facet normal 0.175523 0.532232 0.828204
    outer loop
      vertex 49.5775 -34.395 28.0428
      vertex 49.5085 -34.2434 27.96
      vertex 49.597 -34.9207 28.3765
    endloop
  endfacet
  facet normal -0.479095 0.314802 0.81937
    outer loop
      vertex 51.8156 -33.173 28.275
      vertex 51.7425 -33.145 28.2215
      vertex 51.768 -33.2064 28.26
    endloop
  endfacet
  facet normal -0.479281 0.314402 0.819415
    outer loop
      vertex 51.8156 -33.173 28.275
      vertex 51.5439 -32.8861 28.006
      vertex 51.7425 -33.145 28.2215
    endloop
  endfacet
  facet normal -0.479775 0.313859 0.819334
    outer loop
      vertex 50.018 -30.8455 26.3308
      vertex 51.5439 -32.8861 28.006
      vertex 51.8156 -33.173 28.275
    endloop
  endfacet
  facet normal -0.47925 0.314349 0.819453
    outer loop
      vertex 50.018 -30.8455 26.3308
      vertex 51.285 -32.6875 27.7784
      vertex 51.5439 -32.8861 28.006
    endloop
  endfacet
  facet normal -0.479442 0.31418 0.819406
    outer loop
      vertex 50.018 -30.8455 26.3308
      vertex 50.9835 -32.5626 27.5541
      vertex 51.285 -32.6875 27.7784
    endloop
  endfacet
  facet normal -0.479169 0.31439 0.819485
    outer loop
      vertex 50.018 -30.8455 26.3308
      vertex 50.66 -32.52 27.3486
      vertex 50.9835 -32.5626 27.5541
    endloop
  endfacet
  facet normal -0.479541 0.314167 0.819353
    outer loop
      vertex 50.018 -30.8455 26.3308
      vertex 50.3365 -32.5626 27.1756
      vertex 50.66 -32.52 27.3486
    endloop
  endfacet
  facet normal -0.47937 0.314235 0.819427
    outer loop
      vertex 49.9754 -30.8539 26.3091
      vertex 50.3365 -32.5626 27.1756
      vertex 50.018 -30.8455 26.3308
    endloop
  endfacet
  facet normal -0.479017 0.314385 0.819576
    outer loop
      vertex 50.3365 -32.5626 27.1756
      vertex 49.9754 -30.8539 26.3091
      vertex 50.142 -32.6431 27.0928
    endloop
  endfacet
  facet normal 0.187201 0.409701 0.892805
    outer loop
      vertex 49.5147 -34.2434 27.9587
      vertex 49.51 -34.2321 27.9545
      vertex 49.5085 -34.2434 27.96
    endloop
  endfacet
  facet normal 0.188382 0.408697 0.893017
    outer loop
      vertex 49.9586 -30.8573 26.3142
      vertex 50.142 -32.6431 27.0928
      vertex 49.9754 -30.8539 26.3091
    endloop
  endfacet
  facet normal 0.189211 0.408705 0.892838
    outer loop
      vertex 50.142 -32.6431 27.0928
      vertex 49.9586 -30.8573 26.3142
      vertex 50.035 -32.6875 27.1358
    endloop
  endfacet
  facet normal 0.189926 0.408673 0.892701
    outer loop
      vertex 49.9586 -30.8573 26.3142
      vertex 49.7761 -32.8861 27.2818
      vertex 50.035 -32.6875 27.1358
    endloop
  endfacet
  facet normal 0.189691 0.40871 0.892734
    outer loop
      vertex 49.7761 -32.8861 27.2818
      vertex 49.9586 -30.8573 26.3142
      vertex 49.6707 -33.0235 27.3671
    endloop
  endfacet
  facet normal -0.618136 0.351542 0.703083
    outer loop
      vertex 49.5085 -34.2436 27.9601
      vertex 49.5743 -34.7469 28.2696
      vertex 49.5085 -34.2434 27.96
    endloop
  endfacet
  facet normal 0.175159 0.532297 0.828239
    outer loop
      vertex 50.3365 -34.9774 28.2558
      vertex 50.4263 -35.278 28.43
      vertex 50.3879 -34.9842 28.2493
    endloop
  endfacet
  facet normal 0.176243 0.532436 0.827919
    outer loop
      vertex 50.1995 -34.9207 28.2485
      vertex 50.4263 -35.278 28.43
      vertex 50.3365 -34.9774 28.2558
    endloop
  endfacet
  facet normal 0.175992 0.532336 0.828037
    outer loop
      vertex 50.1995 -34.9207 28.2485
      vertex 49.6084 -35.0076 28.43
      vertex 50.4263 -35.278 28.43
    endloop
  endfacet
  facet normal 0.175868 0.532718 0.827818
    outer loop
      vertex 49.597 -34.9207 28.3765
      vertex 49.6084 -35.0076 28.43
      vertex 50.1995 -34.9207 28.2485
    endloop
  endfacet
  facet normal -0.398089 0.442803 0.8034
    outer loop
      vertex 50.66 -35.02 28.4036
      vertex 50.4263 -35.278 28.43
      vertex 50.7224 -35.0118 28.43
    endloop
  endfacet
  facet normal -0.397623 0.442426 0.803838
    outer loop
      vertex 50.4263 -35.278 28.43
      vertex 50.66 -35.02 28.4036
      vertex 50.3879 -34.9842 28.2493
    endloop
  endfacet
  facet normal 0.205584 0.309968 0.928254
    outer loop
      vertex 53.5821 -33.1159 27.8647
      vertex 51.8156 -33.173 28.275
      vertex 53.603 -33.2208 27.8951
    endloop
  endfacet
  facet normal 0.205669 0.309154 0.928507
    outer loop
      vertex 51.8156 -33.173 28.275
      vertex 53.5821 -33.1159 27.8647
      vertex 51.8143 -33.1409 28.2646
    endloop
  endfacet
  facet normal 0.205553 0.310105 0.928215
    outer loop
      vertex 52.1721 -32.4231 27.9455
      vertex 53.5578 -32.9935 27.8292
      vertex 53.4316 -32.6219 27.733
    endloop
  endfacet
  facet normal 0.205594 0.310518 0.928068
    outer loop
      vertex 52.1721 -32.4231 27.9455
      vertex 53.4316 -32.6219 27.733
      vertex 53.3491 -32.4546 27.6953
    endloop
  endfacet
  facet normal 0.205574 0.310159 0.928192
    outer loop
      vertex 51.8143 -33.1409 28.2646
      vertex 53.5578 -32.9935 27.8292
      vertex 52.1721 -32.4231 27.9455
    endloop
  endfacet
  facet normal 0.205594 0.310033 0.92823
    outer loop
      vertex 53.5578 -32.9935 27.8292
      vertex 51.8143 -33.1409 28.2646
      vertex 53.5821 -33.1159 27.8647
    endloop
  endfacet
  facet normal 0.205751 0.310066 0.928184
    outer loop
      vertex 51.8143 -33.1409 28.2646
      vertex 52.1721 -32.4231 27.9455
      vertex 51.7941 -32.665 28.1101
    endloop
  endfacet
  facet normal 0.196744 0.455459 0.868245
    outer loop
      vertex 51.8736 -33.4934 28.43
      vertex 53.66 -33.77 28.1703
      vertex 53.6343 -33.3784 27.9707
    endloop
  endfacet
  facet normal 0.196751 0.45555 0.868196
    outer loop
      vertex 53.66 -33.77 28.1703
      vertex 51.8736 -33.4934 28.43
      vertex 53.6343 -34.1616 28.3816
    endloop
  endfacet
  facet normal 0.196728 0.455544 0.868204
    outer loop
      vertex 51.8736 -33.4934 28.43
      vertex 53.6343 -33.3784 27.9707
      vertex 53.603 -33.2208 27.8951
    endloop
  endfacet
  facet normal 0.196672 0.455333 0.868327
    outer loop
      vertex 53.6343 -34.1616 28.3816
      vertex 51.8736 -33.4934 28.43
      vertex 53.6174 -34.2466 28.43
    endloop
  endfacet
  facet normal 0.196743 0.455494 0.868227
    outer loop
      vertex 53.603 -33.2208 27.8951
      vertex 51.8674 -33.4465 28.4068
      vertex 51.8736 -33.4934 28.43
    endloop
  endfacet
  facet normal 0.196707 0.455626 0.868165
    outer loop
      vertex 51.8156 -33.173 28.275
      vertex 51.8674 -33.4465 28.4068
      vertex 53.603 -33.2208 27.8951
    endloop
  endfacet
  facet normal 0.196717 0.455626 0.868163
    outer loop
      vertex 51.8674 -33.4465 28.4068
      vertex 51.8156 -33.173 28.275
      vertex 51.8305 -33.3574 28.3684
    endloop
  endfacet
  facet normal 0.0375669 -0.725141 0.687574
    outer loop
      vertex 97.3614 13.7965 20.8247
      vertex 98.1605 13.7006 20.6799
      vertex 98.1606 13.7007 20.68
    endloop
  endfacet
  facet normal 0.128208 -0.338959 0.932024
    outer loop
      vertex 98.1605 13.7006 20.6799
      vertex 97.3614 13.7965 20.8247
      vertex 98.1517 13.6684 20.6694
    endloop
  endfacet
  facet normal 0.128014 -0.339542 0.931839
    outer loop
      vertex 97.3614 13.7965 20.8247
      vertex 98.1606 13.7007 20.68
      vertex 97.3079 13.8765 20.8612
    endloop
  endfacet
  facet normal 0.0820813 -0.495828 0.864533
    outer loop
      vertex 99.2918 17.2191 22.59
      vertex 98.8661 16.4939 22.2145
      vertex 99.1217 16.69 22.3027
    endloop
  endfacet
  facet normal 0.081624 -0.495638 0.864685
    outer loop
      vertex 97.0214 16.8452 22.59
      vertex 98.8661 16.4939 22.2145
      vertex 99.2918 17.2191 22.59
    endloop
  endfacet
  facet normal 0.0816136 -0.495619 0.864697
    outer loop
      vertex 96.7757 16.0016 22.1296
      vertex 98.5 15.61 21.7424
      vertex 98.5426 15.9335 21.9238
    endloop
  endfacet
  facet normal 0.0815934 -0.495739 0.86463
    outer loop
      vertex 98.8661 16.4939 22.2145
      vertex 97.0214 16.8452 22.59
      vertex 98.6675 16.235 22.0848
    endloop
  endfacet
  facet normal 0.0816745 -0.495587 0.86471
    outer loop
      vertex 97.0214 16.8452 22.59
      vertex 98.5426 15.9335 21.9238
      vertex 98.6675 16.235 22.0848
    endloop
  endfacet
  facet normal 0.0817476 -0.495497 0.864754
    outer loop
      vertex 96.9784 16.758 22.5441
      vertex 98.5426 15.9335 21.9238
      vertex 97.0214 16.8452 22.59
    endloop
  endfacet
  facet normal 0.0816123 -0.495631 0.86469
    outer loop
      vertex 96.7757 16.0016 22.1296
      vertex 98.5426 15.9335 21.9238
      vertex 96.8522 16.3865 22.343
    endloop
  endfacet
  facet normal 0.0815655 -0.495748 0.864628
    outer loop
      vertex 98.5426 15.9335 21.9238
      vertex 96.9784 16.758 22.5441
      vertex 96.8522 16.3865 22.343
    endloop
  endfacet
  facet normal 0.0816298 -0.495573 0.864722
    outer loop
      vertex 98.5 15.61 21.7424
      vertex 96.7757 16.0016 22.1296
      vertex 96.75 15.61 21.9076
    endloop
  endfacet
  facet normal 0.0817292 -0.495771 0.864599
    outer loop
      vertex 96.9971 14.424 21.2044
      vertex 98.5 15.61 21.7424
      vertex 96.9784 14.4619 21.2279
    endloop
  endfacet
  facet normal 0.0816139 -0.495659 0.864674
    outer loop
      vertex 98.5 15.61 21.7424
      vertex 96.9971 14.424 21.2044
      vertex 98.2144 13.8682 20.7709
    endloop
  endfacet
  facet normal 0.0816255 -0.495652 0.864677
    outer loop
      vertex 98.5 15.61 21.7424
      vertex 96.75 15.61 21.9076
      vertex 96.7757 15.2184 21.6807
    endloop
  endfacet
  facet normal 0.0815855 -0.495625 0.864696
    outer loop
      vertex 98.5 15.61 21.7424
      vertex 96.8522 14.8335 21.4528
      vertex 96.9784 14.4619 21.2279
    endloop
  endfacet
  facet normal 0.0816434 -0.495724 0.864634
    outer loop
      vertex 98.5 15.61 21.7424
      vertex 96.7757 15.2184 21.6807
      vertex 96.8522 14.8335 21.4528
    endloop
  endfacet
  facet normal 0.0814706 -0.495622 0.864709
    outer loop
      vertex 98.5426 15.2865 21.5529
      vertex 98.2144 13.8682 20.7709
      vertex 98.6146 15.1127 21.4465
    endloop
  endfacet
  facet normal 0.0819556 -0.495688 0.864625
    outer loop
      vertex 98.2144 13.8682 20.7709
      vertex 98.5426 15.2865 21.5529
      vertex 98.5 15.61 21.7424
    endloop
  endfacet
  facet normal 0.128127 -0.338862 0.932071
    outer loop
      vertex 98.1517 13.6684 20.6694
      vertex 97.6056 13.515 20.6887
      vertex 98.1123 13.5256 20.6229
    endloop
  endfacet
  facet normal 0.1282 -0.339132 0.931962
    outer loop
      vertex 98.1517 13.6684 20.6694
      vertex 97.3699 13.7837 20.8189
      vertex 97.6056 13.515 20.6887
    endloop
  endfacet
  facet normal 0.128611 -0.337184 0.932612
    outer loop
      vertex 97.3699 13.7837 20.8189
      vertex 98.1517 13.6684 20.6694
      vertex 97.3614 13.7965 20.8247
    endloop
  endfacet
  facet normal 0.0816055 -0.495506 0.864762
    outer loop
      vertex 98.2144 13.8682 20.7709
      vertex 97.3079 13.8765 20.8612
      vertex 98.1606 13.7007 20.68
    endloop
  endfacet
  facet normal 0.08159 -0.495742 0.864629
    outer loop
      vertex 98.2144 13.8682 20.7709
      vertex 97.1519 14.11 21.0098
      vertex 97.3079 13.8765 20.8612
    endloop
  endfacet
  facet normal 0.0816248 -0.495642 0.864683
    outer loop
      vertex 97.1519 14.11 21.0098
      vertex 98.2144 13.8682 20.7709
      vertex 96.9971 14.424 21.2044
    endloop
  endfacet
  facet normal 0.0325261 -0.636703 0.770423
    outer loop
      vertex 101.34 17.5177 22.4353
      vertex 101.211 17.6983 22.59
      vertex 100.612 17.6677 22.59
    endloop
  endfacet
  facet normal 0.0818328 -0.495704 0.864628
    outer loop
      vertex 99.6555 14.3724 20.7914
      vertex 99.517 14.3907 20.815
      vertex 99.2943 13.6981 20.439
    endloop
  endfacet
  facet normal 0.0815843 -0.495619 0.8647
    outer loop
      vertex 101.34 17.5177 22.4353
      vertex 100.634 16.4939 21.9151
      vertex 100.727 16.3726 21.8368
    endloop
  endfacet
  facet normal 0.0816252 -0.495629 0.86469
    outer loop
      vertex 100.375 16.6925 22.0534
      vertex 101.34 17.5177 22.4353
      vertex 100.612 17.6677 22.59
    endloop
  endfacet
  facet normal 0.0822443 -0.495719 0.86458
    outer loop
      vertex 100.375 16.6925 22.0534
      vertex 100.612 17.6677 22.59
      vertex 100.568 17.6604 22.59
    endloop
  endfacet
  facet normal 0.0816516 -0.495653 0.864674
    outer loop
      vertex 101.34 17.5177 22.4353
      vertex 100.375 16.6925 22.0534
      vertex 100.634 16.4939 21.9151
    endloop
  endfacet
  facet normal 0.0822054 -0.495715 0.864586
    outer loop
      vertex 100.375 16.6925 22.0534
      vertex 100.568 17.6604 22.59
      vertex 100.271 16.7356 22.088
    endloop
  endfacet
  facet normal 0.177531 -0.513009 0.839824
    outer loop
      vertex 99.4265 14.4026 20.8414
      vertex 99.2943 13.6981 20.439
      vertex 99.517 14.3907 20.815
    endloop
  endfacet
  facet normal 0.176924 -0.512979 0.839971
    outer loop
      vertex 99.2943 13.6981 20.439
      vertex 99.4265 14.4026 20.8414
      vertex 99.3216 14.446 20.89
    endloop
  endfacet
  facet normal 0.177542 -0.51292 0.839876
    outer loop
      vertex 100.568 17.6604 22.59
      vertex 100.074 16.8174 22.1796
      vertex 100.271 16.7356 22.088
    endloop
  endfacet
  facet normal 0.177312 -0.512834 0.839977
    outer loop
      vertex 99.4244 17.265 22.59
      vertex 100.074 16.8174 22.1796
      vertex 100.568 17.6604 22.59
    endloop
  endfacet
  facet normal 0.176951 -0.513215 0.839821
    outer loop
      vertex 100.074 16.8174 22.1796
      vertex 99.4244 17.265 22.59
      vertex 99.75 16.86 22.2739
    endloop
  endfacet
  facet normal 0.17737 -0.51294 0.8399
    outer loop
      vertex 99.75 16.86 22.2739
      vertex 99.4244 17.265 22.59
      vertex 99.4265 16.8174 22.3162
    endloop
  endfacet
  facet normal 0.175347 -0.513136 0.840205
    outer loop
      vertex 99.4265 16.8174 22.3162
      vertex 99.4244 17.265 22.59
      vertex 99.4078 16.8097 22.3154
    endloop
  endfacet
  facet normal 0.177399 -0.512947 0.83989
    outer loop
      vertex 99.125 14.5275 20.9813
      vertex 99.2943 13.6981 20.439
      vertex 99.3216 14.446 20.89
    endloop
  endfacet
  facet normal 0.177391 -0.513022 0.839845
    outer loop
      vertex 98.2144 13.8682 20.7709
      vertex 99.125 14.5275 20.9813
      vertex 98.8661 14.7261 21.1573
    endloop
  endfacet
  facet normal 0.177204 -0.512925 0.839945
    outer loop
      vertex 98.2144 13.8682 20.7709
      vertex 98.8661 14.7261 21.1573
      vertex 98.6675 14.985 21.3573
    endloop
  endfacet
  facet normal 0.177635 -0.513021 0.839795
    outer loop
      vertex 98.2144 13.8682 20.7709
      vertex 98.6675 14.985 21.3573
      vertex 98.6146 15.1127 21.4465
    endloop
  endfacet
  facet normal 0.177337 -0.512963 0.839894
    outer loop
      vertex 99.125 14.5275 20.9813
      vertex 98.2144 13.8682 20.7709
      vertex 99.2943 13.6981 20.439
    endloop
  endfacet
  facet normal 0.177384 -0.512817 0.839973
    outer loop
      vertex 99.2943 13.6981 20.439
      vertex 98.2144 13.8682 20.7709
      vertex 98.1606 13.7007 20.68
    endloop
  endfacet
  facet normal 0.177573 -0.51299 0.839827
    outer loop
      vertex 99.2918 17.2191 22.59
      vertex 99.4078 16.8097 22.3154
      vertex 99.4244 17.265 22.59
    endloop
  endfacet
  facet normal 0.177557 -0.512995 0.839827
    outer loop
      vertex 99.2918 17.2191 22.59
      vertex 99.125 16.6925 22.3036
      vertex 99.4078 16.8097 22.3154
    endloop
  endfacet
  facet normal 0.15512 -0.509461 0.846397
    outer loop
      vertex 99.125 16.6925 22.3036
      vertex 99.2918 17.2191 22.59
      vertex 99.1217 16.69 22.3027
    endloop
  endfacet
  facet normal 0.200893 -0.352894 0.913842
    outer loop
      vertex 98.1517 13.6684 20.6694
      vertex 98.0453 13.1487 20.4921
      vertex 98.1605 13.7006 20.6799
    endloop
  endfacet
  facet normal 0.199449 -0.352729 0.914222
    outer loop
      vertex 98.1123 13.5256 20.6229
      vertex 98.0453 13.1487 20.4921
      vertex 98.1517 13.6684 20.6694
    endloop
  endfacet
  facet normal 0.19421 -0.352252 0.915533
    outer loop
      vertex 98.0453 13.1487 20.4921
      vertex 98.1123 13.5256 20.6229
      vertex 98.0142 13.1695 20.5067
    endloop
  endfacet
  facet normal 0.194517 -0.352178 0.915497
    outer loop
      vertex 99.2943 13.6981 20.439
      vertex 98.9735 12.7122 20.1279
      vertex 99.0202 12.7029 20.1144
    endloop
  endfacet
  facet normal 0.193723 -0.351995 0.915735
    outer loop
      vertex 99.2943 13.6981 20.439
      vertex 98.602 12.8384 20.255
      vertex 98.9735 12.7122 20.1279
    endloop
  endfacet
  facet normal 0.193785 -0.352038 0.915706
    outer loop
      vertex 98.1605 13.7006 20.6799
      vertex 98.602 12.8384 20.255
      vertex 99.2943 13.6981 20.439
    endloop
  endfacet
  facet normal 0.132489 -0.76398 0.631491
    outer loop
      vertex 98.1605 13.7006 20.6799
      vertex 99.2943 13.6981 20.439
      vertex 98.1606 13.7007 20.68
    endloop
  endfacet
  facet normal 0.19381 -0.352025 0.915705
    outer loop
      vertex 98.602 12.8384 20.255
      vertex 98.1605 13.7006 20.6799
      vertex 98.25 13.0119 20.3962
    endloop
  endfacet
  facet normal 0.193738 -0.352038 0.915715
    outer loop
      vertex 98.25 13.0119 20.3962
      vertex 98.1605 13.7006 20.6799
      vertex 98.0453 13.1487 20.4921
    endloop
  endfacet
  facet normal 0.127512 -0.339125 0.932059
    outer loop
      vertex 99.0671 12.6936 20.1046
      vertex 99.2943 13.6981 20.439
      vertex 99.0202 12.7029 20.1144
    endloop
  endfacet
  facet normal 0.129547 -0.339453 0.93166
    outer loop
      vertex 99.0912 12.6888 20.0995
      vertex 99.2943 13.6981 20.439
      vertex 99.0671 12.6936 20.1046
    endloop
  endfacet
  facet normal 0.208958 -0.000265541 0.977925
    outer loop
      vertex 89.7996 -25.3649 15.0662
      vertex 89.7514 -25.3617 15.0765
      vertex 89.5969 -26.1453 15.1093
    endloop
  endfacet
  facet normal 0.207588 -4.90554e-05 0.978216
    outer loop
      vertex 90.7805 -25.6731 14.8578
      vertex 90.568 -25.5684 14.9029
      vertex 90.6885 -26.1392 14.8773
    endloop
  endfacet
  facet normal 0.208015 4.5218e-05 0.978126
    outer loop
      vertex 90.1965 -25.4422 14.9819
      vertex 90.6885 -26.1392 14.8773
      vertex 90.568 -25.5684 14.9029
    endloop
  endfacet
  facet normal 0.207874 -3.40585e-05 0.978156
    outer loop
      vertex 89.5969 -26.1453 15.1093
      vertex 90.1965 -25.4422 14.9819
      vertex 89.8116 -25.3657 15.0637
    endloop
  endfacet
  facet normal 0.204023 0.00107381 0.978966
    outer loop
      vertex 89.5969 -26.1453 15.1093
      vertex 89.8116 -25.3657 15.0637
      vertex 89.7996 -25.3649 15.0662
    endloop
  endfacet
  facet normal 0.207858 0.00521077 0.978145
    outer loop
      vertex 90.6885 -26.1392 14.8773
      vertex 89.5969 -26.1453 15.1093
      vertex 90.7306 -26.1479 14.8684
    endloop
  endfacet
  facet normal 0.207889 -4.78418e-05 0.978152
    outer loop
      vertex 90.1965 -25.4422 14.9819
      vertex 89.5969 -26.1453 15.1093
      vertex 90.6885 -26.1392 14.8773
    endloop
  endfacet
  facet normal 0.207794 -2.5585e-05 0.978173
    outer loop
      vertex 89.42 -25.34 15.1469
      vertex 89.5969 -26.1453 15.1093
      vertex 89.7514 -25.3617 15.0765
    endloop
  endfacet
  facet normal 0.208066 -7.33269e-05 0.978115
    outer loop
      vertex 88.8298 -25.9871 15.2724
      vertex 89.42 -25.34 15.1469
      vertex 89.0284 -25.3657 15.2302
    endloop
  endfacet
  facet normal 0.207958 -3.70591e-05 0.978138
    outer loop
      vertex 88.8298 -25.9871 15.2724
      vertex 89.0284 -25.3657 15.2302
      vertex 88.9776 -25.3758 15.241
    endloop
  endfacet
  facet normal 0.207973 1.56399e-05 0.978135
    outer loop
      vertex 89.42 -25.34 15.1469
      vertex 88.8298 -25.9871 15.2724
      vertex 89.5969 -26.1453 15.1093
    endloop
  endfacet
  facet normal 0.207383 0.000108088 0.97826
    outer loop
      vertex 88.9776 -25.3758 15.241
      vertex 88.9493 -25.3814 15.247
      vertex 88.8298 -25.9871 15.2724
    endloop
  endfacet
  facet normal 0.238605 0.172097 0.955746
    outer loop
      vertex 87.854 -25.786 15.4798
      vertex 88.7994 -26.1782 15.3144
      vertex 88.8298 -25.9871 15.2724
    endloop
  endfacet
  facet normal 0.238726 0.172427 0.955656
    outer loop
      vertex 87.5937 -25.9599 15.5762
      vertex 88.7994 -26.1782 15.3144
      vertex 87.854 -25.786 15.4798
    endloop
  endfacet
  facet normal 0.238691 0.172172 0.955711
    outer loop
      vertex 87.2987 -26.2187 15.6965
      vertex 88.7994 -26.1782 15.3144
      vertex 87.5937 -25.9599 15.5762
    endloop
  endfacet
  facet normal 0.238852 0.169814 0.956092
    outer loop
      vertex 88.7994 -26.1782 15.3144
      vertex 87.2987 -26.2187 15.6965
      vertex 87.279 -26.2411 15.7054
    endloop
  endfacet
  facet normal 0.261855 0.339507 0.90342
    outer loop
      vertex 88.1065 -30.5258 16.2712
      vertex 87.92 -30.9381 16.4802
      vertex 88.0499 -31.0021 16.4666
    endloop
  endfacet
  facet normal 0.261953 0.339458 0.90341
    outer loop
      vertex 88.1065 -30.5258 16.2712
      vertex 87.5937 -30.7201 16.4929
      vertex 87.92 -30.9381 16.4802
    endloop
  endfacet
  facet normal 0.262067 0.33922 0.903466
    outer loop
      vertex 88.1065 -30.5258 16.2712
      vertex 87.2987 -30.4613 16.4813
      vertex 87.5937 -30.7201 16.4929
    endloop
  endfacet
  facet normal 0.262065 0.339367 0.903411
    outer loop
      vertex 87.2987 -30.4613 16.4813
      vertex 88.1065 -30.5258 16.2712
      vertex 87.1894 -30.3367 16.4662
    endloop
  endfacet
  facet normal 0.238647 0.172308 0.955697
    outer loop
      vertex 87.279 -26.2411 15.7054
      vertex 88.604 -27.404 15.5842
      vertex 88.7994 -26.1782 15.3144
    endloop
  endfacet
  facet normal 0.238992 0.172718 0.955537
    outer loop
      vertex 88.604 -27.404 15.5842
      vertex 87.279 -26.2411 15.7054
      vertex 88.5361 -27.4561 15.6106
    endloop
  endfacet
  facet normal 0.238702 0.172408 0.955666
    outer loop
      vertex 87.0399 -26.5137 15.8143
      vertex 88.5361 -27.4561 15.6106
      vertex 87.279 -26.2411 15.7054
    endloop
  endfacet
  facet normal 0.238547 0.172143 0.955752
    outer loop
      vertex 88.5361 -27.4561 15.6106
      vertex 87.0399 -26.5137 15.8143
      vertex 88.3375 -27.715 15.7068
    endloop
  endfacet
  facet normal 0.238725 0.172343 0.955672
    outer loop
      vertex 86.8219 -26.84 15.9276
      vertex 88.3375 -27.715 15.7068
      vertex 87.0399 -26.5137 15.8143
    endloop
  endfacet
  facet normal 0.238697 0.172442 0.955661
    outer loop
      vertex 88.3375 -27.715 15.7068
      vertex 86.6484 -27.1919 16.0343
      vertex 88.2126 -28.0165 15.7924
    endloop
  endfacet
  facet normal 0.238624 0.172289 0.955707
    outer loop
      vertex 86.5222 -27.5635 16.1328
      vertex 88.2126 -28.0165 15.7924
      vertex 86.6484 -27.1919 16.0343
    endloop
  endfacet
  facet normal 0.23863 0.172316 0.9557
    outer loop
      vertex 86.4457 -27.9484 16.2213
      vertex 88.2126 -28.0165 15.7924
      vertex 86.5222 -27.5635 16.1328
    endloop
  endfacet
  facet normal 0.23863 0.172131 0.955733
    outer loop
      vertex 88.2126 -28.0165 15.7924
      vertex 86.4457 -27.9484 16.2213
      vertex 88.17 -28.34 15.8613
    endloop
  endfacet
  facet normal 0.238702 0.172273 0.95569
    outer loop
      vertex 88.2126 -28.6635 15.909
      vertex 87.0399 -30.1663 16.4728
      vertex 88.1065 -30.5258 16.2712
    endloop
  endfacet
  facet normal 0.238755 0.172457 0.955644
    outer loop
      vertex 88.1065 -30.5258 16.2712
      vertex 87.0399 -30.1663 16.4728
      vertex 87.1894 -30.3367 16.4662
    endloop
  endfacet
  facet normal 0.238653 0.172257 0.955705
    outer loop
      vertex 86.42 -28.34 16.2983
      vertex 88.17 -28.34 15.8613
      vertex 86.4457 -27.9484 16.2213
    endloop
  endfacet
  facet normal 0.238641 0.172323 0.955696
    outer loop
      vertex 87.0399 -30.1663 16.4728
      vertex 88.2126 -28.6635 15.909
      vertex 86.8219 -29.84 16.4684
    endloop
  endfacet
  facet normal 0.23865 0.172341 0.955691
    outer loop
      vertex 86.4457 -28.7316 16.3625
      vertex 88.17 -28.34 15.8613
      vertex 86.42 -28.34 16.2983
    endloop
  endfacet
  facet normal 0.238715 0.172234 0.955694
    outer loop
      vertex 86.8219 -29.84 16.4684
      vertex 88.2126 -28.6635 15.909
      vertex 86.6484 -29.488 16.4483
    endloop
  endfacet
  facet normal 0.238649 0.172343 0.955691
    outer loop
      vertex 88.17 -28.34 15.8613
      vertex 86.4457 -28.7316 16.3625
      vertex 88.2126 -28.6635 15.909
    endloop
  endfacet
  facet normal 0.238632 0.172388 0.955687
    outer loop
      vertex 86.6484 -29.488 16.4483
      vertex 88.2126 -28.6635 15.909
      vertex 86.5222 -29.1165 16.4128
    endloop
  endfacet
  facet normal 0.23865 0.172326 0.955693
    outer loop
      vertex 86.5222 -29.1165 16.4128
      vertex 88.2126 -28.6635 15.909
      vertex 86.4457 -28.7316 16.3625
    endloop
  endfacet
  facet normal 0.238125 0.172358 0.955819
    outer loop
      vertex 88.3375 -28.965 15.9322
      vertex 88.1065 -30.5258 16.2712
      vertex 88.3522 -28.9842 15.932
    endloop
  endfacet
  facet normal 0.238399 0.172304 0.95576
    outer loop
      vertex 88.2126 -28.6635 15.909
      vertex 88.1065 -30.5258 16.2712
      vertex 88.3375 -28.965 15.9322
    endloop
  endfacet
  facet normal 0.238618 0.172141 0.955735
    outer loop
      vertex 86.6484 -27.1919 16.0343
      vertex 88.3375 -27.715 15.7068
      vertex 86.8219 -26.84 15.9276
    endloop
  endfacet
  facet normal 0.205198 0.179028 0.962207
    outer loop
      vertex 90.7306 -26.1479 14.8684
      vertex 90.3039 -27.4561 15.2028
      vertex 90.4846 -27.6917 15.2081
    endloop
  endfacet
  facet normal 0.204734 0.179196 0.962275
    outer loop
      vertex 90.7306 -26.1479 14.8684
      vertex 90.045 -27.2575 15.2209
      vertex 90.3039 -27.4561 15.2028
    endloop
  endfacet
  facet normal 0.204882 0.179101 0.962261
    outer loop
      vertex 89.5969 -26.1453 15.1093
      vertex 90.045 -27.2575 15.2209
      vertex 90.7306 -26.1479 14.8684
    endloop
  endfacet
  facet normal 0.205072 0.179172 0.962207
    outer loop
      vertex 90.045 -27.2575 15.2209
      vertex 89.5969 -26.1453 15.1093
      vertex 89.7435 -27.1326 15.2619
    endloop
  endfacet
  facet normal 0.204628 0.179122 0.962311
    outer loop
      vertex 89.7435 -27.1326 15.2619
      vertex 89.5969 -26.1453 15.1093
      vertex 89.6855 -27.1249 15.2728
    endloop
  endfacet
  facet normal 0.204946 0.17912 0.962244
    outer loop
      vertex 90.045 -29.4225 15.6239
      vertex 90.0074 -30.6865 15.8672
      vertex 90.2316 -29.2793 15.5575
    endloop
  endfacet
  facet normal 0.20507 0.179112 0.962219
    outer loop
      vertex 90.0074 -30.6865 15.8672
      vertex 90.045 -29.4225 15.6239
      vertex 89.8986 -29.4832 15.6664
    endloop
  endfacet
  facet normal 0.195466 0.351961 0.915378
    outer loop
      vertex 90.0074 -30.6865 15.8672
      vertex 89.42 -31.34 16.2439
      vertex 89.6404 -31.3256 16.1913
    endloop
  endfacet
  facet normal 0.195378 0.352034 0.915368
    outer loop
      vertex 90.0074 -30.6865 15.8672
      vertex 89.0284 -31.3143 16.3176
      vertex 89.42 -31.34 16.2439
    endloop
  endfacet
  facet normal 0.195522 0.351841 0.915412
    outer loop
      vertex 89.0284 -31.3143 16.3176
      vertex 90.0074 -30.6865 15.8672
      vertex 88.9781 -31.3043 16.3245
    endloop
  endfacet
  facet normal 0.204989 0.179141 0.962231
    outer loop
      vertex 89.6855 -27.1249 15.2728
      vertex 89.5969 -26.1453 15.1093
      vertex 89.4458 -27.0934 15.318
    endloop
  endfacet
  facet normal 0.205037 0.17911 0.962226
    outer loop
      vertex 89.7435 -29.5474 15.7114
      vertex 90.0074 -30.6865 15.8672
      vertex 89.8986 -29.4832 15.6664
    endloop
  endfacet
  facet normal 0.204864 0.179076 0.962269
    outer loop
      vertex 89.42 -29.59 15.7882
      vertex 90.0074 -30.6865 15.8672
      vertex 89.7435 -29.5474 15.7114
    endloop
  endfacet
  facet normal 0.204945 0.179117 0.962245
    outer loop
      vertex 88.8736 -30.6839 16.1082
      vertex 90.0074 -30.6865 15.8672
      vertex 89.42 -29.59 15.7882
    endloop
  endfacet
  facet normal 0.205023 0.179076 0.962236
    outer loop
      vertex 88.8736 -30.6839 16.1082
      vertex 89.42 -29.59 15.7882
      vertex 89.0965 -29.5474 15.8492
    endloop
  endfacet
  facet normal 0.204202 0.179268 0.962374
    outer loop
      vertex 88.8736 -30.6839 16.1082
      vertex 89.0965 -29.5474 15.8492
      vertex 89.0573 -29.5312 15.8545
    endloop
  endfacet
  facet normal 0.237633 0.172547 0.955907
    outer loop
      vertex 89.5969 -26.1453 15.1093
      vertex 89.42 -27.09 15.3238
      vertex 89.4458 -27.0934 15.318
    endloop
  endfacet
  facet normal 0.238838 0.172264 0.955658
    outer loop
      vertex 89.42 -27.09 15.3238
      vertex 89.5969 -26.1453 15.1093
      vertex 89.2687 -27.1099 15.3652
    endloop
  endfacet
  facet normal 0.238645 0.17231 0.955698
    outer loop
      vertex 88.795 -29.4225 15.9004
      vertex 88.8736 -30.6839 16.1082
      vertex 89.0573 -29.5312 15.8545
    endloop
  endfacet
  facet normal 0.238738 0.17221 0.955692
    outer loop
      vertex 88.1065 -30.5258 16.2712
      vertex 88.795 -29.4225 15.9004
      vertex 88.5467 -29.232 15.9281
    endloop
  endfacet
  facet normal 0.238591 0.172309 0.955711
    outer loop
      vertex 88.795 -29.4225 15.9004
      vertex 88.1065 -30.5258 16.2712
      vertex 88.8736 -30.6839 16.1082
    endloop
  endfacet
  facet normal 0.261388 0.338928 0.903772
    outer loop
      vertex 88.1065 -30.5258 16.2712
      vertex 88.6435 -31.2378 16.3829
      vertex 88.6486 -31.2388 16.3818
    endloop
  endfacet
  facet normal 0.262103 0.339407 0.903385
    outer loop
      vertex 88.6435 -31.2378 16.3829
      vertex 88.1065 -30.5258 16.2712
      vertex 88.2719 -31.1116 16.4433
    endloop
  endfacet
  facet normal 0.261873 0.339366 0.903468
    outer loop
      vertex 88.2719 -31.1116 16.4433
      vertex 88.1065 -30.5258 16.2712
      vertex 88.2444 -31.0981 16.4462
    endloop
  endfacet
  facet normal 0.23873 0.172306 0.955677
    outer loop
      vertex 88.8298 -25.9871 15.2724
      vertex 89.2687 -27.1099 15.3652
      vertex 89.5969 -26.1453 15.1093
    endloop
  endfacet
  facet normal 0.238688 0.172291 0.95569
    outer loop
      vertex 89.2687 -27.1099 15.3652
      vertex 88.8298 -25.9871 15.2724
      vertex 89.0965 -27.1326 15.4123
    endloop
  endfacet
  facet normal 0.23864 0.172281 0.955704
    outer loop
      vertex 88.8298 -25.9871 15.2724
      vertex 88.795 -27.2575 15.5101
      vertex 89.0965 -27.1326 15.4123
    endloop
  endfacet
  facet normal 0.238631 0.172282 0.955706
    outer loop
      vertex 88.795 -27.2575 15.5101
      vertex 88.8298 -25.9871 15.2724
      vertex 88.604 -27.404 15.5842
    endloop
  endfacet
  facet normal 0.239534 0.171901 0.955549
    outer loop
      vertex 88.5361 -29.2239 15.9293
      vertex 88.1065 -30.5258 16.2712
      vertex 88.5467 -29.232 15.9281
    endloop
  endfacet
  facet normal 0.238568 0.172266 0.955725
    outer loop
      vertex 88.1065 -30.5258 16.2712
      vertex 88.5361 -29.2239 15.9293
      vertex 88.3522 -28.9842 15.932
    endloop
  endfacet
  facet normal -0.699645 -0.0454146 -0.713046
    outer loop
      vertex 88.8298 -25.9871 15.2724
      vertex 88.7994 -26.1782 15.3144
      vertex 88.604 -27.404 15.5842
    endloop
  endfacet
  facet normal 0.195377 0.352047 0.915364
    outer loop
      vertex 90.0074 -30.6865 15.8672
      vertex 88.8736 -30.6839 16.1082
      vertex 88.9781 -31.3043 16.3245
    endloop
  endfacet
  facet normal 0.195509 0.352058 0.915331
    outer loop
      vertex 88.9781 -31.3043 16.3245
      vertex 88.8736 -30.6839 16.1082
      vertex 88.8039 -31.2697 16.3484
    endloop
  endfacet
  facet normal 0.261827 0.339316 0.903499
    outer loop
      vertex 88.8736 -30.6839 16.1082
      vertex 88.6486 -31.2388 16.3818
      vertex 88.8039 -31.2697 16.3484
    endloop
  endfacet
  facet normal 0.261907 0.339279 0.90349
    outer loop
      vertex 88.6486 -31.2388 16.3818
      vertex 88.8736 -30.6839 16.1082
      vertex 88.1065 -30.5258 16.2712
    endloop
  endfacet
  facet normal 0.192465 0.353672 0.915354
    outer loop
      vertex 89.6404 -31.3256 16.1913
      vertex 90.0035 -30.7188 15.8805
      vertex 90.0074 -30.6865 15.8672
    endloop
  endfacet
  facet normal 0.195931 0.351865 0.915315
    outer loop
      vertex 90.0035 -30.7188 15.8805
      vertex 89.8116 -31.3143 16.1505
      vertex 89.9356 -31.2897 16.1145
    endloop
  endfacet
  facet normal 0.194906 0.352231 0.915393
    outer loop
      vertex 90.0035 -30.7188 15.8805
      vertex 89.6404 -31.3256 16.1913
      vertex 89.8116 -31.3143 16.1505
    endloop
  endfacet
  facet normal 0.262274 0.339421 0.90333
    outer loop
      vertex 88.2444 -31.0981 16.4462
      vertex 88.1065 -30.5258 16.2712
      vertex 88.0499 -31.0021 16.4666
    endloop
  endfacet
  facet normal 0.0325111 -0.636662 0.770458
    outer loop
      vertex 101.34 17.5177 22.4353
      vertex 102.13 17.4363 22.3347
      vertex 101.871 17.7313 22.5894
    endloop
  endfacet
  facet normal 0.0269592 -0.628075 0.777686
    outer loop
      vertex 101.34 17.5177 22.4353
      vertex 101.871 17.7313 22.5894
      vertex 101.87 17.732 22.59
    endloop
  endfacet
  facet normal 0.032495 -0.636739 0.770394
    outer loop
      vertex 102.13 17.4363 22.3347
      vertex 101.34 17.5177 22.4353
      vertex 102.169 17.3784 22.2852
    endloop
  endfacet
  facet normal 0.032559 -0.636688 0.770433
    outer loop
      vertex 101.34 17.5177 22.4353
      vertex 101.87 17.732 22.59
      vertex 101.211 17.6983 22.59
    endloop
  endfacet
  facet normal 0.0816409 -0.495657 0.864673
    outer loop
      vertex 102.724 16.0016 21.4356
      vertex 100.957 15.9335 21.5634
      vertex 101 15.61 21.3739
    endloop
  endfacet
  facet normal 0.081742 -0.495756 0.864607
    outer loop
      vertex 102.398 17.0084 22.0435
      vertex 100.833 16.235 21.748
      vertex 100.957 15.9335 21.5634
    endloop
  endfacet
  facet normal 0.0812605 -0.495498 0.864799
    outer loop
      vertex 100.833 16.235 21.748
      vertex 101.34 17.5177 22.4353
      vertex 100.727 16.3726 21.8368
    endloop
  endfacet
  facet normal 0.081628 -0.495605 0.864704
    outer loop
      vertex 101 15.61 21.3739
      vertex 102.75 15.61 21.2087
      vertex 102.724 16.0016 21.4356
    endloop
  endfacet
  facet normal 0.0816409 -0.495636 0.864685
    outer loop
      vertex 100.957 15.9335 21.5634
      vertex 102.724 16.0016 21.4356
      vertex 102.648 16.3865 21.6634
    endloop
  endfacet
  facet normal 0.0816272 -0.49562 0.864695
    outer loop
      vertex 102.75 15.61 21.2087
      vertex 101 15.61 21.3739
      vertex 102.724 15.2184 20.9867
    endloop
  endfacet
  facet normal 0.0817179 -0.49589 0.864532
    outer loop
      vertex 100.957 15.9335 21.5634
      vertex 102.648 16.3865 21.6634
      vertex 102.522 16.758 21.8884
    endloop
  endfacet
  facet normal 0.0816011 -0.495695 0.864655
    outer loop
      vertex 100.957 15.2865 21.1925
      vertex 102.724 15.2184 20.9867
      vertex 101 15.61 21.3739
    endloop
  endfacet
  facet normal 0.081389 -0.495391 0.864849
    outer loop
      vertex 100.957 15.9335 21.5634
      vertex 102.522 16.758 21.8884
      vertex 102.398 17.0084 22.0435
    endloop
  endfacet
  facet normal 0.0816161 -0.495551 0.864736
    outer loop
      vertex 102.724 15.2184 20.9867
      vertex 100.957 15.2865 21.1925
      vertex 102.648 14.8335 20.7733
    endloop
  endfacet
  facet normal 0.0815894 -0.495618 0.8647
    outer loop
      vertex 102.648 14.8335 20.7733
      vertex 100.957 15.2865 21.1925
      vertex 102.522 14.4619 20.5722
    endloop
  endfacet
  facet normal 0.0817352 -0.495417 0.864801
    outer loop
      vertex 100.833 14.985 21.0315
      vertex 102.522 14.4619 20.5722
      vertex 100.957 15.2865 21.1925
    endloop
  endfacet
  facet normal 0.0817453 -0.49558 0.864707
    outer loop
      vertex 102.348 14.11 20.3868
      vertex 100.833 14.985 21.0315
      vertex 102.13 13.7837 20.2204
    endloop
  endfacet
  facet normal 0.0814979 -0.495784 0.864613
    outer loop
      vertex 100.634 14.7261 20.9018
      vertex 102.13 13.7837 20.2204
      vertex 100.833 14.985 21.0315
    endloop
  endfacet
  facet normal 0.0816466 -0.4956 0.864705
    outer loop
      vertex 100.833 16.235 21.748
      vertex 102.398 17.0084 22.0435
      vertex 101.34 17.5177 22.4353
    endloop
  endfacet
  facet normal 0.0815474 -0.495831 0.864582
    outer loop
      vertex 102.522 14.4619 20.5722
      vertex 100.833 14.985 21.0315
      vertex 102.348 14.11 20.3868
    endloop
  endfacet
  facet normal 0.0815542 -0.495718 0.864646
    outer loop
      vertex 102.13 13.7837 20.2204
      vertex 100.634 14.7261 20.9018
      vertex 101.871 13.4887 20.0757
    endloop
  endfacet
  facet normal 0.0816354 -0.495656 0.864674
    outer loop
      vertex 101.871 13.4887 20.0757
      vertex 100.634 14.7261 20.9018
      vertex 101.576 13.2299 19.9552
    endloop
  endfacet
  facet normal 0.0899491 -0.491426 0.866262
    outer loop
      vertex 101.576 13.2299 19.9552
      vertex 100.634 14.7261 20.9018
      vertex 101.574 13.2283 19.9545
    endloop
  endfacet
  facet normal 0.0816056 -0.495659 0.864675
    outer loop
      vertex 100.375 14.5275 20.8124
      vertex 101.574 13.2283 19.9545
      vertex 100.634 14.7261 20.9018
    endloop
  endfacet
  facet normal 0.0817962 -0.495522 0.864735
    outer loop
      vertex 100.074 14.4026 20.7693
      vertex 101.574 13.2283 19.9545
      vertex 100.375 14.5275 20.8124
    endloop
  endfacet
  facet normal 0.0814379 -0.495561 0.864747
    outer loop
      vertex 99.2943 13.6981 20.439
      vertex 100.074 14.4026 20.7693
      vertex 99.75 14.36 20.7754
    endloop
  endfacet
  facet normal 0.081392 -0.495539 0.864764
    outer loop
      vertex 99.2943 13.6981 20.439
      vertex 99.75 14.36 20.7754
      vertex 99.6555 14.3724 20.7914
    endloop
  endfacet
  facet normal 0.0816077 -0.495704 0.864649
    outer loop
      vertex 100.074 14.4026 20.7693
      vertex 99.2943 13.6981 20.439
      vertex 101.574 13.2283 19.9545
    endloop
  endfacet
  facet normal 0.0816967 -0.495444 0.86479
    outer loop
      vertex 101.34 17.5177 22.4353
      vertex 102.348 17.11 22.1065
      vertex 102.193 17.3419 22.254
    endloop
  endfacet
  facet normal 0.0813718 -0.49601 0.864496
    outer loop
      vertex 102.348 17.11 22.1065
      vertex 101.34 17.5177 22.4353
      vertex 102.398 17.0084 22.0435
    endloop
  endfacet
  facet normal 0.0324054 -0.637023 0.770163
    outer loop
      vertex 102.193 17.3419 22.254
      vertex 102.169 17.3784 22.2852
      vertex 101.34 17.5177 22.4353
    endloop
  endfacet
  facet normal 0.130107 -0.341887 0.930691
    outer loop
      vertex 101.574 13.2283 19.9545
      vertex 101.244 13.0088 19.92
      vertex 101.25 13.0119 19.9203
    endloop
  endfacet
  facet normal 0.128169 -0.339172 0.931952
    outer loop
      vertex 101.244 13.0088 19.92
      vertex 101.574 13.2283 19.9545
      vertex 99.2943 13.6981 20.439
    endloop
  endfacet
  facet normal 0.257594 0.345581 0.902341
    outer loop
      vertex 90.9926 -30.8896 15.6578
      vertex 90.9073 -30.9443 15.7031
      vertex 90.92 -30.9381 15.6971
    endloop
  endfacet
  facet normal 0.262004 0.339549 0.903361
    outer loop
      vertex 90.0074 -30.6865 15.8672
      vertex 90.9073 -30.9443 15.7031
      vertex 90.9926 -30.8896 15.6578
    endloop
  endfacet
  facet normal 0.262139 0.340203 0.903075
    outer loop
      vertex 90.9073 -30.9443 15.7031
      vertex 90.0074 -30.6865 15.8672
      vertex 90.0035 -30.7188 15.8805
    endloop
  endfacet
  facet normal 0.238649 0.172343 0.955691
    outer loop
      vertex 92.3943 -27.9484 14.7775
      vertex 90.6274 -28.0165 15.231
      vertex 90.67 -28.34 15.2787
    endloop
  endfacet
  facet normal 0.238788 0.172143 0.955692
    outer loop
      vertex 91.8001 -26.5137 14.6673
      vertex 90.5025 -27.715 15.2079
      vertex 90.6274 -28.0165 15.231
    endloop
  endfacet
  facet normal 0.237131 0.17397 0.955774
    outer loop
      vertex 91.8001 -26.5137 14.6673
      vertex 90.4846 -27.6917 15.2081
      vertex 90.5025 -27.715 15.2079
    endloop
  endfacet
  facet normal 0.23865 0.172341 0.955691
    outer loop
      vertex 90.67 -28.34 15.2787
      vertex 92.42 -28.34 14.8417
      vertex 92.3943 -27.9484 14.7775
    endloop
  endfacet
  facet normal 0.23865 0.172326 0.955693
    outer loop
      vertex 90.6274 -28.0165 15.231
      vertex 92.3943 -27.9484 14.7775
      vertex 92.3178 -27.5635 14.7272
    endloop
  endfacet
  facet normal 0.238653 0.172257 0.955705
    outer loop
      vertex 92.42 -28.34 14.8417
      vertex 90.67 -28.34 15.2787
      vertex 92.3943 -28.7316 14.9187
    endloop
  endfacet
  facet normal 0.238644 0.172346 0.955691
    outer loop
      vertex 90.6274 -28.0165 15.231
      vertex 92.3178 -27.5635 14.7272
      vertex 92.1916 -27.1919 14.6917
    endloop
  endfacet
  facet normal 0.23868 0.172407 0.955671
    outer loop
      vertex 90.6274 -28.6635 15.3477
      vertex 92.3943 -28.7316 14.9187
      vertex 90.67 -28.34 15.2787
    endloop
  endfacet
  facet normal 0.238686 0.172269 0.955695
    outer loop
      vertex 90.6274 -28.0165 15.231
      vertex 92.1916 -27.1919 14.6917
      vertex 92.0181 -26.84 14.6716
    endloop
  endfacet
  facet normal 0.238681 0.172303 0.95569
    outer loop
      vertex 92.3943 -28.7316 14.9187
      vertex 90.6274 -28.6635 15.3477
      vertex 92.3178 -29.1165 15.0072
    endloop
  endfacet
  facet normal 0.238798 0.172135 0.955691
    outer loop
      vertex 90.6274 -28.0165 15.231
      vertex 92.0181 -26.84 14.6716
      vertex 91.8001 -26.5137 14.6673
    endloop
  endfacet
  facet normal 0.238682 0.172311 0.955688
    outer loop
      vertex 92.3178 -29.1165 15.0072
      vertex 90.6274 -28.6635 15.3477
      vertex 92.1916 -29.488 15.1057
    endloop
  endfacet
  facet normal 0.238703 0.172255 0.955693
    outer loop
      vertex 90.4846 -27.6917 15.2081
      vertex 91.6444 -26.3362 14.6741
      vertex 90.7306 -26.1479 14.8684
    endloop
  endfacet
  facet normal 0.238618 0.172177 0.955728
    outer loop
      vertex 90.5025 -28.965 15.4332
      vertex 92.1916 -29.488 15.1057
      vertex 90.6274 -28.6635 15.3477
    endloop
  endfacet
  facet normal 0.238658 0.172331 0.95569
    outer loop
      vertex 92.1916 -29.488 15.1057
      vertex 90.5025 -28.965 15.4332
      vertex 92.0181 -29.84 15.2125
    endloop
  endfacet
  facet normal 0.238681 0.172374 0.955677
    outer loop
      vertex 92.0181 -29.84 15.2125
      vertex 90.5025 -28.965 15.4332
      vertex 91.8001 -30.1663 15.3258
    endloop
  endfacet
  facet normal 0.23841 0.172516 0.955719
    outer loop
      vertex 91.6444 -26.3362 14.6741
      vertex 90.4846 -27.6917 15.2081
      vertex 91.8001 -26.5137 14.6673
    endloop
  endfacet
  facet normal 0.267598 0.868866 0.416489
    outer loop
      vertex 90.7306 -26.1479 14.8684
      vertex 91.6444 -26.3362 14.6741
      vertex 90.6885 -26.1392 14.8773
    endloop
  endfacet
  facet normal 0.238685 0.172378 0.955675
    outer loop
      vertex 90.3039 -29.2239 15.5295
      vertex 91.8001 -30.1663 15.3258
      vertex 90.5025 -28.965 15.4332
    endloop
  endfacet
  facet normal 0.238631 0.172286 0.955705
    outer loop
      vertex 91.8001 -30.1663 15.3258
      vertex 90.3039 -29.2239 15.5295
      vertex 91.5413 -30.4613 15.4436
    endloop
  endfacet
  facet normal 0.238611 0.172265 0.955714
    outer loop
      vertex 91.5413 -30.4613 15.4436
      vertex 90.3039 -29.2239 15.5295
      vertex 91.2463 -30.7201 15.5639
    endloop
  endfacet
  facet normal 0.238311 0.172079 0.955823
    outer loop
      vertex 90.2316 -29.2793 15.5575
      vertex 91.2463 -30.7201 15.5639
      vertex 90.3039 -29.2239 15.5295
    endloop
  endfacet
  facet normal 0.238641 0.172311 0.955698
    outer loop
      vertex 90.0074 -30.6865 15.8672
      vertex 91.2463 -30.7201 15.5639
      vertex 90.2316 -29.2793 15.5575
    endloop
  endfacet
  facet normal 0.238642 0.172256 0.955708
    outer loop
      vertex 91.2463 -30.7201 15.5639
      vertex 90.0074 -30.6865 15.8672
      vertex 90.9926 -30.8896 15.6578
    endloop
  endfacet
  facet normal 0.261977 0.339231 0.903488
    outer loop
      vertex 90.0035 -30.7188 15.8805
      vertex 90.568 -31.1116 15.8643
      vertex 90.9073 -30.9443 15.7031
    endloop
  endfacet
  facet normal 0.261971 0.339221 0.903493
    outer loop
      vertex 90.568 -31.1116 15.8643
      vertex 90.0035 -30.7188 15.8805
      vertex 90.1965 -31.2378 16.0194
    endloop
  endfacet
  facet normal 0.26187 0.339194 0.903533
    outer loop
      vertex 90.1965 -31.2378 16.0194
      vertex 90.0035 -30.7188 15.8805
      vertex 89.9356 -31.2897 16.1145
    endloop
  endfacet
  facet normal -0.260562 -0.0617705 0.963479
    outer loop
      vertex 3.00545 -52.7077 18.5327
      vertex 3.75342 -52.6294 18.74
      vertex 3.50805 -52.5084 18.6814
    endloop
  endfacet
  facet normal -0.26056 -0.0617754 0.963479
    outer loop
      vertex 3.00545 -52.7077 18.5327
      vertex 3.50805 -52.5084 18.6814
      vertex 3.13646 -52.3822 18.589
    endloop
  endfacet
  facet normal -0.260564 -0.0617506 0.96348
    outer loop
      vertex 3.75342 -52.6294 18.74
      vertex 3.00545 -52.7077 18.5327
      vertex 4.2806 -54.8539 18.74
    endloop
  endfacet
  facet normal -0.260476 -0.061813 0.9635
    outer loop
      vertex 3.00545 -52.7077 18.5327
      vertex 3.13646 -52.3822 18.589
      vertex 2.76803 -52.3089 18.4941
    endloop
  endfacet
  facet normal -0.260479 -0.062505 0.963454
    outer loop
      vertex 2.65497 -58.2607 18.0821
      vertex 1.96842 -58.2543 17.8969
      vertex 2.36 -58.28 18.0011
    endloop
  endfacet
  facet normal -0.260489 -0.0610953 0.963542
    outer loop
      vertex 2.65497 -58.2607 18.0821
      vertex 1.58354 -58.1778 17.7977
      vertex 1.96842 -58.2543 17.8969
    endloop
  endfacet
  facet normal -0.26052 -0.061644 0.963498
    outer loop
      vertex 2.65497 -58.2607 18.0821
      vertex 1.21195 -58.0516 17.7053
      vertex 1.58354 -58.1778 17.7977
    endloop
  endfacet
  facet normal -0.26058 -0.0621389 0.963451
    outer loop
      vertex 2.65497 -58.2607 18.0821
      vertex 0.86 -57.8781 17.6213
      vertex 1.21195 -58.0516 17.7053
    endloop
  endfacet
  facet normal -0.260447 -0.0614201 0.963532
    outer loop
      vertex 2.65497 -58.2607 18.0821
      vertex 0.533715 -57.6601 17.547
      vertex 0.86 -57.8781 17.6213
    endloop
  endfacet
  facet normal -0.260519 -0.0617061 0.963495
    outer loop
      vertex 2.65497 -58.2607 18.0821
      vertex 0.238679 -57.4013 17.4838
      vertex 0.533715 -57.6601 17.547
    endloop
  endfacet
  facet normal -0.260619 -0.0620219 0.963447
    outer loop
      vertex 2.65497 -58.2607 18.0821
      vertex -0.0200596 -57.1063 17.4328
      vertex 0.238679 -57.4013 17.4838
    endloop
  endfacet
  facet normal -0.26041 -0.061486 0.963538
    outer loop
      vertex 2.65497 -58.2607 18.0821
      vertex -0.238076 -56.78 17.3947
      vertex -0.0200596 -57.1063 17.4328
    endloop
  endfacet
  facet normal -0.260667 -0.0620358 0.963434
    outer loop
      vertex 2.65497 -58.2607 18.0821
      vertex -0.411638 -56.4281 17.3704
      vertex -0.238076 -56.78 17.3947
    endloop
  endfacet
  facet normal -0.260492 -0.0617173 0.963501
    outer loop
      vertex 2.65497 -58.2607 18.0821
      vertex -0.537777 -56.0565 17.3601
      vertex -0.411638 -56.4281 17.3704
    endloop
  endfacet
  facet normal -0.260388 -0.0615546 0.96354
    outer loop
      vertex 2.65497 -58.2607 18.0821
      vertex -0.614334 -55.6716 17.364
      vertex -0.537777 -56.0565 17.3601
    endloop
  endfacet
  facet normal -0.260519 -0.0617318 0.963493
    outer loop
      vertex -0.618726 -54.9554 17.4087
      vertex -0.614334 -55.6716 17.364
      vertex 2.65497 -58.2607 18.0821
    endloop
  endfacet
  facet normal -0.25861 -0.0617521 0.964006
    outer loop
      vertex -0.614334 -55.6716 17.364
      vertex -0.618726 -54.9554 17.4087
      vertex -0.639999 -55.28 17.3822
    endloop
  endfacet
  facet normal -0.260315 -0.0630362 0.963464
    outer loop
      vertex -10.8719 -73.1725 13.4689
      vertex -11.4784 -73.3243 13.2951
      vertex -11.0935 -73.2478 13.4041
    endloop
  endfacet
  facet normal -0.26036 -0.0628573 0.963463
    outer loop
      vertex -10.8719 -73.1725 13.4689
      vertex -11.87 -73.35 13.1876
      vertex -11.4784 -73.3243 13.2951
    endloop
  endfacet
  facet normal -0.260458 -0.0623184 0.963472
    outer loop
      vertex -10.8719 -73.1725 13.4689
      vertex -12.2616 -73.3243 13.0834
      vertex -11.87 -73.35 13.1876
    endloop
  endfacet
  facet normal -0.260551 -0.0615314 0.963497
    outer loop
      vertex -10.8719 -73.1725 13.4689
      vertex -12.6465 -73.2478 12.9842
      vertex -12.2616 -73.3243 13.0834
    endloop
  endfacet
  facet normal -0.26054 -0.0617304 0.963488
    outer loop
      vertex -10.8719 -73.1725 13.4689
      vertex -13.0181 -73.1216 12.8918
      vertex -12.6465 -73.2478 12.9842
    endloop
  endfacet
  facet normal -0.260541 -0.0619765 0.963471
    outer loop
      vertex -10.8719 -73.1725 13.4689
      vertex -13.37 -72.9481 12.8078
      vertex -13.0181 -73.1216 12.8918
    endloop
  endfacet
  facet normal -0.260512 -0.0615434 0.963507
    outer loop
      vertex -10.8719 -73.1725 13.4689
      vertex -13.6963 -72.7301 12.7335
      vertex -13.37 -72.9481 12.8078
    endloop
  endfacet
  facet normal -0.26053 -0.0616834 0.963493
    outer loop
      vertex -10.8719 -73.1725 13.4689
      vertex -13.9913 -72.4713 12.6703
      vertex -13.6963 -72.7301 12.7335
    endloop
  endfacet
  facet normal -0.260604 -0.0620626 0.963449
    outer loop
      vertex -10.8719 -73.1725 13.4689
      vertex -14.2501 -72.1763 12.6193
      vertex -13.9913 -72.4713 12.6703
    endloop
  endfacet
  facet normal -0.260459 -0.0615074 0.963524
    outer loop
      vertex -10.8719 -73.1725 13.4689
      vertex -14.4681 -71.85 12.5812
      vertex -14.2501 -72.1763 12.6193
    endloop
  endfacet
  facet normal -0.260492 -0.0616074 0.963508
    outer loop
      vertex -10.8719 -73.1725 13.4689
      vertex -14.6416 -71.498 12.5568
      vertex -14.4681 -71.85 12.5812
    endloop
  endfacet
  facet normal -0.260572 -0.0618044 0.963474
    outer loop
      vertex -10.8719 -73.1725 13.4689
      vertex -14.7678 -71.1265 12.5465
      vertex -14.6416 -71.498 12.5568
    endloop
  endfacet
  facet normal -0.260543 -0.0617442 0.963486
    outer loop
      vertex -14.8349 -70.7825 12.5504
      vertex -14.7678 -71.1265 12.5465
      vertex -10.8719 -73.1725 13.4689
    endloop
  endfacet
  facet normal -0.227692 -0.0554346 0.972154
    outer loop
      vertex -14.7678 -71.1265 12.5465
      vertex -14.8349 -70.7825 12.5504
      vertex -14.8364 -70.7816 12.5501
    endloop
  endfacet
  facet normal -0.261418 -0.0622537 0.963216
    outer loop
      vertex 1.52877 -52.4008 18.1531
      vertex 2.36 -54.03 18.2734
      vertex 2.3893 -54.0339 18.2811
    endloop
  endfacet
  facet normal -0.260498 -0.0617635 0.963497
    outer loop
      vertex 1.52877 -52.4008 18.1531
      vertex 2.03648 -54.0726 18.1832
      vertex 2.36 -54.03 18.2734
    endloop
  endfacet
  facet normal -0.260612 -0.0617988 0.963464
    outer loop
      vertex 1.21195 -52.5084 18.0605
      vertex 2.03648 -54.0726 18.1832
      vertex 1.52877 -52.4008 18.1531
    endloop
  endfacet
  facet normal -0.260466 -0.0617183 0.963508
    outer loop
      vertex 2.03648 -54.0726 18.1832
      vertex 1.21195 -52.5084 18.0605
      vertex 1.735 -54.1975 18.0937
    endloop
  endfacet
  facet normal -0.260562 -0.0617484 0.963481
    outer loop
      vertex 0.86 -52.6819 17.9542
      vertex 1.735 -54.1975 18.0937
      vertex 1.21195 -52.5084 18.0605
    endloop
  endfacet
  facet normal -0.26054 -0.0617351 0.963487
    outer loop
      vertex 0.533715 -52.8999 17.852
      vertex 1.735 -54.1975 18.0937
      vertex 0.86 -52.6819 17.9542
    endloop
  endfacet
  facet normal -0.26048 -0.0616764 0.963507
    outer loop
      vertex 1.735 -54.1975 18.0937
      vertex 0.533715 -52.8999 17.852
      vertex 1.47612 -54.3961 18.011
    endloop
  endfacet
  facet normal -0.260426 -0.0616402 0.963524
    outer loop
      vertex 0.238679 -53.1587 17.7557
      vertex 1.47612 -54.3961 18.011
      vertex 0.533715 -52.8999 17.852
    endloop
  endfacet
  facet normal -0.260577 -0.0618018 0.963473
    outer loop
      vertex -0.0200596 -53.4537 17.6668
      vertex 1.47612 -54.3961 18.011
      vertex 0.238679 -53.1587 17.7557
    endloop
  endfacet
  facet normal -0.260348 -0.0615448 0.963551
    outer loop
      vertex 2.985 -56.3625 18.293
      vertex 4.18628 -57.6601 18.5347
      vertex 4.26414 -57.5918 18.5601
    endloop
  endfacet
  facet normal -0.260542 -0.0617367 0.963487
    outer loop
      vertex 4.18628 -57.6601 18.5347
      vertex 2.985 -56.3625 18.293
      vertex 3.86 -57.8781 18.4325
    endloop
  endfacet
  facet normal -0.260533 -0.0617298 0.963489
    outer loop
      vertex 3.24388 -56.1639 18.3757
      vertex 4.26414 -57.5918 18.5601
      vertex 3.40267 -55.9569 18.4319
    endloop
  endfacet
  facet normal -0.260474 -0.0616851 0.963508
    outer loop
      vertex 2.985 -56.3625 18.293
      vertex 4.26414 -57.5918 18.5601
      vertex 3.24388 -56.1639 18.3757
    endloop
  endfacet
  facet normal -0.260562 -0.0617484 0.963481
    outer loop
      vertex 3.86 -57.8781 18.4325
      vertex 2.985 -56.3625 18.293
      vertex 3.50805 -58.0516 18.3262
    endloop
  endfacet
  facet normal -0.260466 -0.0617183 0.963508
    outer loop
      vertex 2.68352 -56.4874 18.2035
      vertex 3.50805 -58.0516 18.3262
      vertex 2.985 -56.3625 18.293
    endloop
  endfacet
  facet normal -0.260596 -0.0617898 0.963469
    outer loop
      vertex 3.50805 -58.0516 18.3262
      vertex 2.68352 -56.4874 18.2035
      vertex 3.13646 -58.1778 18.2176
    endloop
  endfacet
  facet normal -0.260359 -0.0617258 0.963537
    outer loop
      vertex 3.13646 -58.1778 18.2176
      vertex 2.68352 -56.4874 18.2035
      vertex 2.75158 -58.2543 18.1087
    endloop
  endfacet
  facet normal -0.261145 -0.0617446 0.963323
    outer loop
      vertex 2.68352 -56.4874 18.2035
      vertex 2.65497 -58.2607 18.0821
      vertex 2.75158 -58.2543 18.1087
    endloop
  endfacet
  facet normal -0.260497 -0.0617669 0.963497
    outer loop
      vertex 2.36 -56.53 18.1133
      vertex 2.65497 -58.2607 18.0821
      vertex 2.68352 -56.4874 18.2035
    endloop
  endfacet
  facet normal -0.260673 -0.0617959 0.963447
    outer loop
      vertex 2.03648 -56.4874 18.0285
      vertex 2.65497 -58.2607 18.0821
      vertex 2.36 -56.53 18.1133
    endloop
  endfacet
  facet normal -0.260472 -0.0617241 0.963506
    outer loop
      vertex 1.735 -56.3625 17.955
      vertex 2.65497 -58.2607 18.0821
      vertex 2.03648 -56.4874 18.0285
    endloop
  endfacet
  facet normal -0.260679 -0.0618284 0.963444
    outer loop
      vertex 1.47612 -56.1639 17.8977
      vertex 2.65497 -58.2607 18.0821
      vertex 1.735 -56.3625 17.955
    endloop
  endfacet
  facet normal -0.260609 -0.0618994 0.963458
    outer loop
      vertex -0.618726 -54.9554 17.4087
      vertex 1.47612 -56.1639 17.8977
      vertex 1.27747 -55.905 17.8606
    endloop
  endfacet
  facet normal -0.260529 -0.0617199 0.963491
    outer loop
      vertex 1.47612 -54.3961 18.011
      vertex -0.0200596 -53.4537 17.6668
      vertex 1.27747 -54.655 17.9407
    endloop
  endfacet
  facet normal -0.260445 -0.0616228 0.96352
    outer loop
      vertex -0.238076 -53.78 17.587
      vertex 1.27747 -54.655 17.9407
      vertex -0.0200596 -53.4537 17.6668
    endloop
  endfacet
  facet normal -0.260526 -0.0617756 0.963488
    outer loop
      vertex -0.411638 -54.132 17.5175
      vertex 1.27747 -54.655 17.9407
      vertex -0.238076 -53.78 17.587
    endloop
  endfacet
  facet normal -0.260527 -0.0617796 0.963488
    outer loop
      vertex 1.27747 -54.655 17.9407
      vertex -0.411638 -54.132 17.5175
      vertex 1.15259 -54.9565 17.8876
    endloop
  endfacet
  facet normal -0.260497 -0.0617168 0.9635
    outer loop
      vertex -0.537777 -54.5035 17.4596
      vertex 1.15259 -54.9565 17.8876
      vertex -0.411638 -54.132 17.5175
    endloop
  endfacet
  facet normal -0.260523 -0.0618275 0.963486
    outer loop
      vertex -0.614334 -54.8884 17.4142
      vertex 1.15259 -54.9565 17.8876
      vertex -0.537777 -54.5035 17.4596
    endloop
  endfacet
  facet normal -0.260527 -0.0620129 0.963473
    outer loop
      vertex -0.618726 -54.9554 17.4087
      vertex 1.15259 -54.9565 17.8876
      vertex -0.614334 -54.8884 17.4142
    endloop
  endfacet
  facet normal -0.260533 -0.0616028 0.963498
    outer loop
      vertex 1.15259 -54.9565 17.8876
      vertex -0.618726 -54.9554 17.4087
      vertex 1.11 -55.28 17.8554
    endloop
  endfacet
  facet normal -0.260598 -0.0620061 0.963454
    outer loop
      vertex 1.11 -55.28 17.8554
      vertex -0.618726 -54.9554 17.4087
      vertex 1.15259 -55.6035 17.8461
    endloop
  endfacet
  facet normal -0.260443 -0.0615358 0.963526
    outer loop
      vertex 1.15259 -55.6035 17.8461
      vertex -0.618726 -54.9554 17.4087
      vertex 1.27747 -55.905 17.8606
    endloop
  endfacet
  facet normal -0.260524 -0.0617371 0.963492
    outer loop
      vertex 1.47612 -56.1639 17.8977
      vertex -0.618726 -54.9554 17.4087
      vertex 2.65497 -58.2607 18.0821
    endloop
  endfacet
  facet normal -0.260429 -0.0616662 0.963522
    outer loop
      vertex 2.42196 -52.2841 18.4021
      vertex 4.2806 -54.8539 18.74
      vertex 3.00545 -52.7077 18.5327
    endloop
  endfacet
  facet normal -0.264023 -0.0640323 0.962389
    outer loop
      vertex 2.75158 -52.3057 18.4898
      vertex 3.00545 -52.7077 18.5327
      vertex 2.76803 -52.3089 18.4941
    endloop
  endfacet
  facet normal -0.260399 -0.061622 0.963533
    outer loop
      vertex 3.00545 -52.7077 18.5327
      vertex 2.75158 -52.3057 18.4898
      vertex 2.42196 -52.2841 18.4021
    endloop
  endfacet
  facet normal -0.260541 -0.0617519 0.963486
    outer loop
      vertex 4.2806 -54.8539 18.74
      vertex 2.42196 -52.2841 18.4021
      vertex 4.647 -56.3998 18.74
    endloop
  endfacet
  facet normal -0.260502 -0.0617655 0.963496
    outer loop
      vertex 1.60747 -52.3775 18.1759
      vertex 2.3893 -54.0339 18.2811
      vertex 2.51566 -54.0505 18.3142
    endloop
  endfacet
  facet normal -0.263192 -0.0536033 0.963253
    outer loop
      vertex 1.52877 -52.4008 18.1531
      vertex 1.60747 -52.3775 18.1759
      vertex 1.58354 -52.3822 18.1691
    endloop
  endfacet
  facet normal -0.260781 -0.0619026 0.963411
    outer loop
      vertex 1.60747 -52.3775 18.1759
      vertex 1.52877 -52.4008 18.1531
      vertex 2.3893 -54.0339 18.2811
    endloop
  endfacet
  facet normal -0.2607 -0.0618148 0.963439
    outer loop
      vertex 3.44253 -55.905 18.446
      vertex 4.38194 -57.4885 18.5986
      vertex 3.47708 -55.8216 18.4607
    endloop
  endfacet
  facet normal -0.260502 -0.061691 0.9635
    outer loop
      vertex 3.40267 -55.9569 18.4319
      vertex 4.38194 -57.4885 18.5986
      vertex 3.44253 -55.905 18.446
    endloop
  endfacet
  facet normal -0.260677 -0.0618092 0.963445
    outer loop
      vertex 4.38194 -57.4885 18.5986
      vertex 3.40267 -55.9569 18.4319
      vertex 4.26414 -57.5918 18.5601
    endloop
  endfacet
  facet normal -0.260643 -0.0618293 0.963453
    outer loop
      vertex 3.47708 -55.8216 18.4607
      vertex 4.48132 -57.4013 18.631
      vertex 4.73445 -57.1127 18.718
    endloop
  endfacet
  facet normal -0.260415 -0.0616214 0.963528
    outer loop
      vertex 3.56741 -55.6035 18.4991
      vertex 4.73445 -57.1127 18.718
      vertex 3.61 -55.28 18.5313
    endloop
  endfacet
  facet normal -0.26149 -0.0623146 0.963193
    outer loop
      vertex 3.61 -55.28 18.5313
      vertex 4.73445 -57.1127 18.718
      vertex 3.6009 -55.2109 18.5333
    endloop
  endfacet
  facet normal -0.260545 -0.0617278 0.963486
    outer loop
      vertex 3.47708 -55.8216 18.4607
      vertex 4.73445 -57.1127 18.718
      vertex 3.56741 -55.6035 18.4991
    endloop
  endfacet
  facet normal -0.260176 -0.0615171 0.963599
    outer loop
      vertex 4.48132 -57.4013 18.631
      vertex 3.47708 -55.8216 18.4607
      vertex 4.38194 -57.4885 18.5986
    endloop
  endfacet
  facet normal -0.258274 -0.0603264 0.964186
    outer loop
      vertex 1.87974 -52.3233 18.2529
      vertex 2.985 -54.1975 18.4317
      vertex 3.00682 -54.2142 18.4365
    endloop
  endfacet
  facet normal -0.260454 -0.0616758 0.963514
    outer loop
      vertex 1.87974 -52.3233 18.2529
      vertex 2.68352 -54.0726 18.3582
      vertex 2.985 -54.1975 18.4317
    endloop
  endfacet
  facet normal -0.260676 -0.0617819 0.963447
    outer loop
      vertex 1.87974 -52.3233 18.2529
      vertex 2.51566 -54.0505 18.3142
      vertex 2.68352 -54.0726 18.3582
    endloop
  endfacet
  facet normal -0.260241 -0.061617 0.963576
    outer loop
      vertex 2.51566 -54.0505 18.3142
      vertex 1.87974 -52.3233 18.2529
      vertex 1.60747 -52.3775 18.1759
    endloop
  endfacet
  facet normal -0.242646 -0.074459 0.967253
    outer loop
      vertex 4.79496 -57.0241 18.74
      vertex 4.73445 -57.1127 18.718
      vertex 4.74006 -57.1063 18.7199
    endloop
  endfacet
  facet normal -0.26009 -0.0616418 0.963615
    outer loop
      vertex 4.647 -56.3998 18.74
      vertex 4.73445 -57.1127 18.718
      vertex 4.79496 -57.0241 18.74
    endloop
  endfacet
  facet normal -0.260488 -0.0616871 0.963504
    outer loop
      vertex 4.647 -56.3998 18.74
      vertex 3.6009 -55.2109 18.5333
      vertex 4.73445 -57.1127 18.718
    endloop
  endfacet
  facet normal -0.260797 -0.0619769 0.963402
    outer loop
      vertex 4.647 -56.3998 18.74
      vertex 3.56741 -54.9565 18.5406
      vertex 3.6009 -55.2109 18.5333
    endloop
  endfacet
  facet normal -0.260001 -0.0613461 0.963658
    outer loop
      vertex 4.647 -56.3998 18.74
      vertex 3.44253 -54.655 18.5261
      vertex 3.56741 -54.9565 18.5406
    endloop
  endfacet
  facet normal -0.260614 -0.0617929 0.963464
    outer loop
      vertex 2.42196 -52.2841 18.4021
      vertex 3.44253 -54.655 18.5261
      vertex 4.647 -56.3998 18.74
    endloop
  endfacet
  facet normal -0.260314 -0.0616595 0.963553
    outer loop
      vertex 2.42196 -52.2841 18.4021
      vertex 3.24388 -54.3961 18.489
      vertex 3.44253 -54.655 18.5261
    endloop
  endfacet
  facet normal -0.260828 -0.0618657 0.963401
    outer loop
      vertex 2.42196 -52.2841 18.4021
      vertex 3.00682 -54.2142 18.4365
      vertex 3.24388 -54.3961 18.489
    endloop
  endfacet
  facet normal -0.260658 -0.0618132 0.96345
    outer loop
      vertex 2.36 -52.28 18.3856
      vertex 3.00682 -54.2142 18.4365
      vertex 2.42196 -52.2841 18.4021
    endloop
  endfacet
  facet normal -0.260458 -0.061745 0.963509
    outer loop
      vertex 1.96842 -52.3057 18.2781
      vertex 3.00682 -54.2142 18.4365
      vertex 2.36 -52.28 18.3856
    endloop
  endfacet
  facet normal -0.261363 -0.06226 0.963231
    outer loop
      vertex 3.00682 -54.2142 18.4365
      vertex 1.96842 -52.3057 18.2781
      vertex 1.87974 -52.3233 18.2529
    endloop
  endfacet
  facet normal -0.260756 -0.0618245 0.963423
    outer loop
      vertex -12.2616 -67.3757 13.4646
      vertex -12.03 -67.9567 13.49
      vertex -12.1692 -67.3696 13.49
    endloop
  endfacet
  facet normal -0.260539 -0.0617354 0.963488
    outer loop
      vertex -12.03 -67.9567 13.49
      vertex -12.2616 -67.3757 13.4646
      vertex -12.5134 -67.4258 13.3933
    endloop
  endfacet
  facet normal -0.260542 -0.0617379 0.963487
    outer loop
      vertex -12.6123 -67.4454 13.3653
      vertex -12.03 -67.9567 13.49
      vertex -12.5134 -67.4258 13.3933
    endloop
  endfacet
  facet normal -0.260644 -0.0618634 0.963451
    outer loop
      vertex -12.03 -67.9567 13.49
      vertex -12.6123 -67.4454 13.3653
      vertex -11.9831 -68.1543 13.49
    endloop
  endfacet
  facet normal -0.26032 -0.061625 0.963554
    outer loop
      vertex -10.8812 -72.8033 13.49
      vertex -10.8719 -73.1725 13.4689
      vertex -10.7996 -73.148 13.49
    endloop
  endfacet
  facet normal -0.260466 -0.0616265 0.963514
    outer loop
      vertex -10.8812 -72.8033 13.49
      vertex -14.8364 -70.7816 12.5501
      vertex -10.8719 -73.1725 13.4689
    endloop
  endfacet
  facet normal -0.260487 -0.061671 0.963506
    outer loop
      vertex -14.8571 -70.1536 12.5847
      vertex -14.8364 -70.7816 12.5501
      vertex -10.8812 -72.8033 13.49
    endloop
  endfacet
  facet normal -0.262408 -0.0617055 0.962982
    outer loop
      vertex -14.87 -70.35 12.5686
      vertex -14.8364 -70.7816 12.5501
      vertex -14.8571 -70.1536 12.5847
    endloop
  endfacet
  facet normal -0.26435 -0.0618335 0.962443
    outer loop
      vertex -14.8364 -70.7816 12.5501
      vertex -14.87 -70.35 12.5686
      vertex -14.8443 -70.7416 12.5505
    endloop
  endfacet
  facet normal -0.260556 -0.0617531 0.963482
    outer loop
      vertex -11.9823 -71.5852 13.2703
      vertex -10.8812 -72.8033 13.49
      vertex -11.0344 -72.1569 13.49
    endloop
  endfacet
  facet normal -0.260397 -0.0616001 0.963534
    outer loop
      vertex -12.1935 -71.5574 13.215
      vertex -10.8812 -72.8033 13.49
      vertex -11.9823 -71.5852 13.2703
    endloop
  endfacet
  facet normal -0.260418 -0.0616233 0.963527
    outer loop
      vertex -12.495 -71.4325 13.1415
      vertex -10.8812 -72.8033 13.49
      vertex -12.1935 -71.5574 13.215
    endloop
  endfacet
  facet normal -0.260419 -0.0614904 0.963535
    outer loop
      vertex -14.8571 -70.1536 12.5847
      vertex -12.495 -71.4325 13.1415
      vertex -12.7539 -71.2339 13.0842
    endloop
  endfacet
  facet normal -0.260539 -0.0617185 0.963489
    outer loop
      vertex -14.8571 -70.1536 12.5847
      vertex -12.9167 -71.0217 13.0538
      vertex -14.8267 -69.8698 12.6111
    endloop
  endfacet
  facet normal -0.260623 -0.0619248 0.963453
    outer loop
      vertex -12.9167 -71.0217 13.0538
      vertex -14.8571 -70.1536 12.5847
      vertex -12.7539 -71.2339 13.0842
    endloop
  endfacet
  facet normal -0.256679 -0.0622253 0.964491
    outer loop
      vertex -14.8571 -70.1536 12.5847
      vertex -14.8267 -69.8698 12.6111
      vertex -14.8443 -69.9584 12.6007
    endloop
  endfacet
  facet normal -0.260598 -0.0618513 0.963464
    outer loop
      vertex -12.495 -71.4325 13.1415
      vertex -14.8571 -70.1536 12.5847
      vertex -10.8812 -72.8033 13.49
    endloop
  endfacet
  facet normal -0.260365 -0.0617039 0.963537
    outer loop
      vertex -11.9831 -68.1543 13.49
      vertex -11.87 -69.1 13.46
      vertex -11.7554 -69.1151 13.49
    endloop
  endfacet
  facet normal -0.260519 -0.0617209 0.963494
    outer loop
      vertex -11.9831 -68.1543 13.49
      vertex -12.1935 -69.1426 13.3698
      vertex -11.87 -69.1 13.46
    endloop
  endfacet
  facet normal -0.26077 -0.0616598 0.96343
    outer loop
      vertex -11.9831 -68.1543 13.49
      vertex -12.495 -69.2675 13.2802
      vertex -12.1935 -69.1426 13.3698
    endloop
  endfacet
  facet normal -0.26089 -0.0620958 0.963369
    outer loop
      vertex -12.6465 -67.4522 13.3556
      vertex -11.9831 -68.1543 13.49
      vertex -12.6123 -67.4454 13.3653
    endloop
  endfacet
  facet normal -0.260409 -0.0616103 0.963531
    outer loop
      vertex -13.0181 -67.5784 13.2471
      vertex -11.9831 -68.1543 13.49
      vertex -12.6465 -67.4522 13.3556
    endloop
  endfacet
  facet normal -0.260539 -0.0618672 0.963479
    outer loop
      vertex -13.37 -67.7519 13.1408
      vertex -11.9831 -68.1543 13.49
      vertex -13.0181 -67.5784 13.2471
    endloop
  endfacet
  facet normal -0.260519 -0.0617864 0.96349
    outer loop
      vertex -11.9831 -68.1543 13.49
      vertex -13.37 -67.7519 13.1408
      vertex -12.495 -69.2675 13.2802
    endloop
  endfacet
  facet normal -0.260502 -0.0617764 0.963495
    outer loop
      vertex -13.6963 -67.9699 13.0386
      vertex -12.495 -69.2675 13.2802
      vertex -13.37 -67.7519 13.1408
    endloop
  endfacet
  facet normal -0.260436 -0.0617113 0.963517
    outer loop
      vertex -12.495 -69.2675 13.2802
      vertex -13.6963 -67.9699 13.0386
      vertex -12.7539 -69.4661 13.1975
    endloop
  endfacet
  facet normal -0.260604 -0.0618226 0.963464
    outer loop
      vertex -13.9913 -68.2287 12.9422
      vertex -12.7539 -69.4661 13.1975
      vertex -13.6963 -67.9699 13.0386
    endloop
  endfacet
  facet normal -0.260555 -0.0617694 0.963481
    outer loop
      vertex -14.2501 -68.5237 12.8533
      vertex -12.7539 -69.4661 13.1975
      vertex -13.9913 -68.2287 12.9422
    endloop
  endfacet
  facet normal -0.260546 -0.0617553 0.963484
    outer loop
      vertex -12.7539 -69.4661 13.1975
      vertex -14.2501 -68.5237 12.8533
      vertex -12.9525 -69.725 13.1272
    endloop
  endfacet
  facet normal -0.260444 -0.0616367 0.963519
    outer loop
      vertex -14.4681 -68.85 12.7735
      vertex -12.9525 -69.725 13.1272
      vertex -14.2501 -68.5237 12.8533
    endloop
  endfacet
  facet normal -0.260538 -0.0618145 0.963483
    outer loop
      vertex -14.6416 -69.202 12.704
      vertex -12.9525 -69.725 13.1272
      vertex -14.4681 -68.85 12.7735
    endloop
  endfacet
  facet normal -0.260524 -0.061764 0.96349
    outer loop
      vertex -12.9525 -69.725 13.1272
      vertex -14.6416 -69.202 12.704
      vertex -13.0774 -70.0265 13.0741
    endloop
  endfacet
  facet normal -0.260588 -0.0618969 0.963464
    outer loop
      vertex -14.7678 -69.5735 12.646
      vertex -13.0774 -70.0265 13.0741
      vertex -14.6416 -69.202 12.704
    endloop
  endfacet
  facet normal -0.26054 -0.0616941 0.96349
    outer loop
      vertex -14.8267 -69.8698 12.6111
      vertex -13.0774 -70.0265 13.0741
      vertex -14.7678 -69.5735 12.646
    endloop
  endfacet
  facet normal -0.260534 -0.0615948 0.963498
    outer loop
      vertex -13.0774 -70.0265 13.0741
      vertex -14.8267 -69.8698 12.6111
      vertex -13.12 -70.35 13.0419
    endloop
  endfacet
  facet normal -0.260639 -0.0620193 0.963442
    outer loop
      vertex -13.12 -70.35 13.0419
      vertex -14.8267 -69.8698 12.6111
      vertex -13.0774 -70.6735 13.0326
    endloop
  endfacet
  facet normal -0.260445 -0.0615538 0.963525
    outer loop
      vertex -13.0774 -70.6735 13.0326
      vertex -14.8267 -69.8698 12.6111
      vertex -12.9525 -70.975 13.0471
    endloop
  endfacet
  facet normal -0.260315 -0.0613129 0.963575
    outer loop
      vertex -12.9525 -70.975 13.0471
      vertex -14.8267 -69.8698 12.6111
      vertex -12.9167 -71.0217 13.0538
    endloop
  endfacet
  facet normal -0.260263 -0.0616978 0.963565
    outer loop
      vertex -11.245 -71.4325 13.4795
      vertex -11.0344 -72.1569 13.49
      vertex -11.2121 -71.4073 13.49
    endloop
  endfacet
  facet normal -0.260438 -0.0617495 0.963514
    outer loop
      vertex -11.5465 -71.5574 13.39
      vertex -11.0344 -72.1569 13.49
      vertex -11.245 -71.4325 13.4795
    endloop
  endfacet
  facet normal -0.260752 -0.0620351 0.963411
    outer loop
      vertex -11.87 -71.6 13.2997
      vertex -11.0344 -72.1569 13.49
      vertex -11.5465 -71.5574 13.39
    endloop
  endfacet
  facet normal -0.260348 -0.0613776 0.963562
    outer loop
      vertex -11.0344 -72.1569 13.49
      vertex -11.87 -71.6 13.2997
      vertex -11.9823 -71.5852 13.2703
    endloop
  endfacet
  facet normal -0.500365 -0.861778 -0.0835083
    outer loop
      vertex -14.8364 -70.7816 12.5501
      vertex -14.8349 -70.7825 12.5504
      vertex -10.8719 -73.1725 13.4689
    endloop
  endfacet
  facet normal -0.79337 0.60874 0
    outer loop
      vertex 8.15388 25.8961 43.7448
      vertex 8.35253 26.155 31.25
      vertex 8.15388 25.8961 31.25
    endloop
  endfacet
  facet normal -0.79337 0.60874 0
    outer loop
      vertex 8.35253 26.155 31.25
      vertex 8.15388 25.8961 43.7448
      vertex 8.35253 26.155 43.8395
    endloop
  endfacet
  facet normal 0.79337 -0.60874 0
    outer loop
      vertex 6.18747 27.405 45.25
      vertex 6.38612 27.6639 31.25
      vertex 6.38612 27.6639 45.25
    endloop
  endfacet
  facet normal 0.79337 -0.60874 0
    outer loop
      vertex 6.38612 27.6639 31.25
      vertex 6.18747 27.405 45.25
      vertex 6.18747 27.405 31.25
    endloop
  endfacet
  facet normal -0.923885 -0.382669 -0
    outer loop
      vertex 8.47741 27.1035 44.4474
      vertex 8.35253 27.405 31.25
      vertex 8.47741 27.1035 31.25
    endloop
  endfacet
  facet normal -0.923885 -0.382669 0
    outer loop
      vertex 8.35253 27.405 31.25
      vertex 8.47741 27.1035 44.4474
      vertex 8.35253 27.405 44.7114
    endloop
  endfacet
  facet normal -0.991445 -0.130527 -0
    outer loop
      vertex 8.52 26.78 44.2025
      vertex 8.47741 27.1035 31.25
      vertex 8.52 26.78 31.25
    endloop
  endfacet
  facet normal -0.991445 -0.130527 0
    outer loop
      vertex 8.47741 27.1035 31.25
      vertex 8.52 26.78 44.2025
      vertex 8.47741 27.1035 44.4474
    endloop
  endfacet
  facet normal -0.923885 0.382669 0
    outer loop
      vertex 8.35253 26.155 43.8395
      vertex 8.47741 26.4565 31.25
      vertex 8.35253 26.155 31.25
    endloop
  endfacet
  facet normal -0.923885 0.382669 0
    outer loop
      vertex 8.47741 26.4565 31.25
      vertex 8.35253 26.155 43.8395
      vertex 8.47741 26.4565 43.9947
    endloop
  endfacet
  facet normal -0.382743 0.923855 0
    outer loop
      vertex 7.59352 25.5726 31.25
      vertex 7.895 25.6975 43.7168
      vertex 7.895 25.6975 31.25
    endloop
  endfacet
  facet normal -0.382743 0.923855 0
    outer loop
      vertex 7.895 25.6975 43.7168
      vertex 7.59352 25.5726 31.25
      vertex 7.59352 25.5726 43.7575
    endloop
  endfacet
  facet normal 0.991445 -0.130527 0
    outer loop
      vertex 6.02 26.78 45.25
      vertex 6.06259 27.1035 31.25
      vertex 6.06259 27.1035 45.25
    endloop
  endfacet
  facet normal 0.991445 -0.130527 0
    outer loop
      vertex 6.06259 27.1035 31.25
      vertex 6.02 26.78 45.25
      vertex 6.02 26.78 31.25
    endloop
  endfacet
  facet normal 0 0 1
    outer loop
      vertex 8.47741 27.1035 31.25
      vertex 8.47741 26.4565 31.25
      vertex 8.52 26.78 31.25
    endloop
  endfacet
  facet normal 0 0 1
    outer loop
      vertex 8.35253 27.405 31.25
      vertex 8.47741 26.4565 31.25
      vertex 8.47741 27.1035 31.25
    endloop
  endfacet
  facet normal 0 0 1
    outer loop
      vertex 8.35253 27.405 31.25
      vertex 8.35253 26.155 31.25
      vertex 8.47741 26.4565 31.25
    endloop
  endfacet
  facet normal 0 0 1
    outer loop
      vertex 8.15388 27.6639 31.25
      vertex 8.35253 26.155 31.25
      vertex 8.35253 27.405 31.25
    endloop
  endfacet
  facet normal 0 0 1
    outer loop
      vertex 8.15388 27.6639 31.25
      vertex 8.15388 25.8961 31.25
      vertex 8.35253 26.155 31.25
    endloop
  endfacet
  facet normal 0 0 1
    outer loop
      vertex 7.895 27.8625 31.25
      vertex 8.15388 25.8961 31.25
      vertex 8.15388 27.6639 31.25
    endloop
  endfacet
  facet normal 0 0 1
    outer loop
      vertex 7.895 27.8625 31.25
      vertex 7.895 25.6975 31.25
      vertex 8.15388 25.8961 31.25
    endloop
  endfacet
  facet normal 0 0 1
    outer loop
      vertex 7.59352 27.9874 31.25
      vertex 7.895 25.6975 31.25
      vertex 7.895 27.8625 31.25
    endloop
  endfacet
  facet normal 0 0 1
    outer loop
      vertex 7.59352 27.9874 31.25
      vertex 7.59352 25.5726 31.25
      vertex 7.895 25.6975 31.25
    endloop
  endfacet
  facet normal 0 0 1
    outer loop
      vertex 7.27 28.03 31.25
      vertex 7.59352 25.5726 31.25
      vertex 7.59352 27.9874 31.25
    endloop
  endfacet
  facet normal 0 0 1
    outer loop
      vertex 7.27 28.03 31.25
      vertex 7.27 25.53 31.25
      vertex 7.59352 25.5726 31.25
    endloop
  endfacet
  facet normal -0 0 1
    outer loop
      vertex 6.94648 27.9874 31.25
      vertex 7.27 25.53 31.25
      vertex 7.27 28.03 31.25
    endloop
  endfacet
  facet normal 0 0 1
    outer loop
      vertex 6.94648 27.9874 31.25
      vertex 6.94648 25.5726 31.25
      vertex 7.27 25.53 31.25
    endloop
  endfacet
  facet normal -0 0 1
    outer loop
      vertex 6.645 27.8625 31.25
      vertex 6.94648 25.5726 31.25
      vertex 6.94648 27.9874 31.25
    endloop
  endfacet
  facet normal 0 0 1
    outer loop
      vertex 6.645 27.8625 31.25
      vertex 6.645 25.6975 31.25
      vertex 6.94648 25.5726 31.25
    endloop
  endfacet
  facet normal -0 0 1
    outer loop
      vertex 6.38612 27.6639 31.25
      vertex 6.645 25.6975 31.25
      vertex 6.645 27.8625 31.25
    endloop
  endfacet
  facet normal 0 0 1
    outer loop
      vertex 6.38612 27.6639 31.25
      vertex 6.38612 25.8961 31.25
      vertex 6.645 25.6975 31.25
    endloop
  endfacet
  facet normal -0 0 1
    outer loop
      vertex 6.18747 27.405 31.25
      vertex 6.38612 25.8961 31.25
      vertex 6.38612 27.6639 31.25
    endloop
  endfacet
  facet normal 0 0 1
    outer loop
      vertex 6.18747 27.405 31.25
      vertex 6.18747 26.155 31.25
      vertex 6.38612 25.8961 31.25
    endloop
  endfacet
  facet normal -0 0 1
    outer loop
      vertex 6.06259 27.1035 31.25
      vertex 6.18747 26.155 31.25
      vertex 6.18747 27.405 31.25
    endloop
  endfacet
  facet normal 0 0 1
    outer loop
      vertex 6.06259 27.1035 31.25
      vertex 6.06259 26.4565 31.25
      vertex 6.18747 26.155 31.25
    endloop
  endfacet
  facet normal 0 -0 1
    outer loop
      vertex 6.06259 26.4565 31.25
      vertex 6.06259 27.1035 31.25
      vertex 6.02 26.78 31.25
    endloop
  endfacet
  facet normal 0.990808 0.13511 -0.00663178
    outer loop
      vertex 6.02489 26.7428 45.2227
      vertex 6.02 26.78 45.25
      vertex 6.02015 26.7789 45.25
    endloop
  endfacet
  facet normal 0.991471 0.13033 0
    outer loop
      vertex 6.02 26.78 45.25
      vertex 6.02489 26.7428 45.2227
      vertex 6.02 26.78 31.25
    endloop
  endfacet
  facet normal 0.991441 0.130553 6.01794e-07
    outer loop
      vertex 6.06259 26.4565 45.0097
      vertex 6.02 26.78 31.25
      vertex 6.02489 26.7428 45.2227
    endloop
  endfacet
  facet normal 0.991445 0.130527 0
    outer loop
      vertex 6.02 26.78 31.25
      vertex 6.06259 26.4565 45.0097
      vertex 6.06259 26.4565 31.25
    endloop
  endfacet
  facet normal -0.608673 0.793421 0
    outer loop
      vertex 8.15388 25.8961 31.25
      vertex 7.895 25.6975 43.7168
      vertex 8.15388 25.8961 43.7448
    endloop
  endfacet
  facet normal -0.608673 0.793421 0
    outer loop
      vertex 7.895 25.6975 43.7168
      vertex 8.15388 25.8961 31.25
      vertex 7.895 25.6975 31.25
    endloop
  endfacet
  facet normal 0.382743 0.923855 0
    outer loop
      vertex 6.645 25.6975 31.25
      vertex 6.94648 25.5726 44.0295
      vertex 6.94648 25.5726 31.25
    endloop
  endfacet
  facet normal 0.382743 0.923855 0
    outer loop
      vertex 6.94648 25.5726 44.0295
      vertex 6.645 25.6975 31.25
      vertex 6.645 25.6975 44.2422
    endloop
  endfacet
  facet normal -0.382587 -0.923917 0.00214966
    outer loop
      vertex 7.59352 27.9874 45.25
      vertex 7.895 27.8625 45.2244
      vertex 7.85892 27.8775 45.25
    endloop
  endfacet
  facet normal -0.382743 -0.923855 0
    outer loop
      vertex 7.59352 27.9874 31.25
      vertex 7.895 27.8625 45.2244
      vertex 7.59352 27.9874 45.25
    endloop
  endfacet
  facet normal -0.382743 -0.923855 -0
    outer loop
      vertex 7.895 27.8625 45.2244
      vertex 7.59352 27.9874 31.25
      vertex 7.895 27.8625 31.25
    endloop
  endfacet
  facet normal 0.13055 -0.991442 0
    outer loop
      vertex 6.94648 27.9874 31.25
      vertex 7.27 28.03 45.25
      vertex 6.94648 27.9874 45.25
    endloop
  endfacet
  facet normal 0.13055 -0.991442 0
    outer loop
      vertex 7.27 28.03 45.25
      vertex 6.94648 27.9874 31.25
      vertex 7.27 28.03 31.25
    endloop
  endfacet
  facet normal 0.608673 -0.793421 0
    outer loop
      vertex 6.38612 27.6639 31.25
      vertex 6.645 27.8625 45.25
      vertex 6.38612 27.6639 45.25
    endloop
  endfacet
  facet normal 0.608673 -0.793421 0
    outer loop
      vertex 6.645 27.8625 45.25
      vertex 6.38612 27.6639 31.25
      vertex 6.645 27.8625 31.25
    endloop
  endfacet
  facet normal 0.382743 -0.923855 0
    outer loop
      vertex 6.645 27.8625 31.25
      vertex 6.94648 27.9874 45.25
      vertex 6.645 27.8625 45.25
    endloop
  endfacet
  facet normal 0.382743 -0.923855 0
    outer loop
      vertex 6.94648 27.9874 45.25
      vertex 6.645 27.8625 31.25
      vertex 6.94648 27.9874 31.25
    endloop
  endfacet
  facet normal 0.13055 0.991442 0
    outer loop
      vertex 6.94648 25.5726 31.25
      vertex 7.27 25.53 43.8642
      vertex 7.27 25.53 31.25
    endloop
  endfacet
  facet normal 0.13055 0.991442 0
    outer loop
      vertex 7.27 25.53 43.8642
      vertex 6.94648 25.5726 31.25
      vertex 6.94648 25.5726 44.0295
    endloop
  endfacet
  facet normal -0.991438 0.130575 0
    outer loop
      vertex 8.52 26.78 31.25
      vertex 8.49092 26.5592 44.0597
      vertex 8.52 26.78 44.2025
    endloop
  endfacet
  facet normal -0.991445 0.130527 0
    outer loop
      vertex 8.47741 26.4565 43.9947
      vertex 8.52 26.78 31.25
      vertex 8.47741 26.4565 31.25
    endloop
  endfacet
  facet normal -0.991458 0.130426 -2.61524e-06
    outer loop
      vertex 8.52 26.78 31.25
      vertex 8.47741 26.4565 43.9947
      vertex 8.49092 26.5592 44.0597
    endloop
  endfacet
  facet normal 0.923885 0.382669 0
    outer loop
      vertex 6.18747 26.155 44.7496
      vertex 6.06259 26.4565 31.25
      vertex 6.06259 26.4565 45.0097
    endloop
  endfacet
  facet normal 0.923885 0.382669 0
    outer loop
      vertex 6.06259 26.4565 31.25
      vertex 6.18747 26.155 44.7496
      vertex 6.18747 26.155 31.25
    endloop
  endfacet
  facet normal -0.608673 -0.793421 0
    outer loop
      vertex 7.895 27.8625 31.25
      vertex 8.15388 27.6639 44.9764
      vertex 7.895 27.8625 45.2244
    endloop
  endfacet
  facet normal -0.608673 -0.793421 -0
    outer loop
      vertex 8.15388 27.6639 44.9764
      vertex 7.895 27.8625 31.25
      vertex 8.15388 27.6639 31.25
    endloop
  endfacet
  facet normal -0.13055 -0.991442 0
    outer loop
      vertex 7.27 28.03 31.25
      vertex 7.59352 27.9874 45.25
      vertex 7.27 28.03 45.25
    endloop
  endfacet
  facet normal -0.13055 -0.991442 -0
    outer loop
      vertex 7.59352 27.9874 45.25
      vertex 7.27 28.03 31.25
      vertex 7.59352 27.9874 31.25
    endloop
  endfacet
  facet normal -0.13055 0.991442 0
    outer loop
      vertex 7.27 25.53 31.25
      vertex 7.59352 25.5726 43.7575
      vertex 7.59352 25.5726 31.25
    endloop
  endfacet
  facet normal -0.13055 0.991442 0
    outer loop
      vertex 7.59352 25.5726 43.7575
      vertex 7.27 25.53 31.25
      vertex 7.27 25.53 43.8642
    endloop
  endfacet
  facet normal -0.79337 -0.60874 -0
    outer loop
      vertex 8.35253 27.405 44.7114
      vertex 8.15388 27.6639 31.25
      vertex 8.35253 27.405 31.25
    endloop
  endfacet
  facet normal -0.79337 -0.60874 0
    outer loop
      vertex 8.15388 27.6639 31.25
      vertex 8.35253 27.405 44.7114
      vertex 8.15388 27.6639 44.9764
    endloop
  endfacet
  facet normal 0.79337 0.60874 0
    outer loop
      vertex 6.38612 25.8961 44.4878
      vertex 6.18747 26.155 31.25
      vertex 6.18747 26.155 44.7496
    endloop
  endfacet
  facet normal 0.79337 0.60874 0
    outer loop
      vertex 6.18747 26.155 31.25
      vertex 6.38612 25.8961 44.4878
      vertex 6.38612 25.8961 31.25
    endloop
  endfacet
  facet normal 0.923885 -0.382669 0
    outer loop
      vertex 6.06259 27.1035 45.25
      vertex 6.18747 27.405 31.25
      vertex 6.18747 27.405 45.25
    endloop
  endfacet
  facet normal 0.923885 -0.382669 0
    outer loop
      vertex 6.18747 27.405 31.25
      vertex 6.06259 27.1035 45.25
      vertex 6.06259 27.1035 31.25
    endloop
  endfacet
  facet normal 0.608673 0.793421 0
    outer loop
      vertex 6.38612 25.8961 31.25
      vertex 6.645 25.6975 44.2422
      vertex 6.645 25.6975 31.25
    endloop
  endfacet
  facet normal 0.608673 0.793421 0
    outer loop
      vertex 6.645 25.6975 44.2422
      vertex 6.38612 25.8961 31.25
      vertex 6.38612 25.8961 44.4878
    endloop
  endfacet
  facet normal -0.923864 -0.382722 0
    outer loop
      vertex 12.2674 -17.8665 22.13
      vertex 12.1425 -17.565 34.7474
      vertex 12.1425 -17.565 22.13
    endloop
  endfacet
  facet normal -0.923864 -0.382722 0
    outer loop
      vertex 12.1425 -17.565 34.7474
      vertex 12.2674 -17.8665 22.13
      vertex 12.2674 -17.8665 34.8414
    endloop
  endfacet
  facet normal -0.991441 -0.130558 0
    outer loop
      vertex 12.31 -18.19 22.13
      vertex 12.2674 -17.8665 34.8414
      vertex 12.2674 -17.8665 22.13
    endloop
  endfacet
  facet normal -0.991441 -0.130558 0
    outer loop
      vertex 12.2674 -17.8665 34.8414
      vertex 12.31 -18.19 22.13
      vertex 12.31 -18.19 34.903
    endloop
  endfacet
  facet normal 0.608644 -0.793444 0
    outer loop
      vertex 10.435 -17.1075 22.13
      vertex 10.1761 -17.3061 34.1339
      vertex 10.1761 -17.3061 22.13
    endloop
  endfacet
  facet normal 0.608644 -0.793444 0
    outer loop
      vertex 10.1761 -17.3061 34.1339
      vertex 10.435 -17.1075 22.13
      vertex 10.435 -17.1075 34.1819
    endloop
  endfacet
  facet normal 0.382722 -0.923864 0
    outer loop
      vertex 10.7365 -16.9826 22.13
      vertex 10.435 -17.1075 34.1819
      vertex 10.435 -17.1075 22.13
    endloop
  endfacet
  facet normal 0.382722 -0.923864 0
    outer loop
      vertex 10.435 -17.1075 34.1819
      vertex 10.7365 -16.9826 22.13
      vertex 10.7365 -16.9826 34.2483
    endloop
  endfacet
  facet normal -0.608644 0.793444 0
    outer loop
      vertex 11.9439 -19.0739 22.13
      vertex 11.685 -19.2725 34.7793
      vertex 11.9439 -19.0739 34.864
    endloop
  endfacet
  facet normal -0.608644 0.793444 0
    outer loop
      vertex 11.685 -19.2725 34.7793
      vertex 11.9439 -19.0739 22.13
      vertex 11.685 -19.2725 22.13
    endloop
  endfacet
  facet normal -0.608644 -0.793444 0
    outer loop
      vertex 11.9439 -17.3061 22.13
      vertex 11.685 -17.1075 34.5092
      vertex 11.685 -17.1075 22.13
    endloop
  endfacet
  facet normal -0.60868 -0.793416 -1.19686e-06
    outer loop
      vertex 11.685 -17.1075 34.5092
      vertex 11.9439 -17.3061 22.13
      vertex 11.7855 -17.1846 34.5432
    endloop
  endfacet
  facet normal -0.608621 -0.793461 0
    outer loop
      vertex 11.7855 -17.1846 34.5432
      vertex 11.9439 -17.3061 22.13
      vertex 11.9439 -17.3061 34.6275
    endloop
  endfacet
  facet normal 0.991438 -0.13058 1.43116e-06
    outer loop
      vertex 9.81 -18.19 22.13
      vertex 9.85259 -17.8665 34.1051
      vertex 9.83639 -17.9895 34.1132
    endloop
  endfacet
  facet normal 0.991449 -0.130495 0
    outer loop
      vertex 9.81 -18.19 22.13
      vertex 9.83639 -17.9895 34.1132
      vertex 9.81 -18.19 34.1576
    endloop
  endfacet
  facet normal 0.991445 -0.130527 0
    outer loop
      vertex 9.85259 -17.8665 34.1051
      vertex 9.81 -18.19 22.13
      vertex 9.85259 -17.8665 22.13
    endloop
  endfacet
  facet normal 0.130558 0.991441 -0
    outer loop
      vertex 11.06 -19.44 22.13
      vertex 10.7365 -19.3974 34.4894
      vertex 11.06 -19.44 34.5783
    endloop
  endfacet
  facet normal 0.130558 0.991441 0
    outer loop
      vertex 10.7365 -19.3974 34.4894
      vertex 11.06 -19.44 22.13
      vertex 10.7365 -19.3974 22.13
    endloop
  endfacet
  facet normal -0.130558 -0.991441 0
    outer loop
      vertex 11.3835 -16.9826 22.13
      vertex 11.06 -16.94 34.3288
      vertex 11.06 -16.94 22.13
    endloop
  endfacet
  facet normal -0.130558 -0.991441 0
    outer loop
      vertex 11.06 -16.94 34.3288
      vertex 11.3835 -16.9826 22.13
      vertex 11.3835 -16.9826 34.4178
    endloop
  endfacet
  facet normal -0.382722 -0.923864 0
    outer loop
      vertex 11.685 -17.1075 22.13
      vertex 11.3835 -16.9826 34.4178
      vertex 11.3835 -16.9826 22.13
    endloop
  endfacet
  facet normal -0.382722 -0.923864 0
    outer loop
      vertex 11.3835 -16.9826 34.4178
      vertex 11.685 -17.1075 22.13
      vertex 11.685 -17.1075 34.5092
    endloop
  endfacet
  facet normal 0.608644 0.793444 -0
    outer loop
      vertex 10.435 -19.2725 22.13
      vertex 10.1761 -19.0739 34.3103
      vertex 10.435 -19.2725 34.398
    endloop
  endfacet
  facet normal 0.608644 0.793444 0
    outer loop
      vertex 10.1761 -19.0739 34.3103
      vertex 10.435 -19.2725 22.13
      vertex 10.1761 -19.0739 22.13
    endloop
  endfacet
  facet normal -0.793444 0.608644 0
    outer loop
      vertex 11.9439 -19.0739 34.864
      vertex 12.1425 -18.815 22.13
      vertex 11.9439 -19.0739 22.13
    endloop
  endfacet
  facet normal -0.793444 0.608644 0
    outer loop
      vertex 12.1425 -18.815 22.13
      vertex 11.9439 -19.0739 34.864
      vertex 12.1425 -18.815 34.9147
    endloop
  endfacet
  facet normal -0.382722 0.923864 0
    outer loop
      vertex 11.685 -19.2725 22.13
      vertex 11.3835 -19.3974 34.6665
      vertex 11.685 -19.2725 34.7793
    endloop
  endfacet
  facet normal -0.382722 0.923864 0
    outer loop
      vertex 11.3835 -19.3974 34.6665
      vertex 11.685 -19.2725 22.13
      vertex 11.3835 -19.3974 22.13
    endloop
  endfacet
  facet normal 0.793399 -0.608702 0
    outer loop
      vertex 9.97747 -17.565 34.1077
      vertex 10.1761 -17.3061 22.13
      vertex 10.1761 -17.3061 34.1339
    endloop
  endfacet
  facet normal 0.793399 -0.608702 0
    outer loop
      vertex 10.1761 -17.3061 22.13
      vertex 9.97747 -17.565 34.1077
      vertex 9.97747 -17.565 22.13
    endloop
  endfacet
  facet normal 0.793487 0.608587 3.8852e-06
    outer loop
      vertex 10.1761 -19.0739 22.13
      vertex 9.97747 -18.815 34.2527
      vertex 10.0432 -18.9007 34.2583
    endloop
  endfacet
  facet normal 0.793356 0.608758 -0
    outer loop
      vertex 10.1761 -19.0739 22.13
      vertex 10.0432 -18.9007 34.2583
      vertex 10.1761 -19.0739 34.3103
    endloop
  endfacet
  facet normal 0.793399 0.608702 0
    outer loop
      vertex 9.97747 -18.815 34.2527
      vertex 10.1761 -19.0739 22.13
      vertex 9.97747 -18.815 22.13
    endloop
  endfacet
  facet normal -0.991441 0.130558 0
    outer loop
      vertex 12.2674 -18.5135 22.13
      vertex 12.31 -18.19 34.903
      vertex 12.31 -18.19 22.13
    endloop
  endfacet
  facet normal -0.991441 0.130558 0
    outer loop
      vertex 12.31 -18.19 34.903
      vertex 12.2674 -18.5135 22.13
      vertex 12.2674 -18.5135 34.928
    endloop
  endfacet
  facet normal 0.130558 -0.991441 0
    outer loop
      vertex 11.06 -16.94 22.13
      vertex 10.7365 -16.9826 34.2483
      vertex 10.7365 -16.9826 22.13
    endloop
  endfacet
  facet normal 0.130558 -0.991441 0
    outer loop
      vertex 10.7365 -16.9826 34.2483
      vertex 11.06 -16.94 22.13
      vertex 11.06 -16.94 34.3288
    endloop
  endfacet
  facet normal 0.923885 0.382669 -0
    outer loop
      vertex 9.97747 -18.815 22.13
      vertex 9.85259 -18.5135 34.2145
      vertex 9.97747 -18.815 34.2527
    endloop
  endfacet
  facet normal 0.923885 0.382669 0
    outer loop
      vertex 9.85259 -18.5135 34.2145
      vertex 9.97747 -18.815 22.13
      vertex 9.85259 -18.5135 22.13
    endloop
  endfacet
  facet normal 0.991445 0.130527 -0
    outer loop
      vertex 9.85259 -18.5135 22.13
      vertex 9.81 -18.19 34.1576
      vertex 9.85259 -18.5135 34.2145
    endloop
  endfacet
  facet normal 0.991445 0.130527 0
    outer loop
      vertex 9.81 -18.19 34.1576
      vertex 9.85259 -18.5135 22.13
      vertex 9.81 -18.19 22.13
    endloop
  endfacet
  facet normal -0.923864 0.382722 0
    outer loop
      vertex 12.1425 -18.815 34.9147
      vertex 12.2674 -18.5135 22.13
      vertex 12.1425 -18.815 22.13
    endloop
  endfacet
  facet normal -0.923864 0.382722 0
    outer loop
      vertex 12.2674 -18.5135 22.13
      vertex 12.1425 -18.815 34.9147
      vertex 12.2674 -18.5135 34.928
    endloop
  endfacet
  facet normal 0.382722 0.923864 -0
    outer loop
      vertex 10.7365 -19.3974 22.13
      vertex 10.435 -19.2725 34.398
      vertex 10.7365 -19.3974 34.4894
    endloop
  endfacet
  facet normal 0.382722 0.923864 0
    outer loop
      vertex 10.435 -19.2725 34.398
      vertex 10.7365 -19.3974 22.13
      vertex 10.435 -19.2725 22.13
    endloop
  endfacet
  facet normal -0.129966 0.991518 0
    outer loop
      vertex 11.3835 -19.3974 22.13
      vertex 11.3362 -19.4036 34.647
      vertex 11.3835 -19.3974 34.6665
    endloop
  endfacet
  facet normal -0.130658 0.991427 -2.65875e-06
    outer loop
      vertex 11.3835 -19.3974 22.13
      vertex 11.06 -19.44 34.5783
      vertex 11.3362 -19.4036 34.647
    endloop
  endfacet
  facet normal -0.130558 0.991441 0
    outer loop
      vertex 11.06 -19.44 34.5783
      vertex 11.3835 -19.3974 22.13
      vertex 11.06 -19.44 22.13
    endloop
  endfacet
  facet normal -0.793444 -0.608644 0
    outer loop
      vertex 12.1425 -17.565 22.13
      vertex 11.9439 -17.3061 34.6275
      vertex 11.9439 -17.3061 22.13
    endloop
  endfacet
  facet normal -0.793444 -0.608644 0
    outer loop
      vertex 11.9439 -17.3061 34.6275
      vertex 12.1425 -17.565 22.13
      vertex 12.1425 -17.565 34.7474
    endloop
  endfacet
  facet normal 0 0 1
    outer loop
      vertex 12.2674 -17.8665 22.13
      vertex 12.2674 -18.5135 22.13
      vertex 12.31 -18.19 22.13
    endloop
  endfacet
  facet normal 0 0 1
    outer loop
      vertex 12.1425 -17.565 22.13
      vertex 12.2674 -18.5135 22.13
      vertex 12.2674 -17.8665 22.13
    endloop
  endfacet
  facet normal 0 0 1
    outer loop
      vertex 12.1425 -17.565 22.13
      vertex 12.1425 -18.815 22.13
      vertex 12.2674 -18.5135 22.13
    endloop
  endfacet
  facet normal 0 0 1
    outer loop
      vertex 11.9439 -17.3061 22.13
      vertex 12.1425 -18.815 22.13
      vertex 12.1425 -17.565 22.13
    endloop
  endfacet
  facet normal 0 0 1
    outer loop
      vertex 11.9439 -17.3061 22.13
      vertex 11.9439 -19.0739 22.13
      vertex 12.1425 -18.815 22.13
    endloop
  endfacet
  facet normal 0 0 1
    outer loop
      vertex 11.685 -17.1075 22.13
      vertex 11.9439 -19.0739 22.13
      vertex 11.9439 -17.3061 22.13
    endloop
  endfacet
  facet normal 0 0 1
    outer loop
      vertex 11.685 -17.1075 22.13
      vertex 11.685 -19.2725 22.13
      vertex 11.9439 -19.0739 22.13
    endloop
  endfacet
  facet normal 0 0 1
    outer loop
      vertex 11.3835 -16.9826 22.13
      vertex 11.685 -19.2725 22.13
      vertex 11.685 -17.1075 22.13
    endloop
  endfacet
  facet normal 0 0 1
    outer loop
      vertex 11.3835 -16.9826 22.13
      vertex 11.3835 -19.3974 22.13
      vertex 11.685 -19.2725 22.13
    endloop
  endfacet
  facet normal 0 0 1
    outer loop
      vertex 11.06 -16.94 22.13
      vertex 11.3835 -19.3974 22.13
      vertex 11.3835 -16.9826 22.13
    endloop
  endfacet
  facet normal 0 0 1
    outer loop
      vertex 11.06 -16.94 22.13
      vertex 11.06 -19.44 22.13
      vertex 11.3835 -19.3974 22.13
    endloop
  endfacet
  facet normal -0 0 1
    outer loop
      vertex 10.7365 -16.9826 22.13
      vertex 11.06 -19.44 22.13
      vertex 11.06 -16.94 22.13
    endloop
  endfacet
  facet normal 0 0 1
    outer loop
      vertex 10.7365 -16.9826 22.13
      vertex 10.7365 -19.3974 22.13
      vertex 11.06 -19.44 22.13
    endloop
  endfacet
  facet normal -0 0 1
    outer loop
      vertex 10.435 -17.1075 22.13
      vertex 10.7365 -19.3974 22.13
      vertex 10.7365 -16.9826 22.13
    endloop
  endfacet
  facet normal 0 0 1
    outer loop
      vertex 10.435 -17.1075 22.13
      vertex 10.435 -19.2725 22.13
      vertex 10.7365 -19.3974 22.13
    endloop
  endfacet
  facet normal -0 0 1
    outer loop
      vertex 10.1761 -17.3061 22.13
      vertex 10.435 -19.2725 22.13
      vertex 10.435 -17.1075 22.13
    endloop
  endfacet
  facet normal 0 0 1
    outer loop
      vertex 10.1761 -17.3061 22.13
      vertex 10.1761 -19.0739 22.13
      vertex 10.435 -19.2725 22.13
    endloop
  endfacet
  facet normal -0 0 1
    outer loop
      vertex 9.97747 -17.565 22.13
      vertex 10.1761 -19.0739 22.13
      vertex 10.1761 -17.3061 22.13
    endloop
  endfacet
  facet normal 0 0 1
    outer loop
      vertex 9.97747 -17.565 22.13
      vertex 9.97747 -18.815 22.13
      vertex 10.1761 -19.0739 22.13
    endloop
  endfacet
  facet normal -0 0 1
    outer loop
      vertex 9.85259 -17.8665 22.13
      vertex 9.97747 -18.815 22.13
      vertex 9.97747 -17.565 22.13
    endloop
  endfacet
  facet normal 0 0 1
    outer loop
      vertex 9.85259 -17.8665 22.13
      vertex 9.85259 -18.5135 22.13
      vertex 9.97747 -18.815 22.13
    endloop
  endfacet
  facet normal 0 -0 1
    outer loop
      vertex 9.85259 -18.5135 22.13
      vertex 9.85259 -17.8665 22.13
      vertex 9.81 -18.19 22.13
    endloop
  endfacet
  facet normal 0.923885 -0.382669 0
    outer loop
      vertex 9.85259 -17.8665 34.1051
      vertex 9.97747 -17.565 22.13
      vertex 9.97747 -17.565 34.1077
    endloop
  endfacet
  facet normal 0.923885 -0.382669 0
    outer loop
      vertex 9.97747 -17.565 22.13
      vertex 9.85259 -17.8665 34.1051
      vertex 9.85259 -17.8665 22.13
    endloop
  endfacet
  facet normal -0.923864 -0.382722 0
    outer loop
      vertex 51.8674 -33.4465 14.43
      vertex 51.7425 -33.145 28.2215
      vertex 51.7425 -33.145 14.43
    endloop
  endfacet
  facet normal -0.923526 -0.383536 2.0861e-05
    outer loop
      vertex 51.7425 -33.145 28.2215
      vertex 51.8674 -33.4465 14.43
      vertex 51.768 -33.2064 28.26
    endloop
  endfacet
  facet normal -0.923951 -0.38251 -0
    outer loop
      vertex 51.8674 -33.4465 28.4068
      vertex 51.768 -33.2064 28.26
      vertex 51.8674 -33.4465 14.43
    endloop
  endfacet
  facet normal -0.923788 -0.382904 -0.000753861
    outer loop
      vertex 51.768 -33.2064 28.26
      vertex 51.8674 -33.4465 28.4068
      vertex 51.8305 -33.3574 28.3684
    endloop
  endfacet
  facet normal -0.991441 -0.130558 0
    outer loop
      vertex 51.91 -33.77 14.43
      vertex 51.8674 -33.4465 28.4068
      vertex 51.8674 -33.4465 14.43
    endloop
  endfacet
  facet normal -0.991441 -0.130558 -0
    outer loop
      vertex 51.91 -33.77 28.43
      vertex 51.8674 -33.4465 28.4068
      vertex 51.91 -33.77 14.43
    endloop
  endfacet
  facet normal -0.991451 -0.130473 0.00119893
    outer loop
      vertex 51.8674 -33.4465 28.4068
      vertex 51.91 -33.77 28.43
      vertex 51.8736 -33.4934 28.43
    endloop
  endfacet
  facet normal -0.793444 -0.608644 0
    outer loop
      vertex 51.7425 -33.145 14.43
      vertex 51.5439 -32.8861 28.006
      vertex 51.5439 -32.8861 14.43
    endloop
  endfacet
  facet normal -0.793444 -0.608644 0
    outer loop
      vertex 51.5439 -32.8861 28.006
      vertex 51.7425 -33.145 14.43
      vertex 51.7425 -33.145 28.2215
    endloop
  endfacet
  facet normal -0.382722 0.923864 0
    outer loop
      vertex 51.285 -34.8525 14.43
      vertex 50.9835 -34.9774 28.43
      vertex 51.285 -34.8525 28.43
    endloop
  endfacet
  facet normal -0.382722 0.923864 0
    outer loop
      vertex 50.9835 -34.9774 28.43
      vertex 51.285 -34.8525 14.43
      vertex 50.9835 -34.9774 14.43
    endloop
  endfacet
  facet normal -0.608644 -0.793444 0
    outer loop
      vertex 51.5439 -32.8861 14.43
      vertex 51.285 -32.6875 27.7784
      vertex 51.285 -32.6875 14.43
    endloop
  endfacet
  facet normal -0.608644 -0.793444 0
    outer loop
      vertex 51.285 -32.6875 27.7784
      vertex 51.5439 -32.8861 14.43
      vertex 51.5439 -32.8861 28.006
    endloop
  endfacet
  facet normal -0.130558 -0.991441 0
    outer loop
      vertex 50.9835 -32.5626 14.43
      vertex 50.66 -32.52 27.3486
      vertex 50.66 -32.52 14.43
    endloop
  endfacet
  facet normal -0.130558 -0.991441 0
    outer loop
      vertex 50.66 -32.52 27.3486
      vertex 50.9835 -32.5626 14.43
      vertex 50.9835 -32.5626 27.5541
    endloop
  endfacet
  facet normal -0.382722 -0.923864 0
    outer loop
      vertex 51.285 -32.6875 14.43
      vertex 50.9835 -32.5626 27.5541
      vertex 50.9835 -32.5626 14.43
    endloop
  endfacet
  facet normal -0.382722 -0.923864 0
    outer loop
      vertex 50.9835 -32.5626 27.5541
      vertex 51.285 -32.6875 14.43
      vertex 51.285 -32.6875 27.7784
    endloop
  endfacet
  facet normal 0 0 1
    outer loop
      vertex 51.8674 -33.4465 14.43
      vertex 51.8674 -34.0935 14.43
      vertex 51.91 -33.77 14.43
    endloop
  endfacet
  facet normal 0 0 1
    outer loop
      vertex 51.7425 -33.145 14.43
      vertex 51.8674 -34.0935 14.43
      vertex 51.8674 -33.4465 14.43
    endloop
  endfacet
  facet normal 0 0 1
    outer loop
      vertex 51.7425 -33.145 14.43
      vertex 51.7425 -34.395 14.43
      vertex 51.8674 -34.0935 14.43
    endloop
  endfacet
  facet normal 0 0 1
    outer loop
      vertex 51.5439 -32.8861 14.43
      vertex 51.7425 -34.395 14.43
      vertex 51.7425 -33.145 14.43
    endloop
  endfacet
  facet normal 0 0 1
    outer loop
      vertex 51.5439 -32.8861 14.43
      vertex 51.5439 -34.6539 14.43
      vertex 51.7425 -34.395 14.43
    endloop
  endfacet
  facet normal 0 0 1
    outer loop
      vertex 51.285 -32.6875 14.43
      vertex 51.5439 -34.6539 14.43
      vertex 51.5439 -32.8861 14.43
    endloop
  endfacet
  facet normal 0 0 1
    outer loop
      vertex 51.285 -32.6875 14.43
      vertex 51.285 -34.8525 14.43
      vertex 51.5439 -34.6539 14.43
    endloop
  endfacet
  facet normal 0 0 1
    outer loop
      vertex 50.9835 -32.5626 14.43
      vertex 51.285 -34.8525 14.43
      vertex 51.285 -32.6875 14.43
    endloop
  endfacet
  facet normal 0 0 1
    outer loop
      vertex 50.9835 -32.5626 14.43
      vertex 50.9835 -34.9774 14.43
      vertex 51.285 -34.8525 14.43
    endloop
  endfacet
  facet normal 0 0 1
    outer loop
      vertex 50.66 -32.52 14.43
      vertex 50.9835 -34.9774 14.43
      vertex 50.9835 -32.5626 14.43
    endloop
  endfacet
  facet normal 0 0 1
    outer loop
      vertex 50.66 -32.52 14.43
      vertex 50.66 -35.02 14.43
      vertex 50.9835 -34.9774 14.43
    endloop
  endfacet
  facet normal -0 0 1
    outer loop
      vertex 50.3365 -32.5626 14.43
      vertex 50.66 -35.02 14.43
      vertex 50.66 -32.52 14.43
    endloop
  endfacet
  facet normal 0 0 1
    outer loop
      vertex 50.3365 -32.5626 14.43
      vertex 50.3365 -34.9774 14.43
      vertex 50.66 -35.02 14.43
    endloop
  endfacet
  facet normal -0 0 1
    outer loop
      vertex 50.035 -32.6875 14.43
      vertex 50.3365 -34.9774 14.43
      vertex 50.3365 -32.5626 14.43
    endloop
  endfacet
  facet normal 0 0 1
    outer loop
      vertex 50.035 -32.6875 14.43
      vertex 50.035 -34.8525 14.43
      vertex 50.3365 -34.9774 14.43
    endloop
  endfacet
  facet normal -0 0 1
    outer loop
      vertex 49.7761 -32.8861 14.43
      vertex 50.035 -34.8525 14.43
      vertex 50.035 -32.6875 14.43
    endloop
  endfacet
  facet normal 0 0 1
    outer loop
      vertex 49.7761 -32.8861 14.43
      vertex 49.7761 -34.6539 14.43
      vertex 50.035 -34.8525 14.43
    endloop
  endfacet
  facet normal -0 0 1
    outer loop
      vertex 49.5775 -33.145 14.43
      vertex 49.7761 -34.6539 14.43
      vertex 49.7761 -32.8861 14.43
    endloop
  endfacet
  facet normal 0 0 1
    outer loop
      vertex 49.5775 -33.145 14.43
      vertex 49.5775 -34.395 14.43
      vertex 49.7761 -34.6539 14.43
    endloop
  endfacet
  facet normal -0 0 1
    outer loop
      vertex 49.4526 -33.4465 14.43
      vertex 49.5775 -34.395 14.43
      vertex 49.5775 -33.145 14.43
    endloop
  endfacet
  facet normal 0 0 1
    outer loop
      vertex 49.4526 -33.4465 14.43
      vertex 49.4526 -34.0935 14.43
      vertex 49.5775 -34.395 14.43
    endloop
  endfacet
  facet normal 0 -0 1
    outer loop
      vertex 49.4526 -34.0935 14.43
      vertex 49.4526 -33.4465 14.43
      vertex 49.41 -33.77 14.43
    endloop
  endfacet
  facet normal -0.923864 0.382722 0
    outer loop
      vertex 51.7425 -34.395 14.43
      vertex 51.8674 -34.0935 28.43
      vertex 51.8674 -34.0935 14.43
    endloop
  endfacet
  facet normal -0.923864 0.382722 0
    outer loop
      vertex 51.8674 -34.0935 28.43
      vertex 51.7425 -34.395 14.43
      vertex 51.7425 -34.395 28.43
    endloop
  endfacet
  facet normal 0.793439 -0.60865 1.86386e-07
    outer loop
      vertex 49.5775 -33.145 14.43
      vertex 49.7761 -32.8861 27.2818
      vertex 49.6707 -33.0235 27.3671
    endloop
  endfacet
  facet normal 0.793449 -0.608637 0
    outer loop
      vertex 49.5775 -33.145 14.43
      vertex 49.6707 -33.0235 27.3671
      vertex 49.5775 -33.145 27.4425
    endloop
  endfacet
  facet normal 0.793444 -0.608644 0
    outer loop
      vertex 49.7761 -32.8861 27.2818
      vertex 49.5775 -33.145 14.43
      vertex 49.7761 -32.8861 14.43
    endloop
  endfacet
  facet normal 0.130558 -0.991441 0
    outer loop
      vertex 50.66 -32.52 14.43
      vertex 50.3365 -32.5626 27.1756
      vertex 50.3365 -32.5626 14.43
    endloop
  endfacet
  facet normal 0.130558 -0.991441 0
    outer loop
      vertex 50.3365 -32.5626 27.1756
      vertex 50.66 -32.52 14.43
      vertex 50.66 -32.52 27.3486
    endloop
  endfacet
  facet normal -0.793444 0.608644 0
    outer loop
      vertex 51.5439 -34.6539 14.43
      vertex 51.7425 -34.395 28.43
      vertex 51.7425 -34.395 14.43
    endloop
  endfacet
  facet normal -0.793444 0.608644 0
    outer loop
      vertex 51.7425 -34.395 28.43
      vertex 51.5439 -34.6539 14.43
      vertex 51.5439 -34.6539 28.43
    endloop
  endfacet
  facet normal 0.923864 -0.382722 0
    outer loop
      vertex 49.4526 -33.4465 14.43
      vertex 49.5775 -33.145 27.4425
      vertex 49.4526 -33.4465 27.607
    endloop
  endfacet
  facet normal 0.923864 -0.382722 0
    outer loop
      vertex 49.5775 -33.145 27.4425
      vertex 49.4526 -33.4465 14.43
      vertex 49.5775 -33.145 14.43
    endloop
  endfacet
  facet normal 0.923973 0.382458 6.91084e-06
    outer loop
      vertex 49.5775 -34.395 14.43
      vertex 49.4526 -34.0935 27.9033
      vertex 49.5067 -34.2242 27.9516
    endloop
  endfacet
  facet normal 0.922736 0.385433 -3.71447e-05
    outer loop
      vertex 49.5775 -34.395 14.43
      vertex 49.5067 -34.2242 27.9516
      vertex 49.51 -34.2321 27.9545
    endloop
  endfacet
  facet normal 0.923321 0.38403 -1.73223e-05
    outer loop
      vertex 49.5775 -34.395 14.43
      vertex 49.51 -34.2321 27.9545
      vertex 49.5147 -34.2434 27.9587
    endloop
  endfacet
  facet normal 0.925743 0.378153 5.97717e-05
    outer loop
      vertex 49.5775 -34.395 14.43
      vertex 49.5147 -34.2434 27.9587
      vertex 49.5176 -34.2505 27.9626
    endloop
  endfacet
  facet normal 0.923775 0.382935 -0
    outer loop
      vertex 49.5775 -34.395 14.43
      vertex 49.5176 -34.2505 27.9626
      vertex 49.5775 -34.395 28.0428
    endloop
  endfacet
  facet normal 0.923864 0.382722 0
    outer loop
      vertex 49.4526 -34.0935 27.9033
      vertex 49.5775 -34.395 14.43
      vertex 49.4526 -34.0935 14.43
    endloop
  endfacet
  facet normal 0.383267 -0.923638 0
    outer loop
      vertex 50.035 -32.6875 27.1358
      vertex 50.035 -32.6875 14.43
      vertex 50.142 -32.6431 27.0928
    endloop
  endfacet
  facet normal 0.382722 -0.923864 5.3963e-06
    outer loop
      vertex 50.3365 -32.5626 14.43
      vertex 50.142 -32.6431 27.0928
      vertex 50.035 -32.6875 14.43
    endloop
  endfacet
  facet normal 0.382422 -0.923988 0
    outer loop
      vertex 50.142 -32.6431 27.0928
      vertex 50.3365 -32.5626 14.43
      vertex 50.3365 -32.5626 27.1756
    endloop
  endfacet
  facet normal -0.991441 0.130558 0
    outer loop
      vertex 51.8674 -34.0935 14.43
      vertex 51.91 -33.77 28.43
      vertex 51.91 -33.77 14.43
    endloop
  endfacet
  facet normal -0.991441 0.130558 0
    outer loop
      vertex 51.91 -33.77 28.43
      vertex 51.8674 -34.0935 14.43
      vertex 51.8674 -34.0935 28.43
    endloop
  endfacet
  facet normal 0.130445 0.991456 0
    outer loop
      vertex 50.66 -35.02 28.4036
      vertex 50.66 -35.02 14.43
      vertex 50.3879 -34.9842 28.2493
    endloop
  endfacet
  facet normal 0.130558 0.991441 2.2532e-06
    outer loop
      vertex 50.3365 -34.9774 14.43
      vertex 50.3879 -34.9842 28.2493
      vertex 50.66 -35.02 14.43
    endloop
  endfacet
  facet normal 0.131153 0.991362 0
    outer loop
      vertex 50.3879 -34.9842 28.2493
      vertex 50.3365 -34.9774 14.43
      vertex 50.3365 -34.9774 28.2558
    endloop
  endfacet
  facet normal -0.130621 0.991432 0.000796823
    outer loop
      vertex 50.9835 -34.9774 28.43
      vertex 50.66 -35.02 28.4036
      vertex 50.7224 -35.0118 28.43
    endloop
  endfacet
  facet normal -0.130558 0.991441 0
    outer loop
      vertex 50.9835 -34.9774 14.43
      vertex 50.66 -35.02 28.4036
      vertex 50.9835 -34.9774 28.43
    endloop
  endfacet
  facet normal -0.130558 0.991441 0
    outer loop
      vertex 50.66 -35.02 28.4036
      vertex 50.9835 -34.9774 14.43
      vertex 50.66 -35.02 14.43
    endloop
  endfacet
  facet normal 0.793444 0.608644 -0
    outer loop
      vertex 49.7761 -34.6539 14.43
      vertex 49.5775 -34.395 28.0428
      vertex 49.7761 -34.6539 28.167
    endloop
  endfacet
  facet normal 0.793444 0.608644 0
    outer loop
      vertex 49.5775 -34.395 28.0428
      vertex 49.7761 -34.6539 14.43
      vertex 49.5775 -34.395 14.43
    endloop
  endfacet
  facet normal 0.608644 -0.793444 0
    outer loop
      vertex 49.7761 -32.8861 14.43
      vertex 50.035 -32.6875 27.1358
      vertex 49.7761 -32.8861 27.2818
    endloop
  endfacet
  facet normal 0.608644 -0.793444 0
    outer loop
      vertex 50.035 -32.6875 27.1358
      vertex 49.7761 -32.8861 14.43
      vertex 50.035 -32.6875 14.43
    endloop
  endfacet
  facet normal 0.382411 0.923992 -0
    outer loop
      vertex 50.3365 -34.9774 14.43
      vertex 50.1995 -34.9207 28.2485
      vertex 50.3365 -34.9774 28.2558
    endloop
  endfacet
  facet normal 0.38298 0.923757 6.60011e-06
    outer loop
      vertex 50.3365 -34.9774 14.43
      vertex 50.035 -34.8525 28.2396
      vertex 50.1995 -34.9207 28.2485
    endloop
  endfacet
  facet normal 0.382722 0.923864 0
    outer loop
      vertex 50.035 -34.8525 28.2396
      vertex 50.3365 -34.9774 14.43
      vertex 50.035 -34.8525 14.43
    endloop
  endfacet
  facet normal 0.991471 -0.130331 -5.65423e-06
    outer loop
      vertex 49.41 -33.77 14.43
      vertex 49.4526 -33.4465 27.607
      vertex 49.4419 -33.5279 27.6466
    endloop
  endfacet
  facet normal 0.991431 -0.130635 0
    outer loop
      vertex 49.41 -33.77 14.43
      vertex 49.4419 -33.5279 27.6466
      vertex 49.41 -33.77 27.7642
    endloop
  endfacet
  facet normal 0.991441 -0.130558 0
    outer loop
      vertex 49.4526 -33.4465 27.607
      vertex 49.41 -33.77 14.43
      vertex 49.4526 -33.4465 14.43
    endloop
  endfacet
  facet normal -0.608644 0.793444 0
    outer loop
      vertex 51.5439 -34.6539 14.43
      vertex 51.285 -34.8525 28.43
      vertex 51.5439 -34.6539 28.43
    endloop
  endfacet
  facet normal -0.608644 0.793444 0
    outer loop
      vertex 51.285 -34.8525 28.43
      vertex 51.5439 -34.6539 14.43
      vertex 51.285 -34.8525 14.43
    endloop
  endfacet
  facet normal 0.991441 0.130558 -0
    outer loop
      vertex 49.4526 -34.0935 14.43
      vertex 49.41 -33.77 27.7642
      vertex 49.4526 -34.0935 27.9033
    endloop
  endfacet
  facet normal 0.991441 0.130558 0
    outer loop
      vertex 49.41 -33.77 27.7642
      vertex 49.4526 -34.0935 14.43
      vertex 49.41 -33.77 14.43
    endloop
  endfacet
  facet normal 0.608644 0.793444 -0
    outer loop
      vertex 50.035 -34.8525 14.43
      vertex 49.7761 -34.6539 28.167
      vertex 50.035 -34.8525 28.2396
    endloop
  endfacet
  facet normal 0.608644 0.793444 0
    outer loop
      vertex 49.7761 -34.6539 28.167
      vertex 50.035 -34.8525 14.43
      vertex 49.7761 -34.6539 14.43
    endloop
  endfacet
  facet normal -0.13036 0.991467 0
    outer loop
      vertex 99.75 14.36 8.59
      vertex 100.074 14.4026 20.7693
      vertex 100.074 14.4026 8.59
    endloop
  endfacet
  facet normal -0.13036 0.991467 0
    outer loop
      vertex 100.074 14.4026 20.7693
      vertex 99.75 14.36 8.59
      vertex 99.75 14.36 20.7754
    endloop
  endfacet
  facet normal -0.924837 -0.380364 -0
    outer loop
      vertex 100.957 15.9335 21.5634
      vertex 100.833 16.235 8.59
      vertex 100.957 15.9335 8.59
    endloop
  endfacet
  facet normal -0.924837 -0.380364 0
    outer loop
      vertex 100.833 16.235 8.59
      vertex 100.957 15.9335 21.5634
      vertex 100.833 16.235 21.748
    endloop
  endfacet
  facet normal -0.991281 -0.131762 -0
    outer loop
      vertex 101 15.61 21.3739
      vertex 100.957 15.9335 8.59
      vertex 101 15.61 8.59
    endloop
  endfacet
  facet normal -0.991281 -0.131762 0
    outer loop
      vertex 100.957 15.9335 8.59
      vertex 101 15.61 21.3739
      vertex 100.957 15.9335 21.5634
    endloop
  endfacet
  facet normal -0.793596 -0.608445 0
    outer loop
      vertex 100.634 16.4939 8.59
      vertex 100.727 16.3726 21.8368
      vertex 100.634 16.4939 21.9151
    endloop
  endfacet
  facet normal -0.792852 -0.609415 -0
    outer loop
      vertex 100.833 16.235 21.748
      vertex 100.634 16.4939 8.59
      vertex 100.833 16.235 8.59
    endloop
  endfacet
  facet normal -0.792204 -0.610256 -2.63559e-05
    outer loop
      vertex 100.634 16.4939 8.59
      vertex 100.833 16.235 21.748
      vertex 100.727 16.3726 21.8368
    endloop
  endfacet
  facet normal -0.383264 0.923639 0
    outer loop
      vertex 100.375 14.5275 8.59
      vertex 100.074 14.4026 20.7693
      vertex 100.375 14.5275 20.8124
    endloop
  endfacet
  facet normal -0.383264 0.923639 0
    outer loop
      vertex 100.074 14.4026 20.7693
      vertex 100.375 14.5275 8.59
      vertex 100.074 14.4026 8.59
    endloop
  endfacet
  facet normal -0.608496 -0.793557 0
    outer loop
      vertex 100.375 16.6925 8.59
      vertex 100.634 16.4939 21.9151
      vertex 100.375 16.6925 22.0534
    endloop
  endfacet
  facet normal -0.608496 -0.793557 -0
    outer loop
      vertex 100.634 16.4939 21.9151
      vertex 100.375 16.6925 8.59
      vertex 100.634 16.4939 8.59
    endloop
  endfacet
  facet normal 0.793444 -0.608644 0
    outer loop
      vertex 98.6675 16.235 22.0848
      vertex 98.8661 16.4939 8.59
      vertex 98.8661 16.4939 22.2145
    endloop
  endfacet
  facet normal 0.793444 -0.608644 0
    outer loop
      vertex 98.8661 16.4939 8.59
      vertex 98.6675 16.235 22.0848
      vertex 98.6675 16.235 8.59
    endloop
  endfacet
  facet normal 0.923822 0.382823 -0.000183252
    outer loop
      vertex 98.6675 14.985 21.3573
      vertex 98.5426 15.2865 21.5529
      vertex 98.6146 15.1127 21.4465
    endloop
  endfacet
  facet normal 0.923864 0.382722 0
    outer loop
      vertex 98.5426 15.2865 21.5529
      vertex 98.6675 14.985 21.3573
      vertex 98.5426 15.2865 8.59
    endloop
  endfacet
  facet normal 0.923864 0.382722 0
    outer loop
      vertex 98.5426 15.2865 8.59
      vertex 98.6675 14.985 21.3573
      vertex 98.6675 14.985 8.59
    endloop
  endfacet
  facet normal 0.991441 0.130558 0
    outer loop
      vertex 98.5426 15.2865 21.5529
      vertex 98.5 15.61 8.59
      vertex 98.5 15.61 21.7424
    endloop
  endfacet
  facet normal 0.991441 0.130558 0
    outer loop
      vertex 98.5 15.61 8.59
      vertex 98.5426 15.2865 21.5529
      vertex 98.5426 15.2865 8.59
    endloop
  endfacet
  facet normal 0.581581 -0.806363 0.107436
    outer loop
      vertex 98.8661 16.4939 22.2145
      vertex 99.125 16.6925 22.3036
      vertex 99.1217 16.69 22.3027
    endloop
  endfacet
  facet normal 0.608644 -0.793444 0
    outer loop
      vertex 99.125 16.6925 8.59
      vertex 98.8661 16.4939 22.2145
      vertex 98.8661 16.4939 8.59
    endloop
  endfacet
  facet normal 0.608644 -0.793444 0
    outer loop
      vertex 98.8661 16.4939 22.2145
      vertex 99.125 16.6925 8.59
      vertex 99.125 16.6925 22.3036
    endloop
  endfacet
  facet normal 0.923864 -0.382722 0
    outer loop
      vertex 98.5426 15.9335 21.9238
      vertex 98.6675 16.235 8.59
      vertex 98.6675 16.235 22.0848
    endloop
  endfacet
  facet normal 0.923864 -0.382722 0
    outer loop
      vertex 98.6675 16.235 8.59
      vertex 98.5426 15.9335 21.9238
      vertex 98.5426 15.9335 8.59
    endloop
  endfacet
  facet normal -0.991281 0.131762 0
    outer loop
      vertex 100.957 15.2865 21.1925
      vertex 101 15.61 8.59
      vertex 100.957 15.2865 8.59
    endloop
  endfacet
  facet normal -0.991281 0.131762 0
    outer loop
      vertex 101 15.61 8.59
      vertex 100.957 15.2865 21.1925
      vertex 101 15.61 21.3739
    endloop
  endfacet
  facet normal -0.13036 -0.991467 0
    outer loop
      vertex 99.75 16.86 8.59
      vertex 100.074 16.8174 22.1796
      vertex 99.75 16.86 22.2739
    endloop
  endfacet
  facet normal -0.13036 -0.991467 -0
    outer loop
      vertex 100.074 16.8174 22.1796
      vertex 99.75 16.86 8.59
      vertex 100.074 16.8174 8.59
    endloop
  endfacet
  facet normal 0.382852 -0.92381 3.35086e-06
    outer loop
      vertex 99.4265 16.8174 8.59
      vertex 99.4078 16.8097 22.3154
      vertex 99.125 16.6925 22.3036
    endloop
  endfacet
  facet normal 0.382722 -0.923864 0
    outer loop
      vertex 99.4265 16.8174 8.59
      vertex 99.125 16.6925 22.3036
      vertex 99.125 16.6925 8.59
    endloop
  endfacet
  facet normal 0.38075 -0.924678 0
    outer loop
      vertex 99.4078 16.8097 22.3154
      vertex 99.4265 16.8174 8.59
      vertex 99.4265 16.8174 22.3162
    endloop
  endfacet
  facet normal 0.130558 -0.991441 0
    outer loop
      vertex 99.4265 16.8174 8.59
      vertex 99.75 16.86 22.2739
      vertex 99.4265 16.8174 22.3162
    endloop
  endfacet
  facet normal 0.130558 -0.991441 0
    outer loop
      vertex 99.75 16.86 22.2739
      vertex 99.4265 16.8174 8.59
      vertex 99.75 16.86 8.59
    endloop
  endfacet
  facet normal 0.991441 -0.130558 0
    outer loop
      vertex 98.5 15.61 21.7424
      vertex 98.5426 15.9335 8.59
      vertex 98.5426 15.9335 21.9238
    endloop
  endfacet
  facet normal 0.991441 -0.130558 0
    outer loop
      vertex 98.5426 15.9335 8.59
      vertex 98.5 15.61 21.7424
      vertex 98.5 15.61 8.59
    endloop
  endfacet
  facet normal 0 0 1
    outer loop
      vertex 100.957 15.9335 8.59
      vertex 100.957 15.2865 8.59
      vertex 101 15.61 8.59
    endloop
  endfacet
  facet normal 0 0 1
    outer loop
      vertex 100.833 16.235 8.59
      vertex 100.957 15.2865 8.59
      vertex 100.957 15.9335 8.59
    endloop
  endfacet
  facet normal 0 0 1
    outer loop
      vertex 100.833 16.235 8.59
      vertex 100.833 14.985 8.59
      vertex 100.957 15.2865 8.59
    endloop
  endfacet
  facet normal 0 0 1
    outer loop
      vertex 100.634 16.4939 8.59
      vertex 100.833 14.985 8.59
      vertex 100.833 16.235 8.59
    endloop
  endfacet
  facet normal 0 0 1
    outer loop
      vertex 100.634 16.4939 8.59
      vertex 100.634 14.7261 8.59
      vertex 100.833 14.985 8.59
    endloop
  endfacet
  facet normal 0 0 1
    outer loop
      vertex 100.375 16.6925 8.59
      vertex 100.634 14.7261 8.59
      vertex 100.634 16.4939 8.59
    endloop
  endfacet
  facet normal 0 0 1
    outer loop
      vertex 100.375 16.6925 8.59
      vertex 100.375 14.5275 8.59
      vertex 100.634 14.7261 8.59
    endloop
  endfacet
  facet normal 0 0 1
    outer loop
      vertex 100.074 16.8174 8.59
      vertex 100.375 14.5275 8.59
      vertex 100.375 16.6925 8.59
    endloop
  endfacet
  facet normal 0 0 1
    outer loop
      vertex 100.074 16.8174 8.59
      vertex 100.074 14.4026 8.59
      vertex 100.375 14.5275 8.59
    endloop
  endfacet
  facet normal 0 0 1
    outer loop
      vertex 99.75 16.86 8.59
      vertex 100.074 14.4026 8.59
      vertex 100.074 16.8174 8.59
    endloop
  endfacet
  facet normal 0 0 1
    outer loop
      vertex 99.75 16.86 8.59
      vertex 99.75 14.36 8.59
      vertex 100.074 14.4026 8.59
    endloop
  endfacet
  facet normal -0 0 1
    outer loop
      vertex 99.4265 16.8174 8.59
      vertex 99.75 14.36 8.59
      vertex 99.75 16.86 8.59
    endloop
  endfacet
  facet normal 0 0 1
    outer loop
      vertex 99.4265 16.8174 8.59
      vertex 99.4265 14.4026 8.59
      vertex 99.75 14.36 8.59
    endloop
  endfacet
  facet normal -0 0 1
    outer loop
      vertex 99.125 16.6925 8.59
      vertex 99.4265 14.4026 8.59
      vertex 99.4265 16.8174 8.59
    endloop
  endfacet
  facet normal 0 0 1
    outer loop
      vertex 99.125 16.6925 8.59
      vertex 99.125 14.5275 8.59
      vertex 99.4265 14.4026 8.59
    endloop
  endfacet
  facet normal -0 0 1
    outer loop
      vertex 98.8661 16.4939 8.59
      vertex 99.125 14.5275 8.59
      vertex 99.125 16.6925 8.59
    endloop
  endfacet
  facet normal 0 0 1
    outer loop
      vertex 98.8661 16.4939 8.59
      vertex 98.8661 14.7261 8.59
      vertex 99.125 14.5275 8.59
    endloop
  endfacet
  facet normal -0 0 1
    outer loop
      vertex 98.6675 16.235 8.59
      vertex 98.8661 14.7261 8.59
      vertex 98.8661 16.4939 8.59
    endloop
  endfacet
  facet normal 0 0 1
    outer loop
      vertex 98.6675 16.235 8.59
      vertex 98.6675 14.985 8.59
      vertex 98.8661 14.7261 8.59
    endloop
  endfacet
  facet normal -0 0 1
    outer loop
      vertex 98.5426 15.9335 8.59
      vertex 98.6675 14.985 8.59
      vertex 98.6675 16.235 8.59
    endloop
  endfacet
  facet normal 0 0 1
    outer loop
      vertex 98.5426 15.9335 8.59
      vertex 98.5426 15.2865 8.59
      vertex 98.6675 14.985 8.59
    endloop
  endfacet
  facet normal 0 -0 1
    outer loop
      vertex 98.5426 15.2865 8.59
      vertex 98.5426 15.9335 8.59
      vertex 98.5 15.61 8.59
    endloop
  endfacet
  facet normal -0.924837 0.380364 0
    outer loop
      vertex 100.833 14.985 21.0315
      vertex 100.957 15.2865 8.59
      vertex 100.833 14.985 8.59
    endloop
  endfacet
  facet normal -0.924837 0.380364 0
    outer loop
      vertex 100.957 15.2865 8.59
      vertex 100.833 14.985 21.0315
      vertex 100.957 15.2865 21.1925
    endloop
  endfacet
  facet normal -0.383483 -0.923548 0
    outer loop
      vertex 100.074 16.8174 8.59
      vertex 100.271 16.7356 22.088
      vertex 100.074 16.8174 22.1796
    endloop
  endfacet
  facet normal -0.382852 -0.92381 -1.08059e-05
    outer loop
      vertex 100.074 16.8174 8.59
      vertex 100.375 16.6925 22.0534
      vertex 100.271 16.7356 22.088
    endloop
  endfacet
  facet normal -0.383264 -0.923639 -0
    outer loop
      vertex 100.375 16.6925 22.0534
      vertex 100.074 16.8174 8.59
      vertex 100.375 16.6925 8.59
    endloop
  endfacet
  facet normal 0.130558 0.991441 0
    outer loop
      vertex 99.4265 14.4026 8.59
      vertex 99.75 14.36 20.7754
      vertex 99.75 14.36 8.59
    endloop
  endfacet
  facet normal 0.130104 0.9915 1.22577e-05
    outer loop
      vertex 99.75 14.36 20.7754
      vertex 99.4265 14.4026 8.59
      vertex 99.6555 14.3724 20.7914
    endloop
  endfacet
  facet normal 0.130991 0.991384 -4.67827e-06
    outer loop
      vertex 99.6555 14.3724 20.7914
      vertex 99.4265 14.4026 8.59
      vertex 99.517 14.3907 20.815
    endloop
  endfacet
  facet normal 0.130369 0.991465 0
    outer loop
      vertex 99.517 14.3907 20.815
      vertex 99.4265 14.4026 8.59
      vertex 99.4265 14.4026 20.8414
    endloop
  endfacet
  facet normal 0.382722 0.923864 0
    outer loop
      vertex 99.125 14.5275 8.59
      vertex 99.4265 14.4026 20.8414
      vertex 99.4265 14.4026 8.59
    endloop
  endfacet
  facet normal 0.382305 0.924036 1.20212e-05
    outer loop
      vertex 99.4265 14.4026 20.8414
      vertex 99.125 14.5275 8.59
      vertex 99.3216 14.446 20.89
    endloop
  endfacet
  facet normal 0.382947 0.92377 0
    outer loop
      vertex 99.3216 14.446 20.89
      vertex 99.125 14.5275 8.59
      vertex 99.125 14.5275 20.9813
    endloop
  endfacet
  facet normal -0.792852 0.609415 0
    outer loop
      vertex 100.634 14.7261 20.9018
      vertex 100.833 14.985 8.59
      vertex 100.634 14.7261 8.59
    endloop
  endfacet
  facet normal -0.792852 0.609415 0
    outer loop
      vertex 100.833 14.985 8.59
      vertex 100.634 14.7261 20.9018
      vertex 100.833 14.985 21.0315
    endloop
  endfacet
  facet normal -0.608496 0.793557 0
    outer loop
      vertex 100.634 14.7261 8.59
      vertex 100.375 14.5275 20.8124
      vertex 100.634 14.7261 20.9018
    endloop
  endfacet
  facet normal -0.608496 0.793557 0
    outer loop
      vertex 100.375 14.5275 20.8124
      vertex 100.634 14.7261 8.59
      vertex 100.375 14.5275 8.59
    endloop
  endfacet
  facet normal 0.608644 0.793444 0
    outer loop
      vertex 98.8661 14.7261 8.59
      vertex 99.125 14.5275 20.9813
      vertex 99.125 14.5275 8.59
    endloop
  endfacet
  facet normal 0.608644 0.793444 0
    outer loop
      vertex 99.125 14.5275 20.9813
      vertex 98.8661 14.7261 8.59
      vertex 98.8661 14.7261 21.1573
    endloop
  endfacet
  facet normal 0.793444 0.608644 0
    outer loop
      vertex 98.8661 14.7261 21.1573
      vertex 98.6675 14.985 8.59
      vertex 98.6675 14.985 21.3573
    endloop
  endfacet
  facet normal 0.793444 0.608644 0
    outer loop
      vertex 98.6675 14.985 8.59
      vertex 98.8661 14.7261 21.1573
      vertex 98.8661 14.7261 8.59
    endloop
  endfacet
  facet normal -0.923864 -0.382722 0
    outer loop
      vertex 90.6274 -28.0165 3.18
      vertex 90.5025 -27.715 15.2079
      vertex 90.5025 -27.715 3.18
    endloop
  endfacet
  facet normal -0.923864 -0.382722 0
    outer loop
      vertex 90.5025 -27.715 15.2079
      vertex 90.6274 -28.0165 3.18
      vertex 90.6274 -28.0165 15.231
    endloop
  endfacet
  facet normal -0.991441 -0.130558 0
    outer loop
      vertex 90.67 -28.34 3.18
      vertex 90.6274 -28.0165 15.231
      vertex 90.6274 -28.0165 3.18
    endloop
  endfacet
  facet normal -0.991441 -0.130558 0
    outer loop
      vertex 90.6274 -28.0165 15.231
      vertex 90.67 -28.34 3.18
      vertex 90.67 -28.34 15.2787
    endloop
  endfacet
  facet normal -0.793444 -0.608644 0
    outer loop
      vertex 90.5025 -27.715 3.18
      vertex 90.3039 -27.4561 15.2028
      vertex 90.3039 -27.4561 3.18
    endloop
  endfacet
  facet normal -0.793444 -0.608644 -0
    outer loop
      vertex 90.5025 -27.715 15.2079
      vertex 90.3039 -27.4561 15.2028
      vertex 90.5025 -27.715 3.18
    endloop
  endfacet
  facet normal -0.792726 -0.608727 -0.0321997
    outer loop
      vertex 90.3039 -27.4561 15.2028
      vertex 90.5025 -27.715 15.2079
      vertex 90.4846 -27.6917 15.2081
    endloop
  endfacet
  facet normal -0.793444 0.608644 0
    outer loop
      vertex 90.3039 -29.2239 3.18
      vertex 90.5025 -28.965 15.4332
      vertex 90.5025 -28.965 3.18
    endloop
  endfacet
  facet normal -0.793444 0.608644 0
    outer loop
      vertex 90.5025 -28.965 15.4332
      vertex 90.3039 -29.2239 3.18
      vertex 90.3039 -29.2239 15.5295
    endloop
  endfacet
  facet normal 0.794006 0.607911 0
    outer loop
      vertex 88.3522 -28.9842 15.932
      vertex 88.3375 -28.965 3.18
      vertex 88.3375 -28.965 15.9322
    endloop
  endfacet
  facet normal 0.793399 0.608702 1.89219e-06
    outer loop
      vertex 88.5361 -29.2239 15.9293
      vertex 88.3375 -28.965 3.18
      vertex 88.3522 -28.9842 15.932
    endloop
  endfacet
  facet normal 0.793444 0.608644 0
    outer loop
      vertex 88.3375 -28.965 3.18
      vertex 88.5361 -29.2239 15.9293
      vertex 88.5361 -29.2239 3.18
    endloop
  endfacet
  facet normal -0.130558 0.991441 0
    outer loop
      vertex 89.42 -29.59 3.18
      vertex 89.7435 -29.5474 15.7114
      vertex 89.7435 -29.5474 3.18
    endloop
  endfacet
  facet normal -0.130558 0.991441 0
    outer loop
      vertex 89.7435 -29.5474 15.7114
      vertex 89.42 -29.59 3.18
      vertex 89.42 -29.59 15.7882
    endloop
  endfacet
  facet normal -0.608644 -0.793444 0
    outer loop
      vertex 90.045 -27.2575 3.18
      vertex 90.3039 -27.4561 15.2028
      vertex 90.045 -27.2575 15.2209
    endloop
  endfacet
  facet normal -0.608644 -0.793444 -0
    outer loop
      vertex 90.3039 -27.4561 15.2028
      vertex 90.045 -27.2575 3.18
      vertex 90.3039 -27.4561 3.18
    endloop
  endfacet
  facet normal 0.130693 -0.991423 0
    outer loop
      vertex 89.0965 -27.1326 3.18
      vertex 89.2687 -27.1099 15.3652
      vertex 89.0965 -27.1326 15.4123
    endloop
  endfacet
  facet normal 0.130405 -0.991461 4.14102e-06
    outer loop
      vertex 89.2687 -27.1099 15.3652
      vertex 89.0965 -27.1326 3.18
      vertex 89.42 -27.09 15.3238
    endloop
  endfacet
  facet normal 0.130558 -0.991441 0
    outer loop
      vertex 89.42 -27.09 15.3238
      vertex 89.0965 -27.1326 3.18
      vertex 89.42 -27.09 3.18
    endloop
  endfacet
  facet normal 0.991441 -0.130558 0
    outer loop
      vertex 88.17 -28.34 3.18
      vertex 88.2126 -28.0165 15.7924
      vertex 88.17 -28.34 15.8613
    endloop
  endfacet
  facet normal 0.991441 -0.130558 0
    outer loop
      vertex 88.2126 -28.0165 15.7924
      vertex 88.17 -28.34 3.18
      vertex 88.2126 -28.0165 3.18
    endloop
  endfacet
  facet normal -0.923864 0.382722 0
    outer loop
      vertex 90.5025 -28.965 3.18
      vertex 90.6274 -28.6635 15.3477
      vertex 90.6274 -28.6635 3.18
    endloop
  endfacet
  facet normal -0.923864 0.382722 0
    outer loop
      vertex 90.6274 -28.6635 15.3477
      vertex 90.5025 -28.965 3.18
      vertex 90.5025 -28.965 15.4332
    endloop
  endfacet
  facet normal 0.130558 0.991441 0
    outer loop
      vertex 89.0965 -29.5474 3.18
      vertex 89.42 -29.59 15.7882
      vertex 89.42 -29.59 3.18
    endloop
  endfacet
  facet normal 0.130558 0.991441 0
    outer loop
      vertex 89.42 -29.59 15.7882
      vertex 89.0965 -29.5474 3.18
      vertex 89.0965 -29.5474 15.8492
    endloop
  endfacet
  facet normal 0.60875 -0.793362 0
    outer loop
      vertex 88.5361 -27.4561 3.18
      vertex 88.604 -27.404 15.5842
      vertex 88.5361 -27.4561 15.6106
    endloop
  endfacet
  facet normal 0.608606 -0.793472 1.25326e-06
    outer loop
      vertex 88.604 -27.404 15.5842
      vertex 88.5361 -27.4561 3.18
      vertex 88.795 -27.2575 15.5101
    endloop
  endfacet
  facet normal 0.608644 -0.793444 0
    outer loop
      vertex 88.795 -27.2575 15.5101
      vertex 88.5361 -27.4561 3.18
      vertex 88.795 -27.2575 3.18
    endloop
  endfacet
  facet normal -0.991441 0.130558 0
    outer loop
      vertex 90.6274 -28.6635 3.18
      vertex 90.67 -28.34 15.2787
      vertex 90.67 -28.34 3.18
    endloop
  endfacet
  facet normal -0.991441 0.130558 0
    outer loop
      vertex 90.67 -28.34 15.2787
      vertex 90.6274 -28.6635 3.18
      vertex 90.6274 -28.6635 15.3477
    endloop
  endfacet
  facet normal -0.130653 -0.991428 0
    outer loop
      vertex 89.42 -27.09 3.18
      vertex 89.4458 -27.0934 15.318
      vertex 89.42 -27.09 15.3238
    endloop
  endfacet
  facet normal -0.130294 -0.991475 -7.76654e-07
    outer loop
      vertex 89.42 -27.09 3.18
      vertex 89.6855 -27.1249 15.2728
      vertex 89.4458 -27.0934 15.318
    endloop
  endfacet
  facet normal -0.131599 -0.991303 2.83621e-05
    outer loop
      vertex 89.42 -27.09 3.18
      vertex 89.7435 -27.1326 15.2619
      vertex 89.6855 -27.1249 15.2728
    endloop
  endfacet
  facet normal -0.130558 -0.991441 -0
    outer loop
      vertex 89.7435 -27.1326 15.2619
      vertex 89.42 -27.09 3.18
      vertex 89.7435 -27.1326 3.18
    endloop
  endfacet
  facet normal 0.382722 -0.923864 0
    outer loop
      vertex 88.795 -27.2575 3.18
      vertex 89.0965 -27.1326 15.4123
      vertex 88.795 -27.2575 15.5101
    endloop
  endfacet
  facet normal 0.382722 -0.923864 0
    outer loop
      vertex 89.0965 -27.1326 15.4123
      vertex 88.795 -27.2575 3.18
      vertex 89.0965 -27.1326 3.18
    endloop
  endfacet
  facet normal 0.991441 0.130558 -0
    outer loop
      vertex 88.2126 -28.6635 3.18
      vertex 88.17 -28.34 15.8613
      vertex 88.2126 -28.6635 15.909
    endloop
  endfacet
  facet normal 0.991441 0.130558 0
    outer loop
      vertex 88.17 -28.34 15.8613
      vertex 88.2126 -28.6635 3.18
      vertex 88.17 -28.34 3.18
    endloop
  endfacet
  facet normal -0.382722 0.923864 0
    outer loop
      vertex 89.7435 -29.5474 3.18
      vertex 90.045 -29.4225 15.6239
      vertex 90.045 -29.4225 3.18
    endloop
  endfacet
  facet normal -0.383 0.923748 7.90015e-06
    outer loop
      vertex 90.045 -29.4225 15.6239
      vertex 89.7435 -29.5474 3.18
      vertex 89.8986 -29.4832 15.6664
    endloop
  endfacet
  facet normal -0.382457 0.923973 0
    outer loop
      vertex 89.8986 -29.4832 15.6664
      vertex 89.7435 -29.5474 3.18
      vertex 89.7435 -29.5474 15.7114
    endloop
  endfacet
  facet normal 0.382722 0.923864 0
    outer loop
      vertex 88.795 -29.4225 3.18
      vertex 89.0965 -29.5474 15.8492
      vertex 89.0965 -29.5474 3.18
    endloop
  endfacet
  facet normal 0.381938 0.924188 2.18512e-05
    outer loop
      vertex 89.0965 -29.5474 15.8492
      vertex 88.795 -29.4225 3.18
      vertex 89.0573 -29.5312 15.8545
    endloop
  endfacet
  facet normal 0.382839 0.923815 0
    outer loop
      vertex 89.0573 -29.5312 15.8545
      vertex 88.795 -29.4225 3.18
      vertex 88.795 -29.4225 15.9004
    endloop
  endfacet
  facet normal 0.923864 0.382722 -0
    outer loop
      vertex 88.3375 -28.965 3.18
      vertex 88.2126 -28.6635 15.909
      vertex 88.3375 -28.965 15.9322
    endloop
  endfacet
  facet normal 0.923864 0.382722 0
    outer loop
      vertex 88.2126 -28.6635 15.909
      vertex 88.3375 -28.965 3.18
      vertex 88.2126 -28.6635 3.18
    endloop
  endfacet
  facet normal -0.615067 0.787934 -0.0292075
    outer loop
      vertex 90.3039 -29.2239 15.5295
      vertex 90.045 -29.4225 15.6239
      vertex 90.2316 -29.2793 15.5575
    endloop
  endfacet
  facet normal -0.608644 0.793444 0
    outer loop
      vertex 90.045 -29.4225 3.18
      vertex 90.3039 -29.2239 15.5295
      vertex 90.3039 -29.2239 3.18
    endloop
  endfacet
  facet normal -0.608644 0.793444 0
    outer loop
      vertex 90.3039 -29.2239 15.5295
      vertex 90.045 -29.4225 3.18
      vertex 90.045 -29.4225 15.6239
    endloop
  endfacet
  facet normal 0.923864 -0.382722 0
    outer loop
      vertex 88.2126 -28.0165 3.18
      vertex 88.3375 -27.715 15.7068
      vertex 88.2126 -28.0165 15.7924
    endloop
  endfacet
  facet normal 0.923864 -0.382722 0
    outer loop
      vertex 88.3375 -27.715 15.7068
      vertex 88.2126 -28.0165 3.18
      vertex 88.3375 -27.715 3.18
    endloop
  endfacet
  facet normal -0.382722 -0.923864 0
    outer loop
      vertex 89.7435 -27.1326 3.18
      vertex 90.045 -27.2575 15.2209
      vertex 89.7435 -27.1326 15.2619
    endloop
  endfacet
  facet normal -0.382722 -0.923864 -0
    outer loop
      vertex 90.045 -27.2575 15.2209
      vertex 89.7435 -27.1326 3.18
      vertex 90.045 -27.2575 3.18
    endloop
  endfacet
  facet normal 0.793444 -0.608644 0
    outer loop
      vertex 88.3375 -27.715 3.18
      vertex 88.5361 -27.4561 15.6106
      vertex 88.3375 -27.715 15.7068
    endloop
  endfacet
  facet normal 0.793444 -0.608644 0
    outer loop
      vertex 88.5361 -27.4561 15.6106
      vertex 88.3375 -27.715 3.18
      vertex 88.5361 -27.4561 3.18
    endloop
  endfacet
  facet normal 0 0 1
    outer loop
      vertex 90.6274 -28.0165 3.18
      vertex 90.6274 -28.6635 3.18
      vertex 90.67 -28.34 3.18
    endloop
  endfacet
  facet normal 0 0 1
    outer loop
      vertex 90.5025 -27.715 3.18
      vertex 90.6274 -28.6635 3.18
      vertex 90.6274 -28.0165 3.18
    endloop
  endfacet
  facet normal 0 0 1
    outer loop
      vertex 90.5025 -27.715 3.18
      vertex 90.5025 -28.965 3.18
      vertex 90.6274 -28.6635 3.18
    endloop
  endfacet
  facet normal 0 0 1
    outer loop
      vertex 90.3039 -27.4561 3.18
      vertex 90.5025 -28.965 3.18
      vertex 90.5025 -27.715 3.18
    endloop
  endfacet
  facet normal 0 0 1
    outer loop
      vertex 90.3039 -27.4561 3.18
      vertex 90.3039 -29.2239 3.18
      vertex 90.5025 -28.965 3.18
    endloop
  endfacet
  facet normal 0 0 1
    outer loop
      vertex 90.045 -27.2575 3.18
      vertex 90.3039 -29.2239 3.18
      vertex 90.3039 -27.4561 3.18
    endloop
  endfacet
  facet normal 0 0 1
    outer loop
      vertex 90.045 -27.2575 3.18
      vertex 90.045 -29.4225 3.18
      vertex 90.3039 -29.2239 3.18
    endloop
  endfacet
  facet normal 0 0 1
    outer loop
      vertex 89.7435 -27.1326 3.18
      vertex 90.045 -29.4225 3.18
      vertex 90.045 -27.2575 3.18
    endloop
  endfacet
  facet normal 0 0 1
    outer loop
      vertex 89.7435 -27.1326 3.18
      vertex 89.7435 -29.5474 3.18
      vertex 90.045 -29.4225 3.18
    endloop
  endfacet
  facet normal 0 0 1
    outer loop
      vertex 89.42 -27.09 3.18
      vertex 89.7435 -29.5474 3.18
      vertex 89.7435 -27.1326 3.18
    endloop
  endfacet
  facet normal 0 0 1
    outer loop
      vertex 89.42 -27.09 3.18
      vertex 89.42 -29.59 3.18
      vertex 89.7435 -29.5474 3.18
    endloop
  endfacet
  facet normal -0 0 1
    outer loop
      vertex 89.0965 -27.1326 3.18
      vertex 89.42 -29.59 3.18
      vertex 89.42 -27.09 3.18
    endloop
  endfacet
  facet normal 0 0 1
    outer loop
      vertex 89.0965 -27.1326 3.18
      vertex 89.0965 -29.5474 3.18
      vertex 89.42 -29.59 3.18
    endloop
  endfacet
  facet normal -0 0 1
    outer loop
      vertex 88.795 -27.2575 3.18
      vertex 89.0965 -29.5474 3.18
      vertex 89.0965 -27.1326 3.18
    endloop
  endfacet
  facet normal 0 0 1
    outer loop
      vertex 88.795 -27.2575 3.18
      vertex 88.795 -29.4225 3.18
      vertex 89.0965 -29.5474 3.18
    endloop
  endfacet
  facet normal -0 0 1
    outer loop
      vertex 88.5361 -27.4561 3.18
      vertex 88.795 -29.4225 3.18
      vertex 88.795 -27.2575 3.18
    endloop
  endfacet
  facet normal 0 0 1
    outer loop
      vertex 88.5361 -27.4561 3.18
      vertex 88.5361 -29.2239 3.18
      vertex 88.795 -29.4225 3.18
    endloop
  endfacet
  facet normal -0 0 1
    outer loop
      vertex 88.3375 -27.715 3.18
      vertex 88.5361 -29.2239 3.18
      vertex 88.5361 -27.4561 3.18
    endloop
  endfacet
  facet normal 0 0 1
    outer loop
      vertex 88.3375 -27.715 3.18
      vertex 88.3375 -28.965 3.18
      vertex 88.5361 -29.2239 3.18
    endloop
  endfacet
  facet normal -0 0 1
    outer loop
      vertex 88.2126 -28.0165 3.18
      vertex 88.3375 -28.965 3.18
      vertex 88.3375 -27.715 3.18
    endloop
  endfacet
  facet normal 0 0 1
    outer loop
      vertex 88.2126 -28.0165 3.18
      vertex 88.2126 -28.6635 3.18
      vertex 88.3375 -28.965 3.18
    endloop
  endfacet
  facet normal 0 -0 1
    outer loop
      vertex 88.2126 -28.6635 3.18
      vertex 88.2126 -28.0165 3.18
      vertex 88.17 -28.34 3.18
    endloop
  endfacet
  facet normal 0.608644 0.793444 0
    outer loop
      vertex 88.5361 -29.2239 3.18
      vertex 88.795 -29.4225 15.9004
      vertex 88.795 -29.4225 3.18
    endloop
  endfacet
  facet normal 0.608706 0.793396 -2.02256e-06
    outer loop
      vertex 88.795 -29.4225 15.9004
      vertex 88.5361 -29.2239 3.18
      vertex 88.5467 -29.232 15.9281
    endloop
  endfacet
  facet normal 0.607172 0.794571 0
    outer loop
      vertex 88.5467 -29.232 15.9281
      vertex 88.5361 -29.2239 3.18
      vertex 88.5361 -29.2239 15.9293
    endloop
  endfacet
  facet normal -0.923885 -0.382669 0
    outer loop
      vertex 3.56741 -54.9565 4.74
      vertex 3.44253 -54.655 18.5261
      vertex 3.44253 -54.655 4.74
    endloop
  endfacet
  facet normal -0.923885 -0.382669 0
    outer loop
      vertex 3.44253 -54.655 18.5261
      vertex 3.56741 -54.9565 4.74
      vertex 3.56741 -54.9565 18.5406
    endloop
  endfacet
  facet normal -0.991446 -0.130517 0
    outer loop
      vertex 3.56741 -54.9565 4.74
      vertex 3.6009 -55.2109 18.5333
      vertex 3.56741 -54.9565 18.5406
    endloop
  endfacet
  facet normal -0.991445 -0.130527 -0
    outer loop
      vertex 3.61 -55.28 18.5313
      vertex 3.56741 -54.9565 4.74
      vertex 3.61 -55.28 4.74
    endloop
  endfacet
  facet normal -0.99144 -0.130566 -9.15934e-07
    outer loop
      vertex 3.56741 -54.9565 4.74
      vertex 3.61 -55.28 18.5313
      vertex 3.6009 -55.2109 18.5333
    endloop
  endfacet
  facet normal -0.608673 0.793421 0
    outer loop
      vertex 3.24388 -56.1639 4.74
      vertex 2.985 -56.3625 18.293
      vertex 3.24388 -56.1639 18.3757
    endloop
  endfacet
  facet normal -0.608673 0.793421 0
    outer loop
      vertex 2.985 -56.3625 18.293
      vertex 3.24388 -56.1639 4.74
      vertex 2.985 -56.3625 4.74
    endloop
  endfacet
  facet normal -0.608673 -0.793421 0
    outer loop
      vertex 3.24388 -54.3961 4.74
      vertex 2.985 -54.1975 18.4317
      vertex 2.985 -54.1975 4.74
    endloop
  endfacet
  facet normal -0.607778 -0.794107 2.68836e-05
    outer loop
      vertex 2.985 -54.1975 18.4317
      vertex 3.24388 -54.3961 4.74
      vertex 3.00682 -54.2142 18.4365
    endloop
  endfacet
  facet normal -0.608756 -0.793357 0
    outer loop
      vertex 3.00682 -54.2142 18.4365
      vertex 3.24388 -54.3961 4.74
      vertex 3.24388 -54.3961 18.489
    endloop
  endfacet
  facet normal -0.13055 -0.991442 0
    outer loop
      vertex 2.68352 -54.0726 4.74
      vertex 2.36 -54.03 18.2734
      vertex 2.36 -54.03 4.74
    endloop
  endfacet
  facet normal -0.131933 -0.991259 -3.36564e-05
    outer loop
      vertex 2.36 -54.03 18.2734
      vertex 2.68352 -54.0726 4.74
      vertex 2.3893 -54.0339 18.2811
    endloop
  endfacet
  facet normal -0.130252 -0.991481 3.50316e-06
    outer loop
      vertex 2.3893 -54.0339 18.2811
      vertex 2.68352 -54.0726 4.74
      vertex 2.51566 -54.0505 18.3142
    endloop
  endfacet
  facet normal -0.130531 -0.991444 0
    outer loop
      vertex 2.51566 -54.0505 18.3142
      vertex 2.68352 -54.0726 4.74
      vertex 2.68352 -54.0726 18.3582
    endloop
  endfacet
  facet normal 0.991445 -0.130527 0
    outer loop
      vertex 1.11 -55.28 17.8554
      vertex 1.15259 -54.9565 4.74
      vertex 1.15259 -54.9565 17.8876
    endloop
  endfacet
  facet normal 0.991445 -0.130527 0
    outer loop
      vertex 1.15259 -54.9565 4.74
      vertex 1.11 -55.28 17.8554
      vertex 1.11 -55.28 4.74
    endloop
  endfacet
  facet normal 0.991445 0.130527 0
    outer loop
      vertex 1.15259 -55.6035 17.8461
      vertex 1.11 -55.28 4.74
      vertex 1.11 -55.28 17.8554
    endloop
  endfacet
  facet normal 0.991445 0.130527 0
    outer loop
      vertex 1.11 -55.28 4.74
      vertex 1.15259 -55.6035 17.8461
      vertex 1.15259 -55.6035 4.74
    endloop
  endfacet
  facet normal 0.608673 0.793421 -0
    outer loop
      vertex 1.735 -56.3625 4.74
      vertex 1.47612 -56.1639 17.8977
      vertex 1.735 -56.3625 17.955
    endloop
  endfacet
  facet normal 0.608673 0.793421 0
    outer loop
      vertex 1.47612 -56.1639 17.8977
      vertex 1.735 -56.3625 4.74
      vertex 1.47612 -56.1639 4.74
    endloop
  endfacet
  facet normal -0.13055 0.991442 0
    outer loop
      vertex 2.68352 -56.4874 4.74
      vertex 2.36 -56.53 18.1133
      vertex 2.68352 -56.4874 18.2035
    endloop
  endfacet
  facet normal -0.13055 0.991442 0
    outer loop
      vertex 2.36 -56.53 18.1133
      vertex 2.68352 -56.4874 4.74
      vertex 2.36 -56.53 4.74
    endloop
  endfacet
  facet normal -0.79309 0.609105 0
    outer loop
      vertex 3.44253 -55.905 4.74
      vertex 3.40267 -55.9569 18.4319
      vertex 3.44253 -55.905 18.446
    endloop
  endfacet
  facet normal -0.79337 0.60874 0
    outer loop
      vertex 3.24388 -56.1639 18.3757
      vertex 3.44253 -55.905 4.74
      vertex 3.24388 -56.1639 4.74
    endloop
  endfacet
  facet normal -0.793439 0.608649 -2.746e-06
    outer loop
      vertex 3.44253 -55.905 4.74
      vertex 3.24388 -56.1639 18.3757
      vertex 3.40267 -55.9569 18.4319
    endloop
  endfacet
  facet normal -0.382743 0.923855 0
    outer loop
      vertex 2.985 -56.3625 4.74
      vertex 2.68352 -56.4874 18.2035
      vertex 2.985 -56.3625 18.293
    endloop
  endfacet
  facet normal -0.382743 0.923855 0
    outer loop
      vertex 2.68352 -56.4874 18.2035
      vertex 2.985 -56.3625 4.74
      vertex 2.68352 -56.4874 4.74
    endloop
  endfacet
  facet normal 0.923885 -0.382669 0
    outer loop
      vertex 1.15259 -54.9565 17.8876
      vertex 1.27747 -54.655 4.74
      vertex 1.27747 -54.655 17.9407
    endloop
  endfacet
  facet normal 0.923885 -0.382669 0
    outer loop
      vertex 1.27747 -54.655 4.74
      vertex 1.15259 -54.9565 17.8876
      vertex 1.15259 -54.9565 4.74
    endloop
  endfacet
  facet normal -0.382743 -0.923855 0
    outer loop
      vertex 2.985 -54.1975 4.74
      vertex 2.68352 -54.0726 18.3582
      vertex 2.68352 -54.0726 4.74
    endloop
  endfacet
  facet normal -0.382743 -0.923855 0
    outer loop
      vertex 2.68352 -54.0726 18.3582
      vertex 2.985 -54.1975 4.74
      vertex 2.985 -54.1975 18.4317
    endloop
  endfacet
  facet normal 0.79337 0.60874 -0
    outer loop
      vertex 1.47612 -56.1639 4.74
      vertex 1.27747 -55.905 17.8606
      vertex 1.47612 -56.1639 17.8977
    endloop
  endfacet
  facet normal 0.79337 0.60874 0
    outer loop
      vertex 1.27747 -55.905 17.8606
      vertex 1.47612 -56.1639 4.74
      vertex 1.27747 -55.905 4.74
    endloop
  endfacet
  facet normal 0.608673 -0.793421 0
    outer loop
      vertex 1.735 -54.1975 4.74
      vertex 1.47612 -54.3961 18.011
      vertex 1.47612 -54.3961 4.74
    endloop
  endfacet
  facet normal 0.608673 -0.793421 0
    outer loop
      vertex 1.47612 -54.3961 18.011
      vertex 1.735 -54.1975 4.74
      vertex 1.735 -54.1975 18.0937
    endloop
  endfacet
  facet normal -0.991445 0.130527 0
    outer loop
      vertex 3.56741 -55.6035 18.4991
      vertex 3.61 -55.28 4.74
      vertex 3.56741 -55.6035 4.74
    endloop
  endfacet
  facet normal -0.991445 0.130527 0
    outer loop
      vertex 3.61 -55.28 4.74
      vertex 3.56741 -55.6035 18.4991
      vertex 3.61 -55.28 18.5313
    endloop
  endfacet
  facet normal 0.382743 -0.923855 0
    outer loop
      vertex 2.03648 -54.0726 4.74
      vertex 1.735 -54.1975 18.0937
      vertex 1.735 -54.1975 4.74
    endloop
  endfacet
  facet normal 0.382743 -0.923855 0
    outer loop
      vertex 1.735 -54.1975 18.0937
      vertex 2.03648 -54.0726 4.74
      vertex 2.03648 -54.0726 18.1832
    endloop
  endfacet
  facet normal 0.13055 -0.991442 0
    outer loop
      vertex 2.36 -54.03 4.74
      vertex 2.03648 -54.0726 18.1832
      vertex 2.03648 -54.0726 4.74
    endloop
  endfacet
  facet normal 0.13055 -0.991442 0
    outer loop
      vertex 2.03648 -54.0726 18.1832
      vertex 2.36 -54.03 4.74
      vertex 2.36 -54.03 18.2734
    endloop
  endfacet
  facet normal 0.13055 0.991442 -0
    outer loop
      vertex 2.36 -56.53 4.74
      vertex 2.03648 -56.4874 18.0285
      vertex 2.36 -56.53 18.1133
    endloop
  endfacet
  facet normal 0.13055 0.991442 0
    outer loop
      vertex 2.03648 -56.4874 18.0285
      vertex 2.36 -56.53 4.74
      vertex 2.03648 -56.4874 4.74
    endloop
  endfacet
  facet normal 0.79337 -0.60874 0
    outer loop
      vertex 1.27747 -54.655 17.9407
      vertex 1.47612 -54.3961 4.74
      vertex 1.47612 -54.3961 18.011
    endloop
  endfacet
  facet normal 0.79337 -0.60874 0
    outer loop
      vertex 1.47612 -54.3961 4.74
      vertex 1.27747 -54.655 17.9407
      vertex 1.27747 -54.655 4.74
    endloop
  endfacet
  facet normal -0.923894 0.382647 0
    outer loop
      vertex 3.56741 -55.6035 4.74
      vertex 3.47708 -55.8216 18.4607
      vertex 3.56741 -55.6035 18.4991
    endloop
  endfacet
  facet normal -0.923885 0.382669 0
    outer loop
      vertex 3.44253 -55.905 18.446
      vertex 3.56741 -55.6035 4.74
      vertex 3.44253 -55.905 4.74
    endloop
  endfacet
  facet normal -0.923862 0.382727 1.47575e-06
    outer loop
      vertex 3.56741 -55.6035 4.74
      vertex 3.44253 -55.905 18.446
      vertex 3.47708 -55.8216 18.4607
    endloop
  endfacet
  facet normal 0.382743 0.923855 -0
    outer loop
      vertex 2.03648 -56.4874 4.74
      vertex 1.735 -56.3625 17.955
      vertex 2.03648 -56.4874 18.0285
    endloop
  endfacet
  facet normal 0.382743 0.923855 0
    outer loop
      vertex 1.735 -56.3625 17.955
      vertex 2.03648 -56.4874 4.74
      vertex 1.735 -56.3625 4.74
    endloop
  endfacet
  facet normal -0.79337 -0.60874 0
    outer loop
      vertex 3.44253 -54.655 4.74
      vertex 3.24388 -54.3961 18.489
      vertex 3.24388 -54.3961 4.74
    endloop
  endfacet
  facet normal -0.79337 -0.60874 0
    outer loop
      vertex 3.24388 -54.3961 18.489
      vertex 3.44253 -54.655 4.74
      vertex 3.44253 -54.655 18.5261
    endloop
  endfacet
  facet normal 0.923885 0.382669 -0
    outer loop
      vertex 1.27747 -55.905 4.74
      vertex 1.15259 -55.6035 17.8461
      vertex 1.27747 -55.905 17.8606
    endloop
  endfacet
  facet normal 0.923885 0.382669 0
    outer loop
      vertex 1.15259 -55.6035 17.8461
      vertex 1.27747 -55.905 4.74
      vertex 1.15259 -55.6035 4.74
    endloop
  endfacet
  facet normal 0 0 1
    outer loop
      vertex 3.56741 -54.9565 4.74
      vertex 3.56741 -55.6035 4.74
      vertex 3.61 -55.28 4.74
    endloop
  endfacet
  facet normal 0 0 1
    outer loop
      vertex 3.44253 -54.655 4.74
      vertex 3.56741 -55.6035 4.74
      vertex 3.56741 -54.9565 4.74
    endloop
  endfacet
  facet normal 0 0 1
    outer loop
      vertex 3.44253 -54.655 4.74
      vertex 3.44253 -55.905 4.74
      vertex 3.56741 -55.6035 4.74
    endloop
  endfacet
  facet normal 0 0 1
    outer loop
      vertex 3.24388 -54.3961 4.74
      vertex 3.44253 -55.905 4.74
      vertex 3.44253 -54.655 4.74
    endloop
  endfacet
  facet normal 0 0 1
    outer loop
      vertex 3.24388 -54.3961 4.74
      vertex 3.24388 -56.1639 4.74
      vertex 3.44253 -55.905 4.74
    endloop
  endfacet
  facet normal 0 0 1
    outer loop
      vertex 2.985 -54.1975 4.74
      vertex 3.24388 -56.1639 4.74
      vertex 3.24388 -54.3961 4.74
    endloop
  endfacet
  facet normal 0 0 1
    outer loop
      vertex 2.985 -54.1975 4.74
      vertex 2.985 -56.3625 4.74
      vertex 3.24388 -56.1639 4.74
    endloop
  endfacet
  facet normal 0 0 1
    outer loop
      vertex 2.68352 -54.0726 4.74
      vertex 2.985 -56.3625 4.74
      vertex 2.985 -54.1975 4.74
    endloop
  endfacet
  facet normal 0 0 1
    outer loop
      vertex 2.68352 -54.0726 4.74
      vertex 2.68352 -56.4874 4.74
      vertex 2.985 -56.3625 4.74
    endloop
  endfacet
  facet normal 0 0 1
    outer loop
      vertex 2.36 -54.03 4.74
      vertex 2.68352 -56.4874 4.74
      vertex 2.68352 -54.0726 4.74
    endloop
  endfacet
  facet normal 0 0 1
    outer loop
      vertex 2.36 -54.03 4.74
      vertex 2.36 -56.53 4.74
      vertex 2.68352 -56.4874 4.74
    endloop
  endfacet
  facet normal -0 0 1
    outer loop
      vertex 2.03648 -54.0726 4.74
      vertex 2.36 -56.53 4.74
      vertex 2.36 -54.03 4.74
    endloop
  endfacet
  facet normal 0 0 1
    outer loop
      vertex 2.03648 -54.0726 4.74
      vertex 2.03648 -56.4874 4.74
      vertex 2.36 -56.53 4.74
    endloop
  endfacet
  facet normal -0 0 1
    outer loop
      vertex 1.735 -54.1975 4.74
      vertex 2.03648 -56.4874 4.74
      vertex 2.03648 -54.0726 4.74
    endloop
  endfacet
  facet normal 0 0 1
    outer loop
      vertex 1.735 -54.1975 4.74
      vertex 1.735 -56.3625 4.74
      vertex 2.03648 -56.4874 4.74
    endloop
  endfacet
  facet normal -0 0 1
    outer loop
      vertex 1.47612 -54.3961 4.74
      vertex 1.735 -56.3625 4.74
      vertex 1.735 -54.1975 4.74
    endloop
  endfacet
  facet normal 0 0 1
    outer loop
      vertex 1.47612 -54.3961 4.74
      vertex 1.47612 -56.1639 4.74
      vertex 1.735 -56.3625 4.74
    endloop
  endfacet
  facet normal -0 0 1
    outer loop
      vertex 1.27747 -54.655 4.74
      vertex 1.47612 -56.1639 4.74
      vertex 1.47612 -54.3961 4.74
    endloop
  endfacet
  facet normal 0 0 1
    outer loop
      vertex 1.27747 -54.655 4.74
      vertex 1.27747 -55.905 4.74
      vertex 1.47612 -56.1639 4.74
    endloop
  endfacet
  facet normal -0 0 1
    outer loop
      vertex 1.15259 -54.9565 4.74
      vertex 1.27747 -55.905 4.74
      vertex 1.27747 -54.655 4.74
    endloop
  endfacet
  facet normal 0 0 1
    outer loop
      vertex 1.15259 -54.9565 4.74
      vertex 1.15259 -55.6035 4.74
      vertex 1.27747 -55.905 4.74
    endloop
  endfacet
  facet normal 0 -0 1
    outer loop
      vertex 1.15259 -55.6035 4.74
      vertex 1.15259 -54.9565 4.74
      vertex 1.11 -55.28 4.74
    endloop
  endfacet
  facet normal -0.382722 -0.923864 0
    outer loop
      vertex -11.5465 -69.1426 0
      vertex -11.245 -69.2675 13.49
      vertex -11.5465 -69.1426 13.49
    endloop
  endfacet
  facet normal -0.382722 -0.923864 -0
    outer loop
      vertex -11.245 -69.2675 13.49
      vertex -11.5465 -69.1426 0
      vertex -11.245 -69.2675 0
    endloop
  endfacet
  facet normal 0.923864 0.382722 -0
    outer loop
      vertex -12.9525 -70.975 0
      vertex -13.0774 -70.6735 13.0326
      vertex -12.9525 -70.975 13.0471
    endloop
  endfacet
  facet normal 0.923864 0.382722 0
    outer loop
      vertex -13.0774 -70.6735 13.0326
      vertex -12.9525 -70.975 0
      vertex -13.0774 -70.6735 0
    endloop
  endfacet
  facet normal -0.923864 -0.382722 0
    outer loop
      vertex -10.6626 -70.0265 0
      vertex -10.7875 -69.725 13.49
      vertex -10.7875 -69.725 0
    endloop
  endfacet
  facet normal -0.923864 -0.382722 0
    outer loop
      vertex -10.7875 -69.725 13.49
      vertex -10.6626 -70.0265 0
      vertex -10.6626 -70.0265 13.49
    endloop
  endfacet
  facet normal -0.991441 -0.130558 0
    outer loop
      vertex -10.62 -70.35 0
      vertex -10.6626 -70.0265 13.49
      vertex -10.6626 -70.0265 0
    endloop
  endfacet
  facet normal -0.991441 -0.130558 0
    outer loop
      vertex -10.6626 -70.0265 13.49
      vertex -10.62 -70.35 0
      vertex -10.62 -70.35 13.49
    endloop
  endfacet
  facet normal 0.130558 -0.991441 0
    outer loop
      vertex -11.87 -69.1 0
      vertex -12.1935 -69.1426 13.3698
      vertex -12.1935 -69.1426 0
    endloop
  endfacet
  facet normal 0.130558 -0.991441 0
    outer loop
      vertex -12.1935 -69.1426 13.3698
      vertex -11.87 -69.1 0
      vertex -11.87 -69.1 13.46
    endloop
  endfacet
  facet normal 0.923864 -0.382722 0
    outer loop
      vertex -13.0774 -70.0265 13.0741
      vertex -12.9525 -69.725 0
      vertex -12.9525 -69.725 13.1272
    endloop
  endfacet
  facet normal 0.923864 -0.382722 0
    outer loop
      vertex -12.9525 -69.725 0
      vertex -13.0774 -70.0265 13.0741
      vertex -13.0774 -70.0265 0
    endloop
  endfacet
  facet normal 0.608644 -0.793444 0
    outer loop
      vertex -12.495 -69.2675 0
      vertex -12.7539 -69.4661 13.1975
      vertex -12.7539 -69.4661 0
    endloop
  endfacet
  facet normal 0.608644 -0.793444 0
    outer loop
      vertex -12.7539 -69.4661 13.1975
      vertex -12.495 -69.2675 0
      vertex -12.495 -69.2675 13.2802
    endloop
  endfacet
  facet normal 0.382722 -0.923864 0
    outer loop
      vertex -12.1935 -69.1426 0
      vertex -12.495 -69.2675 13.2802
      vertex -12.495 -69.2675 0
    endloop
  endfacet
  facet normal 0.382722 -0.923864 0
    outer loop
      vertex -12.495 -69.2675 13.2802
      vertex -12.1935 -69.1426 0
      vertex -12.1935 -69.1426 13.3698
    endloop
  endfacet
  facet normal -0.608644 -0.793444 0
    outer loop
      vertex -11.245 -69.2675 0
      vertex -10.9861 -69.4661 13.49
      vertex -11.245 -69.2675 13.49
    endloop
  endfacet
  facet normal -0.608644 -0.793444 -0
    outer loop
      vertex -10.9861 -69.4661 13.49
      vertex -11.245 -69.2675 0
      vertex -10.9861 -69.4661 0
    endloop
  endfacet
  facet normal 0.991441 -0.130558 0
    outer loop
      vertex -13.12 -70.35 13.0419
      vertex -13.0774 -70.0265 0
      vertex -13.0774 -70.0265 13.0741
    endloop
  endfacet
  facet normal 0.991441 -0.130558 0
    outer loop
      vertex -13.0774 -70.0265 0
      vertex -13.12 -70.35 13.0419
      vertex -13.12 -70.35 0
    endloop
  endfacet
  facet normal -0.991441 0.130558 0
    outer loop
      vertex -10.6626 -70.6735 0
      vertex -10.62 -70.35 13.49
      vertex -10.62 -70.35 0
    endloop
  endfacet
  facet normal -0.991441 0.130558 0
    outer loop
      vertex -10.62 -70.35 13.49
      vertex -10.6626 -70.6735 0
      vertex -10.6626 -70.6735 13.49
    endloop
  endfacet
  facet normal -0.793444 0.608644 0
    outer loop
      vertex -10.9861 -71.2339 0
      vertex -10.7875 -70.975 13.49
      vertex -10.7875 -70.975 0
    endloop
  endfacet
  facet normal -0.793444 0.608644 0
    outer loop
      vertex -10.7875 -70.975 13.49
      vertex -10.9861 -71.2339 0
      vertex -10.9861 -71.2339 13.49
    endloop
  endfacet
  facet normal -0.130516 -0.991446 -0.000457201
    outer loop
      vertex -11.87 -69.1 13.46
      vertex -11.5465 -69.1426 13.49
      vertex -11.7554 -69.1151 13.49
    endloop
  endfacet
  facet normal -0.130558 -0.991441 0
    outer loop
      vertex -11.5465 -69.1426 0
      vertex -11.87 -69.1 13.46
      vertex -11.87 -69.1 0
    endloop
  endfacet
  facet normal -0.130558 -0.991441 0
    outer loop
      vertex -11.87 -69.1 13.46
      vertex -11.5465 -69.1426 0
      vertex -11.5465 -69.1426 13.49
    endloop
  endfacet
  facet normal -0.608723 0.793376 0.00322967
    outer loop
      vertex -10.9861 -71.2339 13.49
      vertex -11.245 -71.4325 13.4795
      vertex -11.2121 -71.4073 13.49
    endloop
  endfacet
  facet normal -0.608644 0.793444 0
    outer loop
      vertex -10.9861 -71.2339 0
      vertex -11.245 -71.4325 13.4795
      vertex -10.9861 -71.2339 13.49
    endloop
  endfacet
  facet normal -0.608644 0.793444 0
    outer loop
      vertex -11.245 -71.4325 13.4795
      vertex -10.9861 -71.2339 0
      vertex -11.245 -71.4325 0
    endloop
  endfacet
  facet normal 0.608644 0.793444 -0
    outer loop
      vertex -12.495 -71.4325 0
      vertex -12.7539 -71.2339 13.0842
      vertex -12.495 -71.4325 13.1415
    endloop
  endfacet
  facet normal 0.608644 0.793444 0
    outer loop
      vertex -12.7539 -71.2339 13.0842
      vertex -12.495 -71.4325 0
      vertex -12.7539 -71.2339 0
    endloop
  endfacet
  facet normal 0.793444 -0.608644 0
    outer loop
      vertex -12.9525 -69.725 13.1272
      vertex -12.7539 -69.4661 0
      vertex -12.7539 -69.4661 13.1975
    endloop
  endfacet
  facet normal 0.793444 -0.608644 0
    outer loop
      vertex -12.7539 -69.4661 0
      vertex -12.9525 -69.725 13.1272
      vertex -12.9525 -69.725 0
    endloop
  endfacet
  facet normal -0.382722 0.923864 0
    outer loop
      vertex -11.245 -71.4325 0
      vertex -11.5465 -71.5574 13.39
      vertex -11.245 -71.4325 13.4795
    endloop
  endfacet
  facet normal -0.382722 0.923864 0
    outer loop
      vertex -11.5465 -71.5574 13.39
      vertex -11.245 -71.4325 0
      vertex -11.5465 -71.5574 0
    endloop
  endfacet
  facet normal -0.130558 0.991441 0
    outer loop
      vertex -11.5465 -71.5574 0
      vertex -11.87 -71.6 13.2997
      vertex -11.5465 -71.5574 13.39
    endloop
  endfacet
  facet normal -0.130558 0.991441 0
    outer loop
      vertex -11.87 -71.6 13.2997
      vertex -11.5465 -71.5574 0
      vertex -11.87 -71.6 0
    endloop
  endfacet
  facet normal 0.991441 0.130558 0
    outer loop
      vertex -13.0774 -70.6735 13.0326
      vertex -13.12 -70.35 0
      vertex -13.12 -70.35 13.0419
    endloop
  endfacet
  facet normal 0.991441 0.130558 0
    outer loop
      vertex -13.12 -70.35 0
      vertex -13.0774 -70.6735 13.0326
      vertex -13.0774 -70.6735 0
    endloop
  endfacet
  facet normal -0.793444 -0.608644 0
    outer loop
      vertex -10.7875 -69.725 0
      vertex -10.9861 -69.4661 13.49
      vertex -10.9861 -69.4661 0
    endloop
  endfacet
  facet normal -0.793444 -0.608644 0
    outer loop
      vertex -10.9861 -69.4661 13.49
      vertex -10.7875 -69.725 0
      vertex -10.7875 -69.725 13.49
    endloop
  endfacet
  facet normal -0.923864 0.382722 0
    outer loop
      vertex -10.7875 -70.975 0
      vertex -10.6626 -70.6735 13.49
      vertex -10.6626 -70.6735 0
    endloop
  endfacet
  facet normal -0.923864 0.382722 0
    outer loop
      vertex -10.6626 -70.6735 13.49
      vertex -10.7875 -70.975 0
      vertex -10.7875 -70.975 13.49
    endloop
  endfacet
  facet normal 0.793633 0.608397 7.79302e-06
    outer loop
      vertex -12.7539 -71.2339 0
      vertex -12.9525 -70.975 13.0471
      vertex -12.9167 -71.0217 13.0538
    endloop
  endfacet
  facet normal 0.793402 0.608698 -0
    outer loop
      vertex -12.7539 -71.2339 0
      vertex -12.9167 -71.0217 13.0538
      vertex -12.7539 -71.2339 13.0842
    endloop
  endfacet
  facet normal 0.793444 0.608644 0
    outer loop
      vertex -12.9525 -70.975 13.0471
      vertex -12.7539 -71.2339 0
      vertex -12.9525 -70.975 0
    endloop
  endfacet
  facet normal 0.13066 0.991427 -0
    outer loop
      vertex -11.87 -71.6 0
      vertex -11.9823 -71.5852 13.2703
      vertex -11.87 -71.6 13.2997
    endloop
  endfacet
  facet normal 0.130503 0.991448 -1.34833e-06
    outer loop
      vertex -11.87 -71.6 0
      vertex -12.1935 -71.5574 13.215
      vertex -11.9823 -71.5852 13.2703
    endloop
  endfacet
  facet normal 0.130558 0.991441 0
    outer loop
      vertex -12.1935 -71.5574 13.215
      vertex -11.87 -71.6 0
      vertex -12.1935 -71.5574 0
    endloop
  endfacet
  facet normal 0.382722 0.923864 -0
    outer loop
      vertex -12.1935 -71.5574 0
      vertex -12.495 -71.4325 13.1415
      vertex -12.1935 -71.5574 13.215
    endloop
  endfacet
  facet normal 0.382722 0.923864 0
    outer loop
      vertex -12.495 -71.4325 13.1415
      vertex -12.1935 -71.5574 0
      vertex -12.495 -71.4325 0
    endloop
  endfacet
endsolid OpenSCAD_Model
