solid OpenSCAD_Model
  facet normal -0 0 -1
    outer loop
      vertex -23.6868 -79.4876 0
      vertex -24.86 -83.01 0
      vertex -23.7918 -78.69 0
    endloop
  endfacet
  facet normal -0 0 -1
    outer loop
      vertex -23.6864 -79.4902 0
      vertex -24.86 -83.01 0
      vertex -23.6868 -79.4876 0
    endloop
  endfacet
  facet normal -0 0 -1
    outer loop
      vertex -23.6854 -79.4926 0
      vertex -24.86 -83.01 0
      vertex -23.6864 -79.4902 0
    endloop
  endfacet
  facet normal -0 0 -1
    outer loop
      vertex -23.3775 -80.2359 0
      vertex -24.86 -83.01 0
      vertex -23.6854 -79.4926 0
    endloop
  endfacet
  facet normal -0 0 -1
    outer loop
      vertex -22.8878 -80.8741 0
      vertex -24.86 -83.01 0
      vertex -23.3775 -80.2359 0
    endloop
  endfacet
  facet normal -0 0 -1
    outer loop
      vertex -22.8862 -80.8762 0
      vertex -24.86 -83.01 0
      vertex -22.8878 -80.8741 0
    endloop
  endfacet
  facet normal -0 0 -1
    outer loop
      vertex -22.248 -81.366 0
      vertex -24.86 -83.01 0
      vertex -22.8862 -80.8762 0
    endloop
  endfacet
  facet normal -0 0 -1
    outer loop
      vertex -22.2459 -81.3675 0
      vertex -24.86 -83.01 0
      vertex -22.248 -81.366 0
    endloop
  endfacet
  facet normal 0 0 -1
    outer loop
      vertex -24.86 -83.01 0
      vertex -22.2459 -81.3675 0
      vertex -22.2396 -81.3701 0
    endloop
  endfacet
  facet normal 0 0 -1
    outer loop
      vertex 4.10999 39.94 0
      vertex -6.80324 31.5024 0
      vertex -6.69823 32.3 0
    endloop
  endfacet
  facet normal 0 0 -1
    outer loop
      vertex 14.08 -36.91 0
      vertex -6.80358 31.4998 0
      vertex -6.80324 31.5024 0
    endloop
  endfacet
  facet normal 0 0 -1
    outer loop
      vertex -8.62 -20.65 0
      vertex 14.08 -36.91 0
      vertex -7.48 -25.68 0
    endloop
  endfacet
  facet normal 0 0 -1
    outer loop
      vertex -11.98 -2.46999 0
      vertex 14.08 -36.91 0
      vertex -8.62 -20.65 0
    endloop
  endfacet
  facet normal 0 -0 -1
    outer loop
      vertex -7.11245 30.7541 0
      vertex 14.08 -36.91 0
      vertex -11.98 -2.46999 0
    endloop
  endfacet
  facet normal 0 0 -1
    outer loop
      vertex 14.08 -36.91 0
      vertex -7.11145 30.7565 0
      vertex -6.80358 31.4998 0
    endloop
  endfacet
  facet normal 0 0 -1
    outer loop
      vertex 14.08 -36.91 0
      vertex -7.11245 30.7541 0
      vertex -7.11145 30.7565 0
    endloop
  endfacet
  facet normal 0 0 -1
    outer loop
      vertex -12.7 2.54999 0
      vertex -7.11245 30.7541 0
      vertex -11.98 -2.46999 0
    endloop
  endfacet
  facet normal 0 0 -1
    outer loop
      vertex -7.11245 30.7541 0
      vertex -12.7 2.54999 0
      vertex -7.11404 30.752 0
    endloop
  endfacet
  facet normal 0 0 -1
    outer loop
      vertex -7.11404 30.752 0
      vertex -12.7 2.54999 0
      vertex -7.60379 30.1138 0
    endloop
  endfacet
  facet normal 0 0 -1
    outer loop
      vertex -14.32 19.34 0
      vertex -7.60379 30.1138 0
      vertex -12.7 2.54999 0
    endloop
  endfacet
  facet normal 0 0 -1
    outer loop
      vertex -7.60379 30.1138 0
      vertex -14.32 19.34 0
      vertex -7.60586 30.1122 0
    endloop
  endfacet
  facet normal 0 0 -1
    outer loop
      vertex -7.60586 30.1122 0
      vertex -14.32 19.34 0
      vertex -8.24412 29.6225 0
    endloop
  endfacet
  facet normal 0 0 -1
    outer loop
      vertex -8.24412 29.6225 0
      vertex -14.32 19.34 0
      vertex -8.98738 29.3146 0
    endloop
  endfacet
  facet normal 0 0 -1
    outer loop
      vertex -8.98738 29.3146 0
      vertex -14.32 19.34 0
      vertex -8.98979 29.3136 0
    endloop
  endfacet
  facet normal 0 0 -1
    outer loop
      vertex -14.51 23.59 0
      vertex -8.98979 29.3136 0
      vertex -14.32 19.34 0
    endloop
  endfacet
  facet normal 0 0 -1
    outer loop
      vertex -8.98979 29.3136 0
      vertex -14.51 23.59 0
      vertex -8.99238 29.3132 0
    endloop
  endfacet
  facet normal 0 0 -1
    outer loop
      vertex -8.99238 29.3132 0
      vertex -14.51 23.59 0
      vertex -9.79 29.2082 0
    endloop
  endfacet
  facet normal -0 0 -1
    outer loop
      vertex -9.79 29.2082 0
      vertex -14.51 23.59 0
      vertex -10.5876 29.3132 0
    endloop
  endfacet
  facet normal -0 0 -1
    outer loop
      vertex -10.5876 29.3132 0
      vertex -14.51 23.59 0
      vertex -10.5902 29.3136 0
    endloop
  endfacet
  facet normal -0 0 -1
    outer loop
      vertex -10.5902 29.3136 0
      vertex -14.51 23.59 0
      vertex -10.5926 29.3146 0
    endloop
  endfacet
  facet normal -0 0 -1
    outer loop
      vertex -10.5926 29.3146 0
      vertex -14.51 23.59 0
      vertex -11.3359 29.6225 0
    endloop
  endfacet
  facet normal -0 0 -1
    outer loop
      vertex -11.3359 29.6225 0
      vertex -14.51 23.59 0
      vertex -11.9741 30.1122 0
    endloop
  endfacet
  facet normal -0 0 -1
    outer loop
      vertex -11.9741 30.1122 0
      vertex -14.51 23.59 0
      vertex -11.9762 30.1138 0
    endloop
  endfacet
  facet normal -0 0 -1
    outer loop
      vertex -11.9762 30.1138 0
      vertex -14.51 23.59 0
      vertex -12.466 30.752 0
    endloop
  endfacet
  facet normal -0 0 -1
    outer loop
      vertex -12.466 30.752 0
      vertex -14.51 23.59 0
      vertex -12.4675 30.7541 0
    endloop
  endfacet
  facet normal -0 0 -1
    outer loop
      vertex -12.4675 30.7541 0
      vertex -14.51 23.59 0
      vertex -12.4685 30.7565 0
    endloop
  endfacet
  facet normal -0 0 -1
    outer loop
      vertex -12.4685 30.7565 0
      vertex -14.51 23.59 0
      vertex -12.7764 31.4998 0
    endloop
  endfacet
  facet normal -0 0 -1
    outer loop
      vertex -12.7764 31.4998 0
      vertex -14.51 23.59 0
      vertex -12.7768 31.5024 0
    endloop
  endfacet
  facet normal -0 0 -1
    outer loop
      vertex -12.7768 31.5024 0
      vertex -14.51 23.59 0
      vertex -12.8818 32.3 0
    endloop
  endfacet
  facet normal -0 0 -1
    outer loop
      vertex -12.8818 32.3 0
      vertex -14.51 23.59 0
      vertex -14.15 36.42 0
    endloop
  endfacet
  facet normal 0 0 -1
    outer loop
      vertex 7.92999 -62.49 0
      vertex 14.08 -36.91 0
      vertex 23.51 -52.75 0
    endloop
  endfacet
  facet normal 0 0 -1
    outer loop
      vertex -2.89999 -42.46 0
      vertex 14.08 -36.91 0
      vertex 7.92999 -62.49 0
    endloop
  endfacet
  facet normal 0 0 -1
    outer loop
      vertex -2.89999 -42.46 0
      vertex 7.92999 -62.49 0
      vertex 7.10999 -63.01 0
    endloop
  endfacet
  facet normal 0 0 -1
    outer loop
      vertex -7.48 -25.68 0
      vertex 14.08 -36.91 0
      vertex -2.89999 -42.46 0
    endloop
  endfacet
  facet normal 0 0 -1
    outer loop
      vertex 14.08 -36.91 0
      vertex 4.10999 39.94 0
      vertex 12.68 43.75 0
    endloop
  endfacet
  facet normal 0 0 -1
    outer loop
      vertex -18.72 -57.42 0
      vertex 7.10999 -63.01 0
      vertex -8.45999 -72.75 0
    endloop
  endfacet
  facet normal 0 0 -1
    outer loop
      vertex -18.72 -57.42 0
      vertex -8.45999 -72.75 0
      vertex -9.28 -73.26 0
    endloop
  endfacet
  facet normal 0 0 -1
    outer loop
      vertex -17.7136 -77.8898 0
      vertex -9.28 -73.26 0
      vertex -17.6348 -78.4884 0
    endloop
  endfacet
  facet normal 0 0 -1
    outer loop
      vertex -18.0215 -77.1465 0
      vertex -9.28 -73.26 0
      vertex -17.7136 -77.8898 0
    endloop
  endfacet
  facet normal 0 0 -1
    outer loop
      vertex -18.0225 -77.1441 0
      vertex -9.28 -73.26 0
      vertex -18.0215 -77.1465 0
    endloop
  endfacet
  facet normal 0 0 -1
    outer loop
      vertex -18.024 -77.142 0
      vertex -9.28 -73.26 0
      vertex -18.0225 -77.1441 0
    endloop
  endfacet
  facet normal 0 0 -1
    outer loop
      vertex -18.5138 -76.5038 0
      vertex -9.28 -73.26 0
      vertex -18.024 -77.142 0
    endloop
  endfacet
  facet normal 0 0 -1
    outer loop
      vertex -19.152 -76.014 0
      vertex -9.28 -73.26 0
      vertex -18.5138 -76.5038 0
    endloop
  endfacet
  facet normal 0 0 -1
    outer loop
      vertex 7.10999 -63.01 0
      vertex -18.72 -57.42 0
      vertex -2.89999 -42.46 0
    endloop
  endfacet
  facet normal 0 0 -1
    outer loop
      vertex -19.1541 -76.0125 0
      vertex -9.28 -73.26 0
      vertex -19.152 -76.014 0
    endloop
  endfacet
  facet normal 0 0 -1
    outer loop
      vertex -19.8974 -75.7046 0
      vertex -9.28 -73.26 0
      vertex -19.1541 -76.0125 0
    endloop
  endfacet
  facet normal 0 0 -1
    outer loop
      vertex -19.8998 -75.7036 0
      vertex -9.28 -73.26 0
      vertex -19.8974 -75.7046 0
    endloop
  endfacet
  facet normal -0 0 -1
    outer loop
      vertex -9.28 -73.26 0
      vertex -19.8998 -75.7036 0
      vertex -18.72 -57.42 0
    endloop
  endfacet
  facet normal 0 0 -1
    outer loop
      vertex -19.9024 -75.7032 0
      vertex -18.72 -57.42 0
      vertex -19.8998 -75.7036 0
    endloop
  endfacet
  facet normal 0 0 -1
    outer loop
      vertex -20.7 -75.5982 0
      vertex -18.72 -57.42 0
      vertex -19.9024 -75.7032 0
    endloop
  endfacet
  facet normal 0 0 -1
    outer loop
      vertex -21.4976 -75.7032 0
      vertex -18.72 -57.42 0
      vertex -20.7 -75.5982 0
    endloop
  endfacet
  facet normal 0 0 -1
    outer loop
      vertex -21.5002 -75.7036 0
      vertex -18.72 -57.42 0
      vertex -21.4976 -75.7032 0
    endloop
  endfacet
  facet normal 0 0 -1
    outer loop
      vertex -34.29 -67.17 0
      vertex -21.5002 -75.7036 0
      vertex -21.5026 -75.7046 0
    endloop
  endfacet
  facet normal 0 0 -1
    outer loop
      vertex -34.29 -67.17 0
      vertex -21.5026 -75.7046 0
      vertex -22.2459 -76.0125 0
    endloop
  endfacet
  facet normal 0 0 -1
    outer loop
      vertex -34.29 -67.17 0
      vertex -22.2459 -76.0125 0
      vertex -22.248 -76.014 0
    endloop
  endfacet
  facet normal 0 0 -1
    outer loop
      vertex -34.29 -67.17 0
      vertex -22.248 -76.014 0
      vertex -22.8862 -76.5038 0
    endloop
  endfacet
  facet normal 0 0 -1
    outer loop
      vertex -34.29 -67.17 0
      vertex -22.8862 -76.5038 0
      vertex -22.8878 -76.5059 0
    endloop
  endfacet
  facet normal 0 0 -1
    outer loop
      vertex -34.29 -67.17 0
      vertex -22.8878 -76.5059 0
      vertex -23.3775 -77.1441 0
    endloop
  endfacet
  facet normal 0 0 -1
    outer loop
      vertex -34.29 -67.17 0
      vertex -23.3775 -77.1441 0
      vertex -23.6854 -77.8874 0
    endloop
  endfacet
  facet normal 0 0 -1
    outer loop
      vertex -34.29 -67.17 0
      vertex -23.6854 -77.8874 0
      vertex -23.6864 -77.8898 0
    endloop
  endfacet
  facet normal 0 0 -1
    outer loop
      vertex -34.29 -67.17 0
      vertex -23.7918 -78.69 0
      vertex -24.86 -83.01 0
    endloop
  endfacet
  facet normal 0 0 -1
    outer loop
      vertex -23.7918 -78.69 0
      vertex -34.29 -67.17 0
      vertex -23.6868 -77.8924 0
    endloop
  endfacet
  facet normal 0 0 -1
    outer loop
      vertex -21.5002 -75.7036 0
      vertex -34.29 -67.17 0
      vertex -18.72 -57.42 0
    endloop
  endfacet
  facet normal 0 0 -1
    outer loop
      vertex -23.6868 -77.8924 0
      vertex -34.29 -67.17 0
      vertex -23.6864 -77.8898 0
    endloop
  endfacet
  facet normal 0 0 -1
    outer loop
      vertex -6.80324 31.5024 0
      vertex 4.10999 39.94 0
      vertex 14.08 -36.91 0
    endloop
  endfacet
  facet normal 0 0 -1
    outer loop
      vertex -6.80324 33.0976 0
      vertex 4.10999 39.94 0
      vertex -6.69823 32.3 0
    endloop
  endfacet
  facet normal 0 0 -1
    outer loop
      vertex -6.80358 33.1002 0
      vertex 4.10999 39.94 0
      vertex -6.80324 33.0976 0
    endloop
  endfacet
  facet normal 0 0 -1
    outer loop
      vertex -7.11145 33.8435 0
      vertex 4.10999 39.94 0
      vertex -6.80358 33.1002 0
    endloop
  endfacet
  facet normal 0 0 -1
    outer loop
      vertex -7.11245 33.8459 0
      vertex 4.10999 39.94 0
      vertex -7.11145 33.8435 0
    endloop
  endfacet
  facet normal 0 0 -1
    outer loop
      vertex -7.6022 34.4841 0
      vertex 4.10999 39.94 0
      vertex -7.11245 33.8459 0
    endloop
  endfacet
  facet normal 0 0 -1
    outer loop
      vertex -7.60379 34.4862 0
      vertex 4.10999 39.94 0
      vertex -7.6022 34.4841 0
    endloop
  endfacet
  facet normal 0 0 -1
    outer loop
      vertex -7.60586 34.4878 0
      vertex 4.10999 39.94 0
      vertex -7.60379 34.4862 0
    endloop
  endfacet
  facet normal 0 0 -1
    outer loop
      vertex -8.24412 34.9775 0
      vertex 4.10999 39.94 0
      vertex -7.60586 34.4878 0
    endloop
  endfacet
  facet normal 0 0 -1
    outer loop
      vertex -8.24653 34.9785 0
      vertex 4.10999 39.94 0
      vertex -8.24412 34.9775 0
    endloop
  endfacet
  facet normal 0 0 -1
    outer loop
      vertex -8.98979 35.2864 0
      vertex 4.10999 39.94 0
      vertex -8.24653 34.9785 0
    endloop
  endfacet
  facet normal 0 0 -1
    outer loop
      vertex -8.99238 35.2868 0
      vertex 4.10999 39.94 0
      vertex -8.98979 35.2864 0
    endloop
  endfacet
  facet normal 0 0 -1
    outer loop
      vertex -9.79 35.3918 0
      vertex 4.10999 39.94 0
      vertex -8.99238 35.2868 0
    endloop
  endfacet
  facet normal 0 0 -1
    outer loop
      vertex -14.15 36.42 0
      vertex -9.79 35.3918 0
      vertex -10.5876 35.2868 0
    endloop
  endfacet
  facet normal 0 0 -1
    outer loop
      vertex -14.15 36.42 0
      vertex -10.5876 35.2868 0
      vertex -10.5902 35.2864 0
    endloop
  endfacet
  facet normal 0 0 -1
    outer loop
      vertex -14.15 36.42 0
      vertex -12.7768 33.0976 0
      vertex -12.8818 32.3 0
    endloop
  endfacet
  facet normal 0 0 -1
    outer loop
      vertex -9.79 35.3918 0
      vertex -14.15 36.42 0
      vertex 4.10999 39.94 0
    endloop
  endfacet
  facet normal 0 0 -1
    outer loop
      vertex -11.3335 34.9785 0
      vertex -14.15 36.42 0
      vertex -10.5902 35.2864 0
    endloop
  endfacet
  facet normal 0 0 -1
    outer loop
      vertex -11.3359 34.9775 0
      vertex -14.15 36.42 0
      vertex -11.3335 34.9785 0
    endloop
  endfacet
  facet normal 0 0 -1
    outer loop
      vertex -11.9741 34.4878 0
      vertex -14.15 36.42 0
      vertex -11.3359 34.9775 0
    endloop
  endfacet
  facet normal 0 0 -1
    outer loop
      vertex -11.9762 34.4862 0
      vertex -14.15 36.42 0
      vertex -11.9741 34.4878 0
    endloop
  endfacet
  facet normal 0 0 -1
    outer loop
      vertex -11.9778 34.4841 0
      vertex -14.15 36.42 0
      vertex -11.9762 34.4862 0
    endloop
  endfacet
  facet normal 0 0 -1
    outer loop
      vertex -12.4675 33.8459 0
      vertex -14.15 36.42 0
      vertex -11.9778 34.4841 0
    endloop
  endfacet
  facet normal 0 0 -1
    outer loop
      vertex -12.4685 33.8435 0
      vertex -14.15 36.42 0
      vertex -12.4675 33.8459 0
    endloop
  endfacet
  facet normal 0 0 -1
    outer loop
      vertex -12.7764 33.1002 0
      vertex -14.15 36.42 0
      vertex -12.4685 33.8435 0
    endloop
  endfacet
  facet normal 0 0 -1
    outer loop
      vertex -12.7768 33.0976 0
      vertex -14.15 36.42 0
      vertex -12.7764 33.1002 0
    endloop
  endfacet
  facet normal 0 0 -1
    outer loop
      vertex 54.3514 -46.1774 0
      vertex 68.63 -43.94 0
      vertex 54.3518 -46.18 0
    endloop
  endfacet
  facet normal 0 0 -1
    outer loop
      vertex 53.9385 -47.7235 0
      vertex 68.63 -43.94 0
      vertex 71.8 -52.34 0
    endloop
  endfacet
  facet normal 0 0 -1
    outer loop
      vertex 68.63 -43.94 0
      vertex 54.3514 -46.1826 0
      vertex 54.3518 -46.18 0
    endloop
  endfacet
  facet normal 0 0 -1
    outer loop
      vertex 68.63 -43.94 0
      vertex 54.2464 -46.9802 0
      vertex 54.3514 -46.1826 0
    endloop
  endfacet
  facet normal 0 0 -1
    outer loop
      vertex 68.63 -43.94 0
      vertex 53.9385 -47.7235 0
      vertex 54.2464 -46.9802 0
    endloop
  endfacet
  facet normal 0 0 -1
    outer loop
      vertex 71.8 -52.34 0
      vertex 53.9375 -47.7259 0
      vertex 53.9385 -47.7235 0
    endloop
  endfacet
  facet normal 0 0 -1
    outer loop
      vertex 53.22 -51.85 0
      vertex 53.9375 -47.7259 0
      vertex 71.8 -52.34 0
    endloop
  endfacet
  facet normal 0 0 -1
    outer loop
      vertex 53.9375 -47.7259 0
      vertex 53.22 -51.85 0
      vertex 53.936 -47.728 0
    endloop
  endfacet
  facet normal 0 0 -1
    outer loop
      vertex 53.936 -47.728 0
      vertex 53.22 -51.85 0
      vertex 53.4462 -48.3662 0
    endloop
  endfacet
  facet normal 0 0 -1
    outer loop
      vertex 53.22 -51.85 0
      vertex 52.808 -48.856 0
      vertex 53.4462 -48.3662 0
    endloop
  endfacet
  facet normal 0 0 -1
    outer loop
      vertex 52.34 -49.9 0
      vertex 52.808 -48.856 0
      vertex 53.22 -51.85 0
    endloop
  endfacet
  facet normal 0 0 -1
    outer loop
      vertex 52.808 -48.856 0
      vertex 52.34 -49.9 0
      vertex 52.8059 -48.8575 0
    endloop
  endfacet
  facet normal 0 0 -1
    outer loop
      vertex 52.34 -49.9 0
      vertex 52.0626 -49.1654 0
      vertex 52.8059 -48.8575 0
    endloop
  endfacet
  facet normal 0 0 -1
    outer loop
      vertex 52.34 -49.9 0
      vertex 52.0602 -49.1664 0
      vertex 52.0626 -49.1654 0
    endloop
  endfacet
  facet normal 0 0 -1
    outer loop
      vertex 52.34 -49.9 0
      vertex 52.0576 -49.1668 0
      vertex 52.0602 -49.1664 0
    endloop
  endfacet
  facet normal 0 0 -1
    outer loop
      vertex 52.34 -49.9 0
      vertex 51.26 -49.2718 0
      vertex 52.0576 -49.1668 0
    endloop
  endfacet
  facet normal 0 0 -1
    outer loop
      vertex 52.34 -49.9 0
      vertex 50.4624 -49.1668 0
      vertex 51.26 -49.2718 0
    endloop
  endfacet
  facet normal 0 0 -1
    outer loop
      vertex 52.34 -49.9 0
      vertex 50.4598 -49.1664 0
      vertex 50.4624 -49.1668 0
    endloop
  endfacet
  facet normal 0 0 -1
    outer loop
      vertex 33.75 -49.9 0
      vertex 50.4574 -49.1654 0
      vertex 50.4598 -49.1664 0
    endloop
  endfacet
  facet normal 0 0 -1
    outer loop
      vertex 33.75 -49.9 0
      vertex 49.712 -48.856 0
      vertex 49.7141 -48.8575 0
    endloop
  endfacet
  facet normal 0 0 -1
    outer loop
      vertex 33.75 -49.9 0
      vertex 48.2746 -46.9826 0
      vertex 48.5825 -47.7259 0
    endloop
  endfacet
  facet normal 0 0 -1
    outer loop
      vertex 33.75 -49.9 0
      vertex 48.2732 -46.9776 0
      vertex 48.2736 -46.9802 0
    endloop
  endfacet
  facet normal -0 0 -1
    outer loop
      vertex 48.2732 -46.9776 0
      vertex 33.75 -49.9 0
      vertex 48.1682 -46.18 0
    endloop
  endfacet
  facet normal -0 0 -1
    outer loop
      vertex 48.2746 -46.9826 0
      vertex 33.75 -49.9 0
      vertex 48.2736 -46.9802 0
    endloop
  endfacet
  facet normal -0 0 -1
    outer loop
      vertex 49.0722 -48.3641 0
      vertex 33.75 -49.9 0
      vertex 48.5825 -47.7259 0
    endloop
  endfacet
  facet normal -0 0 -1
    outer loop
      vertex 49.0738 -48.3662 0
      vertex 33.75 -49.9 0
      vertex 49.0722 -48.3641 0
    endloop
  endfacet
  facet normal -0 0 -1
    outer loop
      vertex 49.712 -48.856 0
      vertex 33.75 -49.9 0
      vertex 49.0738 -48.3662 0
    endloop
  endfacet
  facet normal -0 0 -1
    outer loop
      vertex 50.4574 -49.1654 0
      vertex 33.75 -49.9 0
      vertex 49.7141 -48.8575 0
    endloop
  endfacet
  facet normal 0 0 -1
    outer loop
      vertex 33.75 -49.9 0
      vertex 50.4598 -49.1664 0
      vertex 52.34 -49.9 0
    endloop
  endfacet
  facet normal 0 0 -1
    outer loop
      vertex 86.85 -47.7 0
      vertex 97.2046 -49.1826 0
      vertex 97.4404 -49.752 0
    endloop
  endfacet
  facet normal 0 0 -1
    outer loop
      vertex 97.2046 -49.1826 0
      vertex 86.85 -47.7 0
      vertex 97.2036 -49.1802 0
    endloop
  endfacet
  facet normal 0 0 -1
    outer loop
      vertex 86.85 -47.7 0
      vertex 97.2032 -49.1776 0
      vertex 97.2036 -49.1802 0
    endloop
  endfacet
  facet normal 0 0 -1
    outer loop
      vertex 86.85 -47.7 0
      vertex 97.0982 -48.38 0
      vertex 97.2032 -49.1776 0
    endloop
  endfacet
  facet normal -0 0 -1
    outer loop
      vertex 108.18 -29.75 0
      vertex 68.63 -43.94 0
      vertex 111.76 -11.61 0
    endloop
  endfacet
  facet normal -0 0 -1
    outer loop
      vertex 111.76 -11.61 0
      vertex 68.63 -43.94 0
      vertex 87.21 35.07 0
    endloop
  endfacet
  facet normal 0 0 -1
    outer loop
      vertex 55.77 47.54 0
      vertex 87.21 35.07 0
      vertex 68.63 -43.94 0
    endloop
  endfacet
  facet normal 0 0 -1
    outer loop
      vertex 87.21 35.07 0
      vertex 55.77 47.54 0
      vertex 74.35 47.05 0
    endloop
  endfacet
  facet normal 0 0 -1
    outer loop
      vertex 105.43 -51.3 0
      vertex 103.177 -49.1776 0
      vertex 103.282 -48.38 0
    endloop
  endfacet
  facet normal 0 0 -1
    outer loop
      vertex 105.43 -51.3 0
      vertex 103.176 -49.1802 0
      vertex 103.177 -49.1776 0
    endloop
  endfacet
  facet normal 0 0 -1
    outer loop
      vertex 105.43 -51.3 0
      vertex 103.175 -49.1826 0
      vertex 103.176 -49.1802 0
    endloop
  endfacet
  facet normal 0 0 -1
    outer loop
      vertex 105.43 -51.3 0
      vertex 102.868 -49.9259 0
      vertex 103.175 -49.1826 0
    endloop
  endfacet
  facet normal 0 0 -1
    outer loop
      vertex 105.43 -51.3 0
      vertex 102.378 -50.5641 0
      vertex 102.868 -49.9259 0
    endloop
  endfacet
  facet normal 0 0 -1
    outer loop
      vertex 105.43 -51.3 0
      vertex 102.376 -50.5662 0
      vertex 102.378 -50.5641 0
    endloop
  endfacet
  facet normal 0 0 -1
    outer loop
      vertex 105.43 -51.3 0
      vertex 102.374 -50.5678 0
      vertex 102.376 -50.5662 0
    endloop
  endfacet
  facet normal 0 -0 -1
    outer loop
      vertex 102.374 -50.5678 0
      vertex 105.43 -51.3 0
      vertex 102.228 -50.6797 0
    endloop
  endfacet
  facet normal 0 0 -1
    outer loop
      vertex 54.2464 -45.3798 0
      vertex 68.63 -43.94 0
      vertex 54.3514 -46.1774 0
    endloop
  endfacet
  facet normal 0 0 -1
    outer loop
      vertex 53.9385 -44.6365 0
      vertex 68.63 -43.94 0
      vertex 54.2464 -45.3798 0
    endloop
  endfacet
  facet normal 0 0 -1
    outer loop
      vertex 53.9375 -44.6341 0
      vertex 68.63 -43.94 0
      vertex 53.9385 -44.6365 0
    endloop
  endfacet
  facet normal 0 0 -1
    outer loop
      vertex 53.936 -44.632 0
      vertex 68.63 -43.94 0
      vertex 53.9375 -44.6341 0
    endloop
  endfacet
  facet normal 0 0 -1
    outer loop
      vertex 53.4462 -43.9938 0
      vertex 68.63 -43.94 0
      vertex 53.936 -44.632 0
    endloop
  endfacet
  facet normal 0 0 -1
    outer loop
      vertex 52.808 -43.504 0
      vertex 68.63 -43.94 0
      vertex 53.4462 -43.9938 0
    endloop
  endfacet
  facet normal 0 0 -1
    outer loop
      vertex 52.8059 -43.5025 0
      vertex 68.63 -43.94 0
      vertex 52.808 -43.504 0
    endloop
  endfacet
  facet normal 0 0 -1
    outer loop
      vertex 52.8035 -43.5015 0
      vertex 68.63 -43.94 0
      vertex 52.8059 -43.5025 0
    endloop
  endfacet
  facet normal 0 0 -1
    outer loop
      vertex 52.0602 -43.1936 0
      vertex 68.63 -43.94 0
      vertex 52.8035 -43.5015 0
    endloop
  endfacet
  facet normal 0 0 -1
    outer loop
      vertex 68.63 -43.94 0
      vertex 52.0602 -43.1936 0
      vertex 55.77 47.54 0
    endloop
  endfacet
  facet normal 0 0 -1
    outer loop
      vertex 31.71 -34.24 0
      vertex 55.77 47.54 0
      vertex 52.0602 -43.1936 0
    endloop
  endfacet
  facet normal 0 0 -1
    outer loop
      vertex 31.71 -34.24 0
      vertex 52.0602 -43.1936 0
      vertex 52.0576 -43.1932 0
    endloop
  endfacet
  facet normal 0 0 -1
    outer loop
      vertex 31.71 -34.24 0
      vertex 52.0576 -43.1932 0
      vertex 51.26 -43.0882 0
    endloop
  endfacet
  facet normal 0 0 -1
    outer loop
      vertex 31.71 -34.24 0
      vertex 51.26 -43.0882 0
      vertex 50.4624 -43.1932 0
    endloop
  endfacet
  facet normal 0 0 -1
    outer loop
      vertex 31.71 -34.24 0
      vertex 50.4624 -43.1932 0
      vertex 50.4598 -43.1936 0
    endloop
  endfacet
  facet normal 0 0 -1
    outer loop
      vertex 31.71 -34.24 0
      vertex 50.4598 -43.1936 0
      vertex 49.7165 -43.5015 0
    endloop
  endfacet
  facet normal 0 0 -1
    outer loop
      vertex 31.71 -34.24 0
      vertex 49.7165 -43.5015 0
      vertex 49.7141 -43.5025 0
    endloop
  endfacet
  facet normal 0 0 -1
    outer loop
      vertex 31.71 -34.24 0
      vertex 49.7141 -43.5025 0
      vertex 49.712 -43.504 0
    endloop
  endfacet
  facet normal 0 0 -1
    outer loop
      vertex 31.71 -34.24 0
      vertex 49.712 -43.504 0
      vertex 49.0738 -43.9938 0
    endloop
  endfacet
  facet normal 0 0 -1
    outer loop
      vertex 31.71 -34.24 0
      vertex 49.0738 -43.9938 0
      vertex 48.584 -44.632 0
    endloop
  endfacet
  facet normal 0 0 -1
    outer loop
      vertex 31.71 -34.24 0
      vertex 48.584 -44.632 0
      vertex 48.5825 -44.6341 0
    endloop
  endfacet
  facet normal 0 0 -1
    outer loop
      vertex 31.71 -34.24 0
      vertex 48.5825 -44.6341 0
      vertex 48.2746 -45.3774 0
    endloop
  endfacet
  facet normal 0 0 -1
    outer loop
      vertex 33.75 -49.9 0
      vertex 48.2746 -45.3774 0
      vertex 48.2736 -45.3798 0
    endloop
  endfacet
  facet normal 0 0 -1
    outer loop
      vertex 33.75 -49.9 0
      vertex 48.2736 -45.3798 0
      vertex 48.2732 -45.3824 0
    endloop
  endfacet
  facet normal 0 0 -1
    outer loop
      vertex 33.75 -49.9 0
      vertex 48.2732 -45.3824 0
      vertex 48.1682 -46.18 0
    endloop
  endfacet
  facet normal -0 0 -1
    outer loop
      vertex 48.2746 -45.3774 0
      vertex 33.75 -49.9 0
      vertex 31.71 -34.24 0
    endloop
  endfacet
  facet normal 0 0 -1
    outer loop
      vertex 31.22 45.07 0
      vertex 55.77 47.54 0
      vertex 31.71 -34.24 0
    endloop
  endfacet
  facet normal -0 0 -1
    outer loop
      vertex 55.77 47.54 0
      vertex 31.22 45.07 0
      vertex 52.34 49.9 0
    endloop
  endfacet
  facet normal -0 0 -1
    outer loop
      vertex 52.34 49.9 0
      vertex 31.22 45.07 0
      vertex 33.75 49.9 0
    endloop
  endfacet
  facet normal 0 0 -1
    outer loop
      vertex 12.68 43.75 0
      vertex 31.71 -34.24 0
      vertex 14.08 -36.91 0
    endloop
  endfacet
  facet normal 0 0 -1
    outer loop
      vertex 31.71 -34.24 0
      vertex 12.68 43.75 0
      vertex 31.22 45.07 0
    endloop
  endfacet
  facet normal 0 0 -1
    outer loop
      vertex 124.01 27.71 0
      vertex 121.657 24.1724 0
      vertex 121.762 24.97 0
    endloop
  endfacet
  facet normal 0 0 -1
    outer loop
      vertex 124.01 27.71 0
      vertex 121.656 24.1698 0
      vertex 121.657 24.1724 0
    endloop
  endfacet
  facet normal 0 0 -1
    outer loop
      vertex 124.01 27.71 0
      vertex 121.349 23.4265 0
      vertex 121.656 24.1698 0
    endloop
  endfacet
  facet normal 0 0 -1
    outer loop
      vertex 124.01 27.71 0
      vertex 121.348 23.4241 0
      vertex 121.349 23.4265 0
    endloop
  endfacet
  facet normal 0 0 -1
    outer loop
      vertex 118.79 13.92 0
      vertex 121.346 23.422 0
      vertex 121.348 23.4241 0
    endloop
  endfacet
  facet normal 0 0 -1
    outer loop
      vertex 118.79 13.92 0
      vertex 120.854 22.7822 0
      vertex 120.856 22.7838 0
    endloop
  endfacet
  facet normal 0 0 -1
    outer loop
      vertex 118.79 13.92 0
      vertex 119.473 21.9846 0
      vertex 120.216 22.2925 0
    endloop
  endfacet
  facet normal 0 0 -1
    outer loop
      vertex 118.79 13.92 0
      vertex 121.348 23.4241 0
      vertex 124.01 27.71 0
    endloop
  endfacet
  facet normal 0 0 -1
    outer loop
      vertex 121.346 23.422 0
      vertex 118.79 13.92 0
      vertex 120.856 22.7838 0
    endloop
  endfacet
  facet normal 0 0 -1
    outer loop
      vertex 120.854 22.7822 0
      vertex 118.79 13.92 0
      vertex 120.216 22.2925 0
    endloop
  endfacet
  facet normal 0 0 -1
    outer loop
      vertex 119.473 21.9846 0
      vertex 118.79 13.92 0
      vertex 119.47 21.9836 0
    endloop
  endfacet
  facet normal 0 0 -1
    outer loop
      vertex 118.79 13.92 0
      vertex 119.468 21.9832 0
      vertex 119.47 21.9836 0
    endloop
  endfacet
  facet normal 0 0 -1
    outer loop
      vertex 118.79 13.92 0
      vertex 118.67 21.8782 0
      vertex 119.468 21.9832 0
    endloop
  endfacet
  facet normal 0 0 -1
    outer loop
      vertex 118.79 13.92 0
      vertex 117.872 21.9832 0
      vertex 118.67 21.8782 0
    endloop
  endfacet
  facet normal 0 0 -1
    outer loop
      vertex 118.79 13.92 0
      vertex 117.87 21.9836 0
      vertex 117.872 21.9832 0
    endloop
  endfacet
  facet normal 0 0 -1
    outer loop
      vertex 118.79 13.92 0
      vertex 117.867 21.9846 0
      vertex 117.87 21.9836 0
    endloop
  endfacet
  facet normal 0 0 -1
    outer loop
      vertex 116.484 22.7838 0
      vertex 118.79 13.92 0
      vertex 117.51 9.93999 0
    endloop
  endfacet
  facet normal 0 0 -1
    outer loop
      vertex 118.79 13.92 0
      vertex 117.124 22.2925 0
      vertex 117.867 21.9846 0
    endloop
  endfacet
  facet normal 0 0 -1
    outer loop
      vertex 118.79 13.92 0
      vertex 116.486 22.7822 0
      vertex 117.124 22.2925 0
    endloop
  endfacet
  facet normal 0 0 -1
    outer loop
      vertex 118.79 13.92 0
      vertex 116.484 22.7838 0
      vertex 116.486 22.7822 0
    endloop
  endfacet
  facet normal 0 0 -1
    outer loop
      vertex 117.51 9.93999 0
      vertex 115.994 23.422 0
      vertex 116.484 22.7838 0
    endloop
  endfacet
  facet normal 0 0 -1
    outer loop
      vertex 117.51 9.93999 0
      vertex 115.992 23.4241 0
      vertex 115.994 23.422 0
    endloop
  endfacet
  facet normal 0 0 -1
    outer loop
      vertex 105.79 31.47 0
      vertex 115.992 23.4241 0
      vertex 117.51 9.93999 0
    endloop
  endfacet
  facet normal 0 0 -1
    outer loop
      vertex 115.992 23.4241 0
      vertex 105.79 31.47 0
      vertex 115.991 23.4265 0
    endloop
  endfacet
  facet normal 0 0 -1
    outer loop
      vertex 115.991 23.4265 0
      vertex 105.79 31.47 0
      vertex 115.684 24.1698 0
    endloop
  endfacet
  facet normal 0 0 -1
    outer loop
      vertex 115.684 24.1698 0
      vertex 105.79 31.47 0
      vertex 115.683 24.1724 0
    endloop
  endfacet
  facet normal 0 0 -1
    outer loop
      vertex 87.21 35.07 0
      vertex 117.51 9.93999 0
      vertex 112.83 -7.06999 0
    endloop
  endfacet
  facet normal 0 0 -1
    outer loop
      vertex 121.657 25.7676 0
      vertex 124.01 27.71 0
      vertex 121.762 24.97 0
    endloop
  endfacet
  facet normal 0 0 -1
    outer loop
      vertex 121.656 25.7702 0
      vertex 124.01 27.71 0
      vertex 121.657 25.7676 0
    endloop
  endfacet
  facet normal 0 0 -1
    outer loop
      vertex 121.349 26.5135 0
      vertex 124.01 27.71 0
      vertex 121.656 25.7702 0
    endloop
  endfacet
  facet normal 0 0 -1
    outer loop
      vertex 121.348 26.5159 0
      vertex 124.01 27.71 0
      vertex 121.349 26.5135 0
    endloop
  endfacet
  facet normal 0 0 -1
    outer loop
      vertex 120.858 27.1541 0
      vertex 124.01 27.71 0
      vertex 121.348 26.5159 0
    endloop
  endfacet
  facet normal 0 0 -1
    outer loop
      vertex 120.856 27.1562 0
      vertex 124.01 27.71 0
      vertex 120.858 27.1541 0
    endloop
  endfacet
  facet normal 0 0 -1
    outer loop
      vertex 120.854 27.1578 0
      vertex 124.01 27.71 0
      vertex 120.856 27.1562 0
    endloop
  endfacet
  facet normal 0 0 -1
    outer loop
      vertex 120.216 27.6475 0
      vertex 124.01 27.71 0
      vertex 120.854 27.1578 0
    endloop
  endfacet
  facet normal 0 0 -1
    outer loop
      vertex 120.213 27.6485 0
      vertex 124.01 27.71 0
      vertex 120.216 27.6475 0
    endloop
  endfacet
  facet normal 0 0 -1
    outer loop
      vertex 119.47 27.9564 0
      vertex 124.01 27.71 0
      vertex 120.213 27.6485 0
    endloop
  endfacet
  facet normal 0 0 -1
    outer loop
      vertex 118.673 28.0614 0
      vertex 124.01 27.71 0
      vertex 119.47 27.9564 0
    endloop
  endfacet
  facet normal 0 0 -1
    outer loop
      vertex 118.67 28.0618 0
      vertex 124.01 27.71 0
      vertex 118.673 28.0614 0
    endloop
  endfacet
  facet normal 0 0 -1
    outer loop
      vertex 105.79 31.47 0
      vertex 118.667 28.0614 0
      vertex 117.87 27.9564 0
    endloop
  endfacet
  facet normal 0 0 -1
    outer loop
      vertex 105.79 31.47 0
      vertex 116.486 27.1578 0
      vertex 116.484 27.1562 0
    endloop
  endfacet
  facet normal 0 0 -1
    outer loop
      vertex 105.79 31.47 0
      vertex 116.482 27.1541 0
      vertex 115.992 26.5159 0
    endloop
  endfacet
  facet normal 0 0 -1
    outer loop
      vertex 87.21 35.07 0
      vertex 112.83 -7.06999 0
      vertex 111.76 -11.61 0
    endloop
  endfacet
  facet normal 0 0 -1
    outer loop
      vertex 68.63 -43.94 0
      vertex 108.18 -29.75 0
      vertex 86.85 -47.7 0
    endloop
  endfacet
  facet normal 0 0 -1
    outer loop
      vertex 115.683 24.1724 0
      vertex 105.79 31.47 0
      vertex 115.578 24.97 0
    endloop
  endfacet
  facet normal 0 0 -1
    outer loop
      vertex 115.578 24.97 0
      vertex 105.79 31.47 0
      vertex 115.683 25.7676 0
    endloop
  endfacet
  facet normal 0 0 -1
    outer loop
      vertex 86.85 -47.7 0
      vertex 107.46 -34.28 0
      vertex 98.6441 -45.7025 0
    endloop
  endfacet
  facet normal 0 0 -1
    outer loop
      vertex 118.67 28.0618 0
      vertex 105.79 31.47 0
      vertex 124.01 27.71 0
    endloop
  endfacet
  facet normal 0 0 -1
    outer loop
      vertex 118.667 28.0614 0
      vertex 105.79 31.47 0
      vertex 118.67 28.0618 0
    endloop
  endfacet
  facet normal 0 0 -1
    outer loop
      vertex 117.127 27.6485 0
      vertex 105.79 31.47 0
      vertex 117.87 27.9564 0
    endloop
  endfacet
  facet normal 0 0 -1
    outer loop
      vertex 117.124 27.6475 0
      vertex 105.79 31.47 0
      vertex 117.127 27.6485 0
    endloop
  endfacet
  facet normal 0 0 -1
    outer loop
      vertex 116.486 27.1578 0
      vertex 105.79 31.47 0
      vertex 117.124 27.6475 0
    endloop
  endfacet
  facet normal 0 0 -1
    outer loop
      vertex 116.482 27.1541 0
      vertex 105.79 31.47 0
      vertex 116.484 27.1562 0
    endloop
  endfacet
  facet normal 0 0 -1
    outer loop
      vertex 115.991 26.5135 0
      vertex 105.79 31.47 0
      vertex 115.992 26.5159 0
    endloop
  endfacet
  facet normal 0 0 -1
    outer loop
      vertex 115.684 25.7702 0
      vertex 105.79 31.47 0
      vertex 115.991 26.5135 0
    endloop
  endfacet
  facet normal 0 0 -1
    outer loop
      vertex 115.683 25.7676 0
      vertex 105.79 31.47 0
      vertex 115.684 25.7702 0
    endloop
  endfacet
  facet normal 0 0 -1
    outer loop
      vertex 103.176 -47.5798 0
      vertex 107.46 -34.28 0
      vertex 105.43 -51.3 0
    endloop
  endfacet
  facet normal 0 0 -1
    outer loop
      vertex 103.177 -47.5824 0
      vertex 105.43 -51.3 0
      vertex 103.282 -48.38 0
    endloop
  endfacet
  facet normal 0 0 -1
    outer loop
      vertex 103.176 -47.5798 0
      vertex 105.43 -51.3 0
      vertex 103.177 -47.5824 0
    endloop
  endfacet
  facet normal 0 0 -1
    outer loop
      vertex 107.46 -34.28 0
      vertex 103.176 -47.5798 0
      vertex 103.175 -47.5774 0
    endloop
  endfacet
  facet normal 0 0 -1
    outer loop
      vertex 107.46 -34.28 0
      vertex 103.175 -47.5774 0
      vertex 102.868 -46.8341 0
    endloop
  endfacet
  facet normal 0 0 -1
    outer loop
      vertex 102.378 -46.1959 0
      vertex 107.46 -34.28 0
      vertex 102.868 -46.8341 0
    endloop
  endfacet
  facet normal 0 0 -1
    outer loop
      vertex 102.376 -46.1938 0
      vertex 107.46 -34.28 0
      vertex 102.378 -46.1959 0
    endloop
  endfacet
  facet normal 0 0 -1
    outer loop
      vertex 102.374 -46.1922 0
      vertex 107.46 -34.28 0
      vertex 102.376 -46.1938 0
    endloop
  endfacet
  facet normal 0 0 -1
    outer loop
      vertex 101.736 -45.7025 0
      vertex 107.46 -34.28 0
      vertex 102.374 -46.1922 0
    endloop
  endfacet
  facet normal 0 0 -1
    outer loop
      vertex 101.733 -45.7015 0
      vertex 107.46 -34.28 0
      vertex 101.736 -45.7025 0
    endloop
  endfacet
  facet normal 0 0 -1
    outer loop
      vertex 100.99 -45.3936 0
      vertex 107.46 -34.28 0
      vertex 101.733 -45.7015 0
    endloop
  endfacet
  facet normal 0 0 -1
    outer loop
      vertex 100.988 -45.3932 0
      vertex 107.46 -34.28 0
      vertex 100.99 -45.3936 0
    endloop
  endfacet
  facet normal 0 0 -1
    outer loop
      vertex 100.19 -45.2882 0
      vertex 107.46 -34.28 0
      vertex 100.988 -45.3932 0
    endloop
  endfacet
  facet normal 0 0 -1
    outer loop
      vertex 99.3924 -45.3932 0
      vertex 107.46 -34.28 0
      vertex 100.19 -45.2882 0
    endloop
  endfacet
  facet normal 0 0 -1
    outer loop
      vertex 99.3898 -45.3936 0
      vertex 107.46 -34.28 0
      vertex 99.3924 -45.3932 0
    endloop
  endfacet
  facet normal 0 0 -1
    outer loop
      vertex 98.6465 -45.7015 0
      vertex 107.46 -34.28 0
      vertex 99.3898 -45.3936 0
    endloop
  endfacet
  facet normal 0 0 -1
    outer loop
      vertex 98.6441 -45.7025 0
      vertex 107.46 -34.28 0
      vertex 98.6465 -45.7015 0
    endloop
  endfacet
  facet normal 0 0 -1
    outer loop
      vertex 86.85 -47.7 0
      vertex 98.6441 -45.7025 0
      vertex 98.0059 -46.1922 0
    endloop
  endfacet
  facet normal 0 0 -1
    outer loop
      vertex 86.85 -47.7 0
      vertex 98.0059 -46.1922 0
      vertex 98.0038 -46.1938 0
    endloop
  endfacet
  facet normal -0 0 -1
    outer loop
      vertex 107.46 -34.28 0
      vertex 86.85 -47.7 0
      vertex 108.18 -29.75 0
    endloop
  endfacet
  facet normal 0 0 -1
    outer loop
      vertex 86.85 -47.7 0
      vertex 98.0038 -46.1938 0
      vertex 98.0022 -46.1959 0
    endloop
  endfacet
  facet normal 0 0 -1
    outer loop
      vertex 86.85 -47.7 0
      vertex 98.0022 -46.1959 0
      vertex 97.5125 -46.8341 0
    endloop
  endfacet
  facet normal 0 0 -1
    outer loop
      vertex 86.85 -47.7 0
      vertex 97.5125 -46.8341 0
      vertex 97.2046 -47.5774 0
    endloop
  endfacet
  facet normal 0 0 -1
    outer loop
      vertex 86.85 -47.7 0
      vertex 97.2046 -47.5774 0
      vertex 97.2036 -47.5798 0
    endloop
  endfacet
  facet normal 0 0 -1
    outer loop
      vertex 86.85 -47.7 0
      vertex 97.2036 -47.5798 0
      vertex 97.2032 -47.5824 0
    endloop
  endfacet
  facet normal 0 0 -1
    outer loop
      vertex 86.85 -47.7 0
      vertex 97.2032 -47.5824 0
      vertex 97.0982 -48.38 0
    endloop
  endfacet
  facet normal 0 0 -1
    outer loop
      vertex 117.51 9.93999 0
      vertex 87.21 35.07 0
      vertex 105.79 31.47 0
    endloop
  endfacet
  facet normal -0 0 1
    outer loop
      vertex 33.75 49.9 2.5
      vertex 34.55 47.9 2.5
      vertex 52.34 49.9 2.5
    endloop
  endfacet
  facet normal 0 0 1
    outer loop
      vertex 34.55 47.9 2.5
      vertex 33.75 49.9 2.5
      vertex 32.7024 47.9 2.5
    endloop
  endfacet
  facet normal -0 0 1
    outer loop
      vertex 32.98 -25.5 2.5
      vertex 65.48 -27.5 2.5
      vertex 65.48 9.5 2.5
    endloop
  endfacet
  facet normal 0 0 1
    outer loop
      vertex 65.48 -27.5 2.5
      vertex 52.96 -46.18 2.5
      vertex 53.22 -51.85 2.5
    endloop
  endfacet
  facet normal 0 0 1
    outer loop
      vertex 65.48 -27.5 2.5
      vertex 52.9021 -45.74 2.5
      vertex 52.96 -46.18 2.5
    endloop
  endfacet
  facet normal 0 0 1
    outer loop
      vertex 65.48 -27.5 2.5
      vertex 52.7322 -45.33 2.5
      vertex 52.9021 -45.74 2.5
    endloop
  endfacet
  facet normal 0 0 1
    outer loop
      vertex 65.48 -27.5 2.5
      vertex 52.4621 -44.9779 2.5
      vertex 52.7322 -45.33 2.5
    endloop
  endfacet
  facet normal 0 0 1
    outer loop
      vertex 65.48 -27.5 2.5
      vertex 52.11 -44.7078 2.5
      vertex 52.4621 -44.9779 2.5
    endloop
  endfacet
  facet normal 0 0 1
    outer loop
      vertex 65.48 -27.5 2.5
      vertex 51.7 -44.5379 2.5
      vertex 52.11 -44.7078 2.5
    endloop
  endfacet
  facet normal 0 0 1
    outer loop
      vertex 32.98 -27.5 2.5
      vertex 65.48 -27.5 2.5
      vertex 32.98 -25.5 2.5
    endloop
  endfacet
  facet normal 0 0 1
    outer loop
      vertex 65.48 -27.5 2.5
      vertex 51.26 -44.48 2.5
      vertex 51.7 -44.5379 2.5
    endloop
  endfacet
  facet normal 0 0 1
    outer loop
      vertex 65.48 -27.5 2.5
      vertex 32.98 -27.5 2.5
      vertex 51.26 -44.48 2.5
    endloop
  endfacet
  facet normal 0 0 1
    outer loop
      vertex 51.26 -44.48 2.5
      vertex 32.98 -27.5 2.5
      vertex 50.82 -44.5379 2.5
    endloop
  endfacet
  facet normal 0 0 1
    outer loop
      vertex 50.82 -44.5379 2.5
      vertex 32.98 -27.5 2.5
      vertex 50.41 -44.7078 2.5
    endloop
  endfacet
  facet normal -0 0 1
    outer loop
      vertex 31.71 -34.24 2.5
      vertex 50.41 -44.7078 2.5
      vertex 32.98 -27.5 2.5
    endloop
  endfacet
  facet normal 0 0 1
    outer loop
      vertex 49.6179 -45.74 2.5
      vertex 33.75 -49.9 2.5
      vertex 49.56 -46.18 2.5
    endloop
  endfacet
  facet normal 0 0 1
    outer loop
      vertex 50.41 -44.7078 2.5
      vertex 31.71 -34.24 2.5
      vertex 50.0579 -44.9779 2.5
    endloop
  endfacet
  facet normal 0 0 1
    outer loop
      vertex 50.0579 -44.9779 2.5
      vertex 31.71 -34.24 2.5
      vertex 49.7878 -45.33 2.5
    endloop
  endfacet
  facet normal -0 0 1
    outer loop
      vertex 15.48 9.5 2.5
      vertex 32.98 -25.5 2.5
      vertex 65.48 9.5 2.5
    endloop
  endfacet
  facet normal 0 0 1
    outer loop
      vertex 32.98 -25.5 2.5
      vertex 15.48 9.5 2.5
      vertex 15.48 -25.5 2.5
    endloop
  endfacet
  facet normal 0 0 1
    outer loop
      vertex 86.85 -47.7 2.5
      vertex 67.48 -27.5 2.5
      vertex 68.63 -43.94 2.5
    endloop
  endfacet
  facet normal -0 0 1
    outer loop
      vertex 65.48 -27.5 2.5
      vertex 68.63 -43.94 2.5
      vertex 67.48 -27.5 2.5
    endloop
  endfacet
  facet normal 0 0 1
    outer loop
      vertex 68.63 -43.94 2.5
      vertex 53.22 -51.85 2.5
      vertex 71.8 -52.34 2.5
    endloop
  endfacet
  facet normal 0 0 1
    outer loop
      vertex 53.22 -51.85 2.5
      vertex 68.63 -43.94 2.5
      vertex 65.48 -27.5 2.5
    endloop
  endfacet
  facet normal -0 0 1
    outer loop
      vertex 52.9021 -46.62 2.5
      vertex 53.22 -51.85 2.5
      vertex 52.96 -46.18 2.5
    endloop
  endfacet
  facet normal -0 0 1
    outer loop
      vertex 52.7322 -47.03 2.5
      vertex 53.22 -51.85 2.5
      vertex 52.9021 -46.62 2.5
    endloop
  endfacet
  facet normal 0 0 1
    outer loop
      vertex 52.34 -49.9 2.5
      vertex 52.7322 -47.03 2.5
      vertex 52.4621 -47.3821 2.5
    endloop
  endfacet
  facet normal 0 0 1
    outer loop
      vertex 52.7322 -47.03 2.5
      vertex 52.34 -49.9 2.5
      vertex 53.22 -51.85 2.5
    endloop
  endfacet
  facet normal -0 0 1
    outer loop
      vertex 52.11 -47.6522 2.5
      vertex 52.34 -49.9 2.5
      vertex 52.4621 -47.3821 2.5
    endloop
  endfacet
  facet normal -0 0 1
    outer loop
      vertex 51.7 -47.8221 2.5
      vertex 52.34 -49.9 2.5
      vertex 52.11 -47.6522 2.5
    endloop
  endfacet
  facet normal -0 0 1
    outer loop
      vertex 51.26 -47.88 2.5
      vertex 52.34 -49.9 2.5
      vertex 51.7 -47.8221 2.5
    endloop
  endfacet
  facet normal 0 0 1
    outer loop
      vertex 50.82 -47.8221 2.5
      vertex 52.34 -49.9 2.5
      vertex 51.26 -47.88 2.5
    endloop
  endfacet
  facet normal 0 0 1
    outer loop
      vertex 50.41 -47.6522 2.5
      vertex 52.34 -49.9 2.5
      vertex 50.82 -47.8221 2.5
    endloop
  endfacet
  facet normal 0 0 1
    outer loop
      vertex 50.0579 -47.3821 2.5
      vertex 52.34 -49.9 2.5
      vertex 50.41 -47.6522 2.5
    endloop
  endfacet
  facet normal 0 0 1
    outer loop
      vertex 50.0579 -47.3821 2.5
      vertex 33.75 -49.9 2.5
      vertex 52.34 -49.9 2.5
    endloop
  endfacet
  facet normal 0 0 1
    outer loop
      vertex 49.7878 -47.03 2.5
      vertex 33.75 -49.9 2.5
      vertex 50.0579 -47.3821 2.5
    endloop
  endfacet
  facet normal 0 0 1
    outer loop
      vertex 49.6179 -46.62 2.5
      vertex 33.75 -49.9 2.5
      vertex 49.7878 -47.03 2.5
    endloop
  endfacet
  facet normal 0 0 1
    outer loop
      vertex 33.75 -49.9 2.5
      vertex 49.6179 -46.62 2.5
      vertex 49.56 -46.18 2.5
    endloop
  endfacet
  facet normal 0 -0 1
    outer loop
      vertex 33.75 -49.9 2.5
      vertex 49.7878 -45.33 2.5
      vertex 31.71 -34.24 2.5
    endloop
  endfacet
  facet normal 0 0 1
    outer loop
      vertex 49.7878 -45.33 2.5
      vertex 33.75 -49.9 2.5
      vertex 49.6179 -45.74 2.5
    endloop
  endfacet
  facet normal -0 0 1
    outer loop
      vertex 13.48 -27.5 2.5
      vertex 31.71 -34.24 2.5
      vertex 32.98 -27.5 2.5
    endloop
  endfacet
  facet normal 0 0 1
    outer loop
      vertex 31.71 -34.24 2.5
      vertex 13.48 -27.5 2.5
      vertex 14.08 -36.91 2.5
    endloop
  endfacet
  facet normal 0 0 1
    outer loop
      vertex 13.48 11.5 2.5
      vertex -11.98 -2.46999 2.5
      vertex 13.48 -27.5 2.5
    endloop
  endfacet
  facet normal 0 0 1
    outer loop
      vertex 14.08 -36.91 2.5
      vertex 7.92999 -62.49 2.5
      vertex 23.51 -52.75 2.5
    endloop
  endfacet
  facet normal -0 -0 1
    outer loop
      vertex -8.62 -20.65 2.5
      vertex 13.48 -27.5 2.5
      vertex -11.98 -2.46999 2.5
    endloop
  endfacet
  facet normal 0 0 1
    outer loop
      vertex -9.28 -73.26 2.5
      vertex -19.0579 -78.25 2.5
      vertex -19 -78.69 2.5
    endloop
  endfacet
  facet normal 0 0 1
    outer loop
      vertex -9.28 -73.26 2.5
      vertex -19.2278 -77.84 2.5
      vertex -19.0579 -78.25 2.5
    endloop
  endfacet
  facet normal 0 0 1
    outer loop
      vertex -9.28 -73.26 2.5
      vertex -19.4979 -77.4879 2.5
      vertex -19.2278 -77.84 2.5
    endloop
  endfacet
  facet normal 0 0 1
    outer loop
      vertex -9.28 -73.26 2.5
      vertex -19.85 -77.2178 2.5
      vertex -19.4979 -77.4879 2.5
    endloop
  endfacet
  facet normal 0 0 1
    outer loop
      vertex -9.28 -73.26 2.5
      vertex -20.26 -77.0479 2.5
      vertex -19.85 -77.2178 2.5
    endloop
  endfacet
  facet normal 0 0 1
    outer loop
      vertex -18.72 -57.42 2.5
      vertex -20.7 -76.99 2.5
      vertex -20.26 -77.0479 2.5
    endloop
  endfacet
  facet normal 0 0 1
    outer loop
      vertex -18.72 -57.42 2.5
      vertex -21.14 -77.0479 2.5
      vertex -20.7 -76.99 2.5
    endloop
  endfacet
  facet normal -0 0 1
    outer loop
      vertex -34.29 -67.17 2.5
      vertex -21.14 -77.0479 2.5
      vertex -18.72 -57.42 2.5
    endloop
  endfacet
  facet normal 0 0 1
    outer loop
      vertex -21.14 -77.0479 2.5
      vertex -34.29 -67.17 2.5
      vertex -21.55 -77.2178 2.5
    endloop
  endfacet
  facet normal 0 0 1
    outer loop
      vertex -21.55 -77.2178 2.5
      vertex -34.29 -67.17 2.5
      vertex -21.9021 -77.4879 2.5
    endloop
  endfacet
  facet normal 0 0 1
    outer loop
      vertex -21.9021 -77.4879 2.5
      vertex -34.29 -67.17 2.5
      vertex -22.1722 -77.84 2.5
    endloop
  endfacet
  facet normal 0 0 1
    outer loop
      vertex -22.3421 -78.25 2.5
      vertex -24.86 -83.01 2.5
      vertex -22.4 -78.69 2.5
    endloop
  endfacet
  facet normal 0 0 1
    outer loop
      vertex -22.1722 -77.84 2.5
      vertex -34.29 -67.17 2.5
      vertex -22.3421 -78.25 2.5
    endloop
  endfacet
  facet normal 0 0 1
    outer loop
      vertex -22.3421 -78.25 2.5
      vertex -34.29 -67.17 2.5
      vertex -24.86 -83.01 2.5
    endloop
  endfacet
  facet normal 0 0 1
    outer loop
      vertex 13.48 -27.5 2.5
      vertex -2.89999 -42.46 2.5
      vertex 14.08 -36.91 2.5
    endloop
  endfacet
  facet normal 0 0 1
    outer loop
      vertex 9.35 27.7 2.5
      vertex -8.09 32.3 2.5
      vertex -8.14793 31.86 2.5
    endloop
  endfacet
  facet normal 0 0 1
    outer loop
      vertex 4.10999 39.94 2.5
      vertex -8.14793 32.74 2.5
      vertex -8.09 32.3 2.5
    endloop
  endfacet
  facet normal 0 0 1
    outer loop
      vertex 4.10999 39.94 2.5
      vertex -8.31776 33.15 2.5
      vertex -8.14793 32.74 2.5
    endloop
  endfacet
  facet normal 0 0 1
    outer loop
      vertex 4.10999 39.94 2.5
      vertex -8.58792 33.5021 2.5
      vertex -8.31776 33.15 2.5
    endloop
  endfacet
  facet normal 0 0 1
    outer loop
      vertex 4.10999 39.94 2.5
      vertex -8.94 33.7722 2.5
      vertex -8.58792 33.5021 2.5
    endloop
  endfacet
  facet normal 0 0 1
    outer loop
      vertex 4.10999 39.94 2.5
      vertex -9.35001 33.9421 2.5
      vertex -8.94 33.7722 2.5
    endloop
  endfacet
  facet normal -0 0 1
    outer loop
      vertex -14.15 36.42 2.5
      vertex -9.35001 33.9421 2.5
      vertex 4.10999 39.94 2.5
    endloop
  endfacet
  facet normal 0 0 1
    outer loop
      vertex -9.35001 33.9421 2.5
      vertex -14.15 36.42 2.5
      vertex -9.79 34 2.5
    endloop
  endfacet
  facet normal 0 0 1
    outer loop
      vertex -9.79 34 2.5
      vertex -14.15 36.42 2.5
      vertex -10.23 33.9421 2.5
    endloop
  endfacet
  facet normal 0 0 1
    outer loop
      vertex 9.35 27.7 2.5
      vertex -12.7 2.54999 2.5
      vertex -11.98 -2.46999 2.5
    endloop
  endfacet
  facet normal 0 0 1
    outer loop
      vertex -10.23 33.9421 2.5
      vertex -14.15 36.42 2.5
      vertex -10.64 33.7722 2.5
    endloop
  endfacet
  facet normal 0 0 1
    outer loop
      vertex -14.15 36.42 2.5
      vertex -10.9921 33.5021 2.5
      vertex -10.64 33.7722 2.5
    endloop
  endfacet
  facet normal 0 0 1
    outer loop
      vertex -14.15 36.42 2.5
      vertex -11.2622 33.15 2.5
      vertex -10.9921 33.5021 2.5
    endloop
  endfacet
  facet normal 0 0 1
    outer loop
      vertex -14.15 36.42 2.5
      vertex -11.4321 32.74 2.5
      vertex -11.2622 33.15 2.5
    endloop
  endfacet
  facet normal 0 0 1
    outer loop
      vertex -14.15 36.42 2.5
      vertex -11.49 32.3 2.5
      vertex -11.4321 32.74 2.5
    endloop
  endfacet
  facet normal 0 0 1
    outer loop
      vertex -11.4321 31.86 2.5
      vertex -14.15 36.42 2.5
      vertex -14.51 23.59 2.5
    endloop
  endfacet
  facet normal 0 0 1
    outer loop
      vertex -11.4321 31.86 2.5
      vertex -14.32 19.34 2.5
      vertex -12.7 2.54999 2.5
    endloop
  endfacet
  facet normal 0 0 1
    outer loop
      vertex -11.4321 31.86 2.5
      vertex -14.51 23.59 2.5
      vertex -14.32 19.34 2.5
    endloop
  endfacet
  facet normal -0 0 1
    outer loop
      vertex 4.10999 39.94 2.5
      vertex 9.35 27.7 2.5
      vertex 9.35 42.2696 2.5
    endloop
  endfacet
  facet normal 0 0 1
    outer loop
      vertex 14.08 -36.91 2.5
      vertex -2.89999 -42.46 2.5
      vertex 7.92999 -62.49 2.5
    endloop
  endfacet
  facet normal -0 0 1
    outer loop
      vertex -8.09 32.3 2.5
      vertex 9.35 27.7 2.5
      vertex 4.10999 39.94 2.5
    endloop
  endfacet
  facet normal 0 0 1
    outer loop
      vertex 7.92999 -62.49 2.5
      vertex -2.89999 -42.46 2.5
      vertex 7.10999 -63.01 2.5
    endloop
  endfacet
  facet normal -0 0 1
    outer loop
      vertex -18.72 -57.42 2.5
      vertex 7.10999 -63.01 2.5
      vertex -2.89999 -42.46 2.5
    endloop
  endfacet
  facet normal 0 0 1
    outer loop
      vertex 7.10999 -63.01 2.5
      vertex -18.72 -57.42 2.5
      vertex -8.45999 -72.75 2.5
    endloop
  endfacet
  facet normal 0 0 1
    outer loop
      vertex -8.45999 -72.75 2.5
      vertex -18.72 -57.42 2.5
      vertex -9.28 -73.26 2.5
    endloop
  endfacet
  facet normal 0 0 1
    outer loop
      vertex -20.26 -77.0479 2.5
      vertex -9.28 -73.26 2.5
      vertex -18.72 -57.42 2.5
    endloop
  endfacet
  facet normal 0 0 1
    outer loop
      vertex -19.0579 -79.13 2.5
      vertex -9.28 -73.26 2.5
      vertex -19 -78.69 2.5
    endloop
  endfacet
  facet normal 0 0 1
    outer loop
      vertex -9.28 -73.26 2.5
      vertex -19.0579 -79.13 2.5
      vertex -19.1972 -79.4662 2.5
    endloop
  endfacet
  facet normal 0 0 1
    outer loop
      vertex 9.35 27.7 2.5
      vertex -8.14793 31.86 2.5
      vertex -8.31776 31.45 2.5
    endloop
  endfacet
  facet normal 0 0 1
    outer loop
      vertex 9.35 27.7 2.5
      vertex -8.31776 31.45 2.5
      vertex -8.58792 31.0979 2.5
    endloop
  endfacet
  facet normal -0 0 1
    outer loop
      vertex -8.94 30.8278 2.5
      vertex 9.35 27.7 2.5
      vertex -8.58792 31.0979 2.5
    endloop
  endfacet
  facet normal 0 -0 1
    outer loop
      vertex -2.89999 -42.46 2.5
      vertex 13.48 -27.5 2.5
      vertex -7.48 -25.68 2.5
    endloop
  endfacet
  facet normal 0 0 1
    outer loop
      vertex 9.35 27.7 2.5
      vertex -8.94 30.8278 2.5
      vertex -12.7 2.54999 2.5
    endloop
  endfacet
  facet normal 0 0 1
    outer loop
      vertex -12.7 2.54999 2.5
      vertex -8.94 30.8278 2.5
      vertex -9.35001 30.6579 2.5
    endloop
  endfacet
  facet normal 0 0 1
    outer loop
      vertex -12.7 2.54999 2.5
      vertex -9.35001 30.6579 2.5
      vertex -9.79 30.6 2.5
    endloop
  endfacet
  facet normal 0 0 1
    outer loop
      vertex -12.7 2.54999 2.5
      vertex -9.79 30.6 2.5
      vertex -10.23 30.6579 2.5
    endloop
  endfacet
  facet normal 0 0 1
    outer loop
      vertex -12.7 2.54999 2.5
      vertex -10.23 30.6579 2.5
      vertex -10.64 30.8278 2.5
    endloop
  endfacet
  facet normal 0 0 1
    outer loop
      vertex -12.7 2.54999 2.5
      vertex -10.64 30.8278 2.5
      vertex -10.9921 31.0979 2.5
    endloop
  endfacet
  facet normal 0 0 1
    outer loop
      vertex -12.7 2.54999 2.5
      vertex -10.9921 31.0979 2.5
      vertex -11.2622 31.45 2.5
    endloop
  endfacet
  facet normal 0 0 1
    outer loop
      vertex -12.7 2.54999 2.5
      vertex -11.2622 31.45 2.5
      vertex -11.4321 31.86 2.5
    endloop
  endfacet
  facet normal 0 0 1
    outer loop
      vertex -14.15 36.42 2.5
      vertex -11.4321 31.86 2.5
      vertex -11.49 32.3 2.5
    endloop
  endfacet
  facet normal -0 -0 1
    outer loop
      vertex -7.48 -25.68 2.5
      vertex 13.48 -27.5 2.5
      vertex -8.62 -20.65 2.5
    endloop
  endfacet
  facet normal -0 0 1
    outer loop
      vertex -20.7 -80.39 2.5
      vertex -24.86 -83.01 2.5
      vertex -20.6663 -80.3856 2.5
    endloop
  endfacet
  facet normal 0 0 1
    outer loop
      vertex -21.14 -80.3321 2.5
      vertex -24.86 -83.01 2.5
      vertex -20.7 -80.39 2.5
    endloop
  endfacet
  facet normal 0 0 1
    outer loop
      vertex -21.55 -80.1622 2.5
      vertex -24.86 -83.01 2.5
      vertex -21.14 -80.3321 2.5
    endloop
  endfacet
  facet normal 0 0 1
    outer loop
      vertex -21.9021 -79.8921 2.5
      vertex -24.86 -83.01 2.5
      vertex -21.55 -80.1622 2.5
    endloop
  endfacet
  facet normal 0 0 1
    outer loop
      vertex -22.1722 -79.54 2.5
      vertex -24.86 -83.01 2.5
      vertex -21.9021 -79.8921 2.5
    endloop
  endfacet
  facet normal 0 0 1
    outer loop
      vertex -22.3421 -79.13 2.5
      vertex -24.86 -83.01 2.5
      vertex -22.1722 -79.54 2.5
    endloop
  endfacet
  facet normal 0 0 1
    outer loop
      vertex -24.86 -83.01 2.5
      vertex -22.3421 -79.13 2.5
      vertex -22.4 -78.69 2.5
    endloop
  endfacet
  facet normal 0 0 1
    outer loop
      vertex 124.01 27.71 2.5
      vertex 120.312 25.41 2.5
      vertex 120.37 24.97 2.5
    endloop
  endfacet
  facet normal 0 0 1
    outer loop
      vertex 124.01 27.71 2.5
      vertex 120.142 25.82 2.5
      vertex 120.312 25.41 2.5
    endloop
  endfacet
  facet normal 0 0 1
    outer loop
      vertex 124.01 27.71 2.5
      vertex 119.872 26.1721 2.5
      vertex 120.142 25.82 2.5
    endloop
  endfacet
  facet normal 0 0 1
    outer loop
      vertex 124.01 27.71 2.5
      vertex 119.52 26.4422 2.5
      vertex 119.872 26.1721 2.5
    endloop
  endfacet
  facet normal 0 0 1
    outer loop
      vertex 124.01 27.71 2.5
      vertex 119.11 26.6121 2.5
      vertex 119.52 26.4422 2.5
    endloop
  endfacet
  facet normal 0 0 1
    outer loop
      vertex 124.01 27.71 2.5
      vertex 118.67 26.67 2.5
      vertex 119.11 26.6121 2.5
    endloop
  endfacet
  facet normal 0 0 1
    outer loop
      vertex 105.79 31.47 2.5
      vertex 118.67 26.67 2.5
      vertex 124.01 27.71 2.5
    endloop
  endfacet
  facet normal -0 0 1
    outer loop
      vertex 67.48 11.5 2.5
      vertex 117.51 9.93999 2.5
      vertex 105.79 31.47 2.5
    endloop
  endfacet
  facet normal 0 0 1
    outer loop
      vertex 105.79 31.47 2.5
      vertex 116.97 24.97 2.5
      vertex 117.028 25.41 2.5
    endloop
  endfacet
  facet normal 0 0 1
    outer loop
      vertex 117.51 9.93999 2.5
      vertex 67.48 11.5 2.5
      vertex 112.83 -7.06999 2.5
    endloop
  endfacet
  facet normal 0 0 1
    outer loop
      vertex 118.67 26.67 2.5
      vertex 105.79 31.47 2.5
      vertex 118.23 26.6121 2.5
    endloop
  endfacet
  facet normal 0 0 1
    outer loop
      vertex 105.79 31.47 2.5
      vertex 117.82 26.4422 2.5
      vertex 118.23 26.6121 2.5
    endloop
  endfacet
  facet normal 0 0 1
    outer loop
      vertex 105.79 31.47 2.5
      vertex 117.468 26.1721 2.5
      vertex 117.82 26.4422 2.5
    endloop
  endfacet
  facet normal 0 0 1
    outer loop
      vertex 105.79 31.47 2.5
      vertex 117.198 25.82 2.5
      vertex 117.468 26.1721 2.5
    endloop
  endfacet
  facet normal 0 0 1
    outer loop
      vertex 105.79 31.47 2.5
      vertex 117.028 25.41 2.5
      vertex 117.198 25.82 2.5
    endloop
  endfacet
  facet normal 0 0 1
    outer loop
      vertex 112.83 -7.06999 2.5
      vertex 67.48 11.5 2.5
      vertex 111.76 -11.61 2.5
    endloop
  endfacet
  facet normal 0 0 1
    outer loop
      vertex 67.48 -27.5 2.5
      vertex 111.76 -11.61 2.5
      vertex 67.48 11.5 2.5
    endloop
  endfacet
  facet normal 0 0 1
    outer loop
      vertex 111.76 -11.61 2.5
      vertex 67.48 -27.5 2.5
      vertex 108.18 -29.75 2.5
    endloop
  endfacet
  facet normal 0 -0 1
    outer loop
      vertex 101.662 -47.53 2.5
      vertex 107.46 -34.28 2.5
      vertex 101.392 -47.1779 2.5
    endloop
  endfacet
  facet normal 0 0 1
    outer loop
      vertex 105.43 -51.3 2.5
      vertex 101.832 -47.94 2.5
      vertex 101.89 -48.38 2.5
    endloop
  endfacet
  facet normal 0 0 1
    outer loop
      vertex 105.43 -51.3 2.5
      vertex 101.662 -47.53 2.5
      vertex 101.832 -47.94 2.5
    endloop
  endfacet
  facet normal 0 0 1
    outer loop
      vertex 107.46 -34.28 2.5
      vertex 101.662 -47.53 2.5
      vertex 105.43 -51.3 2.5
    endloop
  endfacet
  facet normal 0 0 1
    outer loop
      vertex 107.46 -34.28 2.5
      vertex 101.04 -46.9078 2.5
      vertex 101.392 -47.1779 2.5
    endloop
  endfacet
  facet normal 0 0 1
    outer loop
      vertex 107.46 -34.28 2.5
      vertex 100.63 -46.7379 2.5
      vertex 101.04 -46.9078 2.5
    endloop
  endfacet
  facet normal 0 0 1
    outer loop
      vertex 107.46 -34.28 2.5
      vertex 100.19 -46.68 2.5
      vertex 100.63 -46.7379 2.5
    endloop
  endfacet
  facet normal 0 0 1
    outer loop
      vertex 67.48 -27.5 2.5
      vertex 86.85 -47.7 2.5
      vertex 108.18 -29.75 2.5
    endloop
  endfacet
  facet normal 0 0 1
    outer loop
      vertex 107.46 -34.28 2.5
      vertex 99.75 -46.7379 2.5
      vertex 100.19 -46.68 2.5
    endloop
  endfacet
  facet normal 0 -0 1
    outer loop
      vertex 99.34 -46.9078 2.5
      vertex 107.46 -34.28 2.5
      vertex 86.85 -47.7 2.5
    endloop
  endfacet
  facet normal 0 0 1
    outer loop
      vertex 107.46 -34.28 2.5
      vertex 99.34 -46.9078 2.5
      vertex 99.75 -46.7379 2.5
    endloop
  endfacet
  facet normal 0 0 1
    outer loop
      vertex 99.34 -46.9078 2.5
      vertex 86.85 -47.7 2.5
      vertex 98.9879 -47.1779 2.5
    endloop
  endfacet
  facet normal 0 0 1
    outer loop
      vertex 98.9879 -47.1779 2.5
      vertex 86.85 -47.7 2.5
      vertex 98.7178 -47.53 2.5
    endloop
  endfacet
  facet normal 0 0 1
    outer loop
      vertex 67.48 11.5 2.5
      vertex 105.79 31.47 2.5
      vertex 87.21 35.07 2.5
    endloop
  endfacet
  facet normal 0 0 1
    outer loop
      vertex 120.312 24.53 2.5
      vertex 124.01 27.71 2.5
      vertex 120.37 24.97 2.5
    endloop
  endfacet
  facet normal 0 0 1
    outer loop
      vertex 120.142 24.12 2.5
      vertex 124.01 27.71 2.5
      vertex 120.312 24.53 2.5
    endloop
  endfacet
  facet normal 0 0 1
    outer loop
      vertex 118.79 13.92 2.5
      vertex 120.142 24.12 2.5
      vertex 119.872 23.7679 2.5
    endloop
  endfacet
  facet normal -0 0 1
    outer loop
      vertex 120.142 24.12 2.5
      vertex 118.79 13.92 2.5
      vertex 124.01 27.71 2.5
    endloop
  endfacet
  facet normal -0 0 1
    outer loop
      vertex 119.52 23.4978 2.5
      vertex 118.79 13.92 2.5
      vertex 119.872 23.7679 2.5
    endloop
  endfacet
  facet normal -0 0 1
    outer loop
      vertex 119.11 23.3279 2.5
      vertex 118.79 13.92 2.5
      vertex 119.52 23.4978 2.5
    endloop
  endfacet
  facet normal -0 0 1
    outer loop
      vertex 118.67 23.27 2.5
      vertex 118.79 13.92 2.5
      vertex 119.11 23.3279 2.5
    endloop
  endfacet
  facet normal 0 0 1
    outer loop
      vertex 118.23 23.3279 2.5
      vertex 118.79 13.92 2.5
      vertex 118.67 23.27 2.5
    endloop
  endfacet
  facet normal 0 0 1
    outer loop
      vertex 117.82 23.4978 2.5
      vertex 118.79 13.92 2.5
      vertex 118.23 23.3279 2.5
    endloop
  endfacet
  facet normal 0 0 1
    outer loop
      vertex 117.468 23.7679 2.5
      vertex 118.79 13.92 2.5
      vertex 117.82 23.4978 2.5
    endloop
  endfacet
  facet normal 0 0 1
    outer loop
      vertex 117.198 24.12 2.5
      vertex 118.79 13.92 2.5
      vertex 117.468 23.7679 2.5
    endloop
  endfacet
  facet normal 0 0 1
    outer loop
      vertex 105.79 31.47 2.5
      vertex 118.79 13.92 2.5
      vertex 117.198 24.12 2.5
    endloop
  endfacet
  facet normal 0 0 1
    outer loop
      vertex 105.79 31.47 2.5
      vertex 117.198 24.12 2.5
      vertex 117.028 24.53 2.5
    endloop
  endfacet
  facet normal 0 0 1
    outer loop
      vertex 105.79 31.47 2.5
      vertex 117.028 24.53 2.5
      vertex 116.97 24.97 2.5
    endloop
  endfacet
  facet normal 0 0 1
    outer loop
      vertex 118.79 13.92 2.5
      vertex 105.79 31.47 2.5
      vertex 117.51 9.93999 2.5
    endloop
  endfacet
  facet normal -0 0 1
    outer loop
      vertex 101.832 -48.82 2.5
      vertex 105.43 -51.3 2.5
      vertex 101.89 -48.38 2.5
    endloop
  endfacet
  facet normal -0 0 1
    outer loop
      vertex 101.662 -49.23 2.5
      vertex 105.43 -51.3 2.5
      vertex 101.832 -48.82 2.5
    endloop
  endfacet
  facet normal -0 0 1
    outer loop
      vertex 101.392 -49.5821 2.5
      vertex 105.43 -51.3 2.5
      vertex 101.662 -49.23 2.5
    endloop
  endfacet
  facet normal -0 0 1
    outer loop
      vertex 101.04 -49.8522 2.5
      vertex 105.43 -51.3 2.5
      vertex 101.392 -49.5821 2.5
    endloop
  endfacet
  facet normal -0 0 1
    outer loop
      vertex 100.63 -50.0221 2.5
      vertex 105.43 -51.3 2.5
      vertex 101.04 -49.8522 2.5
    endloop
  endfacet
  facet normal -0 0 1
    outer loop
      vertex 100.19 -50.08 2.5
      vertex 105.43 -51.3 2.5
      vertex 100.63 -50.0221 2.5
    endloop
  endfacet
  facet normal 0 0 1
    outer loop
      vertex 99.75 -50.0221 2.5
      vertex 105.43 -51.3 2.5
      vertex 100.19 -50.08 2.5
    endloop
  endfacet
  facet normal 0 0 1
    outer loop
      vertex 98.7178 -47.53 2.5
      vertex 86.85 -47.7 2.5
      vertex 98.5479 -47.94 2.5
    endloop
  endfacet
  facet normal 0 0 1
    outer loop
      vertex 99.75 -50.0221 2.5
      vertex 86.85 -47.7 2.5
      vertex 105.43 -51.3 2.5
    endloop
  endfacet
  facet normal 0 0 1
    outer loop
      vertex 99.34 -49.8522 2.5
      vertex 86.85 -47.7 2.5
      vertex 99.75 -50.0221 2.5
    endloop
  endfacet
  facet normal 0 0 1
    outer loop
      vertex 98.9879 -49.5821 2.5
      vertex 86.85 -47.7 2.5
      vertex 99.34 -49.8522 2.5
    endloop
  endfacet
  facet normal 0 0 1
    outer loop
      vertex 98.7178 -49.23 2.5
      vertex 86.85 -47.7 2.5
      vertex 98.9879 -49.5821 2.5
    endloop
  endfacet
  facet normal 0 0 1
    outer loop
      vertex 98.5479 -48.82 2.5
      vertex 86.85 -47.7 2.5
      vertex 98.7178 -49.23 2.5
    endloop
  endfacet
  facet normal 0 0 1
    outer loop
      vertex 98.5479 -47.94 2.5
      vertex 86.85 -47.7 2.5
      vertex 98.49 -48.38 2.5
    endloop
  endfacet
  facet normal 0 0 1
    outer loop
      vertex 67.48 11.5 2.5
      vertex 87.21 35.07 2.5
      vertex 74.35 47.05 2.5
    endloop
  endfacet
  facet normal 0 0 1
    outer loop
      vertex 98.49 -48.38 2.5
      vertex 86.85 -47.7 2.5
      vertex 98.5479 -48.82 2.5
    endloop
  endfacet
  facet normal 0 0 1
    outer loop
      vertex 108.18 -29.75 2.5
      vertex 86.85 -47.7 2.5
      vertex 107.46 -34.28 2.5
    endloop
  endfacet
  facet normal 0 0 1
    outer loop
      vertex 55.77 47.54 2.5
      vertex 67.48 11.5 2.5
      vertex 74.35 47.05 2.5
    endloop
  endfacet
  facet normal 0 0 1
    outer loop
      vertex 34.55 27.7 2.5
      vertex 55.77 47.54 2.5
      vertex 52.34 49.9 2.5
    endloop
  endfacet
  facet normal 0 0 1
    outer loop
      vertex 34.55 27.7 2.5
      vertex 52.34 49.9 2.5
      vertex 34.55 47.9 2.5
    endloop
  endfacet
  facet normal 0 0 1
    outer loop
      vertex 55.77 47.54 2.5
      vertex 34.55 27.7 2.5
      vertex 67.48 11.5 2.5
    endloop
  endfacet
  facet normal 0 0 1
    outer loop
      vertex 34.55 27.7 2.5
      vertex 13.48 11.5 2.5
      vertex 67.48 11.5 2.5
    endloop
  endfacet
  facet normal 0 0 1
    outer loop
      vertex -11.98 -2.46999 2.5
      vertex 13.48 11.5 2.5
      vertex 9.35 27.7 2.5
    endloop
  endfacet
  facet normal -0 0 1
    outer loop
      vertex 9.35 27.7 2.5
      vertex 13.48 11.5 2.5
      vertex 34.55 27.7 2.5
    endloop
  endfacet
  facet normal 0 0 -1
    outer loop
      vertex 9.35 47.9 2.5
      vertex 11.35 43.1587 2.5
      vertex 9.35 42.2696 2.5
    endloop
  endfacet
  facet normal 0 0 -1
    outer loop
      vertex 11.35 43.1587 2.5
      vertex 9.35 47.9 2.5
      vertex 11.35 47.9 2.5
    endloop
  endfacet
  facet normal -0 0 1
    outer loop
      vertex 31.22 45.07 2.5
      vertex 32.55 29.7 2.5
      vertex 32.55 47.6091 2.5
    endloop
  endfacet
  facet normal -0 0 1
    outer loop
      vertex 12.68 43.75 2.5
      vertex 32.55 29.7 2.5
      vertex 31.22 45.07 2.5
    endloop
  endfacet
  facet normal 0 0 1
    outer loop
      vertex 11.35 29.7 2.5
      vertex 12.68 43.75 2.5
      vertex 11.35 43.1587 2.5
    endloop
  endfacet
  facet normal 0 0 1
    outer loop
      vertex 12.68 43.75 2.5
      vertex 11.35 29.7 2.5
      vertex 32.55 29.7 2.5
    endloop
  endfacet
  facet normal -0 0 -1
    outer loop
      vertex 32.7024 47.9 2.5
      vertex 32.55 47.6091 2.5
      vertex 32.55 47.9 2.5
    endloop
  endfacet
  facet normal 0.528131 -0.849163 0
    outer loop
      vertex -9.28 -73.26 0
      vertex -8.45999 -72.75 2.5
      vertex -9.28 -73.26 2.5
    endloop
  endfacet
  facet normal 0.528131 -0.849163 0
    outer loop
      vertex -8.45999 -72.75 2.5
      vertex -9.28 -73.26 0
      vertex -8.45999 -72.75 0
    endloop
  endfacet
  facet normal 0.530342 -0.847784 0
    outer loop
      vertex -8.45999 -72.75 0
      vertex 7.10999 -63.01 2.5
      vertex -8.45999 -72.75 2.5
    endloop
  endfacet
  facet normal 0.530342 -0.847784 0
    outer loop
      vertex 7.10999 -63.01 2.5
      vertex -8.45999 -72.75 0
      vertex 7.10999 -63.01 0
    endloop
  endfacet
  facet normal 0.535542 -0.844509 0
    outer loop
      vertex 7.10999 -63.01 0
      vertex 7.92999 -62.49 2.5
      vertex 7.10999 -63.01 2.5
    endloop
  endfacet
  facet normal 0.535542 -0.844509 0
    outer loop
      vertex 7.92999 -62.49 2.5
      vertex 7.10999 -63.01 0
      vertex 7.92999 -62.49 0
    endloop
  endfacet
  facet normal 0.530097 -0.847937 0
    outer loop
      vertex 7.92999 -62.49 0
      vertex 23.51 -52.75 2.5
      vertex 7.92999 -62.49 2.5
    endloop
  endfacet
  facet normal 0.530097 -0.847937 0
    outer loop
      vertex 23.51 -52.75 2.5
      vertex 7.92999 -62.49 0
      vertex 23.51 -52.75 0
    endloop
  endfacet
  facet normal 0.859259 0.511541 0
    outer loop
      vertex 23.51 -52.75 2.5
      vertex 14.08 -36.91 0
      vertex 14.08 -36.91 2.5
    endloop
  endfacet
  facet normal 0.859259 0.511541 0
    outer loop
      vertex 14.08 -36.91 0
      vertex 23.51 -52.75 2.5
      vertex 23.51 -52.75 0
    endloop
  endfacet
  facet normal 0.149739 -0.988726 0
    outer loop
      vertex 14.08 -36.91 0
      vertex 31.71 -34.24 2.5
      vertex 14.08 -36.91 2.5
    endloop
  endfacet
  facet normal 0.149739 -0.988726 0
    outer loop
      vertex 31.71 -34.24 2.5
      vertex 14.08 -36.91 0
      vertex 31.71 -34.24 0
    endloop
  endfacet
  facet normal -0.991622 -0.129177 0
    outer loop
      vertex 33.75 -49.9 0
      vertex 31.71 -34.24 2.5
      vertex 31.71 -34.24 0
    endloop
  endfacet
  facet normal -0.991622 -0.129177 0
    outer loop
      vertex 31.71 -34.24 2.5
      vertex 33.75 -49.9 0
      vertex 33.75 -49.9 2.5
    endloop
  endfacet
  facet normal 0 -1 0
    outer loop
      vertex 33.75 -49.9 0
      vertex 52.34 -49.9 2.5
      vertex 33.75 -49.9 2.5
    endloop
  endfacet
  facet normal 0 -1 -0
    outer loop
      vertex 52.34 -49.9 2.5
      vertex 33.75 -49.9 0
      vertex 52.34 -49.9 0
    endloop
  endfacet
  facet normal -0.911484 -0.411336 0
    outer loop
      vertex 53.22 -51.85 0
      vertex 52.34 -49.9 2.5
      vertex 52.34 -49.9 0
    endloop
  endfacet
  facet normal -0.911484 -0.411336 0
    outer loop
      vertex 52.34 -49.9 2.5
      vertex 53.22 -51.85 0
      vertex 53.22 -51.85 2.5
    endloop
  endfacet
  facet normal -0.0263633 -0.999652 0
    outer loop
      vertex 53.22 -51.85 0
      vertex 71.8 -52.34 2.5
      vertex 53.22 -51.85 2.5
    endloop
  endfacet
  facet normal -0.0263633 -0.999652 -0
    outer loop
      vertex 71.8 -52.34 2.5
      vertex 53.22 -51.85 0
      vertex 71.8 -52.34 0
    endloop
  endfacet
  facet normal 0.935595 0.353076 0
    outer loop
      vertex 71.8 -52.34 2.5
      vertex 68.63 -43.94 0
      vertex 68.63 -43.94 2.5
    endloop
  endfacet
  facet normal 0.935595 0.353076 0
    outer loop
      vertex 68.63 -43.94 0
      vertex 71.8 -52.34 2.5
      vertex 71.8 -52.34 0
    endloop
  endfacet
  facet normal -0.202108 -0.979363 0
    outer loop
      vertex 68.63 -43.94 0
      vertex 86.85 -47.7 2.5
      vertex 68.63 -43.94 2.5
    endloop
  endfacet
  facet normal -0.202108 -0.979363 -0
    outer loop
      vertex 86.85 -47.7 2.5
      vertex 68.63 -43.94 0
      vertex 86.85 -47.7 0
    endloop
  endfacet
  facet normal -0.190219 -0.981742 -3.82596e-06
    outer loop
      vertex 86.85 -47.7 2.5
      vertex 99.7048 -50.1907 1.47802
      vertex 105.43 -51.3 2.5
    endloop
  endfacet
  facet normal -0.19029 -0.981727 -0.00093543
    outer loop
      vertex 86.85 -47.7 2.5
      vertex 99.5935 -50.1691 1.45023
      vertex 99.7048 -50.1907 1.47802
    endloop
  endfacet
  facet normal -0.190187 -0.981748 0.000364218
    outer loop
      vertex 86.85 -47.7 2.5
      vertex 99.201 -50.0931 1.35232
      vertex 99.5935 -50.1691 1.45023
    endloop
  endfacet
  facet normal -0.190197 -0.981746 0.000251799
    outer loop
      vertex 86.85 -47.7 2.5
      vertex 98.9732 -50.049 1.22541
      vertex 99.201 -50.0931 1.35232
    endloop
  endfacet
  facet normal -0.190224 -0.981741 -1.34507e-05
    outer loop
      vertex 86.85 -47.7 2.5
      vertex 98.5944 -49.9756 1.0143
      vertex 98.9732 -50.049 1.22541
    endloop
  endfacet
  facet normal -0.190254 -0.981735 -0.000258914
    outer loop
      vertex 86.85 -47.7 2.5
      vertex 98.3439 -49.927 0.807063
      vertex 98.5944 -49.9756 1.0143
    endloop
  endfacet
  facet normal -0.190217 -0.981742 4.98498e-06
    outer loop
      vertex 86.85 -47.7 2.5
      vertex 97.7199 -49.8061 0.290875
      vertex 98.3439 -49.927 0.807063
    endloop
  endfacet
  facet normal -0.190223 -0.981741 0
    outer loop
      vertex 97.4404 -49.752 0
      vertex 86.85 -47.7 2.5
      vertex 86.85 -47.7 0
    endloop
  endfacet
  facet normal -0.190187 -0.981748 0.00015414
    outer loop
      vertex 86.85 -47.7 2.5
      vertex 97.4404 -49.752 0
      vertex 97.7199 -49.8061 0.290875
    endloop
  endfacet
  facet normal -0.19019 -0.981747 -0.000171569
    outer loop
      vertex 100.077 -50.2628 1.44997
      vertex 105.43 -51.3 2.5
      vertex 99.7048 -50.1907 1.47802
    endloop
  endfacet
  facet normal -0.190253 -0.981735 0.000161863
    outer loop
      vertex 100.19 -50.2847 1.44143
      vertex 105.43 -51.3 2.5
      vertex 100.077 -50.2628 1.44997
    endloop
  endfacet
  facet normal -0.190219 -0.981742 -1.56709e-05
    outer loop
      vertex 100.334 -50.3126 1.38444
      vertex 105.43 -51.3 2.5
      vertex 100.19 -50.2847 1.44143
    endloop
  endfacet
  facet normal -0.190272 -0.981731 0.000237893
    outer loop
      vertex 100.728 -50.389 1.22872
      vertex 105.43 -51.3 2.5
      vertex 100.334 -50.3126 1.38444
    endloop
  endfacet
  facet normal -0.190143 -0.981756 -0.000257902
    outer loop
      vertex 101.097 -50.4604 0.975343
      vertex 105.43 -51.3 2.5
      vertex 100.728 -50.389 1.22872
    endloop
  endfacet
  facet normal -0.190291 -0.981728 0.000178195
    outer loop
      vertex 101.428 -50.5246 0.747243
      vertex 105.43 -51.3 2.5
      vertex 101.097 -50.4604 0.975343
    endloop
  endfacet
  facet normal -0.190252 -0.981735 8.72073e-05
    outer loop
      vertex 102.228 -50.6797 0
      vertex 105.43 -51.3 2.5
      vertex 101.428 -50.5246 0.747243
    endloop
  endfacet
  facet normal -0.190187 -0.981748 -0
    outer loop
      vertex 105.43 -51.3 2.5
      vertex 102.228 -50.6797 0
      vertex 105.43 -51.3 0
    endloop
  endfacet
  facet normal 0.992962 -0.118432 0
    outer loop
      vertex 105.43 -51.3 2.5
      vertex 107.46 -34.28 0
      vertex 107.46 -34.28 2.5
    endloop
  endfacet
  facet normal 0.992962 -0.118432 0
    outer loop
      vertex 107.46 -34.28 0
      vertex 105.43 -51.3 2.5
      vertex 105.43 -51.3 0
    endloop
  endfacet
  facet normal 0.987603 -0.15697 0
    outer loop
      vertex 107.46 -34.28 2.5
      vertex 108.18 -29.75 0
      vertex 108.18 -29.75 2.5
    endloop
  endfacet
  facet normal 0.987603 -0.15697 0
    outer loop
      vertex 108.18 -29.75 0
      vertex 107.46 -34.28 2.5
      vertex 107.46 -34.28 0
    endloop
  endfacet
  facet normal 0.981077 -0.193619 0
    outer loop
      vertex 108.18 -29.75 2.5
      vertex 111.76 -11.61 0
      vertex 111.76 -11.61 2.5
    endloop
  endfacet
  facet normal 0.981077 -0.193619 0
    outer loop
      vertex 111.76 -11.61 0
      vertex 108.18 -29.75 2.5
      vertex 108.18 -29.75 0
    endloop
  endfacet
  facet normal 0.973333 -0.229397 0
    outer loop
      vertex 111.76 -11.61 2.5
      vertex 112.83 -7.06999 0
      vertex 112.83 -7.06999 2.5
    endloop
  endfacet
  facet normal 0.973333 -0.229397 0
    outer loop
      vertex 112.83 -7.06999 0
      vertex 111.76 -11.61 2.5
      vertex 111.76 -11.61 0
    endloop
  endfacet
  facet normal 0.964173 -0.265275 0
    outer loop
      vertex 112.83 -7.06999 2.5
      vertex 117.51 9.93999 0
      vertex 117.51 9.93999 2.5
    endloop
  endfacet
  facet normal 0.964173 -0.265275 0
    outer loop
      vertex 117.51 9.93999 0
      vertex 112.83 -7.06999 2.5
      vertex 112.83 -7.06999 0
    endloop
  endfacet
  facet normal 0.951979 -0.306163 0
    outer loop
      vertex 117.51 9.93999 2.5
      vertex 118.79 13.92 0
      vertex 118.79 13.92 2.5
    endloop
  endfacet
  facet normal 0.951979 -0.306163 0
    outer loop
      vertex 118.79 13.92 0
      vertex 117.51 9.93999 2.5
      vertex 117.51 9.93999 0
    endloop
  endfacet
  facet normal 0.935238 -0.35402 0
    outer loop
      vertex 118.79 13.92 2.5
      vertex 124.01 27.71 0
      vertex 124.01 27.71 2.5
    endloop
  endfacet
  facet normal 0.935238 -0.35402 0
    outer loop
      vertex 124.01 27.71 0
      vertex 118.79 13.92 2.5
      vertex 118.79 13.92 0
    endloop
  endfacet
  facet normal 0.202108 0.979363 -0
    outer loop
      vertex 124.01 27.71 0
      vertex 105.79 31.47 2.5
      vertex 124.01 27.71 2.5
    endloop
  endfacet
  facet normal 0.202108 0.979363 0
    outer loop
      vertex 105.79 31.47 2.5
      vertex 124.01 27.71 0
      vertex 105.79 31.47 0
    endloop
  endfacet
  facet normal 0.190219 0.981742 -0
    outer loop
      vertex 105.79 31.47 0
      vertex 87.21 35.07 2.5
      vertex 105.79 31.47 2.5
    endloop
  endfacet
  facet normal 0.190219 0.981742 0
    outer loop
      vertex 87.21 35.07 2.5
      vertex 105.79 31.47 0
      vertex 87.21 35.07 0
    endloop
  endfacet
  facet normal 0.681629 0.731698 -0
    outer loop
      vertex 87.21 35.07 0
      vertex 74.35 47.05 2.5
      vertex 87.21 35.07 2.5
    endloop
  endfacet
  facet normal 0.681629 0.731698 0
    outer loop
      vertex 74.35 47.05 2.5
      vertex 87.21 35.07 0
      vertex 74.35 47.05 0
    endloop
  endfacet
  facet normal 0.0263633 0.999652 -0
    outer loop
      vertex 74.35 47.05 0
      vertex 55.77 47.54 2.5
      vertex 74.35 47.05 2.5
    endloop
  endfacet
  facet normal 0.0263633 0.999652 0
    outer loop
      vertex 55.77 47.54 2.5
      vertex 74.35 47.05 0
      vertex 55.77 47.54 0
    endloop
  endfacet
  facet normal 0.566835 0.823832 -0
    outer loop
      vertex 55.77 47.54 0
      vertex 52.34 49.9 2.5
      vertex 55.77 47.54 2.5
    endloop
  endfacet
  facet normal 0.566835 0.823832 0
    outer loop
      vertex 52.34 49.9 2.5
      vertex 55.77 47.54 0
      vertex 52.34 49.9 0
    endloop
  endfacet
  facet normal 0 1 -0
    outer loop
      vertex 52.34 49.9 0
      vertex 33.75 49.9 2.5
      vertex 52.34 49.9 2.5
    endloop
  endfacet
  facet normal 0 1 0
    outer loop
      vertex 33.75 49.9 2.5
      vertex 52.34 49.9 0
      vertex 33.75 49.9 0
    endloop
  endfacet
  facet normal -0.885835 0.464 0
    outer loop
      vertex 33.75 49.9 0
      vertex 32.7024 47.9 2.5
      vertex 33.75 49.9 2.5
    endloop
  endfacet
  facet normal -0.885802 0.464064 6.47497e-05
    outer loop
      vertex 33.75 49.9 0
      vertex 32.55 47.6091 2.5
      vertex 32.7024 47.9 2.5
    endloop
  endfacet
  facet normal -0.885832 0.464007 -1.6873e-06
    outer loop
      vertex 31.22 45.07 0
      vertex 32.55 47.6091 2.5
      vertex 33.75 49.9 0
    endloop
  endfacet
  facet normal -0.885832 0.464006 0
    outer loop
      vertex 32.55 47.6091 2.5
      vertex 31.22 45.07 0
      vertex 31.22 45.07 2.5
    endloop
  endfacet
  facet normal -0.0710176 0.997475 0
    outer loop
      vertex 31.22 45.07 0
      vertex 12.68 43.75 2.5
      vertex 31.22 45.07 2.5
    endloop
  endfacet
  facet normal -0.0710176 0.997475 0
    outer loop
      vertex 12.68 43.75 2.5
      vertex 31.22 45.07 0
      vertex 12.68 43.75 0
    endloop
  endfacet
  facet normal -0.406247 0.913763 0
    outer loop
      vertex 12.68 43.75 0
      vertex 11.35 43.1587 2.5
      vertex 12.68 43.75 2.5
    endloop
  endfacet
  facet normal -0.406219 0.913776 1.77272e-05
    outer loop
      vertex 11.35 43.1587 2.5
      vertex 12.68 43.75 0
      vertex 9.35 42.2696 2.5
    endloop
  endfacet
  facet normal -0.406237 0.913768 -1.09693e-05
    outer loop
      vertex 4.10999 39.94 0
      vertex 9.35 42.2696 2.5
      vertex 12.68 43.75 0
    endloop
  endfacet
  facet normal -0.406241 0.913766 0
    outer loop
      vertex 9.35 42.2696 2.5
      vertex 4.10999 39.94 0
      vertex 4.10999 39.94 2.5
    endloop
  endfacet
  facet normal -0.189286 0.981922 0
    outer loop
      vertex 4.10999 39.94 0
      vertex -14.15 36.42 2.5
      vertex 4.10999 39.94 2.5
    endloop
  endfacet
  facet normal -0.189286 0.981922 0
    outer loop
      vertex -14.15 36.42 2.5
      vertex 4.10999 39.94 0
      vertex -14.15 36.42 0
    endloop
  endfacet
  facet normal -0.999607 0.0280482 0
    outer loop
      vertex -14.51 23.59 0
      vertex -14.15 36.42 2.5
      vertex -14.15 36.42 0
    endloop
  endfacet
  facet normal -0.999607 0.0280482 0
    outer loop
      vertex -14.15 36.42 2.5
      vertex -14.51 23.59 0
      vertex -14.51 23.59 2.5
    endloop
  endfacet
  facet normal -0.999002 -0.0446613 0
    outer loop
      vertex -14.32 19.34 0
      vertex -14.51 23.59 2.5
      vertex -14.51 23.59 0
    endloop
  endfacet
  facet normal -0.999002 -0.0446613 0
    outer loop
      vertex -14.51 23.59 2.5
      vertex -14.32 19.34 0
      vertex -14.32 19.34 2.5
    endloop
  endfacet
  facet normal -0.995377 -0.0960399 0
    outer loop
      vertex -12.7 2.54999 0
      vertex -14.32 19.34 2.5
      vertex -14.32 19.34 0
    endloop
  endfacet
  facet normal -0.995377 -0.0960399 0
    outer loop
      vertex -14.32 19.34 2.5
      vertex -12.7 2.54999 0
      vertex -12.7 2.54999 2.5
    endloop
  endfacet
  facet normal -0.98987 -0.141974 0
    outer loop
      vertex -11.98 -2.46999 0
      vertex -12.7 2.54999 2.5
      vertex -12.7 2.54999 0
    endloop
  endfacet
  facet normal -0.98987 -0.141974 0
    outer loop
      vertex -12.7 2.54999 2.5
      vertex -11.98 -2.46999 0
      vertex -11.98 -2.46999 2.5
    endloop
  endfacet
  facet normal -0.983347 -0.181741 0
    outer loop
      vertex -8.62 -20.65 0
      vertex -11.98 -2.46999 2.5
      vertex -11.98 -2.46999 0
    endloop
  endfacet
  facet normal -0.983347 -0.181741 0
    outer loop
      vertex -11.98 -2.46999 2.5
      vertex -8.62 -20.65 0
      vertex -8.62 -20.65 2.5
    endloop
  endfacet
  facet normal -0.975266 -0.221034 0
    outer loop
      vertex -7.48 -25.68 0
      vertex -8.62 -20.65 2.5
      vertex -8.62 -20.65 0
    endloop
  endfacet
  facet normal -0.975266 -0.221034 0
    outer loop
      vertex -8.62 -20.65 2.5
      vertex -7.48 -25.68 0
      vertex -7.48 -25.68 2.5
    endloop
  endfacet
  facet normal -0.964711 -0.263313 0
    outer loop
      vertex -2.89999 -42.46 0
      vertex -7.48 -25.68 2.5
      vertex -7.48 -25.68 0
    endloop
  endfacet
  facet normal -0.964711 -0.263313 0
    outer loop
      vertex -7.48 -25.68 2.5
      vertex -2.89999 -42.46 0
      vertex -2.89999 -42.46 2.5
    endloop
  endfacet
  facet normal -0.687082 0.72658 0
    outer loop
      vertex -2.89999 -42.46 0
      vertex -18.72 -57.42 2.5
      vertex -2.89999 -42.46 2.5
    endloop
  endfacet
  facet normal -0.687082 0.72658 0
    outer loop
      vertex -18.72 -57.42 2.5
      vertex -2.89999 -42.46 0
      vertex -18.72 -57.42 0
    endloop
  endfacet
  facet normal -0.530733 0.847539 0
    outer loop
      vertex -18.72 -57.42 0
      vertex -34.29 -67.17 2.5
      vertex -18.72 -57.42 2.5
    endloop
  endfacet
  facet normal -0.530733 0.847539 0
    outer loop
      vertex -34.29 -67.17 2.5
      vertex -18.72 -57.42 0
      vertex -34.29 -67.17 0
    endloop
  endfacet
  facet normal -0.859259 -0.511541 0
    outer loop
      vertex -24.86 -83.01 0
      vertex -34.29 -67.17 2.5
      vertex -34.29 -67.17 0
    endloop
  endfacet
  facet normal -0.859259 -0.511541 0
    outer loop
      vertex -34.29 -67.17 2.5
      vertex -24.86 -83.01 0
      vertex -24.86 -83.01 2.5
    endloop
  endfacet
  facet normal 0.530584 -0.847633 0
    outer loop
      vertex -18.9106 -79.2868 1.44977
      vertex -19.1972 -79.4662 2.5
      vertex -19.1972 -79.4662 1.69
    endloop
  endfacet
  facet normal 0.530051 -0.847966 -0.000202217
    outer loop
      vertex -18.7793 -79.2047 1.33968
      vertex -19.1972 -79.4662 2.5
      vertex -18.9106 -79.2868 1.44977
    endloop
  endfacet
  facet normal 0.530628 -0.847605 8.69789e-05
    outer loop
      vertex -18.2893 -78.898 0.793698
      vertex -19.1972 -79.4662 2.5
      vertex -18.7793 -79.2047 1.33968
    endloop
  endfacet
  facet normal 0.530488 -0.847693 -1.72357e-05
    outer loop
      vertex -19.1972 -79.4662 2.5
      vertex -18.2893 -78.898 0.793698
      vertex -9.28 -73.26 2.5
    endloop
  endfacet
  facet normal 0.530481 -0.847697 2.97048e-05
    outer loop
      vertex -17.9569 -78.69 0.423332
      vertex -9.28 -73.26 2.5
      vertex -18.2893 -78.898 0.793698
    endloop
  endfacet
  facet normal 0.530522 -0.847671 -0.000209931
    outer loop
      vertex -17.8408 -78.6173 0.270732
      vertex -9.28 -73.26 2.5
      vertex -17.9569 -78.69 0.423332
    endloop
  endfacet
  facet normal 0.530476 -0.8477 3.56186e-05
    outer loop
      vertex -17.6348 -78.4884 0
      vertex -9.28 -73.26 2.5
      vertex -17.8408 -78.6173 0.270732
    endloop
  endfacet
  facet normal 0.530484 -0.847695 0
    outer loop
      vertex -9.28 -73.26 2.5
      vertex -17.6348 -78.4884 0
      vertex -9.28 -73.26 0
    endloop
  endfacet
  facet normal 0.530484 -0.847695 -2.59589e-06
    outer loop
      vertex -21.2526 -80.7525 1.16146
      vertex -20.6663 -80.3856 2.5
      vertex -24.86 -83.01 2.5
    endloop
  endfacet
  facet normal 0.529129 -0.848542 0
    outer loop
      vertex -20.6663 -80.3856 2.5
      vertex -20.6926 -80.402 1.67423
      vertex -20.6663 -80.3856 1.69
    endloop
  endfacet
  facet normal 0.536274 -0.844044 -0.000316879
    outer loop
      vertex -20.6663 -80.3856 2.5
      vertex -20.7 -80.4067 1.66976
      vertex -20.6926 -80.402 1.67423
    endloop
  endfacet
  facet normal 0.527624 -0.849478 0.00017231
    outer loop
      vertex -20.6663 -80.3856 2.5
      vertex -20.7169 -80.4172 1.65424
      vertex -20.7 -80.4067 1.66976
    endloop
  endfacet
  facet normal 0.530603 -0.84762 -7.53504e-05
    outer loop
      vertex -20.6663 -80.3856 2.5
      vertex -21.2526 -80.7525 1.16146
      vertex -20.7169 -80.4172 1.65424
    endloop
  endfacet
  facet normal 0.530475 -0.847701 -3.61426e-05
    outer loop
      vertex -24.86 -83.01 2.5
      vertex -21.5262 -80.9237 0.839588
      vertex -21.2526 -80.7525 1.16146
    endloop
  endfacet
  facet normal 0.530499 -0.847686 0
    outer loop
      vertex -22.2396 -81.3701 0
      vertex -24.86 -83.01 2.5
      vertex -24.86 -83.01 0
    endloop
  endfacet
  facet normal 0.530476 -0.8477 -3.36436e-05
    outer loop
      vertex -24.86 -83.01 2.5
      vertex -22.2396 -81.3701 0
      vertex -21.5262 -80.9237 0.839588
    endloop
  endfacet
  facet normal 1 0 0
    outer loop
      vertex 11.35 47.9 6.1
      vertex 11.35 43.1587 2.5
      vertex 11.35 47.9 2.5
    endloop
  endfacet
  facet normal 1 -0 0
    outer loop
      vertex 11.35 29.7 6.1
      vertex 11.35 43.1587 2.5
      vertex 11.35 47.9 6.1
    endloop
  endfacet
  facet normal 1 0 0
    outer loop
      vertex 11.35 43.1587 2.5
      vertex 11.35 29.7 6.1
      vertex 11.35 29.7 2.5
    endloop
  endfacet
  facet normal 0 0 1
    outer loop
      vertex 11.35 47.9 6.1
      vertex 9.35 47.9 6.1
      vertex 11.35 29.7 6.1
    endloop
  endfacet
  facet normal 0 0 1
    outer loop
      vertex 32.55 29.7 6.1
      vertex 34.55 47.9 6.1
      vertex 32.55 47.9 6.1
    endloop
  endfacet
  facet normal 0 0 1
    outer loop
      vertex 34.55 47.9 6.1
      vertex 32.55 29.7 6.1
      vertex 34.55 27.7 6.1
    endloop
  endfacet
  facet normal -0 0 1
    outer loop
      vertex 11.35 29.7 6.1
      vertex 34.55 27.7 6.1
      vertex 32.55 29.7 6.1
    endloop
  endfacet
  facet normal 0 0 1
    outer loop
      vertex 11.35 29.7 6.1
      vertex 9.35 27.7 6.1
      vertex 34.55 27.7 6.1
    endloop
  endfacet
  facet normal 0 0 1
    outer loop
      vertex 9.35 27.7 6.1
      vertex 11.35 29.7 6.1
      vertex 9.35 47.9 6.1
    endloop
  endfacet
  facet normal -1 0 0
    outer loop
      vertex 9.35 42.2696 2.5
      vertex 9.35 47.9 6.1
      vertex 9.35 47.9 2.5
    endloop
  endfacet
  facet normal -1 0 0
    outer loop
      vertex 9.35 27.7 6.1
      vertex 9.35 42.2696 2.5
      vertex 9.35 27.7 2.5
    endloop
  endfacet
  facet normal -1 0 0
    outer loop
      vertex 9.35 42.2696 2.5
      vertex 9.35 27.7 6.1
      vertex 9.35 47.9 6.1
    endloop
  endfacet
  facet normal 0 1 -0
    outer loop
      vertex 11.35 47.9 2.5
      vertex 9.35 47.9 6.1
      vertex 11.35 47.9 6.1
    endloop
  endfacet
  facet normal 0 1 0
    outer loop
      vertex 9.35 47.9 6.1
      vertex 11.35 47.9 2.5
      vertex 9.35 47.9 2.5
    endloop
  endfacet
  facet normal 0 1 -0
    outer loop
      vertex 32.55 29.7 2.5
      vertex 11.35 29.7 6.1
      vertex 32.55 29.7 6.1
    endloop
  endfacet
  facet normal 0 1 0
    outer loop
      vertex 11.35 29.7 6.1
      vertex 32.55 29.7 2.5
      vertex 11.35 29.7 2.5
    endloop
  endfacet
  facet normal 1 -0 0
    outer loop
      vertex 34.55 27.7 6.1
      vertex 34.55 47.9 2.5
      vertex 34.55 47.9 6.1
    endloop
  endfacet
  facet normal 1 0 0
    outer loop
      vertex 34.55 47.9 2.5
      vertex 34.55 27.7 6.1
      vertex 34.55 27.7 2.5
    endloop
  endfacet
  facet normal -1 0 0
    outer loop
      vertex 32.55 47.6091 2.5
      vertex 32.55 47.9 6.1
      vertex 32.55 47.9 2.5
    endloop
  endfacet
  facet normal -1 0 0
    outer loop
      vertex 32.55 29.7 6.1
      vertex 32.55 47.6091 2.5
      vertex 32.55 29.7 2.5
    endloop
  endfacet
  facet normal -1 0 0
    outer loop
      vertex 32.55 47.6091 2.5
      vertex 32.55 29.7 6.1
      vertex 32.55 47.9 6.1
    endloop
  endfacet
  facet normal 0 1 0
    outer loop
      vertex 32.7024 47.9 2.5
      vertex 34.55 47.9 6.1
      vertex 34.55 47.9 2.5
    endloop
  endfacet
  facet normal 0 1 0
    outer loop
      vertex 34.55 47.9 6.1
      vertex 32.7024 47.9 2.5
      vertex 32.55 47.9 6.1
    endloop
  endfacet
  facet normal 0 1 0
    outer loop
      vertex 32.55 47.9 6.1
      vertex 32.7024 47.9 2.5
      vertex 32.55 47.9 2.5
    endloop
  endfacet
  facet normal 0 -1 0
    outer loop
      vertex 9.35 27.7 2.5
      vertex 34.55 27.7 6.1
      vertex 9.35 27.7 6.1
    endloop
  endfacet
  facet normal 0 -1 -0
    outer loop
      vertex 34.55 27.7 6.1
      vertex 9.35 27.7 2.5
      vertex 34.55 27.7 2.5
    endloop
  endfacet
  facet normal 1 -0 0
    outer loop
      vertex 15.48 -25.5 6.5
      vertex 15.48 9.5 2.5
      vertex 15.48 9.5 6.5
    endloop
  endfacet
  facet normal 1 0 0
    outer loop
      vertex 15.48 9.5 2.5
      vertex 15.48 -25.5 6.5
      vertex 15.48 -25.5 2.5
    endloop
  endfacet
  facet normal 0 0 1
    outer loop
      vertex 67.48 11.5 6.5
      vertex 65.48 9.5 6.5
      vertex 67.48 -27.5 6.5
    endloop
  endfacet
  facet normal 0 0 1
    outer loop
      vertex 67.48 11.5 6.5
      vertex 15.48 9.5 6.5
      vertex 65.48 9.5 6.5
    endloop
  endfacet
  facet normal 0 0 1
    outer loop
      vertex 15.48 9.5 6.5
      vertex 13.48 11.5 6.5
      vertex 15.48 -25.5 6.5
    endloop
  endfacet
  facet normal -0 0 1
    outer loop
      vertex 13.48 11.5 6.5
      vertex 15.48 9.5 6.5
      vertex 67.48 11.5 6.5
    endloop
  endfacet
  facet normal 0 0 1
    outer loop
      vertex 67.48 -27.5 6.5
      vertex 65.48 9.5 6.5
      vertex 65.48 -27.5 6.5
    endloop
  endfacet
  facet normal -0 0 1
    outer loop
      vertex 15.48 -25.5 6.5
      vertex 32.98 -27.5 6.5
      vertex 32.98 -25.5 6.5
    endloop
  endfacet
  facet normal 0 0 1
    outer loop
      vertex 15.48 -25.5 6.5
      vertex 13.48 -27.5 6.5
      vertex 32.98 -27.5 6.5
    endloop
  endfacet
  facet normal 0 0 1
    outer loop
      vertex 13.48 -27.5 6.5
      vertex 15.48 -25.5 6.5
      vertex 13.48 11.5 6.5
    endloop
  endfacet
  facet normal -1 0 0
    outer loop
      vertex 13.48 -27.5 2.5
      vertex 13.48 11.5 6.5
      vertex 13.48 11.5 2.5
    endloop
  endfacet
  facet normal -1 -0 0
    outer loop
      vertex 13.48 11.5 6.5
      vertex 13.48 -27.5 2.5
      vertex 13.48 -27.5 6.5
    endloop
  endfacet
  facet normal 0 1 -0
    outer loop
      vertex 67.48 11.5 2.5
      vertex 13.48 11.5 6.5
      vertex 67.48 11.5 6.5
    endloop
  endfacet
  facet normal 0 1 0
    outer loop
      vertex 13.48 11.5 6.5
      vertex 67.48 11.5 2.5
      vertex 13.48 11.5 2.5
    endloop
  endfacet
  facet normal 0 -1 0
    outer loop
      vertex 13.48 -27.5 2.5
      vertex 32.98 -27.5 6.5
      vertex 13.48 -27.5 6.5
    endloop
  endfacet
  facet normal 0 -1 -0
    outer loop
      vertex 32.98 -27.5 6.5
      vertex 13.48 -27.5 2.5
      vertex 32.98 -27.5 2.5
    endloop
  endfacet
  facet normal 1 -0 0
    outer loop
      vertex 67.48 -27.5 6.5
      vertex 67.48 11.5 2.5
      vertex 67.48 11.5 6.5
    endloop
  endfacet
  facet normal 1 0 0
    outer loop
      vertex 67.48 11.5 2.5
      vertex 67.48 -27.5 6.5
      vertex 67.48 -27.5 2.5
    endloop
  endfacet
  facet normal -1 0 0
    outer loop
      vertex 65.48 -27.5 2.5
      vertex 65.48 9.5 6.5
      vertex 65.48 9.5 2.5
    endloop
  endfacet
  facet normal -1 -0 0
    outer loop
      vertex 65.48 9.5 6.5
      vertex 65.48 -27.5 2.5
      vertex 65.48 -27.5 6.5
    endloop
  endfacet
  facet normal 0 -1 0
    outer loop
      vertex 65.48 -27.5 2.5
      vertex 67.48 -27.5 6.5
      vertex 65.48 -27.5 6.5
    endloop
  endfacet
  facet normal 0 -1 -0
    outer loop
      vertex 67.48 -27.5 6.5
      vertex 65.48 -27.5 2.5
      vertex 67.48 -27.5 2.5
    endloop
  endfacet
  facet normal 0 -1 0
    outer loop
      vertex 15.48 9.5 2.5
      vertex 65.48 9.5 6.5
      vertex 15.48 9.5 6.5
    endloop
  endfacet
  facet normal 0 -1 -0
    outer loop
      vertex 65.48 9.5 6.5
      vertex 15.48 9.5 2.5
      vertex 65.48 9.5 2.5
    endloop
  endfacet
  facet normal 1 -0 0
    outer loop
      vertex 32.98 -27.5 6.5
      vertex 32.98 -25.5 2.5
      vertex 32.98 -25.5 6.5
    endloop
  endfacet
  facet normal 1 0 0
    outer loop
      vertex 32.98 -25.5 2.5
      vertex 32.98 -27.5 6.5
      vertex 32.98 -27.5 2.5
    endloop
  endfacet
  facet normal 0 1 -0
    outer loop
      vertex 32.98 -25.5 2.5
      vertex 15.48 -25.5 6.5
      vertex 32.98 -25.5 6.5
    endloop
  endfacet
  facet normal 0 1 0
    outer loop
      vertex 15.48 -25.5 6.5
      vertex 32.98 -25.5 2.5
      vertex 15.48 -25.5 2.5
    endloop
  endfacet
  facet normal -0.923878 -0.382688 0
    outer loop
      vertex -8.14793 32.74 1.69
      vertex -8.31776 33.15 2.5
      vertex -8.31776 33.15 1.69
    endloop
  endfacet
  facet normal -0.923878 -0.382688 0
    outer loop
      vertex -8.31776 33.15 2.5
      vertex -8.14793 32.74 1.69
      vertex -8.14793 32.74 2.5
    endloop
  endfacet
  facet normal -0.991444 -0.130533 0
    outer loop
      vertex -8.09 32.3 1.69
      vertex -8.14793 32.74 2.5
      vertex -8.14793 32.74 1.69
    endloop
  endfacet
  facet normal -0.991444 -0.130533 0
    outer loop
      vertex -8.14793 32.74 2.5
      vertex -8.09 32.3 1.69
      vertex -8.09 32.3 2.5
    endloop
  endfacet
  facet normal -0.793371 -0.608739 0
    outer loop
      vertex -8.31776 33.15 1.69
      vertex -8.58792 33.5021 2.5
      vertex -8.58792 33.5021 1.69
    endloop
  endfacet
  facet normal -0.793371 -0.608739 0
    outer loop
      vertex -8.58792 33.5021 2.5
      vertex -8.31776 33.15 1.69
      vertex -8.31776 33.15 2.5
    endloop
  endfacet
  facet normal -0.382815 0.923825 0
    outer loop
      vertex -8.94 30.8278 1.69
      vertex -9.35001 30.6579 2.5
      vertex -8.94 30.8278 2.5
    endloop
  endfacet
  facet normal -0.382815 0.923825 0
    outer loop
      vertex -9.35001 30.6579 2.5
      vertex -8.94 30.8278 1.69
      vertex -9.35001 30.6579 1.69
    endloop
  endfacet
  facet normal -0.793371 0.608739 0
    outer loop
      vertex -8.58792 31.0979 1.69
      vertex -8.31776 31.45 2.5
      vertex -8.31776 31.45 1.69
    endloop
  endfacet
  facet normal -0.793371 0.608739 0
    outer loop
      vertex -8.31776 31.45 2.5
      vertex -8.58792 31.0979 1.69
      vertex -8.58792 31.0979 2.5
    endloop
  endfacet
  facet normal 0.923822 0.382823 0
    outer loop
      vertex -11.2622 31.45 2.5
      vertex -11.4321 31.86 1.69
      vertex -11.4321 31.86 2.5
    endloop
  endfacet
  facet normal 0.923822 0.382823 0
    outer loop
      vertex -11.4321 31.86 1.69
      vertex -11.2622 31.45 2.5
      vertex -11.2622 31.45 1.69
    endloop
  endfacet
  facet normal 0.130466 0.991453 -0
    outer loop
      vertex -9.79 30.6 1.69
      vertex -10.23 30.6579 2.5
      vertex -9.79 30.6 2.5
    endloop
  endfacet
  facet normal 0.130466 0.991453 0
    outer loop
      vertex -10.23 30.6579 2.5
      vertex -9.79 30.6 1.69
      vertex -10.23 30.6579 1.69
    endloop
  endfacet
  facet normal -0.608676 -0.793419 0
    outer loop
      vertex -8.94 33.7722 1.69
      vertex -8.58792 33.5021 2.5
      vertex -8.94 33.7722 2.5
    endloop
  endfacet
  facet normal -0.608676 -0.793419 -0
    outer loop
      vertex -8.58792 33.5021 2.5
      vertex -8.94 33.7722 1.69
      vertex -8.58792 33.5021 1.69
    endloop
  endfacet
  facet normal 0.793436 0.608654 0
    outer loop
      vertex -10.9921 31.0979 2.5
      vertex -11.2622 31.45 1.69
      vertex -11.2622 31.45 2.5
    endloop
  endfacet
  facet normal 0.793436 0.608654 0
    outer loop
      vertex -11.2622 31.45 1.69
      vertex -10.9921 31.0979 2.5
      vertex -10.9921 31.0979 1.69
    endloop
  endfacet
  facet normal 0.923822 -0.382823 0
    outer loop
      vertex -11.4321 32.74 2.5
      vertex -11.2622 33.15 1.69
      vertex -11.2622 33.15 2.5
    endloop
  endfacet
  facet normal 0.923822 -0.382823 0
    outer loop
      vertex -11.2622 33.15 1.69
      vertex -11.4321 32.74 2.5
      vertex -11.4321 32.74 1.69
    endloop
  endfacet
  facet normal -0.923878 0.382688 0
    outer loop
      vertex -8.31776 31.45 1.69
      vertex -8.14793 31.86 2.5
      vertex -8.14793 31.86 1.69
    endloop
  endfacet
  facet normal -0.923878 0.382688 0
    outer loop
      vertex -8.14793 31.86 2.5
      vertex -8.31776 31.45 1.69
      vertex -8.31776 31.45 2.5
    endloop
  endfacet
  facet normal 0.793436 -0.608654 0
    outer loop
      vertex -11.2622 33.15 2.5
      vertex -10.9921 33.5021 1.69
      vertex -10.9921 33.5021 2.5
    endloop
  endfacet
  facet normal 0.793436 -0.608654 0
    outer loop
      vertex -10.9921 33.5021 1.69
      vertex -11.2622 33.15 2.5
      vertex -11.2622 33.15 1.69
    endloop
  endfacet
  facet normal -0.608676 0.793419 0
    outer loop
      vertex -8.58792 31.0979 1.69
      vertex -8.94 30.8278 2.5
      vertex -8.58792 31.0979 2.5
    endloop
  endfacet
  facet normal -0.608676 0.793419 0
    outer loop
      vertex -8.94 30.8278 2.5
      vertex -8.58792 31.0979 1.69
      vertex -8.94 30.8278 1.69
    endloop
  endfacet
  facet normal -0.130469 0.991452 0
    outer loop
      vertex -9.35001 30.6579 1.69
      vertex -9.79 30.6 2.5
      vertex -9.35001 30.6579 2.5
    endloop
  endfacet
  facet normal -0.130469 0.991452 0
    outer loop
      vertex -9.79 30.6 2.5
      vertex -9.35001 30.6579 1.69
      vertex -9.79 30.6 1.69
    endloop
  endfacet
  facet normal -0.991444 0.130533 0
    outer loop
      vertex -8.14793 31.86 1.69
      vertex -8.09 32.3 2.5
      vertex -8.09 32.3 1.69
    endloop
  endfacet
  facet normal -0.991444 0.130533 0
    outer loop
      vertex -8.09 32.3 2.5
      vertex -8.14793 31.86 1.69
      vertex -8.14793 31.86 2.5
    endloop
  endfacet
  facet normal -0.382815 -0.923825 0
    outer loop
      vertex -9.35001 33.9421 1.69
      vertex -8.94 33.7722 2.5
      vertex -9.35001 33.9421 2.5
    endloop
  endfacet
  facet normal -0.382815 -0.923825 -0
    outer loop
      vertex -8.94 33.7722 2.5
      vertex -9.35001 33.9421 1.69
      vertex -8.94 33.7722 1.69
    endloop
  endfacet
  facet normal 0.130466 -0.991453 0
    outer loop
      vertex -10.23 33.9421 1.69
      vertex -9.79 34 2.5
      vertex -10.23 33.9421 2.5
    endloop
  endfacet
  facet normal 0.130466 -0.991453 0
    outer loop
      vertex -9.79 34 2.5
      vertex -10.23 33.9421 1.69
      vertex -9.79 34 1.69
    endloop
  endfacet
  facet normal -0.130469 -0.991452 0
    outer loop
      vertex -9.79 34 1.69
      vertex -9.35001 33.9421 2.5
      vertex -9.79 34 2.5
    endloop
  endfacet
  facet normal -0.130469 -0.991452 -0
    outer loop
      vertex -9.35001 33.9421 2.5
      vertex -9.79 34 1.69
      vertex -9.35001 33.9421 1.69
    endloop
  endfacet
  facet normal 0.608654 0.793436 -0
    outer loop
      vertex -10.64 30.8278 1.69
      vertex -10.9921 31.0979 2.5
      vertex -10.64 30.8278 2.5
    endloop
  endfacet
  facet normal 0.608654 0.793436 0
    outer loop
      vertex -10.9921 31.0979 2.5
      vertex -10.64 30.8278 1.69
      vertex -10.9921 31.0979 1.69
    endloop
  endfacet
  facet normal 0.382823 0.923822 -0
    outer loop
      vertex -10.23 30.6579 1.69
      vertex -10.64 30.8278 2.5
      vertex -10.23 30.6579 2.5
    endloop
  endfacet
  facet normal 0.382823 0.923822 0
    outer loop
      vertex -10.64 30.8278 2.5
      vertex -10.23 30.6579 1.69
      vertex -10.64 30.8278 1.69
    endloop
  endfacet
  facet normal 0.991453 -0.130466 0
    outer loop
      vertex -11.49 32.3 2.5
      vertex -11.4321 32.74 1.69
      vertex -11.4321 32.74 2.5
    endloop
  endfacet
  facet normal 0.991453 -0.130466 0
    outer loop
      vertex -11.4321 32.74 1.69
      vertex -11.49 32.3 2.5
      vertex -11.49 32.3 1.69
    endloop
  endfacet
  facet normal 0.608654 -0.793436 0
    outer loop
      vertex -10.9921 33.5021 1.69
      vertex -10.64 33.7722 2.5
      vertex -10.9921 33.5021 2.5
    endloop
  endfacet
  facet normal 0.608654 -0.793436 0
    outer loop
      vertex -10.64 33.7722 2.5
      vertex -10.9921 33.5021 1.69
      vertex -10.64 33.7722 1.69
    endloop
  endfacet
  facet normal 0.382823 -0.923822 0
    outer loop
      vertex -10.64 33.7722 1.69
      vertex -10.23 33.9421 2.5
      vertex -10.64 33.7722 2.5
    endloop
  endfacet
  facet normal 0.382823 -0.923822 0
    outer loop
      vertex -10.23 33.9421 2.5
      vertex -10.64 33.7722 1.69
      vertex -10.23 33.9421 1.69
    endloop
  endfacet
  facet normal 0.991453 0.130466 0
    outer loop
      vertex -11.4321 31.86 2.5
      vertex -11.49 32.3 1.69
      vertex -11.49 32.3 2.5
    endloop
  endfacet
  facet normal 0.991453 0.130466 0
    outer loop
      vertex -11.49 32.3 1.69
      vertex -11.4321 31.86 2.5
      vertex -11.4321 31.86 1.69
    endloop
  endfacet
  facet normal -0.767973 -0.101109 -0.632451
    outer loop
      vertex -6.80324 33.0976 0
      vertex -6.69823 32.3 0
      vertex -8.09 32.3 1.69
    endloop
  endfacet
  facet normal 0.471474 0.614609 -0.63243
    outer loop
      vertex -11.9741 30.1122 0
      vertex -10.9921 31.0979 1.69
      vertex -10.64 30.8278 1.69
    endloop
  endfacet
  facet normal 0.469533 0.616262 -0.632266
    outer loop
      vertex -10.9921 31.0979 1.69
      vertex -11.9741 30.1122 0
      vertex -11.9762 30.1138 0
    endloop
  endfacet
  facet normal -0.101061 -0.767979 -0.632452
    outer loop
      vertex -8.99238 35.2868 0
      vertex -9.35001 33.9421 1.69
      vertex -9.79 34 1.69
    endloop
  endfacet
  facet normal -0.118102 -0.764711 -0.633458
    outer loop
      vertex -9.35001 33.9421 1.69
      vertex -8.99238 35.2868 0
      vertex -8.98979 35.2864 0
    endloop
  endfacet
  facet normal -0.296453 0.715627 -0.63245
    outer loop
      vertex -8.94 30.8278 1.69
      vertex -8.24412 29.6225 0
      vertex -8.98738 29.3146 0
    endloop
  endfacet
  facet normal 0.767967 0.101099 -0.63246
    outer loop
      vertex -11.49 32.3 1.69
      vertex -12.7768 31.5024 0
      vertex -12.8818 32.3 0
    endloop
  endfacet
  facet normal -0.614512 -0.471572 -0.632452
    outer loop
      vertex -7.6022 34.4841 0
      vertex -7.11245 33.8459 0
      vertex -8.31776 33.15 1.69
    endloop
  endfacet
  facet normal 0.101059 0.76798 -0.632451
    outer loop
      vertex -10.5876 29.3132 0
      vertex -10.23 30.6579 1.69
      vertex -9.79 30.6 1.69
    endloop
  endfacet
  facet normal 0.117661 0.7648 -0.633433
    outer loop
      vertex -10.23 30.6579 1.69
      vertex -10.5876 29.3132 0
      vertex -10.5902 29.3136 0
    endloop
  endfacet
  facet normal 0.471541 0.614535 -0.632452
    outer loop
      vertex -10.64 30.8278 1.69
      vertex -11.3359 29.6225 0
      vertex -11.9741 30.1122 0
    endloop
  endfacet
  facet normal 0.614494 0.471606 -0.632444
    outer loop
      vertex -10.9921 31.0979 1.69
      vertex -11.9762 30.1138 0
      vertex -12.466 30.752 0
    endloop
  endfacet
  facet normal 0.7648 -0.117661 -0.633433
    outer loop
      vertex -11.4321 32.74 1.69
      vertex -12.7768 33.0976 0
      vertex -12.7764 33.1002 0
    endloop
  endfacet
  facet normal 0.76798 -0.101059 -0.632451
    outer loop
      vertex -12.7768 33.0976 0
      vertex -11.4321 32.74 1.69
      vertex -11.49 32.3 1.69
    endloop
  endfacet
  facet normal -0.473628 0.612756 -0.632618
    outer loop
      vertex -7.60586 30.1122 0
      vertex -8.58792 31.0979 1.69
      vertex -7.60379 30.1138 0
    endloop
  endfacet
  facet normal -0.471485 0.614589 -0.632442
    outer loop
      vertex -8.58792 31.0979 1.69
      vertex -7.60586 30.1122 0
      vertex -8.94 30.8278 1.69
    endloop
  endfacet
  facet normal 0.76798 0.101059 -0.632451
    outer loop
      vertex -11.4321 31.86 1.69
      vertex -12.7768 31.5024 0
      vertex -11.49 32.3 1.69
    endloop
  endfacet
  facet normal 0.7648 0.117661 -0.633433
    outer loop
      vertex -12.7768 31.5024 0
      vertex -11.4321 31.86 1.69
      vertex -12.7764 31.4998 0
    endloop
  endfacet
  facet normal 0.296444 -0.715643 -0.632437
    outer loop
      vertex -10.5902 35.2864 0
      vertex -10.23 33.9421 1.69
      vertex -11.3335 34.9785 0
    endloop
  endfacet
  facet normal 0.767967 -0.101099 -0.63246
    outer loop
      vertex -12.7768 33.0976 0
      vertex -11.49 32.3 1.69
      vertex -12.8818 32.3 0
    endloop
  endfacet
  facet normal 0.614575 0.471448 -0.632483
    outer loop
      vertex -12.466 30.752 0
      vertex -11.2622 31.45 1.69
      vertex -10.9921 31.0979 1.69
    endloop
  endfacet
  facet normal 0.629329 0.449521 -0.633936
    outer loop
      vertex -11.2622 31.45 1.69
      vertex -12.466 30.752 0
      vertex -12.4675 30.7541 0
    endloop
  endfacet
  facet normal -0.471514 0.614557 -0.632451
    outer loop
      vertex -7.60586 30.1122 0
      vertex -8.24412 29.6225 0
      vertex -8.94 30.8278 1.69
    endloop
  endfacet
  facet normal 0.614535 -0.471541 -0.632452
    outer loop
      vertex -11.9778 34.4841 0
      vertex -11.2622 33.15 1.69
      vertex -12.4675 33.8459 0
    endloop
  endfacet
  facet normal -0.101096 0.767967 -0.63246
    outer loop
      vertex -9.79 30.6 1.69
      vertex -8.99238 29.3132 0
      vertex -9.79 29.2082 0
    endloop
  endfacet
  facet normal -0.767973 0.101109 -0.632451
    outer loop
      vertex -6.69823 32.3 0
      vertex -6.80324 31.5024 0
      vertex -8.09 32.3 1.69
    endloop
  endfacet
  facet normal -0.614552 -0.471535 -0.63244
    outer loop
      vertex -8.58792 33.5021 1.69
      vertex -7.6022 34.4841 0
      vertex -8.31776 33.15 1.69
    endloop
  endfacet
  facet normal -0.617774 -0.467743 -0.632116
    outer loop
      vertex -7.6022 34.4841 0
      vertex -8.58792 33.5021 1.69
      vertex -7.60379 34.4862 0
    endloop
  endfacet
  facet normal 0.297891 -0.714938 -0.632554
    outer loop
      vertex -11.3335 34.9785 0
      vertex -10.64 33.7722 1.69
      vertex -11.3359 34.9775 0
    endloop
  endfacet
  facet normal 0.296532 -0.715586 -0.63246
    outer loop
      vertex -10.64 33.7722 1.69
      vertex -11.3335 34.9785 0
      vertex -10.23 33.9421 1.69
    endloop
  endfacet
  facet normal 0.101099 0.767967 -0.63246
    outer loop
      vertex -9.79 30.6 1.69
      vertex -9.79 29.2082 0
      vertex -10.5876 29.3132 0
    endloop
  endfacet
  facet normal -0.296457 -0.715637 -0.632438
    outer loop
      vertex -8.98979 35.2864 0
      vertex -8.24653 34.9785 0
      vertex -9.35001 33.9421 1.69
    endloop
  endfacet
  facet normal 0.714938 -0.297891 -0.632554
    outer loop
      vertex -11.2622 33.15 1.69
      vertex -12.4685 33.8435 0
      vertex -12.4675 33.8459 0
    endloop
  endfacet
  facet normal 0.715586 -0.296532 -0.63246
    outer loop
      vertex -12.4685 33.8435 0
      vertex -11.2622 33.15 1.69
      vertex -11.4321 32.74 1.69
    endloop
  endfacet
  facet normal 0.715643 -0.296444 -0.632437
    outer loop
      vertex -12.4685 33.8435 0
      vertex -11.4321 32.74 1.69
      vertex -12.7764 33.1002 0
    endloop
  endfacet
  facet normal -0.101096 -0.767967 -0.63246
    outer loop
      vertex -9.79 35.3918 0
      vertex -8.99238 35.2868 0
      vertex -9.79 34 1.69
    endloop
  endfacet
  facet normal -0.2969 0.71553 -0.632351
    outer loop
      vertex -8.98979 29.3136 0
      vertex -8.94 30.8278 1.69
      vertex -8.98738 29.3146 0
    endloop
  endfacet
  facet normal -0.296534 0.715609 -0.632433
    outer loop
      vertex -8.94 30.8278 1.69
      vertex -8.98979 29.3136 0
      vertex -9.35001 30.6579 1.69
    endloop
  endfacet
  facet normal 0.471541 -0.614535 -0.632452
    outer loop
      vertex -11.3359 34.9775 0
      vertex -10.64 33.7722 1.69
      vertex -11.9741 34.4878 0
    endloop
  endfacet
  facet normal 0.715586 0.296532 -0.63246
    outer loop
      vertex -11.2622 31.45 1.69
      vertex -12.4685 30.7565 0
      vertex -11.4321 31.86 1.69
    endloop
  endfacet
  facet normal 0.714938 0.297891 -0.632554
    outer loop
      vertex -12.4685 30.7565 0
      vertex -11.2622 31.45 1.69
      vertex -12.4675 30.7541 0
    endloop
  endfacet
  facet normal 0.296439 0.715632 -0.632451
    outer loop
      vertex -10.64 30.8278 1.69
      vertex -10.5926 29.3146 0
      vertex -11.3359 29.6225 0
    endloop
  endfacet
  facet normal -0.614514 0.471574 -0.632448
    outer loop
      vertex -7.11404 30.752 0
      vertex -7.60379 30.1138 0
      vertex -8.58792 31.0979 1.69
    endloop
  endfacet
  facet normal 0.296541 0.715609 -0.63243
    outer loop
      vertex -10.5902 29.3136 0
      vertex -10.64 30.8278 1.69
      vertex -10.23 30.6579 1.69
    endloop
  endfacet
  facet normal 0.298035 0.715284 -0.632095
    outer loop
      vertex -10.64 30.8278 1.69
      vertex -10.5902 29.3136 0
      vertex -10.5926 29.3146 0
    endloop
  endfacet
  facet normal -0.296527 -0.715592 -0.632456
    outer loop
      vertex -8.24653 34.9785 0
      vertex -8.94 33.7722 1.69
      vertex -9.35001 33.9421 1.69
    endloop
  endfacet
  facet normal -0.29686 -0.715433 -0.632479
    outer loop
      vertex -8.94 33.7722 1.69
      vertex -8.24653 34.9785 0
      vertex -8.24412 34.9775 0
    endloop
  endfacet
  facet normal -0.768096 -0.100443 -0.632408
    outer loop
      vertex -6.80324 33.0976 0
      vertex -8.14793 32.74 1.69
      vertex -6.80358 33.1002 0
    endloop
  endfacet
  facet normal -0.767973 -0.101111 -0.632451
    outer loop
      vertex -8.14793 32.74 1.69
      vertex -6.80324 33.0976 0
      vertex -8.09 32.3 1.69
    endloop
  endfacet
  facet normal 0.715643 0.296444 -0.632437
    outer loop
      vertex -11.4321 31.86 1.69
      vertex -12.4685 30.7565 0
      vertex -12.7764 31.4998 0
    endloop
  endfacet
  facet normal 0.117661 -0.7648 -0.633433
    outer loop
      vertex -10.5876 35.2868 0
      vertex -10.23 33.9421 1.69
      vertex -10.5902 35.2864 0
    endloop
  endfacet
  facet normal 0.101059 -0.76798 -0.632451
    outer loop
      vertex -10.23 33.9421 1.69
      vertex -10.5876 35.2868 0
      vertex -9.79 34 1.69
    endloop
  endfacet
  facet normal -0.715642 0.296414 -0.632451
    outer loop
      vertex -6.80358 31.4998 0
      vertex -7.11145 30.7565 0
      vertex -8.14793 31.86 1.69
    endloop
  endfacet
  facet normal -0.767973 0.101111 -0.632451
    outer loop
      vertex -6.80324 31.5024 0
      vertex -8.14793 31.86 1.69
      vertex -8.09 32.3 1.69
    endloop
  endfacet
  facet normal -0.768096 0.100443 -0.632408
    outer loop
      vertex -8.14793 31.86 1.69
      vertex -6.80324 31.5024 0
      vertex -6.80358 31.4998 0
    endloop
  endfacet
  facet normal 0.471474 -0.614609 -0.63243
    outer loop
      vertex -10.9921 33.5021 1.69
      vertex -11.9741 34.4878 0
      vertex -10.64 33.7722 1.69
    endloop
  endfacet
  facet normal 0.469533 -0.616262 -0.632266
    outer loop
      vertex -11.9741 34.4878 0
      vertex -10.9921 33.5021 1.69
      vertex -11.9762 34.4862 0
    endloop
  endfacet
  facet normal -0.118102 0.764711 -0.633458
    outer loop
      vertex -8.99238 29.3132 0
      vertex -9.35001 30.6579 1.69
      vertex -8.98979 29.3136 0
    endloop
  endfacet
  facet normal -0.101061 0.767979 -0.632452
    outer loop
      vertex -9.35001 30.6579 1.69
      vertex -8.99238 29.3132 0
      vertex -9.79 30.6 1.69
    endloop
  endfacet
  facet normal -0.471514 -0.614557 -0.632451
    outer loop
      vertex -8.24412 34.9775 0
      vertex -7.60586 34.4878 0
      vertex -8.94 33.7722 1.69
    endloop
  endfacet
  facet normal -0.473628 -0.612756 -0.632618
    outer loop
      vertex -8.58792 33.5021 1.69
      vertex -7.60586 34.4878 0
      vertex -7.60379 34.4862 0
    endloop
  endfacet
  facet normal -0.471485 -0.614589 -0.632442
    outer loop
      vertex -7.60586 34.4878 0
      vertex -8.58792 33.5021 1.69
      vertex -8.94 33.7722 1.69
    endloop
  endfacet
  facet normal 0.101099 -0.767967 -0.63246
    outer loop
      vertex -9.79 35.3918 0
      vertex -9.79 34 1.69
      vertex -10.5876 35.2868 0
    endloop
  endfacet
  facet normal 0.614609 -0.471474 -0.63243
    outer loop
      vertex -11.9778 34.4841 0
      vertex -10.9921 33.5021 1.69
      vertex -11.2622 33.15 1.69
    endloop
  endfacet
  facet normal 0.616262 -0.469533 -0.632266
    outer loop
      vertex -10.9921 33.5021 1.69
      vertex -11.9778 34.4841 0
      vertex -11.9762 34.4862 0
    endloop
  endfacet
  facet normal -0.61735 0.467422 -0.632768
    outer loop
      vertex -7.11404 30.752 0
      vertex -8.31776 31.45 1.69
      vertex -7.11245 30.7541 0
    endloop
  endfacet
  facet normal -0.614539 0.471525 -0.63246
    outer loop
      vertex -8.31776 31.45 1.69
      vertex -7.11404 30.752 0
      vertex -8.58792 31.0979 1.69
    endloop
  endfacet
  facet normal -0.714936 -0.29789 -0.632557
    outer loop
      vertex -7.11145 33.8435 0
      vertex -8.31776 33.15 1.69
      vertex -7.11245 33.8459 0
    endloop
  endfacet
  facet normal -0.715633 -0.296429 -0.632455
    outer loop
      vertex -8.31776 33.15 1.69
      vertex -7.11145 33.8435 0
      vertex -8.14793 32.74 1.69
    endloop
  endfacet
  facet normal -0.715642 -0.296414 -0.632451
    outer loop
      vertex -7.11145 33.8435 0
      vertex -6.80358 33.1002 0
      vertex -8.14793 32.74 1.69
    endloop
  endfacet
  facet normal -0.715633 0.296429 -0.632455
    outer loop
      vertex -7.11145 30.7565 0
      vertex -8.31776 31.45 1.69
      vertex -8.14793 31.86 1.69
    endloop
  endfacet
  facet normal -0.714936 0.29789 -0.632557
    outer loop
      vertex -8.31776 31.45 1.69
      vertex -7.11145 30.7565 0
      vertex -7.11245 30.7541 0
    endloop
  endfacet
  facet normal -0.923742 -0.383015 0
    outer loop
      vertex 120.312 25.41 1.69
      vertex 120.142 25.82 2.5
      vertex 120.142 25.82 1.69
    endloop
  endfacet
  facet normal -0.923742 -0.383015 0
    outer loop
      vertex 120.142 25.82 2.5
      vertex 120.312 25.41 1.69
      vertex 120.312 25.41 2.5
    endloop
  endfacet
  facet normal -0.991424 -0.130688 0
    outer loop
      vertex 120.37 24.97 1.69
      vertex 120.312 25.41 2.5
      vertex 120.312 25.41 1.69
    endloop
  endfacet
  facet normal -0.991424 -0.130688 0
    outer loop
      vertex 120.312 25.41 2.5
      vertex 120.37 24.97 1.69
      vertex 120.37 24.97 2.5
    endloop
  endfacet
  facet normal -0.793545 -0.608512 0
    outer loop
      vertex 120.142 25.82 1.69
      vertex 119.872 26.1721 2.5
      vertex 119.872 26.1721 1.69
    endloop
  endfacet
  facet normal -0.793545 -0.608512 0
    outer loop
      vertex 119.872 26.1721 2.5
      vertex 120.142 25.82 1.69
      vertex 120.142 25.82 2.5
    endloop
  endfacet
  facet normal -0.793545 0.608512 0
    outer loop
      vertex 119.872 23.7679 1.69
      vertex 120.142 24.12 2.5
      vertex 120.142 24.12 1.69
    endloop
  endfacet
  facet normal -0.793545 0.608512 0
    outer loop
      vertex 120.142 24.12 2.5
      vertex 119.872 23.7679 1.69
      vertex 119.872 23.7679 2.5
    endloop
  endfacet
  facet normal -0.608763 -0.793352 0
    outer loop
      vertex 119.52 26.4422 1.69
      vertex 119.872 26.1721 2.5
      vertex 119.52 26.4422 2.5
    endloop
  endfacet
  facet normal -0.608763 -0.793352 -0
    outer loop
      vertex 119.872 26.1721 2.5
      vertex 119.52 26.4422 1.69
      vertex 119.872 26.1721 1.69
    endloop
  endfacet
  facet normal 0.793545 -0.608512 0
    outer loop
      vertex 117.198 25.82 2.5
      vertex 117.468 26.1721 1.69
      vertex 117.468 26.1721 2.5
    endloop
  endfacet
  facet normal 0.793545 -0.608512 0
    outer loop
      vertex 117.468 26.1721 1.69
      vertex 117.198 25.82 2.5
      vertex 117.198 25.82 1.69
    endloop
  endfacet
  facet normal -0.382823 0.923822 0
    outer loop
      vertex 119.52 23.4978 1.69
      vertex 119.11 23.3279 2.5
      vertex 119.52 23.4978 2.5
    endloop
  endfacet
  facet normal -0.382823 0.923822 0
    outer loop
      vertex 119.11 23.3279 2.5
      vertex 119.52 23.4978 1.69
      vertex 119.11 23.3279 1.69
    endloop
  endfacet
  facet normal 0.793545 0.608512 0
    outer loop
      vertex 117.468 23.7679 2.5
      vertex 117.198 24.12 1.69
      vertex 117.198 24.12 2.5
    endloop
  endfacet
  facet normal 0.793545 0.608512 0
    outer loop
      vertex 117.198 24.12 1.69
      vertex 117.468 23.7679 2.5
      vertex 117.468 23.7679 1.69
    endloop
  endfacet
  facet normal -0.923742 0.383015 0
    outer loop
      vertex 120.142 24.12 1.69
      vertex 120.312 24.53 2.5
      vertex 120.312 24.53 1.69
    endloop
  endfacet
  facet normal -0.923742 0.383015 0
    outer loop
      vertex 120.312 24.53 2.5
      vertex 120.142 24.12 1.69
      vertex 120.142 24.12 2.5
    endloop
  endfacet
  facet normal -0.608763 0.793352 0
    outer loop
      vertex 119.872 23.7679 1.69
      vertex 119.52 23.4978 2.5
      vertex 119.872 23.7679 2.5
    endloop
  endfacet
  facet normal -0.608763 0.793352 0
    outer loop
      vertex 119.52 23.4978 2.5
      vertex 119.872 23.7679 1.69
      vertex 119.52 23.4978 1.69
    endloop
  endfacet
  facet normal 0.923742 -0.383015 0
    outer loop
      vertex 117.028 25.41 2.5
      vertex 117.198 25.82 1.69
      vertex 117.198 25.82 2.5
    endloop
  endfacet
  facet normal 0.923742 -0.383015 0
    outer loop
      vertex 117.198 25.82 1.69
      vertex 117.028 25.41 2.5
      vertex 117.028 25.41 1.69
    endloop
  endfacet
  facet normal -0.991424 0.130688 0
    outer loop
      vertex 120.312 24.53 1.69
      vertex 120.37 24.97 2.5
      vertex 120.37 24.97 1.69
    endloop
  endfacet
  facet normal -0.991424 0.130688 0
    outer loop
      vertex 120.37 24.97 2.5
      vertex 120.312 24.53 1.69
      vertex 120.312 24.53 2.5
    endloop
  endfacet
  facet normal -0.382823 -0.923822 0
    outer loop
      vertex 119.11 26.6121 1.69
      vertex 119.52 26.4422 2.5
      vertex 119.11 26.6121 2.5
    endloop
  endfacet
  facet normal -0.382823 -0.923822 -0
    outer loop
      vertex 119.52 26.4422 2.5
      vertex 119.11 26.6121 1.69
      vertex 119.52 26.4422 1.69
    endloop
  endfacet
  facet normal 0.130466 0.991453 -0
    outer loop
      vertex 118.67 23.27 1.69
      vertex 118.23 23.3279 2.5
      vertex 118.67 23.27 2.5
    endloop
  endfacet
  facet normal 0.130466 0.991453 0
    outer loop
      vertex 118.23 23.3279 2.5
      vertex 118.67 23.27 1.69
      vertex 118.23 23.3279 1.69
    endloop
  endfacet
  facet normal 0.382823 -0.923822 0
    outer loop
      vertex 117.82 26.4422 1.69
      vertex 118.23 26.6121 2.5
      vertex 117.82 26.4422 2.5
    endloop
  endfacet
  facet normal 0.382823 -0.923822 0
    outer loop
      vertex 118.23 26.6121 2.5
      vertex 117.82 26.4422 1.69
      vertex 118.23 26.6121 1.69
    endloop
  endfacet
  facet normal -0.130466 0.991453 0
    outer loop
      vertex 119.11 23.3279 1.69
      vertex 118.67 23.27 2.5
      vertex 119.11 23.3279 2.5
    endloop
  endfacet
  facet normal -0.130466 0.991453 0
    outer loop
      vertex 118.67 23.27 2.5
      vertex 119.11 23.3279 1.69
      vertex 118.67 23.27 1.69
    endloop
  endfacet
  facet normal 0.608763 0.793352 -0
    outer loop
      vertex 117.82 23.4978 1.69
      vertex 117.468 23.7679 2.5
      vertex 117.82 23.4978 2.5
    endloop
  endfacet
  facet normal 0.608763 0.793352 0
    outer loop
      vertex 117.468 23.7679 2.5
      vertex 117.82 23.4978 1.69
      vertex 117.468 23.7679 1.69
    endloop
  endfacet
  facet normal 0.382823 0.923822 -0
    outer loop
      vertex 118.23 23.3279 1.69
      vertex 117.82 23.4978 2.5
      vertex 118.23 23.3279 2.5
    endloop
  endfacet
  facet normal 0.382823 0.923822 0
    outer loop
      vertex 117.82 23.4978 2.5
      vertex 118.23 23.3279 1.69
      vertex 117.82 23.4978 1.69
    endloop
  endfacet
  facet normal 0.608763 -0.793352 0
    outer loop
      vertex 117.468 26.1721 1.69
      vertex 117.82 26.4422 2.5
      vertex 117.468 26.1721 2.5
    endloop
  endfacet
  facet normal 0.608763 -0.793352 0
    outer loop
      vertex 117.82 26.4422 2.5
      vertex 117.468 26.1721 1.69
      vertex 117.82 26.4422 1.69
    endloop
  endfacet
  facet normal 0.991424 -0.130688 0
    outer loop
      vertex 116.97 24.97 2.5
      vertex 117.028 25.41 1.69
      vertex 117.028 25.41 2.5
    endloop
  endfacet
  facet normal 0.991424 -0.130688 0
    outer loop
      vertex 117.028 25.41 1.69
      vertex 116.97 24.97 2.5
      vertex 116.97 24.97 1.69
    endloop
  endfacet
  facet normal 0.130466 -0.991453 0
    outer loop
      vertex 118.23 26.6121 1.69
      vertex 118.67 26.67 2.5
      vertex 118.23 26.6121 2.5
    endloop
  endfacet
  facet normal 0.130466 -0.991453 0
    outer loop
      vertex 118.67 26.67 2.5
      vertex 118.23 26.6121 1.69
      vertex 118.67 26.67 1.69
    endloop
  endfacet
  facet normal 0.923742 0.383015 0
    outer loop
      vertex 117.198 24.12 2.5
      vertex 117.028 24.53 1.69
      vertex 117.028 24.53 2.5
    endloop
  endfacet
  facet normal 0.923742 0.383015 0
    outer loop
      vertex 117.028 24.53 1.69
      vertex 117.198 24.12 2.5
      vertex 117.198 24.12 1.69
    endloop
  endfacet
  facet normal -0.130466 -0.991453 0
    outer loop
      vertex 118.67 26.67 1.69
      vertex 119.11 26.6121 2.5
      vertex 118.67 26.67 2.5
    endloop
  endfacet
  facet normal -0.130466 -0.991453 -0
    outer loop
      vertex 119.11 26.6121 2.5
      vertex 118.67 26.67 1.69
      vertex 119.11 26.6121 1.69
    endloop
  endfacet
  facet normal 0.991424 0.130688 0
    outer loop
      vertex 117.028 24.53 2.5
      vertex 116.97 24.97 1.69
      vertex 116.97 24.97 2.5
    endloop
  endfacet
  facet normal 0.991424 0.130688 0
    outer loop
      vertex 116.97 24.97 1.69
      vertex 117.028 24.53 2.5
      vertex 117.028 24.53 1.69
    endloop
  endfacet
  facet normal -0.767923 -0.101093 -0.632514
    outer loop
      vertex 121.657 25.7676 0
      vertex 121.762 24.97 0
      vertex 120.37 24.97 1.69
    endloop
  endfacet
  facet normal 0.471555 0.61454 -0.632437
    outer loop
      vertex 116.486 22.7822 0
      vertex 117.468 23.7679 1.69
      vertex 117.82 23.4978 1.69
    endloop
  endfacet
  facet normal 0.483428 0.604285 -0.633355
    outer loop
      vertex 117.468 23.7679 1.69
      vertex 116.486 22.7822 0
      vertex 116.484 22.7838 0
    endloop
  endfacet
  facet normal 0.614625 0.471312 -0.632535
    outer loop
      vertex 115.994 23.422 0
      vertex 117.198 24.12 1.69
      vertex 117.468 23.7679 1.69
    endloop
  endfacet
  facet normal 0.565254 0.538337 -0.625045
    outer loop
      vertex 117.198 24.12 1.69
      vertex 115.994 23.422 0
      vertex 115.992 23.4241 0
    endloop
  endfacet
  facet normal -0.296536 0.715576 -0.632469
    outer loop
      vertex 119.52 23.4978 1.69
      vertex 120.216 22.2925 0
      vertex 119.473 21.9846 0
    endloop
  endfacet
  facet normal 0.767923 0.101093 -0.632514
    outer loop
      vertex 116.97 24.97 1.69
      vertex 115.683 24.1724 0
      vertex 115.578 24.97 0
    endloop
  endfacet
  facet normal -0.614306 -0.471655 -0.63259
    outer loop
      vertex 120.858 27.1541 0
      vertex 121.348 26.5159 0
      vertex 120.142 25.82 1.69
    endloop
  endfacet
  facet normal 0.101176 -0.767977 -0.632435
    outer loop
      vertex 118.667 28.0614 0
      vertex 118.23 26.6121 1.69
      vertex 117.87 27.9564 0
    endloop
  endfacet
  facet normal 0.47163 0.614457 -0.632461
    outer loop
      vertex 117.82 23.4978 1.69
      vertex 117.124 22.2925 0
      vertex 116.486 22.7822 0
    endloop
  endfacet
  facet normal 0.614408 0.471733 -0.632432
    outer loop
      vertex 117.468 23.7679 1.69
      vertex 116.484 22.7838 0
      vertex 115.994 23.422 0
    endloop
  endfacet
  facet normal 0.722162 -0.277754 -0.63351
    outer loop
      vertex 117.028 25.41 1.69
      vertex 115.683 25.7676 0
      vertex 115.684 25.7702 0
    endloop
  endfacet
  facet normal 0.767882 -0.101221 -0.632543
    outer loop
      vertex 115.683 25.7676 0
      vertex 117.028 25.41 1.69
      vertex 116.97 24.97 1.69
    endloop
  endfacet
  facet normal -0.483428 0.604285 -0.633355
    outer loop
      vertex 120.854 22.7822 0
      vertex 119.872 23.7679 1.69
      vertex 120.856 22.7838 0
    endloop
  endfacet
  facet normal -0.471555 0.61454 -0.632437
    outer loop
      vertex 119.872 23.7679 1.69
      vertex 120.854 22.7822 0
      vertex 119.52 23.4978 1.69
    endloop
  endfacet
  facet normal 0.767882 0.101221 -0.632543
    outer loop
      vertex 117.028 24.53 1.69
      vertex 115.683 24.1724 0
      vertex 116.97 24.97 1.69
    endloop
  endfacet
  facet normal 0.722162 0.277754 -0.63351
    outer loop
      vertex 115.683 24.1724 0
      vertex 117.028 24.53 1.69
      vertex 115.684 24.1698 0
    endloop
  endfacet
  facet normal 0.296555 -0.715622 -0.632408
    outer loop
      vertex 117.87 27.9564 0
      vertex 118.23 26.6121 1.69
      vertex 117.127 27.6485 0
    endloop
  endfacet
  facet normal 0.767923 -0.101093 -0.632514
    outer loop
      vertex 115.683 25.7676 0
      vertex 116.97 24.97 1.69
      vertex 115.578 24.97 0
    endloop
  endfacet
  facet normal -0.101176 -0.767977 -0.632435
    outer loop
      vertex 119.47 27.9564 0
      vertex 119.11 26.6121 1.69
      vertex 118.673 28.0614 0
    endloop
  endfacet
  facet normal -0.47163 0.614457 -0.632461
    outer loop
      vertex 120.854 22.7822 0
      vertex 120.216 22.2925 0
      vertex 119.52 23.4978 1.69
    endloop
  endfacet
  facet normal 0.614306 -0.471655 -0.63259
    outer loop
      vertex 116.482 27.1541 0
      vertex 117.198 25.82 1.69
      vertex 115.992 26.5159 0
    endloop
  endfacet
  facet normal -0.101049 0.767971 -0.632463
    outer loop
      vertex 118.67 23.27 1.69
      vertex 119.468 21.9832 0
      vertex 118.67 21.8782 0
    endloop
  endfacet
  facet normal -0.767923 0.101093 -0.632514
    outer loop
      vertex 121.762 24.97 0
      vertex 121.657 24.1724 0
      vertex 120.37 24.97 1.69
    endloop
  endfacet
  facet normal -0.614657 -0.471336 -0.632487
    outer loop
      vertex 119.872 26.1721 1.69
      vertex 120.858 27.1541 0
      vertex 120.142 25.82 1.69
    endloop
  endfacet
  facet normal -0.559069 -0.532447 -0.635565
    outer loop
      vertex 120.858 27.1541 0
      vertex 119.872 26.1721 1.69
      vertex 120.856 27.1562 0
    endloop
  endfacet
  facet normal 0.24611 -0.738331 -0.627931
    outer loop
      vertex 117.127 27.6485 0
      vertex 117.82 26.4422 1.69
      vertex 117.124 27.6475 0
    endloop
  endfacet
  facet normal 0.296548 -0.715626 -0.632407
    outer loop
      vertex 117.82 26.4422 1.69
      vertex 117.127 27.6485 0
      vertex 118.23 26.6121 1.69
    endloop
  endfacet
  facet normal 0.101049 0.767971 -0.632463
    outer loop
      vertex 118.67 23.27 1.69
      vertex 118.67 21.8782 0
      vertex 117.872 21.9832 0
    endloop
  endfacet
  facet normal -0.296555 -0.715622 -0.632408
    outer loop
      vertex 119.47 27.9564 0
      vertex 120.213 27.6485 0
      vertex 119.11 26.6121 1.69
    endloop
  endfacet
  facet normal 0.714804 -0.297835 -0.632732
    outer loop
      vertex 117.198 25.82 1.69
      vertex 115.991 26.5135 0
      vertex 115.992 26.5159 0
    endloop
  endfacet
  facet normal 0.715383 -0.296622 -0.632648
    outer loop
      vertex 115.991 26.5135 0
      vertex 117.198 25.82 1.69
      vertex 117.028 25.41 1.69
    endloop
  endfacet
  facet normal 0.715968 -0.295711 -0.632412
    outer loop
      vertex 115.991 26.5135 0
      vertex 117.028 25.41 1.69
      vertex 115.684 25.7702 0
    endloop
  endfacet
  facet normal -0.483428 -0.604285 -0.633355
    outer loop
      vertex 119.872 26.1721 1.69
      vertex 120.854 27.1578 0
      vertex 120.856 27.1562 0
    endloop
  endfacet
  facet normal -0.471555 -0.61454 -0.632437
    outer loop
      vertex 120.854 27.1578 0
      vertex 119.872 26.1721 1.69
      vertex 119.52 26.4422 1.69
    endloop
  endfacet
  facet normal -0.242061 0.726182 -0.64348
    outer loop
      vertex 119.47 21.9836 0
      vertex 119.52 23.4978 1.69
      vertex 119.473 21.9846 0
    endloop
  endfacet
  facet normal -0.296548 0.715624 -0.632409
    outer loop
      vertex 119.52 23.4978 1.69
      vertex 119.47 21.9836 0
      vertex 119.11 23.3279 1.69
    endloop
  endfacet
  facet normal 0.47163 -0.614457 -0.632461
    outer loop
      vertex 117.124 27.6475 0
      vertex 117.82 26.4422 1.69
      vertex 116.486 27.1578 0
    endloop
  endfacet
  facet normal 0.715383 0.296622 -0.632648
    outer loop
      vertex 117.198 24.12 1.69
      vertex 115.991 23.4265 0
      vertex 117.028 24.53 1.69
    endloop
  endfacet
  facet normal 0.714804 0.297835 -0.632732
    outer loop
      vertex 115.991 23.4265 0
      vertex 117.198 24.12 1.69
      vertex 115.992 23.4241 0
    endloop
  endfacet
  facet normal 0.296536 0.715576 -0.632469
    outer loop
      vertex 117.82 23.4978 1.69
      vertex 117.867 21.9846 0
      vertex 117.124 22.2925 0
    endloop
  endfacet
  facet normal 0.101058 0.767968 -0.632465
    outer loop
      vertex 117.872 21.9832 0
      vertex 118.23 23.3279 1.69
      vertex 118.67 23.27 1.69
    endloop
  endfacet
  facet normal 0.151518 0.757592 -0.634898
    outer loop
      vertex 118.23 23.3279 1.69
      vertex 117.872 21.9832 0
      vertex 117.87 21.9836 0
    endloop
  endfacet
  facet normal -0.614408 0.471733 -0.632432
    outer loop
      vertex 121.346 23.422 0
      vertex 120.856 22.7838 0
      vertex 119.872 23.7679 1.69
    endloop
  endfacet
  facet normal 0.296548 0.715624 -0.632409
    outer loop
      vertex 117.87 21.9836 0
      vertex 117.82 23.4978 1.69
      vertex 118.23 23.3279 1.69
    endloop
  endfacet
  facet normal 0.242061 0.726182 -0.64348
    outer loop
      vertex 117.82 23.4978 1.69
      vertex 117.87 21.9836 0
      vertex 117.867 21.9846 0
    endloop
  endfacet
  facet normal -0.296548 -0.715626 -0.632407
    outer loop
      vertex 120.213 27.6485 0
      vertex 119.52 26.4422 1.69
      vertex 119.11 26.6121 1.69
    endloop
  endfacet
  facet normal -0.24611 -0.738331 -0.627931
    outer loop
      vertex 119.52 26.4422 1.69
      vertex 120.213 27.6485 0
      vertex 120.216 27.6475 0
    endloop
  endfacet
  facet normal -0.722162 -0.277754 -0.63351
    outer loop
      vertex 121.657 25.7676 0
      vertex 120.312 25.41 1.69
      vertex 121.656 25.7702 0
    endloop
  endfacet
  facet normal -0.767882 -0.101221 -0.632543
    outer loop
      vertex 120.312 25.41 1.69
      vertex 121.657 25.7676 0
      vertex 120.37 24.97 1.69
    endloop
  endfacet
  facet normal 0.715968 0.295711 -0.632412
    outer loop
      vertex 117.028 24.53 1.69
      vertex 115.991 23.4265 0
      vertex 115.684 24.1698 0
    endloop
  endfacet
  facet normal 0.101058 -0.767972 -0.632461
    outer loop
      vertex 118.667 28.0614 0
      vertex 118.67 26.67 1.69
      vertex 118.23 26.6121 1.69
    endloop
  endfacet
  facet normal 0.102382 -0.767866 -0.632376
    outer loop
      vertex 118.67 26.67 1.69
      vertex 118.667 28.0614 0
      vertex 118.67 28.0618 0
    endloop
  endfacet
  facet normal -0.715968 0.295711 -0.632412
    outer loop
      vertex 121.656 24.1698 0
      vertex 121.349 23.4265 0
      vertex 120.312 24.53 1.69
    endloop
  endfacet
  facet normal -0.767882 0.101221 -0.632543
    outer loop
      vertex 121.657 24.1724 0
      vertex 120.312 24.53 1.69
      vertex 120.37 24.97 1.69
    endloop
  endfacet
  facet normal -0.722162 0.277754 -0.63351
    outer loop
      vertex 120.312 24.53 1.69
      vertex 121.657 24.1724 0
      vertex 121.656 24.1698 0
    endloop
  endfacet
  facet normal 0.471555 -0.61454 -0.632437
    outer loop
      vertex 117.468 26.1721 1.69
      vertex 116.486 27.1578 0
      vertex 117.82 26.4422 1.69
    endloop
  endfacet
  facet normal 0.483428 -0.604285 -0.633355
    outer loop
      vertex 116.486 27.1578 0
      vertex 117.468 26.1721 1.69
      vertex 116.484 27.1562 0
    endloop
  endfacet
  facet normal -0.151518 0.757592 -0.634898
    outer loop
      vertex 119.468 21.9832 0
      vertex 119.11 23.3279 1.69
      vertex 119.47 21.9836 0
    endloop
  endfacet
  facet normal -0.101058 0.767968 -0.632465
    outer loop
      vertex 119.11 23.3279 1.69
      vertex 119.468 21.9832 0
      vertex 118.67 23.27 1.69
    endloop
  endfacet
  facet normal -0.47163 -0.614457 -0.632461
    outer loop
      vertex 120.216 27.6475 0
      vertex 120.854 27.1578 0
      vertex 119.52 26.4422 1.69
    endloop
  endfacet
  facet normal -0.102382 -0.767866 -0.632376
    outer loop
      vertex 118.673 28.0614 0
      vertex 118.67 26.67 1.69
      vertex 118.67 28.0618 0
    endloop
  endfacet
  facet normal -0.101058 -0.767972 -0.632461
    outer loop
      vertex 118.67 26.67 1.69
      vertex 118.673 28.0614 0
      vertex 119.11 26.6121 1.69
    endloop
  endfacet
  facet normal 0.614657 -0.471336 -0.632487
    outer loop
      vertex 116.482 27.1541 0
      vertex 117.468 26.1721 1.69
      vertex 117.198 25.82 1.69
    endloop
  endfacet
  facet normal 0.559069 -0.532447 -0.635565
    outer loop
      vertex 117.468 26.1721 1.69
      vertex 116.482 27.1541 0
      vertex 116.484 27.1562 0
    endloop
  endfacet
  facet normal -0.565254 0.538337 -0.625045
    outer loop
      vertex 121.346 23.422 0
      vertex 120.142 24.12 1.69
      vertex 121.348 23.4241 0
    endloop
  endfacet
  facet normal -0.614625 0.471312 -0.632535
    outer loop
      vertex 120.142 24.12 1.69
      vertex 121.346 23.422 0
      vertex 119.872 23.7679 1.69
    endloop
  endfacet
  facet normal -0.714804 -0.297835 -0.632732
    outer loop
      vertex 121.349 26.5135 0
      vertex 120.142 25.82 1.69
      vertex 121.348 26.5159 0
    endloop
  endfacet
  facet normal -0.715383 -0.296622 -0.632648
    outer loop
      vertex 120.142 25.82 1.69
      vertex 121.349 26.5135 0
      vertex 120.312 25.41 1.69
    endloop
  endfacet
  facet normal -0.715968 -0.295711 -0.632412
    outer loop
      vertex 121.349 26.5135 0
      vertex 121.656 25.7702 0
      vertex 120.312 25.41 1.69
    endloop
  endfacet
  facet normal -0.715383 0.296622 -0.632648
    outer loop
      vertex 121.349 23.4265 0
      vertex 120.142 24.12 1.69
      vertex 120.312 24.53 1.69
    endloop
  endfacet
  facet normal -0.714804 0.297835 -0.632732
    outer loop
      vertex 120.142 24.12 1.69
      vertex 121.349 23.4265 0
      vertex 121.348 23.4241 0
    endloop
  endfacet
  facet normal 0.608654 0.793436 -0
    outer loop
      vertex 99.34 -49.8522 1.69
      vertex 98.9879 -49.5821 2.5
      vertex 99.34 -49.8522 2.5
    endloop
  endfacet
  facet normal 0.608654 0.793436 0
    outer loop
      vertex 98.9879 -49.5821 2.5
      vertex 99.34 -49.8522 1.69
      vertex 98.9879 -49.5821 1.69
    endloop
  endfacet
  facet normal -0.923742 -0.383015 0
    outer loop
      vertex 101.832 -47.94 1.69
      vertex 101.662 -47.53 2.5
      vertex 101.662 -47.53 1.69
    endloop
  endfacet
  facet normal -0.923742 -0.383015 0
    outer loop
      vertex 101.662 -47.53 2.5
      vertex 101.832 -47.94 1.69
      vertex 101.832 -47.94 2.5
    endloop
  endfacet
  facet normal -0.991424 -0.130688 0
    outer loop
      vertex 101.89 -48.38 1.69
      vertex 101.832 -47.94 2.5
      vertex 101.832 -47.94 1.69
    endloop
  endfacet
  facet normal -0.991424 -0.130688 0
    outer loop
      vertex 101.832 -47.94 2.5
      vertex 101.89 -48.38 1.69
      vertex 101.89 -48.38 2.5
    endloop
  endfacet
  facet normal -0.382823 0.923822 0
    outer loop
      vertex 101.04 -49.8522 1.69
      vertex 100.63 -50.0221 2.5
      vertex 101.04 -49.8522 2.5
    endloop
  endfacet
  facet normal -0.382823 0.923822 0
    outer loop
      vertex 100.63 -50.0221 2.5
      vertex 101.04 -49.8522 1.69
      vertex 100.63 -50.0221 1.69
    endloop
  endfacet
  facet normal -0.382823 -0.923822 0
    outer loop
      vertex 100.63 -46.7379 1.69
      vertex 101.04 -46.9078 2.5
      vertex 100.63 -46.7379 2.5
    endloop
  endfacet
  facet normal -0.382823 -0.923822 -0
    outer loop
      vertex 101.04 -46.9078 2.5
      vertex 100.63 -46.7379 1.69
      vertex 101.04 -46.9078 1.69
    endloop
  endfacet
  facet normal -0.793545 0.608512 0
    outer loop
      vertex 101.392 -49.5821 1.69
      vertex 101.662 -49.23 2.5
      vertex 101.662 -49.23 1.69
    endloop
  endfacet
  facet normal -0.793545 0.608512 0
    outer loop
      vertex 101.662 -49.23 2.5
      vertex 101.392 -49.5821 1.69
      vertex 101.392 -49.5821 2.5
    endloop
  endfacet
  facet normal 0.793436 -0.608654 0
    outer loop
      vertex 98.7178 -47.53 2.5
      vertex 98.9879 -47.1779 1.69
      vertex 98.9879 -47.1779 2.5
    endloop
  endfacet
  facet normal 0.793436 -0.608654 0
    outer loop
      vertex 98.9879 -47.1779 1.69
      vertex 98.7178 -47.53 2.5
      vertex 98.7178 -47.53 1.69
    endloop
  endfacet
  facet normal 0.608654 -0.793436 0
    outer loop
      vertex 98.9879 -47.1779 1.69
      vertex 99.34 -46.9078 2.5
      vertex 98.9879 -47.1779 2.5
    endloop
  endfacet
  facet normal 0.608654 -0.793436 0
    outer loop
      vertex 99.34 -46.9078 2.5
      vertex 98.9879 -47.1779 1.69
      vertex 99.34 -46.9078 1.69
    endloop
  endfacet
  facet normal -0.130466 -0.991453 0
    outer loop
      vertex 100.19 -46.68 1.69
      vertex 100.63 -46.7379 2.5
      vertex 100.19 -46.68 2.5
    endloop
  endfacet
  facet normal -0.130466 -0.991453 -0
    outer loop
      vertex 100.63 -46.7379 2.5
      vertex 100.19 -46.68 1.69
      vertex 100.63 -46.7379 1.69
    endloop
  endfacet
  facet normal -0.608763 0.793352 0
    outer loop
      vertex 101.392 -49.5821 1.69
      vertex 101.04 -49.8522 2.5
      vertex 101.392 -49.5821 2.5
    endloop
  endfacet
  facet normal -0.608763 0.793352 0
    outer loop
      vertex 101.04 -49.8522 2.5
      vertex 101.392 -49.5821 1.69
      vertex 101.04 -49.8522 1.69
    endloop
  endfacet
  facet normal -0.130466 0.991453 0
    outer loop
      vertex 100.63 -50.0221 1.69
      vertex 100.19 -50.08 2.5
      vertex 100.63 -50.0221 2.5
    endloop
  endfacet
  facet normal -0.130466 0.991453 0
    outer loop
      vertex 100.19 -50.08 2.5
      vertex 100.63 -50.0221 1.69
      vertex 100.19 -50.08 1.69
    endloop
  endfacet
  facet normal 0.130466 0.991453 -0
    outer loop
      vertex 100.19 -50.08 1.69
      vertex 99.75 -50.0221 2.5
      vertex 100.19 -50.08 2.5
    endloop
  endfacet
  facet normal 0.130466 0.991453 0
    outer loop
      vertex 99.75 -50.0221 2.5
      vertex 100.19 -50.08 1.69
      vertex 99.75 -50.0221 1.69
    endloop
  endfacet
  facet normal 0.991453 0.130466 0
    outer loop
      vertex 98.5479 -48.82 2.5
      vertex 98.49 -48.38 1.69
      vertex 98.49 -48.38 2.5
    endloop
  endfacet
  facet normal 0.991453 0.130466 0
    outer loop
      vertex 98.49 -48.38 1.69
      vertex 98.5479 -48.82 2.5
      vertex 98.5479 -48.82 1.69
    endloop
  endfacet
  facet normal 0.382823 -0.923822 0
    outer loop
      vertex 99.34 -46.9078 1.69
      vertex 99.75 -46.7379 2.5
      vertex 99.34 -46.9078 2.5
    endloop
  endfacet
  facet normal 0.382823 -0.923822 0
    outer loop
      vertex 99.75 -46.7379 2.5
      vertex 99.34 -46.9078 1.69
      vertex 99.75 -46.7379 1.69
    endloop
  endfacet
  facet normal 0.793436 0.608654 0
    outer loop
      vertex 98.9879 -49.5821 2.5
      vertex 98.7178 -49.23 1.69
      vertex 98.7178 -49.23 2.5
    endloop
  endfacet
  facet normal 0.793436 0.608654 0
    outer loop
      vertex 98.7178 -49.23 1.69
      vertex 98.9879 -49.5821 2.5
      vertex 98.9879 -49.5821 1.69
    endloop
  endfacet
  facet normal 0.991453 -0.130466 0
    outer loop
      vertex 98.49 -48.38 2.5
      vertex 98.5479 -47.94 1.69
      vertex 98.5479 -47.94 2.5
    endloop
  endfacet
  facet normal 0.991453 -0.130466 0
    outer loop
      vertex 98.5479 -47.94 1.69
      vertex 98.49 -48.38 2.5
      vertex 98.49 -48.38 1.69
    endloop
  endfacet
  facet normal -0.923742 0.383015 0
    outer loop
      vertex 101.662 -49.23 1.69
      vertex 101.832 -48.82 2.5
      vertex 101.832 -48.82 1.69
    endloop
  endfacet
  facet normal -0.923742 0.383015 0
    outer loop
      vertex 101.832 -48.82 2.5
      vertex 101.662 -49.23 1.69
      vertex 101.662 -49.23 2.5
    endloop
  endfacet
  facet normal -0.991424 0.130688 0
    outer loop
      vertex 101.832 -48.82 1.69
      vertex 101.89 -48.38 2.5
      vertex 101.89 -48.38 1.69
    endloop
  endfacet
  facet normal -0.991424 0.130688 0
    outer loop
      vertex 101.89 -48.38 2.5
      vertex 101.832 -48.82 1.69
      vertex 101.832 -48.82 2.5
    endloop
  endfacet
  facet normal 0.923822 -0.382823 0
    outer loop
      vertex 98.5479 -47.94 2.5
      vertex 98.7178 -47.53 1.69
      vertex 98.7178 -47.53 2.5
    endloop
  endfacet
  facet normal 0.923822 -0.382823 0
    outer loop
      vertex 98.7178 -47.53 1.69
      vertex 98.5479 -47.94 2.5
      vertex 98.5479 -47.94 1.69
    endloop
  endfacet
  facet normal -0.793545 -0.608512 0
    outer loop
      vertex 101.662 -47.53 1.69
      vertex 101.392 -47.1779 2.5
      vertex 101.392 -47.1779 1.69
    endloop
  endfacet
  facet normal -0.793545 -0.608512 0
    outer loop
      vertex 101.392 -47.1779 2.5
      vertex 101.662 -47.53 1.69
      vertex 101.662 -47.53 2.5
    endloop
  endfacet
  facet normal 0.923822 0.382823 0
    outer loop
      vertex 98.7178 -49.23 2.5
      vertex 98.5479 -48.82 1.69
      vertex 98.5479 -48.82 2.5
    endloop
  endfacet
  facet normal 0.923822 0.382823 0
    outer loop
      vertex 98.5479 -48.82 1.69
      vertex 98.7178 -49.23 2.5
      vertex 98.7178 -49.23 1.69
    endloop
  endfacet
  facet normal -0.608763 -0.793352 0
    outer loop
      vertex 101.04 -46.9078 1.69
      vertex 101.392 -47.1779 2.5
      vertex 101.04 -46.9078 2.5
    endloop
  endfacet
  facet normal -0.608763 -0.793352 -0
    outer loop
      vertex 101.392 -47.1779 2.5
      vertex 101.04 -46.9078 1.69
      vertex 101.392 -47.1779 1.69
    endloop
  endfacet
  facet normal 0.130466 -0.991453 0
    outer loop
      vertex 99.75 -46.7379 1.69
      vertex 100.19 -46.68 2.5
      vertex 99.75 -46.7379 2.5
    endloop
  endfacet
  facet normal 0.130466 -0.991453 0
    outer loop
      vertex 100.19 -46.68 2.5
      vertex 99.75 -46.7379 1.69
      vertex 100.19 -46.68 1.69
    endloop
  endfacet
  facet normal 0.382823 0.923822 -0
    outer loop
      vertex 99.75 -50.0221 1.69
      vertex 99.34 -49.8522 2.5
      vertex 99.75 -50.0221 2.5
    endloop
  endfacet
  facet normal 0.382823 0.923822 0
    outer loop
      vertex 99.34 -49.8522 2.5
      vertex 99.75 -50.0221 1.69
      vertex 99.34 -49.8522 1.69
    endloop
  endfacet
  facet normal -0.767923 -0.101093 -0.632514
    outer loop
      vertex 103.177 -47.5824 0
      vertex 103.282 -48.38 0
      vertex 101.89 -48.38 1.69
    endloop
  endfacet
  facet normal -0.101073 0.768086 -0.632319
    outer loop
      vertex 100.63 -50.0221 1.69
      vertex 100.334 -50.3126 1.38444
      vertex 100.19 -50.08 1.69
    endloop
  endfacet
  facet normal -0.100996 0.768058 -0.632366
    outer loop
      vertex 100.334 -50.3126 1.38444
      vertex 100.63 -50.0221 1.69
      vertex 100.728 -50.389 1.22872
    endloop
  endfacet
  facet normal 0.76798 0.101059 -0.632451
    outer loop
      vertex 98.5479 -48.82 1.69
      vertex 97.2032 -49.1776 0
      vertex 98.49 -48.38 1.69
    endloop
  endfacet
  facet normal 0.7648 0.117661 -0.633433
    outer loop
      vertex 97.2032 -49.1776 0
      vertex 98.5479 -48.82 1.69
      vertex 97.2036 -49.1802 0
    endloop
  endfacet
  facet normal 0.296444 -0.715643 -0.632437
    outer loop
      vertex 99.3898 -45.3936 0
      vertex 99.75 -46.7379 1.69
      vertex 98.6465 -45.7015 0
    endloop
  endfacet
  facet normal 0.767967 -0.101099 -0.63246
    outer loop
      vertex 97.2032 -47.5824 0
      vertex 98.49 -48.38 1.69
      vertex 97.0982 -48.38 0
    endloop
  endfacet
  facet normal -0.296548 -0.715626 -0.632407
    outer loop
      vertex 101.733 -45.7015 0
      vertex 101.04 -46.9078 1.69
      vertex 100.63 -46.7379 1.69
    endloop
  endfacet
  facet normal -0.24611 -0.738331 -0.627931
    outer loop
      vertex 101.04 -46.9078 1.69
      vertex 101.733 -45.7015 0
      vertex 101.736 -45.7025 0
    endloop
  endfacet
  facet normal 0.614535 -0.471541 -0.632452
    outer loop
      vertex 98.0022 -46.1959 0
      vertex 98.7178 -47.53 1.69
      vertex 97.5125 -46.8341 0
    endloop
  endfacet
  facet normal -0.767923 0.101093 -0.632514
    outer loop
      vertex 103.282 -48.38 0
      vertex 103.177 -49.1776 0
      vertex 101.89 -48.38 1.69
    endloop
  endfacet
  facet normal -0.483428 0.604285 -0.633355
    outer loop
      vertex 102.374 -50.5678 0
      vertex 101.392 -49.5821 1.69
      vertex 102.376 -50.5662 0
    endloop
  endfacet
  facet normal -0.471555 0.61454 -0.632437
    outer loop
      vertex 101.392 -49.5821 1.69
      vertex 102.374 -50.5678 0
      vertex 101.04 -49.8522 1.69
    endloop
  endfacet
  facet normal 0.715609 0.296541 -0.63243
    outer loop
      vertex 98.7178 -49.23 1.69
      vertex 97.2036 -49.1802 0
      vertex 98.5479 -48.82 1.69
    endloop
  endfacet
  facet normal 0.715284 0.298035 -0.632095
    outer loop
      vertex 97.2036 -49.1802 0
      vertex 98.7178 -49.23 1.69
      vertex 97.2046 -49.1826 0
    endloop
  endfacet
  facet normal -0.47163 -0.614457 -0.632461
    outer loop
      vertex 101.736 -45.7025 0
      vertex 102.374 -46.1922 0
      vertex 101.04 -46.9078 1.69
    endloop
  endfacet
  facet normal 0.297891 -0.714938 -0.632554
    outer loop
      vertex 98.6465 -45.7015 0
      vertex 99.34 -46.9078 1.69
      vertex 98.6441 -45.7025 0
    endloop
  endfacet
  facet normal 0.296532 -0.715586 -0.63246
    outer loop
      vertex 99.34 -46.9078 1.69
      vertex 98.6465 -45.7015 0
      vertex 99.75 -46.7379 1.69
    endloop
  endfacet
  facet normal 0.715632 -0.296439 -0.632451
    outer loop
      vertex 97.5125 -46.8341 0
      vertex 98.7178 -47.53 1.69
      vertex 97.2046 -47.5774 0
    endloop
  endfacet
  facet normal 0.101099 -0.767967 -0.63246
    outer loop
      vertex 100.19 -45.2882 0
      vertex 100.19 -46.68 1.69
      vertex 99.3924 -45.3932 0
    endloop
  endfacet
  facet normal 0.614586 0.471456 -0.632466
    outer loop
      vertex 98.5944 -49.9756 1.0143
      vertex 98.7178 -49.23 1.69
      vertex 98.9879 -49.5821 1.69
    endloop
  endfacet
  facet normal 0.614662 0.471408 -0.632428
    outer loop
      vertex 98.7178 -49.23 1.69
      vertex 98.5944 -49.9756 1.0143
      vertex 98.3439 -49.927 0.807063
    endloop
  endfacet
  facet normal -0.715843 0.29566 -0.632578
    outer loop
      vertex 103.175 -49.1826 0
      vertex 102.868 -49.9259 0
      vertex 101.662 -49.23 1.69
    endloop
  endfacet
  facet normal 0.7648 -0.117661 -0.633433
    outer loop
      vertex 98.5479 -47.94 1.69
      vertex 97.2032 -47.5824 0
      vertex 97.2036 -47.5798 0
    endloop
  endfacet
  facet normal 0.76798 -0.101059 -0.632451
    outer loop
      vertex 97.2032 -47.5824 0
      vertex 98.5479 -47.94 1.69
      vertex 98.49 -48.38 1.69
    endloop
  endfacet
  facet normal -0.471314 0.61494 -0.632228
    outer loop
      vertex 101.428 -50.5246 0.747243
      vertex 102.374 -50.5678 0
      vertex 102.228 -50.6797 0
    endloop
  endfacet
  facet normal -0.471472 0.614632 -0.63241
    outer loop
      vertex 102.374 -50.5678 0
      vertex 101.428 -50.5246 0.747243
      vertex 101.04 -49.8522 1.69
    endloop
  endfacet
  facet normal 0.117661 -0.7648 -0.633433
    outer loop
      vertex 99.3924 -45.3932 0
      vertex 99.75 -46.7379 1.69
      vertex 99.3898 -45.3936 0
    endloop
  endfacet
  facet normal 0.101059 -0.76798 -0.632451
    outer loop
      vertex 99.75 -46.7379 1.69
      vertex 99.3924 -45.3932 0
      vertex 100.19 -46.68 1.69
    endloop
  endfacet
  facet normal -0.101049 -0.767971 -0.632463
    outer loop
      vertex 100.19 -45.2882 0
      vertex 100.988 -45.3932 0
      vertex 100.19 -46.68 1.69
    endloop
  endfacet
  facet normal 0.767967 0.101099 -0.63246
    outer loop
      vertex 98.49 -48.38 1.69
      vertex 97.2032 -49.1776 0
      vertex 97.0982 -48.38 0
    endloop
  endfacet
  facet normal -0.614306 0.471655 -0.63259
    outer loop
      vertex 102.868 -49.9259 0
      vertex 102.378 -50.5641 0
      vertex 101.662 -49.23 1.69
    endloop
  endfacet
  facet normal 0.471474 -0.614609 -0.63243
    outer loop
      vertex 98.9879 -47.1779 1.69
      vertex 98.0059 -46.1922 0
      vertex 99.34 -46.9078 1.69
    endloop
  endfacet
  facet normal 0.469533 -0.616262 -0.632266
    outer loop
      vertex 98.0059 -46.1922 0
      vertex 98.9879 -47.1779 1.69
      vertex 98.0038 -46.1938 0
    endloop
  endfacet
  facet normal -0.483428 -0.604285 -0.633355
    outer loop
      vertex 101.392 -47.1779 1.69
      vertex 102.374 -46.1922 0
      vertex 102.376 -46.1938 0
    endloop
  endfacet
  facet normal -0.471555 -0.61454 -0.632437
    outer loop
      vertex 102.374 -46.1922 0
      vertex 101.392 -47.1779 1.69
      vertex 101.04 -46.9078 1.69
    endloop
  endfacet
  facet normal -0.614657 -0.471336 -0.632487
    outer loop
      vertex 101.392 -47.1779 1.69
      vertex 102.378 -46.1959 0
      vertex 101.662 -47.53 1.69
    endloop
  endfacet
  facet normal -0.559069 -0.532447 -0.635565
    outer loop
      vertex 102.378 -46.1959 0
      vertex 101.392 -47.1779 1.69
      vertex 102.376 -46.1938 0
    endloop
  endfacet
  facet normal 0.471541 -0.614535 -0.632452
    outer loop
      vertex 98.6441 -45.7025 0
      vertex 99.34 -46.9078 1.69
      vertex 98.0059 -46.1922 0
    endloop
  endfacet
  facet normal 0.471359 0.614626 -0.632499
    outer loop
      vertex 99.34 -49.8522 1.69
      vertex 99.201 -50.0931 1.35232
      vertex 98.9732 -50.049 1.22541
    endloop
  endfacet
  facet normal 0.471428 0.61455 -0.632522
    outer loop
      vertex 98.9732 -50.049 1.22541
      vertex 98.9879 -49.5821 1.69
      vertex 99.34 -49.8522 1.69
    endloop
  endfacet
  facet normal 0.471558 0.614499 -0.632475
    outer loop
      vertex 98.9879 -49.5821 1.69
      vertex 98.9732 -50.049 1.22541
      vertex 98.5944 -49.9756 1.0143
    endloop
  endfacet
  facet normal -0.101497 0.767951 -0.632416
    outer loop
      vertex 100.19 -50.08 1.69
      vertex 100.334 -50.3126 1.38444
      vertex 100.19 -50.2847 1.44143
    endloop
  endfacet
  facet normal 0.614609 -0.471474 -0.63243
    outer loop
      vertex 98.0022 -46.1959 0
      vertex 98.9879 -47.1779 1.69
      vertex 98.7178 -47.53 1.69
    endloop
  endfacet
  facet normal 0.616262 -0.469533 -0.632266
    outer loop
      vertex 98.9879 -47.1779 1.69
      vertex 98.0022 -46.1959 0
      vertex 98.0038 -46.1938 0
    endloop
  endfacet
  facet normal -0.715322 -0.298051 -0.632044
    outer loop
      vertex 103.176 -47.5798 0
      vertex 101.662 -47.53 1.69
      vertex 103.175 -47.5774 0
    endloop
  endfacet
  facet normal -0.715612 -0.296717 -0.632343
    outer loop
      vertex 101.662 -47.53 1.69
      vertex 103.176 -47.5798 0
      vertex 101.832 -47.94 1.69
    endloop
  endfacet
  facet normal -0.295658 0.716044 -0.632351
    outer loop
      vertex 101.097 -50.4604 0.975343
      vertex 100.728 -50.389 1.22872
      vertex 100.63 -50.0221 1.69
    endloop
  endfacet
  facet normal 0.101043 0.767987 -0.632445
    outer loop
      vertex 100.19 -50.08 1.69
      vertex 100.19 -50.2847 1.44143
      vertex 100.077 -50.2628 1.44997
    endloop
  endfacet
  facet normal 0.715284 -0.298035 -0.632095
    outer loop
      vertex 98.7178 -47.53 1.69
      vertex 97.2036 -47.5798 0
      vertex 97.2046 -47.5774 0
    endloop
  endfacet
  facet normal 0.715609 -0.296541 -0.63243
    outer loop
      vertex 97.2036 -47.5798 0
      vertex 98.7178 -47.53 1.69
      vertex 98.5479 -47.94 1.69
    endloop
  endfacet
  facet normal 0.296766 0.715547 -0.632395
    outer loop
      vertex 99.75 -50.0221 1.69
      vertex 99.7048 -50.1907 1.47802
      vertex 99.5935 -50.1691 1.45023
    endloop
  endfacet
  facet normal -0.296498 0.715504 -0.632569
    outer loop
      vertex 101.04 -49.8522 1.69
      vertex 101.097 -50.4604 0.975343
      vertex 100.63 -50.0221 1.69
    endloop
  endfacet
  facet normal -0.297108 0.715335 -0.632474
    outer loop
      vertex 101.097 -50.4604 0.975343
      vertex 101.04 -49.8522 1.69
      vertex 101.428 -50.5246 0.747243
    endloop
  endfacet
  facet normal 0.614544 0.471515 -0.632462
    outer loop
      vertex 98.7178 -49.23 1.69
      vertex 98.3439 -49.927 0.807063
      vertex 97.7199 -49.8061 0.290875
    endloop
  endfacet
  facet normal 0.715641 0.296396 -0.632461
    outer loop
      vertex 97.7199 -49.8061 0.290875
      vertex 97.2046 -49.1826 0
      vertex 98.7178 -49.23 1.69
    endloop
  endfacet
  facet normal 0.715615 0.296351 -0.632512
    outer loop
      vertex 97.2046 -49.1826 0
      vertex 97.7199 -49.8061 0.290875
      vertex 97.4404 -49.752 0
    endloop
  endfacet
  facet normal -0.296555 -0.715622 -0.632408
    outer loop
      vertex 100.99 -45.3936 0
      vertex 101.733 -45.7015 0
      vertex 100.63 -46.7379 1.69
    endloop
  endfacet
  facet normal -0.559069 0.532447 -0.635565
    outer loop
      vertex 101.392 -49.5821 1.69
      vertex 102.378 -50.5641 0
      vertex 102.376 -50.5662 0
    endloop
  endfacet
  facet normal -0.614657 0.471336 -0.632487
    outer loop
      vertex 102.378 -50.5641 0
      vertex 101.392 -49.5821 1.69
      vertex 101.662 -49.23 1.69
    endloop
  endfacet
  facet normal -0.101058 -0.767968 -0.632465
    outer loop
      vertex 100.988 -45.3932 0
      vertex 100.63 -46.7379 1.69
      vertex 100.19 -46.68 1.69
    endloop
  endfacet
  facet normal -0.151518 -0.757592 -0.634898
    outer loop
      vertex 100.63 -46.7379 1.69
      vertex 100.988 -45.3932 0
      vertex 100.99 -45.3936 0
    endloop
  endfacet
  facet normal -0.715322 0.298051 -0.632044
    outer loop
      vertex 101.662 -49.23 1.69
      vertex 103.176 -49.1802 0
      vertex 103.175 -49.1826 0
    endloop
  endfacet
  facet normal -0.715612 0.296717 -0.632343
    outer loop
      vertex 103.176 -49.1802 0
      vertex 101.662 -49.23 1.69
      vertex 101.832 -48.82 1.69
    endloop
  endfacet
  facet normal -0.767882 0.101221 -0.632543
    outer loop
      vertex 103.177 -49.1776 0
      vertex 101.832 -48.82 1.69
      vertex 101.89 -48.38 1.69
    endloop
  endfacet
  facet normal -0.722162 0.277754 -0.63351
    outer loop
      vertex 101.832 -48.82 1.69
      vertex 103.177 -49.1776 0
      vertex 103.176 -49.1802 0
    endloop
  endfacet
  facet normal 0.296568 0.715674 -0.632343
    outer loop
      vertex 99.5935 -50.1691 1.45023
      vertex 99.34 -49.8522 1.69
      vertex 99.75 -50.0221 1.69
    endloop
  endfacet
  facet normal 0.296346 0.715621 -0.632508
    outer loop
      vertex 99.34 -49.8522 1.69
      vertex 99.5935 -50.1691 1.45023
      vertex 99.201 -50.0931 1.35232
    endloop
  endfacet
  facet normal 0.101059 0.767981 -0.632449
    outer loop
      vertex 100.077 -50.2628 1.44997
      vertex 99.75 -50.0221 1.69
      vertex 100.19 -50.08 1.69
    endloop
  endfacet
  facet normal 0.101114 0.768011 -0.632404
    outer loop
      vertex 99.75 -50.0221 1.69
      vertex 100.077 -50.2628 1.44997
      vertex 99.7048 -50.1907 1.47802
    endloop
  endfacet
  facet normal -0.614306 -0.471655 -0.63259
    outer loop
      vertex 102.378 -46.1959 0
      vertex 102.868 -46.8341 0
      vertex 101.662 -47.53 1.69
    endloop
  endfacet
  facet normal -0.715843 -0.29566 -0.632578
    outer loop
      vertex 102.868 -46.8341 0
      vertex 103.175 -47.5774 0
      vertex 101.662 -47.53 1.69
    endloop
  endfacet
  facet normal -0.722162 -0.277754 -0.63351
    outer loop
      vertex 103.177 -47.5824 0
      vertex 101.832 -47.94 1.69
      vertex 103.176 -47.5798 0
    endloop
  endfacet
  facet normal -0.767882 -0.101221 -0.632543
    outer loop
      vertex 101.832 -47.94 1.69
      vertex 103.177 -47.5824 0
      vertex 101.89 -48.38 1.69
    endloop
  endfacet
  facet normal -0.923822 -0.382823 0
    outer loop
      vertex 52.9021 -45.74 1.69
      vertex 52.7322 -45.33 2.5
      vertex 52.7322 -45.33 1.69
    endloop
  endfacet
  facet normal -0.923822 -0.382823 0
    outer loop
      vertex 52.7322 -45.33 2.5
      vertex 52.9021 -45.74 1.69
      vertex 52.9021 -45.74 2.5
    endloop
  endfacet
  facet normal -0.991453 -0.130466 0
    outer loop
      vertex 52.96 -46.18 1.69
      vertex 52.9021 -45.74 2.5
      vertex 52.9021 -45.74 1.69
    endloop
  endfacet
  facet normal -0.991453 -0.130466 0
    outer loop
      vertex 52.9021 -45.74 2.5
      vertex 52.96 -46.18 1.69
      vertex 52.96 -46.18 2.5
    endloop
  endfacet
  facet normal -0.793436 -0.608654 0
    outer loop
      vertex 52.7322 -45.33 1.69
      vertex 52.4621 -44.9779 2.5
      vertex 52.4621 -44.9779 1.69
    endloop
  endfacet
  facet normal -0.793436 -0.608654 0
    outer loop
      vertex 52.4621 -44.9779 2.5
      vertex 52.7322 -45.33 1.69
      vertex 52.7322 -45.33 2.5
    endloop
  endfacet
  facet normal -0.923822 0.382823 0
    outer loop
      vertex 52.7322 -47.03 1.69
      vertex 52.9021 -46.62 2.5
      vertex 52.9021 -46.62 1.69
    endloop
  endfacet
  facet normal -0.923822 0.382823 0
    outer loop
      vertex 52.9021 -46.62 2.5
      vertex 52.7322 -47.03 1.69
      vertex 52.7322 -47.03 2.5
    endloop
  endfacet
  facet normal -0.991453 0.130466 0
    outer loop
      vertex 52.9021 -46.62 1.69
      vertex 52.96 -46.18 2.5
      vertex 52.96 -46.18 1.69
    endloop
  endfacet
  facet normal -0.991453 0.130466 0
    outer loop
      vertex 52.96 -46.18 2.5
      vertex 52.9021 -46.62 1.69
      vertex 52.9021 -46.62 2.5
    endloop
  endfacet
  facet normal 0.130466 0.991453 -0
    outer loop
      vertex 51.26 -47.88 1.69
      vertex 50.82 -47.8221 2.5
      vertex 51.26 -47.88 2.5
    endloop
  endfacet
  facet normal 0.130466 0.991453 0
    outer loop
      vertex 50.82 -47.8221 2.5
      vertex 51.26 -47.88 1.69
      vertex 50.82 -47.8221 1.69
    endloop
  endfacet
  facet normal -0.608654 -0.793436 0
    outer loop
      vertex 52.11 -44.7078 1.69
      vertex 52.4621 -44.9779 2.5
      vertex 52.11 -44.7078 2.5
    endloop
  endfacet
  facet normal -0.608654 -0.793436 -0
    outer loop
      vertex 52.4621 -44.9779 2.5
      vertex 52.11 -44.7078 1.69
      vertex 52.4621 -44.9779 1.69
    endloop
  endfacet
  facet normal -0.130466 -0.991453 0
    outer loop
      vertex 51.26 -44.48 1.69
      vertex 51.7 -44.5379 2.5
      vertex 51.26 -44.48 2.5
    endloop
  endfacet
  facet normal -0.130466 -0.991453 -0
    outer loop
      vertex 51.7 -44.5379 2.5
      vertex 51.26 -44.48 1.69
      vertex 51.7 -44.5379 1.69
    endloop
  endfacet
  facet normal -0.130466 0.991453 0
    outer loop
      vertex 51.7 -47.8221 1.69
      vertex 51.26 -47.88 2.5
      vertex 51.7 -47.8221 2.5
    endloop
  endfacet
  facet normal -0.130466 0.991453 0
    outer loop
      vertex 51.26 -47.88 2.5
      vertex 51.7 -47.8221 1.69
      vertex 51.26 -47.88 1.69
    endloop
  endfacet
  facet normal 0.923822 0.382823 0
    outer loop
      vertex 49.7878 -47.03 2.5
      vertex 49.6179 -46.62 1.69
      vertex 49.6179 -46.62 2.5
    endloop
  endfacet
  facet normal 0.923822 0.382823 0
    outer loop
      vertex 49.6179 -46.62 1.69
      vertex 49.7878 -47.03 2.5
      vertex 49.7878 -47.03 1.69
    endloop
  endfacet
  facet normal 0.608654 -0.793436 0
    outer loop
      vertex 50.0579 -44.9779 1.69
      vertex 50.41 -44.7078 2.5
      vertex 50.0579 -44.9779 2.5
    endloop
  endfacet
  facet normal 0.608654 -0.793436 0
    outer loop
      vertex 50.41 -44.7078 2.5
      vertex 50.0579 -44.9779 1.69
      vertex 50.41 -44.7078 1.69
    endloop
  endfacet
  facet normal -0.382823 0.923822 0
    outer loop
      vertex 52.11 -47.6522 1.69
      vertex 51.7 -47.8221 2.5
      vertex 52.11 -47.6522 2.5
    endloop
  endfacet
  facet normal -0.382823 0.923822 0
    outer loop
      vertex 51.7 -47.8221 2.5
      vertex 52.11 -47.6522 1.69
      vertex 51.7 -47.8221 1.69
    endloop
  endfacet
  facet normal 0.923822 -0.382823 0
    outer loop
      vertex 49.6179 -45.74 2.5
      vertex 49.7878 -45.33 1.69
      vertex 49.7878 -45.33 2.5
    endloop
  endfacet
  facet normal 0.923822 -0.382823 0
    outer loop
      vertex 49.7878 -45.33 1.69
      vertex 49.6179 -45.74 2.5
      vertex 49.6179 -45.74 1.69
    endloop
  endfacet
  facet normal -0.608654 0.793436 0
    outer loop
      vertex 52.4621 -47.3821 1.69
      vertex 52.11 -47.6522 2.5
      vertex 52.4621 -47.3821 2.5
    endloop
  endfacet
  facet normal -0.608654 0.793436 0
    outer loop
      vertex 52.11 -47.6522 2.5
      vertex 52.4621 -47.3821 1.69
      vertex 52.11 -47.6522 1.69
    endloop
  endfacet
  facet normal 0.793436 -0.608654 0
    outer loop
      vertex 49.7878 -45.33 2.5
      vertex 50.0579 -44.9779 1.69
      vertex 50.0579 -44.9779 2.5
    endloop
  endfacet
  facet normal 0.793436 -0.608654 0
    outer loop
      vertex 50.0579 -44.9779 1.69
      vertex 49.7878 -45.33 2.5
      vertex 49.7878 -45.33 1.69
    endloop
  endfacet
  facet normal -0.382823 -0.923822 0
    outer loop
      vertex 51.7 -44.5379 1.69
      vertex 52.11 -44.7078 2.5
      vertex 51.7 -44.5379 2.5
    endloop
  endfacet
  facet normal -0.382823 -0.923822 -0
    outer loop
      vertex 52.11 -44.7078 2.5
      vertex 51.7 -44.5379 1.69
      vertex 52.11 -44.7078 1.69
    endloop
  endfacet
  facet normal 0.793436 0.608654 0
    outer loop
      vertex 50.0579 -47.3821 2.5
      vertex 49.7878 -47.03 1.69
      vertex 49.7878 -47.03 2.5
    endloop
  endfacet
  facet normal 0.793436 0.608654 0
    outer loop
      vertex 49.7878 -47.03 1.69
      vertex 50.0579 -47.3821 2.5
      vertex 50.0579 -47.3821 1.69
    endloop
  endfacet
  facet normal 0.130466 -0.991453 0
    outer loop
      vertex 50.82 -44.5379 1.69
      vertex 51.26 -44.48 2.5
      vertex 50.82 -44.5379 2.5
    endloop
  endfacet
  facet normal 0.130466 -0.991453 0
    outer loop
      vertex 51.26 -44.48 2.5
      vertex 50.82 -44.5379 1.69
      vertex 51.26 -44.48 1.69
    endloop
  endfacet
  facet normal 0.382823 -0.923822 0
    outer loop
      vertex 50.41 -44.7078 1.69
      vertex 50.82 -44.5379 2.5
      vertex 50.41 -44.7078 2.5
    endloop
  endfacet
  facet normal 0.382823 -0.923822 0
    outer loop
      vertex 50.82 -44.5379 2.5
      vertex 50.41 -44.7078 1.69
      vertex 50.82 -44.5379 1.69
    endloop
  endfacet
  facet normal 0.991453 -0.130466 0
    outer loop
      vertex 49.56 -46.18 2.5
      vertex 49.6179 -45.74 1.69
      vertex 49.6179 -45.74 2.5
    endloop
  endfacet
  facet normal 0.991453 -0.130466 0
    outer loop
      vertex 49.6179 -45.74 1.69
      vertex 49.56 -46.18 2.5
      vertex 49.56 -46.18 1.69
    endloop
  endfacet
  facet normal -0.793436 0.608654 0
    outer loop
      vertex 52.4621 -47.3821 1.69
      vertex 52.7322 -47.03 2.5
      vertex 52.7322 -47.03 1.69
    endloop
  endfacet
  facet normal -0.793436 0.608654 0
    outer loop
      vertex 52.7322 -47.03 2.5
      vertex 52.4621 -47.3821 1.69
      vertex 52.4621 -47.3821 2.5
    endloop
  endfacet
  facet normal 0.991453 0.130466 0
    outer loop
      vertex 49.6179 -46.62 2.5
      vertex 49.56 -46.18 1.69
      vertex 49.56 -46.18 2.5
    endloop
  endfacet
  facet normal 0.991453 0.130466 0
    outer loop
      vertex 49.56 -46.18 1.69
      vertex 49.6179 -46.62 2.5
      vertex 49.6179 -46.62 1.69
    endloop
  endfacet
  facet normal 0.382823 0.923822 -0
    outer loop
      vertex 50.82 -47.8221 1.69
      vertex 50.41 -47.6522 2.5
      vertex 50.82 -47.8221 2.5
    endloop
  endfacet
  facet normal 0.382823 0.923822 0
    outer loop
      vertex 50.41 -47.6522 2.5
      vertex 50.82 -47.8221 1.69
      vertex 50.41 -47.6522 1.69
    endloop
  endfacet
  facet normal 0.608654 0.793436 -0
    outer loop
      vertex 50.41 -47.6522 1.69
      vertex 50.0579 -47.3821 2.5
      vertex 50.41 -47.6522 2.5
    endloop
  endfacet
  facet normal 0.608654 0.793436 0
    outer loop
      vertex 50.0579 -47.3821 2.5
      vertex 50.41 -47.6522 1.69
      vertex 50.0579 -47.3821 1.69
    endloop
  endfacet
  facet normal 0.715632 0.296439 -0.632451
    outer loop
      vertex 49.7878 -47.03 1.69
      vertex 48.5825 -47.7259 0
      vertex 48.2746 -46.9826 0
    endloop
  endfacet
  facet normal -0.298035 0.715284 -0.632095
    outer loop
      vertex 52.0602 -49.1664 0
      vertex 52.11 -47.6522 1.69
      vertex 52.0626 -49.1654 0
    endloop
  endfacet
  facet normal -0.296541 0.715609 -0.63243
    outer loop
      vertex 52.11 -47.6522 1.69
      vertex 52.0602 -49.1664 0
      vertex 51.7 -47.8221 1.69
    endloop
  endfacet
  facet normal 0.471448 -0.614575 -0.632483
    outer loop
      vertex 49.712 -43.504 0
      vertex 50.41 -44.7078 1.69
      vertex 50.0579 -44.9779 1.69
    endloop
  endfacet
  facet normal 0.449521 -0.629329 -0.633936
    outer loop
      vertex 50.41 -44.7078 1.69
      vertex 49.712 -43.504 0
      vertex 49.7141 -43.5025 0
    endloop
  endfacet
  facet normal 0.76798 0.101059 -0.632451
    outer loop
      vertex 49.6179 -46.62 1.69
      vertex 48.2732 -46.9776 0
      vertex 49.56 -46.18 1.69
    endloop
  endfacet
  facet normal 0.7648 0.117661 -0.633433
    outer loop
      vertex 48.2732 -46.9776 0
      vertex 49.6179 -46.62 1.69
      vertex 48.2736 -46.9802 0
    endloop
  endfacet
  facet normal -0.766536 -0.117929 -0.631281
    outer loop
      vertex 52.96 -46.18 1.69
      vertex 54.3514 -46.1774 0
      vertex 54.3518 -46.18 0
    endloop
  endfacet
  facet normal -0.767983 -0.10106 -0.632447
    outer loop
      vertex 54.3514 -46.1774 0
      vertex 52.96 -46.18 1.69
      vertex 52.9021 -45.74 1.69
    endloop
  endfacet
  facet normal -0.767985 -0.101101 -0.632437
    outer loop
      vertex 54.2464 -45.3798 0
      vertex 54.3514 -46.1774 0
      vertex 52.9021 -45.74 1.69
    endloop
  endfacet
  facet normal -0.449521 0.629329 -0.633936
    outer loop
      vertex 52.11 -47.6522 1.69
      vertex 52.808 -48.856 0
      vertex 52.8059 -48.8575 0
    endloop
  endfacet
  facet normal -0.471448 0.614575 -0.632483
    outer loop
      vertex 52.808 -48.856 0
      vertex 52.11 -47.6522 1.69
      vertex 52.4621 -47.3821 1.69
    endloop
  endfacet
  facet normal -0.296439 0.715632 -0.632451
    outer loop
      vertex 52.11 -47.6522 1.69
      vertex 52.8059 -48.8575 0
      vertex 52.0626 -49.1654 0
    endloop
  endfacet
  facet normal 0.471606 0.614494 -0.632444
    outer loop
      vertex 50.0579 -47.3821 1.69
      vertex 49.712 -48.856 0
      vertex 49.0738 -48.3662 0
    endloop
  endfacet
  facet normal 0.117661 -0.7648 -0.633433
    outer loop
      vertex 50.4624 -43.1932 0
      vertex 50.82 -44.5379 1.69
      vertex 50.4598 -43.1936 0
    endloop
  endfacet
  facet normal 0.101059 -0.76798 -0.632451
    outer loop
      vertex 50.82 -44.5379 1.69
      vertex 50.4624 -43.1932 0
      vertex 51.26 -44.48 1.69
    endloop
  endfacet
  facet normal -0.296532 -0.715586 -0.63246
    outer loop
      vertex 52.8035 -43.5015 0
      vertex 52.11 -44.7078 1.69
      vertex 51.7 -44.5379 1.69
    endloop
  endfacet
  facet normal -0.297891 -0.714938 -0.632554
    outer loop
      vertex 52.11 -44.7078 1.69
      vertex 52.8035 -43.5015 0
      vertex 52.8059 -43.5025 0
    endloop
  endfacet
  facet normal 0.7648 -0.117661 -0.633433
    outer loop
      vertex 49.6179 -45.74 1.69
      vertex 48.2732 -45.3824 0
      vertex 48.2736 -45.3798 0
    endloop
  endfacet
  facet normal 0.76798 -0.101059 -0.632451
    outer loop
      vertex 48.2732 -45.3824 0
      vertex 49.6179 -45.74 1.69
      vertex 49.56 -46.18 1.69
    endloop
  endfacet
  facet normal 0.296439 0.715632 -0.632451
    outer loop
      vertex 50.41 -47.6522 1.69
      vertex 50.4574 -49.1654 0
      vertex 49.7141 -48.8575 0
    endloop
  endfacet
  facet normal 0.449521 0.629329 -0.633936
    outer loop
      vertex 49.712 -48.856 0
      vertex 50.41 -47.6522 1.69
      vertex 49.7141 -48.8575 0
    endloop
  endfacet
  facet normal 0.471448 0.614575 -0.632483
    outer loop
      vertex 50.41 -47.6522 1.69
      vertex 49.712 -48.856 0
      vertex 50.0579 -47.3821 1.69
    endloop
  endfacet
  facet normal 0.296541 0.715609 -0.63243
    outer loop
      vertex 50.4598 -49.1664 0
      vertex 50.41 -47.6522 1.69
      vertex 50.82 -47.8221 1.69
    endloop
  endfacet
  facet normal 0.298035 0.715284 -0.632095
    outer loop
      vertex 50.41 -47.6522 1.69
      vertex 50.4598 -49.1664 0
      vertex 50.4574 -49.1654 0
    endloop
  endfacet
  facet normal -0.471606 0.614494 -0.632444
    outer loop
      vertex 53.4462 -48.3662 0
      vertex 52.808 -48.856 0
      vertex 52.4621 -47.3821 1.69
    endloop
  endfacet
  facet normal -0.715643 0.296444 -0.632437
    outer loop
      vertex 54.2464 -46.9802 0
      vertex 53.9385 -47.7235 0
      vertex 52.9021 -46.62 1.69
    endloop
  endfacet
  facet normal 0.614494 -0.471606 -0.632444
    outer loop
      vertex 49.0738 -43.9938 0
      vertex 50.0579 -44.9779 1.69
      vertex 48.584 -44.632 0
    endloop
  endfacet
  facet normal 0.296444 -0.715643 -0.632437
    outer loop
      vertex 50.4598 -43.1936 0
      vertex 50.82 -44.5379 1.69
      vertex 49.7165 -43.5015 0
    endloop
  endfacet
  facet normal -0.715643 -0.296444 -0.632437
    outer loop
      vertex 53.9385 -44.6365 0
      vertex 54.2464 -45.3798 0
      vertex 52.9021 -45.74 1.69
    endloop
  endfacet
  facet normal -0.767985 0.101101 -0.632437
    outer loop
      vertex 54.3514 -46.1826 0
      vertex 54.2464 -46.9802 0
      vertex 52.9021 -46.62 1.69
    endloop
  endfacet
  facet normal -0.766536 0.117929 -0.631281
    outer loop
      vertex 54.3514 -46.1826 0
      vertex 52.96 -46.18 1.69
      vertex 54.3518 -46.18 0
    endloop
  endfacet
  facet normal -0.767983 0.10106 -0.632447
    outer loop
      vertex 52.96 -46.18 1.69
      vertex 54.3514 -46.1826 0
      vertex 52.9021 -46.62 1.69
    endloop
  endfacet
  facet normal 0.614575 -0.471448 -0.632483
    outer loop
      vertex 49.7878 -45.33 1.69
      vertex 48.584 -44.632 0
      vertex 50.0579 -44.9779 1.69
    endloop
  endfacet
  facet normal 0.629329 -0.449521 -0.633936
    outer loop
      vertex 48.584 -44.632 0
      vertex 49.7878 -45.33 1.69
      vertex 48.5825 -44.6341 0
    endloop
  endfacet
  facet normal 0.101059 0.76798 -0.632451
    outer loop
      vertex 50.4624 -49.1668 0
      vertex 50.82 -47.8221 1.69
      vertex 51.26 -47.88 1.69
    endloop
  endfacet
  facet normal 0.117661 0.7648 -0.633433
    outer loop
      vertex 50.82 -47.8221 1.69
      vertex 50.4624 -49.1668 0
      vertex 50.4598 -49.1664 0
    endloop
  endfacet
  facet normal -0.296444 -0.715643 -0.632437
    outer loop
      vertex 52.0602 -43.1936 0
      vertex 52.8035 -43.5015 0
      vertex 51.7 -44.5379 1.69
    endloop
  endfacet
  facet normal 0.715609 0.296541 -0.63243
    outer loop
      vertex 49.7878 -47.03 1.69
      vertex 48.2736 -46.9802 0
      vertex 49.6179 -46.62 1.69
    endloop
  endfacet
  facet normal 0.715284 0.298035 -0.632095
    outer loop
      vertex 48.2736 -46.9802 0
      vertex 49.7878 -47.03 1.69
      vertex 48.2746 -46.9826 0
    endloop
  endfacet
  facet normal -0.117661 0.7648 -0.633433
    outer loop
      vertex 52.0576 -49.1668 0
      vertex 51.7 -47.8221 1.69
      vertex 52.0602 -49.1664 0
    endloop
  endfacet
  facet normal -0.101059 0.76798 -0.632451
    outer loop
      vertex 51.7 -47.8221 1.69
      vertex 52.0576 -49.1668 0
      vertex 51.26 -47.88 1.69
    endloop
  endfacet
  facet normal 0.767967 0.101099 -0.63246
    outer loop
      vertex 49.56 -46.18 1.69
      vertex 48.2732 -46.9776 0
      vertex 48.1682 -46.18 0
    endloop
  endfacet
  facet normal 0.101099 -0.767967 -0.63246
    outer loop
      vertex 51.26 -43.0882 0
      vertex 51.26 -44.48 1.69
      vertex 50.4624 -43.1932 0
    endloop
  endfacet
  facet normal -0.629329 0.449521 -0.633936
    outer loop
      vertex 53.936 -47.728 0
      vertex 52.7322 -47.03 1.69
      vertex 53.9375 -47.7259 0
    endloop
  endfacet
  facet normal -0.614575 0.471448 -0.632483
    outer loop
      vertex 52.7322 -47.03 1.69
      vertex 53.936 -47.728 0
      vertex 52.4621 -47.3821 1.69
    endloop
  endfacet
  facet normal -0.614494 0.471606 -0.632444
    outer loop
      vertex 53.936 -47.728 0
      vertex 53.4462 -48.3662 0
      vertex 52.4621 -47.3821 1.69
    endloop
  endfacet
  facet normal -0.714938 -0.297891 -0.632554
    outer loop
      vertex 53.9385 -44.6365 0
      vertex 52.7322 -45.33 1.69
      vertex 53.9375 -44.6341 0
    endloop
  endfacet
  facet normal -0.715586 -0.296532 -0.63246
    outer loop
      vertex 52.7322 -45.33 1.69
      vertex 53.9385 -44.6365 0
      vertex 52.9021 -45.74 1.69
    endloop
  endfacet
  facet normal 0.767967 -0.101099 -0.63246
    outer loop
      vertex 48.2732 -45.3824 0
      vertex 49.56 -46.18 1.69
      vertex 48.1682 -46.18 0
    endloop
  endfacet
  facet normal 0.101099 0.767967 -0.63246
    outer loop
      vertex 51.26 -47.88 1.69
      vertex 51.26 -49.2718 0
      vertex 50.4624 -49.1668 0
    endloop
  endfacet
  facet normal -0.101099 0.767967 -0.63246
    outer loop
      vertex 51.26 -47.88 1.69
      vertex 52.0576 -49.1668 0
      vertex 51.26 -49.2718 0
    endloop
  endfacet
  facet normal -0.101099 -0.767967 -0.63246
    outer loop
      vertex 51.26 -43.0882 0
      vertex 52.0576 -43.1932 0
      vertex 51.26 -44.48 1.69
    endloop
  endfacet
  facet normal -0.629329 -0.449521 -0.633936
    outer loop
      vertex 52.7322 -45.33 1.69
      vertex 53.936 -44.632 0
      vertex 53.9375 -44.6341 0
    endloop
  endfacet
  facet normal -0.614575 -0.471448 -0.632483
    outer loop
      vertex 53.936 -44.632 0
      vertex 52.7322 -45.33 1.69
      vertex 52.4621 -44.9779 1.69
    endloop
  endfacet
  facet normal -0.471606 -0.614494 -0.632444
    outer loop
      vertex 52.808 -43.504 0
      vertex 53.4462 -43.9938 0
      vertex 52.4621 -44.9779 1.69
    endloop
  endfacet
  facet normal 0.471606 -0.614494 -0.632444
    outer loop
      vertex 49.712 -43.504 0
      vertex 50.0579 -44.9779 1.69
      vertex 49.0738 -43.9938 0
    endloop
  endfacet
  facet normal 0.715284 -0.298035 -0.632095
    outer loop
      vertex 49.7878 -45.33 1.69
      vertex 48.2736 -45.3798 0
      vertex 48.2746 -45.3774 0
    endloop
  endfacet
  facet normal 0.715609 -0.296541 -0.63243
    outer loop
      vertex 48.2736 -45.3798 0
      vertex 49.7878 -45.33 1.69
      vertex 49.6179 -45.74 1.69
    endloop
  endfacet
  facet normal 0.715632 -0.296439 -0.632451
    outer loop
      vertex 48.5825 -44.6341 0
      vertex 49.7878 -45.33 1.69
      vertex 48.2746 -45.3774 0
    endloop
  endfacet
  facet normal -0.715586 0.296532 -0.63246
    outer loop
      vertex 53.9385 -47.7235 0
      vertex 52.7322 -47.03 1.69
      vertex 52.9021 -46.62 1.69
    endloop
  endfacet
  facet normal -0.714938 0.297891 -0.632554
    outer loop
      vertex 52.7322 -47.03 1.69
      vertex 53.9385 -47.7235 0
      vertex 53.9375 -47.7259 0
    endloop
  endfacet
  facet normal -0.101059 -0.76798 -0.632451
    outer loop
      vertex 52.0576 -43.1932 0
      vertex 51.7 -44.5379 1.69
      vertex 51.26 -44.48 1.69
    endloop
  endfacet
  facet normal -0.117661 -0.7648 -0.633433
    outer loop
      vertex 51.7 -44.5379 1.69
      vertex 52.0576 -43.1932 0
      vertex 52.0602 -43.1936 0
    endloop
  endfacet
  facet normal -0.471448 -0.614575 -0.632483
    outer loop
      vertex 52.11 -44.7078 1.69
      vertex 52.808 -43.504 0
      vertex 52.4621 -44.9779 1.69
    endloop
  endfacet
  facet normal -0.449521 -0.629329 -0.633936
    outer loop
      vertex 52.808 -43.504 0
      vertex 52.11 -44.7078 1.69
      vertex 52.8059 -43.5025 0
    endloop
  endfacet
  facet normal -0.614494 -0.471606 -0.632444
    outer loop
      vertex 53.4462 -43.9938 0
      vertex 53.936 -44.632 0
      vertex 52.4621 -44.9779 1.69
    endloop
  endfacet
  facet normal 0.616262 0.469533 -0.632266
    outer loop
      vertex 49.0722 -48.3641 0
      vertex 50.0579 -47.3821 1.69
      vertex 49.0738 -48.3662 0
    endloop
  endfacet
  facet normal 0.614609 0.471474 -0.63243
    outer loop
      vertex 50.0579 -47.3821 1.69
      vertex 49.0722 -48.3641 0
      vertex 49.7878 -47.03 1.69
    endloop
  endfacet
  facet normal 0.297891 -0.714938 -0.632554
    outer loop
      vertex 49.7165 -43.5015 0
      vertex 50.41 -44.7078 1.69
      vertex 49.7141 -43.5025 0
    endloop
  endfacet
  facet normal 0.296532 -0.715586 -0.63246
    outer loop
      vertex 50.41 -44.7078 1.69
      vertex 49.7165 -43.5015 0
      vertex 50.82 -44.5379 1.69
    endloop
  endfacet
  facet normal 0.614535 0.471541 -0.632452
    outer loop
      vertex 49.7878 -47.03 1.69
      vertex 49.0722 -48.3641 0
      vertex 48.5825 -47.7259 0
    endloop
  endfacet
  facet normal -0.923839 0.382781 0
    outer loop
      vertex -19.1972 -79.4662 1.69
      vertex -19.0579 -79.13 2.5
      vertex -19.0579 -79.13 1.69
    endloop
  endfacet
  facet normal -0.923839 0.382781 0
    outer loop
      vertex -19.0579 -79.13 2.5
      vertex -19.1972 -79.4662 1.69
      vertex -19.1972 -79.4662 2.5
    endloop
  endfacet
  facet normal -0.923822 -0.382823 0
    outer loop
      vertex -19.0579 -78.25 1.69
      vertex -19.2278 -77.84 2.5
      vertex -19.2278 -77.84 1.69
    endloop
  endfacet
  facet normal -0.923822 -0.382823 0
    outer loop
      vertex -19.2278 -77.84 2.5
      vertex -19.0579 -78.25 1.69
      vertex -19.0579 -78.25 2.5
    endloop
  endfacet
  facet normal -0.991453 -0.130466 0
    outer loop
      vertex -19 -78.69 1.69
      vertex -19.0579 -78.25 2.5
      vertex -19.0579 -78.25 1.69
    endloop
  endfacet
  facet normal -0.991453 -0.130466 0
    outer loop
      vertex -19.0579 -78.25 2.5
      vertex -19 -78.69 1.69
      vertex -19 -78.69 2.5
    endloop
  endfacet
  facet normal -0.793436 -0.608654 0
    outer loop
      vertex -19.2278 -77.84 1.69
      vertex -19.4979 -77.4879 2.5
      vertex -19.4979 -77.4879 1.69
    endloop
  endfacet
  facet normal -0.793436 -0.608654 0
    outer loop
      vertex -19.4979 -77.4879 2.5
      vertex -19.2278 -77.84 1.69
      vertex -19.2278 -77.84 2.5
    endloop
  endfacet
  facet normal 0.130466 0.991453 -0
    outer loop
      vertex -20.7 -80.39 1.69
      vertex -21.14 -80.3321 2.5
      vertex -20.7 -80.39 2.5
    endloop
  endfacet
  facet normal 0.130466 0.991453 0
    outer loop
      vertex -21.14 -80.3321 2.5
      vertex -20.7 -80.39 1.69
      vertex -21.14 -80.3321 1.69
    endloop
  endfacet
  facet normal -0.129465 0.991584 0
    outer loop
      vertex -20.6663 -80.3856 1.69
      vertex -20.7 -80.39 2.5
      vertex -20.6663 -80.3856 2.5
    endloop
  endfacet
  facet normal -0.129465 0.991584 0
    outer loop
      vertex -20.7 -80.39 2.5
      vertex -20.6663 -80.3856 1.69
      vertex -20.7 -80.39 1.69
    endloop
  endfacet
  facet normal -0.991453 0.130466 0
    outer loop
      vertex -19.0579 -79.13 1.69
      vertex -19 -78.69 2.5
      vertex -19 -78.69 1.69
    endloop
  endfacet
  facet normal -0.991453 0.130466 0
    outer loop
      vertex -19 -78.69 2.5
      vertex -19.0579 -79.13 1.69
      vertex -19.0579 -79.13 2.5
    endloop
  endfacet
  facet normal -0.608654 -0.793436 0
    outer loop
      vertex -19.85 -77.2178 1.69
      vertex -19.4979 -77.4879 2.5
      vertex -19.85 -77.2178 2.5
    endloop
  endfacet
  facet normal -0.608654 -0.793436 -0
    outer loop
      vertex -19.4979 -77.4879 2.5
      vertex -19.85 -77.2178 1.69
      vertex -19.4979 -77.4879 1.69
    endloop
  endfacet
  facet normal 0.608654 -0.793436 0
    outer loop
      vertex -21.9021 -77.4879 1.69
      vertex -21.55 -77.2178 2.5
      vertex -21.9021 -77.4879 2.5
    endloop
  endfacet
  facet normal 0.608654 -0.793436 0
    outer loop
      vertex -21.55 -77.2178 2.5
      vertex -21.9021 -77.4879 1.69
      vertex -21.55 -77.2178 1.69
    endloop
  endfacet
  facet normal -0.382823 -0.923822 0
    outer loop
      vertex -20.26 -77.0479 1.69
      vertex -19.85 -77.2178 2.5
      vertex -20.26 -77.0479 2.5
    endloop
  endfacet
  facet normal -0.382823 -0.923822 -0
    outer loop
      vertex -19.85 -77.2178 2.5
      vertex -20.26 -77.0479 1.69
      vertex -19.85 -77.2178 1.69
    endloop
  endfacet
  facet normal 0.793436 0.608654 0
    outer loop
      vertex -21.9021 -79.8921 2.5
      vertex -22.1722 -79.54 1.69
      vertex -22.1722 -79.54 2.5
    endloop
  endfacet
  facet normal 0.793436 0.608654 0
    outer loop
      vertex -22.1722 -79.54 1.69
      vertex -21.9021 -79.8921 2.5
      vertex -21.9021 -79.8921 1.69
    endloop
  endfacet
  facet normal 0.608654 0.793436 -0
    outer loop
      vertex -21.55 -80.1622 1.69
      vertex -21.9021 -79.8921 2.5
      vertex -21.55 -80.1622 2.5
    endloop
  endfacet
  facet normal 0.608654 0.793436 0
    outer loop
      vertex -21.9021 -79.8921 2.5
      vertex -21.55 -80.1622 1.69
      vertex -21.9021 -79.8921 1.69
    endloop
  endfacet
  facet normal 0.382823 0.923822 -0
    outer loop
      vertex -21.14 -80.3321 1.69
      vertex -21.55 -80.1622 2.5
      vertex -21.14 -80.3321 2.5
    endloop
  endfacet
  facet normal 0.382823 0.923822 0
    outer loop
      vertex -21.55 -80.1622 2.5
      vertex -21.14 -80.3321 1.69
      vertex -21.55 -80.1622 1.69
    endloop
  endfacet
  facet normal 0.793436 -0.608654 0
    outer loop
      vertex -22.1722 -77.84 2.5
      vertex -21.9021 -77.4879 1.69
      vertex -21.9021 -77.4879 2.5
    endloop
  endfacet
  facet normal 0.793436 -0.608654 0
    outer loop
      vertex -21.9021 -77.4879 1.69
      vertex -22.1722 -77.84 2.5
      vertex -22.1722 -77.84 1.69
    endloop
  endfacet
  facet normal 0.923822 -0.382823 0
    outer loop
      vertex -22.3421 -78.25 2.5
      vertex -22.1722 -77.84 1.69
      vertex -22.1722 -77.84 2.5
    endloop
  endfacet
  facet normal 0.923822 -0.382823 0
    outer loop
      vertex -22.1722 -77.84 1.69
      vertex -22.3421 -78.25 2.5
      vertex -22.3421 -78.25 1.69
    endloop
  endfacet
  facet normal -0.130466 -0.991453 0
    outer loop
      vertex -20.7 -76.99 1.69
      vertex -20.26 -77.0479 2.5
      vertex -20.7 -76.99 2.5
    endloop
  endfacet
  facet normal -0.130466 -0.991453 -0
    outer loop
      vertex -20.26 -77.0479 2.5
      vertex -20.7 -76.99 1.69
      vertex -20.26 -77.0479 1.69
    endloop
  endfacet
  facet normal 0.130466 -0.991453 0
    outer loop
      vertex -21.14 -77.0479 1.69
      vertex -20.7 -76.99 2.5
      vertex -21.14 -77.0479 2.5
    endloop
  endfacet
  facet normal 0.130466 -0.991453 0
    outer loop
      vertex -20.7 -76.99 2.5
      vertex -21.14 -77.0479 1.69
      vertex -20.7 -76.99 1.69
    endloop
  endfacet
  facet normal 0.991453 -0.130466 0
    outer loop
      vertex -22.4 -78.69 2.5
      vertex -22.3421 -78.25 1.69
      vertex -22.3421 -78.25 2.5
    endloop
  endfacet
  facet normal 0.991453 -0.130466 0
    outer loop
      vertex -22.3421 -78.25 1.69
      vertex -22.4 -78.69 2.5
      vertex -22.4 -78.69 1.69
    endloop
  endfacet
  facet normal 0.382823 -0.923822 0
    outer loop
      vertex -21.55 -77.2178 1.69
      vertex -21.14 -77.0479 2.5
      vertex -21.55 -77.2178 2.5
    endloop
  endfacet
  facet normal 0.382823 -0.923822 0
    outer loop
      vertex -21.14 -77.0479 2.5
      vertex -21.55 -77.2178 1.69
      vertex -21.14 -77.0479 1.69
    endloop
  endfacet
  facet normal 0.991453 0.130466 0
    outer loop
      vertex -22.3421 -79.13 2.5
      vertex -22.4 -78.69 1.69
      vertex -22.4 -78.69 2.5
    endloop
  endfacet
  facet normal 0.991453 0.130466 0
    outer loop
      vertex -22.4 -78.69 1.69
      vertex -22.3421 -79.13 2.5
      vertex -22.3421 -79.13 1.69
    endloop
  endfacet
  facet normal 0.923822 0.382823 0
    outer loop
      vertex -22.1722 -79.54 2.5
      vertex -22.3421 -79.13 1.69
      vertex -22.3421 -79.13 2.5
    endloop
  endfacet
  facet normal 0.923822 0.382823 0
    outer loop
      vertex -22.3421 -79.13 1.69
      vertex -22.1722 -79.54 2.5
      vertex -22.1722 -79.54 1.69
    endloop
  endfacet
  facet normal 0.7648 -0.117661 -0.633433
    outer loop
      vertex -22.3421 -78.25 1.69
      vertex -23.6868 -77.8924 0
      vertex -23.6864 -77.8898 0
    endloop
  endfacet
  facet normal 0.76798 -0.101059 -0.632451
    outer loop
      vertex -23.6868 -77.8924 0
      vertex -22.3421 -78.25 1.69
      vertex -22.4 -78.69 1.69
    endloop
  endfacet
  facet normal 0.117661 -0.7648 -0.633433
    outer loop
      vertex -21.4976 -75.7032 0
      vertex -21.14 -77.0479 1.69
      vertex -21.5002 -75.7036 0
    endloop
  endfacet
  facet normal 0.101059 -0.76798 -0.632451
    outer loop
      vertex -21.14 -77.0479 1.69
      vertex -21.4976 -75.7032 0
      vertex -20.7 -76.99 1.69
    endloop
  endfacet
  facet normal -0.101059 -0.76798 -0.632451
    outer loop
      vertex -19.9024 -75.7032 0
      vertex -20.26 -77.0479 1.69
      vertex -20.7 -76.99 1.69
    endloop
  endfacet
  facet normal -0.117661 -0.7648 -0.633433
    outer loop
      vertex -20.26 -77.0479 1.69
      vertex -19.9024 -75.7032 0
      vertex -19.8998 -75.7036 0
    endloop
  endfacet
  facet normal -0.471606 -0.614494 -0.632444
    outer loop
      vertex -19.152 -76.014 0
      vertex -18.5138 -76.5038 0
      vertex -19.4979 -77.4879 1.69
    endloop
  endfacet
  facet normal -0.767989 -0.101056 -0.63244
    outer loop
      vertex -17.9569 -78.69 0.423332
      vertex -19.0579 -78.25 1.69
      vertex -17.8408 -78.6173 0.270732
    endloop
  endfacet
  facet normal -0.76799 -0.10106 -0.632439
    outer loop
      vertex -19.0579 -78.25 1.69
      vertex -17.9569 -78.69 0.423332
      vertex -19 -78.69 1.69
    endloop
  endfacet
  facet normal -0.767958 -0.101094 -0.632472
    outer loop
      vertex -17.8408 -78.6173 0.270732
      vertex -17.7136 -77.8898 0
      vertex -17.6348 -78.4884 0
    endloop
  endfacet
  facet normal -0.76799 -0.101075 -0.632436
    outer loop
      vertex -17.7136 -77.8898 0
      vertex -17.8408 -78.6173 0.270732
      vertex -19.0579 -78.25 1.69
    endloop
  endfacet
  facet normal 0.296439 -0.715632 -0.632451
    outer loop
      vertex -21.5026 -75.7046 0
      vertex -21.55 -77.2178 1.69
      vertex -22.2459 -76.0125 0
    endloop
  endfacet
  facet normal 0.295624 0.716321 -0.632053
    outer loop
      vertex -22.2459 -81.3675 0
      vertex -21.5262 -80.9237 0.839588
      vertex -22.2396 -81.3701 0
    endloop
  endfacet
  facet normal 0.29656 0.715574 -0.63246
    outer loop
      vertex -21.5262 -80.9237 0.839588
      vertex -22.2459 -81.3675 0
      vertex -21.55 -80.1622 1.69
    endloop
  endfacet
  facet normal 0.767967 -0.101099 -0.63246
    outer loop
      vertex -23.6868 -77.8924 0
      vertex -22.4 -78.69 1.69
      vertex -23.7918 -78.69 0
    endloop
  endfacet
  facet normal 0.104649 0.767101 -0.632934
    outer loop
      vertex -20.7 -80.39 1.69
      vertex -20.7 -80.4067 1.66976
      vertex -20.7169 -80.4172 1.65424
    endloop
  endfacet
  facet normal -0.296439 -0.715632 -0.632451
    outer loop
      vertex -19.1541 -76.0125 0
      vertex -19.85 -77.2178 1.69
      vertex -19.8974 -75.7046 0
    endloop
  endfacet
  facet normal 0.298035 -0.715284 -0.632095
    outer loop
      vertex -21.5002 -75.7036 0
      vertex -21.55 -77.2178 1.69
      vertex -21.5026 -75.7046 0
    endloop
  endfacet
  facet normal 0.296541 -0.715609 -0.63243
    outer loop
      vertex -21.55 -77.2178 1.69
      vertex -21.5002 -75.7036 0
      vertex -21.14 -77.0479 1.69
    endloop
  endfacet
  facet normal -0.714938 -0.297891 -0.632554
    outer loop
      vertex -18.0215 -77.1465 0
      vertex -19.2278 -77.84 1.69
      vertex -18.0225 -77.1441 0
    endloop
  endfacet
  facet normal -0.715586 -0.296532 -0.63246
    outer loop
      vertex -19.2278 -77.84 1.69
      vertex -18.0215 -77.1465 0
      vertex -19.0579 -78.25 1.69
    endloop
  endfacet
  facet normal -0.296541 -0.715609 -0.63243
    outer loop
      vertex -19.8998 -75.7036 0
      vertex -19.85 -77.2178 1.69
      vertex -20.26 -77.0479 1.69
    endloop
  endfacet
  facet normal -0.298035 -0.715284 -0.632095
    outer loop
      vertex -19.85 -77.2178 1.69
      vertex -19.8998 -75.7036 0
      vertex -19.8974 -75.7046 0
    endloop
  endfacet
  facet normal -0.104884 0.767082 -0.632918
    outer loop
      vertex -20.7 -80.39 1.69
      vertex -20.6926 -80.402 1.67423
      vertex -20.7 -80.4067 1.66976
    endloop
  endfacet
  facet normal -0.471448 -0.614575 -0.632483
    outer loop
      vertex -19.85 -77.2178 1.69
      vertex -19.152 -76.014 0
      vertex -19.4979 -77.4879 1.69
    endloop
  endfacet
  facet normal -0.449521 -0.629329 -0.633936
    outer loop
      vertex -19.152 -76.014 0
      vertex -19.85 -77.2178 1.69
      vertex -19.1541 -76.0125 0
    endloop
  endfacet
  facet normal 0.614535 0.471541 -0.632452
    outer loop
      vertex -22.1722 -79.54 1.69
      vertex -22.8878 -80.8741 0
      vertex -23.3775 -80.2359 0
    endloop
  endfacet
  facet normal -0.715643 -0.296444 -0.632437
    outer loop
      vertex -18.0215 -77.1465 0
      vertex -17.7136 -77.8898 0
      vertex -19.0579 -78.25 1.69
    endloop
  endfacet
  facet normal 0.471606 -0.614494 -0.632444
    outer loop
      vertex -22.248 -76.014 0
      vertex -21.9021 -77.4879 1.69
      vertex -22.8862 -76.5038 0
    endloop
  endfacet
  facet normal 0.614535 -0.471541 -0.632452
    outer loop
      vertex -22.8878 -76.5059 0
      vertex -22.1722 -77.84 1.69
      vertex -23.3775 -77.1441 0
    endloop
  endfacet
  facet normal 0.767967 0.101099 -0.63246
    outer loop
      vertex -22.4 -78.69 1.69
      vertex -23.6868 -79.4876 0
      vertex -23.7918 -78.69 0
    endloop
  endfacet
  facet normal 0.715284 -0.298035 -0.632095
    outer loop
      vertex -22.1722 -77.84 1.69
      vertex -23.6864 -77.8898 0
      vertex -23.6854 -77.8874 0
    endloop
  endfacet
  facet normal 0.715609 -0.296541 -0.63243
    outer loop
      vertex -23.6864 -77.8898 0
      vertex -22.1722 -77.84 1.69
      vertex -22.3421 -78.25 1.69
    endloop
  endfacet
  facet normal 0.715632 -0.296439 -0.632451
    outer loop
      vertex -23.3775 -77.1441 0
      vertex -22.1722 -77.84 1.69
      vertex -23.6854 -77.8874 0
    endloop
  endfacet
  facet normal 0.101099 -0.767967 -0.63246
    outer loop
      vertex -20.7 -75.5982 0
      vertex -20.7 -76.99 1.69
      vertex -21.4976 -75.7032 0
    endloop
  endfacet
  facet normal -0.101099 -0.767967 -0.63246
    outer loop
      vertex -20.7 -75.5982 0
      vertex -19.9024 -75.7032 0
      vertex -20.7 -76.99 1.69
    endloop
  endfacet
  facet normal 0.471606 0.614494 -0.632444
    outer loop
      vertex -21.9021 -79.8921 1.69
      vertex -22.248 -81.366 0
      vertex -22.8862 -80.8762 0
    endloop
  endfacet
  facet normal 0.715609 0.296541 -0.63243
    outer loop
      vertex -22.1722 -79.54 1.69
      vertex -23.6864 -79.4902 0
      vertex -22.3421 -79.13 1.69
    endloop
  endfacet
  facet normal 0.715284 0.298035 -0.632095
    outer loop
      vertex -23.6864 -79.4902 0
      vertex -22.1722 -79.54 1.69
      vertex -23.6854 -79.4926 0
    endloop
  endfacet
  facet normal 0.614609 -0.471474 -0.63243
    outer loop
      vertex -22.8878 -76.5059 0
      vertex -21.9021 -77.4879 1.69
      vertex -22.1722 -77.84 1.69
    endloop
  endfacet
  facet normal 0.616262 -0.469533 -0.632266
    outer loop
      vertex -21.9021 -77.4879 1.69
      vertex -22.8878 -76.5059 0
      vertex -22.8862 -76.5038 0
    endloop
  endfacet
  facet normal -0.629329 -0.449521 -0.633936
    outer loop
      vertex -19.2278 -77.84 1.69
      vertex -18.024 -77.142 0
      vertex -18.0225 -77.1441 0
    endloop
  endfacet
  facet normal -0.614575 -0.471448 -0.632483
    outer loop
      vertex -18.024 -77.142 0
      vertex -19.2278 -77.84 1.69
      vertex -19.4979 -77.4879 1.69
    endloop
  endfacet
  facet normal -0.715652 0.296554 -0.632374
    outer loop
      vertex -18.7793 -79.2047 1.33968
      vertex -18.9106 -79.2868 1.44977
      vertex -19.0579 -79.13 1.69
    endloop
  endfacet
  facet normal -0.768013 0.101275 -0.632375
    outer loop
      vertex -18.2893 -78.898 0.793698
      vertex -18.7793 -79.2047 1.33968
      vertex -19.0579 -79.13 1.69
    endloop
  endfacet
  facet normal -0.76798 0.101181 -0.632431
    outer loop
      vertex -18.2893 -78.898 0.793698
      vertex -19 -78.69 1.69
      vertex -17.9569 -78.69 0.423332
    endloop
  endfacet
  facet normal -0.768003 0.101062 -0.632422
    outer loop
      vertex -19 -78.69 1.69
      vertex -18.2893 -78.898 0.793698
      vertex -19.0579 -79.13 1.69
    endloop
  endfacet
  facet normal 0.471448 -0.614575 -0.632483
    outer loop
      vertex -22.248 -76.014 0
      vertex -21.55 -77.2178 1.69
      vertex -21.9021 -77.4879 1.69
    endloop
  endfacet
  facet normal 0.449521 -0.629329 -0.633936
    outer loop
      vertex -21.55 -77.2178 1.69
      vertex -22.248 -76.014 0
      vertex -22.2459 -76.0125 0
    endloop
  endfacet
  facet normal 0.101094 0.768245 -0.632124
    outer loop
      vertex -20.7169 -80.4172 1.65424
      vertex -21.14 -80.3321 1.69
      vertex -20.7 -80.39 1.69
    endloop
  endfacet
  facet normal 0.101025 0.768021 -0.632406
    outer loop
      vertex -21.14 -80.3321 1.69
      vertex -20.7169 -80.4172 1.65424
      vertex -21.2526 -80.7525 1.16146
    endloop
  endfacet
  facet normal 0.715632 0.296439 -0.632451
    outer loop
      vertex -22.1722 -79.54 1.69
      vertex -23.3775 -80.2359 0
      vertex -23.6854 -79.4926 0
    endloop
  endfacet
  facet normal -0.614494 -0.471606 -0.632444
    outer loop
      vertex -18.5138 -76.5038 0
      vertex -18.024 -77.142 0
      vertex -19.4979 -77.4879 1.69
    endloop
  endfacet
  facet normal 0.616262 0.469533 -0.632266
    outer loop
      vertex -22.8878 -80.8741 0
      vertex -21.9021 -79.8921 1.69
      vertex -22.8862 -80.8762 0
    endloop
  endfacet
  facet normal 0.614609 0.471474 -0.63243
    outer loop
      vertex -21.9021 -79.8921 1.69
      vertex -22.8878 -80.8741 0
      vertex -22.1722 -79.54 1.69
    endloop
  endfacet
  facet normal 0.449521 0.629329 -0.633936
    outer loop
      vertex -22.248 -81.366 0
      vertex -21.55 -80.1622 1.69
      vertex -22.2459 -81.3675 0
    endloop
  endfacet
  facet normal 0.471448 0.614575 -0.632483
    outer loop
      vertex -21.55 -80.1622 1.69
      vertex -22.248 -81.366 0
      vertex -21.9021 -79.8921 1.69
    endloop
  endfacet
  facet normal 0.76798 0.101059 -0.632451
    outer loop
      vertex -22.3421 -79.13 1.69
      vertex -23.6868 -79.4876 0
      vertex -22.4 -78.69 1.69
    endloop
  endfacet
  facet normal 0.7648 0.117661 -0.633433
    outer loop
      vertex -23.6868 -79.4876 0
      vertex -22.3421 -79.13 1.69
      vertex -23.6864 -79.4902 0
    endloop
  endfacet
  facet normal -0.100343 0.768534 -0.631892
    outer loop
      vertex -20.6663 -80.3856 1.69
      vertex -20.6926 -80.402 1.67423
      vertex -20.7 -80.39 1.69
    endloop
  endfacet
  facet normal -0.715669 0.296528 -0.632368
    outer loop
      vertex -19.0579 -79.13 1.69
      vertex -18.9106 -79.2868 1.44977
      vertex -19.1972 -79.4662 1.69
    endloop
  endfacet
  facet normal 0.296553 0.715636 -0.632393
    outer loop
      vertex -21.2526 -80.7525 1.16146
      vertex -21.55 -80.1622 1.69
      vertex -21.14 -80.3321 1.69
    endloop
  endfacet
  facet normal 0.29632 0.715626 -0.632514
    outer loop
      vertex -21.55 -80.1622 1.69
      vertex -21.2526 -80.7525 1.16146
      vertex -21.5262 -80.9237 0.839588
    endloop
  endfacet
endsolid OpenSCAD_Model
