solid OpenSCAD_Model
  facet normal -0.0190927 -0.693558 -0.720148
    outer loop
      vertex 5.28662 22.3084 51.4394
      vertex -12.2061 18.9292 55.1576
      vertex 5.25908 22.378 51.3731
    endloop
  endfacet
  facet normal -0.916408 -0.275899 0.28996
    outer loop
      vertex -11.857 31.5482 68.268
      vertex -12.2061 18.9292 55.1576
      vertex -6.56461 10.8773 65.3259
    endloop
  endfacet
  facet normal -0.916409 -0.275899 0.289955
    outer loop
      vertex -6.2865 20.9308 75.771
      vertex -11.857 31.5482 68.268
      vertex -6.56461 10.8773 65.3259
    endloop
  endfacet
  facet normal 0.961077 0.185825 -0.20445
    outer loop
      vertex 5.6357 34.9274 64.5497
      vertex 5.25908 22.378 51.3731
      vertex 5.60816 34.997 64.4835
    endloop
  endfacet
  facet normal 0.961133 0.185682 -0.204316
    outer loop
      vertex 5.25908 22.378 51.3731
      vertex 5.6357 34.9274 64.5497
      vertex 5.28662 22.3084 51.4394
    endloop
  endfacet
  facet normal -0.960918 -0.186226 0.204834
    outer loop
      vertex -11.8846 31.6178 68.2017
      vertex -12.2337 18.9988 55.0914
      vertex -12.2061 18.9292 55.1576
    endloop
  endfacet
  facet normal -0.275399 0.696243 -0.662873
    outer loop
      vertex -11.8846 31.6178 68.2017
      vertex -5.46058 31.9622 65.8945
      vertex -10.66 30.9578 66.9997
    endloop
  endfacet
  facet normal -0.275396 0.696252 -0.662865
    outer loop
      vertex 5.60816 34.997 64.4835
      vertex -5.46058 31.9622 65.8945
      vertex -11.8846 31.6178 68.2017
    endloop
  endfacet
  facet normal -0.275402 0.696298 -0.662814
    outer loop
      vertex 5.60816 34.997 64.4835
      vertex 4.33374 33.8543 63.8126
      vertex -5.46058 31.9622 65.8945
    endloop
  endfacet
  facet normal -0.275364 0.696278 -0.662852
    outer loop
      vertex 5.60816 34.997 64.4835
      vertex 4.13829 26.7888 56.472
      vertex 4.33374 33.8543 63.8126
    endloop
  endfacet
  facet normal -0.275386 0.696275 -0.662845
    outer loop
      vertex 5.25908 22.378 51.3731
      vertex 4.13829 26.7888 56.472
      vertex 5.60816 34.997 64.4835
    endloop
  endfacet
  facet normal -0.275365 0.696282 -0.662846
    outer loop
      vertex 4.13829 26.7888 56.472
      vertex 5.25908 22.378 51.3731
      vertex 4.03454 23.038 52.5751
    endloop
  endfacet
  facet normal -0.960974 -0.186084 0.204698
    outer loop
      vertex -11.8846 31.6178 68.2017
      vertex -12.2061 18.9292 55.1576
      vertex -11.857 31.5482 68.268
    endloop
  endfacet
  facet normal -0.27535 0.696287 -0.662848
    outer loop
      vertex -10.7638 27.207 63.1028
      vertex -11.8846 31.6178 68.2017
      vertex -10.66 30.9578 66.9997
    endloop
  endfacet
  facet normal -0.275453 0.696264 -0.662829
    outer loop
      vertex -12.2337 18.9988 55.0914
      vertex -10.7638 27.207 63.1028
      vertex -10.9592 20.1416 55.7622
    endloop
  endfacet
  facet normal -0.275401 0.69627 -0.662844
    outer loop
      vertex -10.7638 27.207 63.1028
      vertex -12.2337 18.9988 55.0914
      vertex -11.8846 31.6178 68.2017
    endloop
  endfacet
  facet normal -0.275399 0.696235 -0.662882
    outer loop
      vertex -1.16492 22.0336 53.6803
      vertex -12.2337 18.9988 55.0914
      vertex -10.9592 20.1416 55.7622
    endloop
  endfacet
  facet normal -0.275397 0.696254 -0.662863
    outer loop
      vertex 5.25908 22.378 51.3731
      vertex -1.16492 22.0336 53.6803
      vertex 4.03454 23.038 52.5751
    endloop
  endfacet
  facet normal -0.2754 0.696243 -0.662873
    outer loop
      vertex -1.16492 22.0336 53.6803
      vertex 5.25908 22.378 51.3731
      vertex -12.2337 18.9988 55.0914
    endloop
  endfacet
  facet normal -0.0192917 -0.693065 -0.720617
    outer loop
      vertex -12.2061 18.9292 55.1576
      vertex -12.2337 18.9988 55.0914
      vertex 5.25908 22.378 51.3731
    endloop
  endfacet
  facet normal 0.019295 0.693057 0.720625
    outer loop
      vertex 5.60816 34.997 64.4835
      vertex -11.857 31.5482 68.268
      vertex 5.6357 34.9274 64.5497
    endloop
  endfacet
  facet normal 0.0190895 0.693566 0.72014
    outer loop
      vertex -11.857 31.5482 68.268
      vertex 5.60816 34.997 64.4835
      vertex -11.8846 31.6178 68.2017
    endloop
  endfacet
  facet normal 0.0173272 -0.779152 -0.626596
    outer loop
      vertex 7.37192 13.5695 62.3636
      vertex -12.2061 18.9292 55.1576
      vertex 5.28662 22.3084 51.4394
    endloop
  endfacet
  facet normal 0.275395 -0.696277 0.66284
    outer loop
      vertex -6.56461 10.8773 65.3259
      vertex 7.65003 23.623 72.8087
      vertex -6.2865 20.9308 75.771
    endloop
  endfacet
  facet normal 0.275395 -0.696277 0.66284
    outer loop
      vertex 7.65003 23.623 72.8087
      vertex -6.56461 10.8773 65.3259
      vertex 7.37192 13.5695 62.3636
    endloop
  endfacet
  facet normal 0.989072 0.0921817 -0.115061
    outer loop
      vertex 7.37192 13.5695 62.3636
      vertex 5.28662 22.3084 51.4394
      vertex 7.65003 23.623 72.8087
    endloop
  endfacet
  facet normal 0.0173266 -0.779152 -0.626595
    outer loop
      vertex -6.56461 10.8773 65.3259
      vertex -12.2061 18.9292 55.1576
      vertex 7.37192 13.5695 62.3636
    endloop
  endfacet
  facet normal 0.0553446 0.595431 0.801498
    outer loop
      vertex 5.6357 34.9274 64.5497
      vertex -11.857 31.5482 68.268
      vertex -6.2865 20.9308 75.771
    endloop
  endfacet
  facet normal 0.0553397 0.595434 0.801496
    outer loop
      vertex 5.6357 34.9274 64.5497
      vertex -6.2865 20.9308 75.771
      vertex 7.65003 23.623 72.8087
    endloop
  endfacet
  facet normal 0.989072 0.0921794 -0.115061
    outer loop
      vertex 7.65003 23.623 72.8087
      vertex 5.28662 22.3084 51.4394
      vertex 5.6357 34.9274 64.5497
    endloop
  endfacet
  facet normal 0.0191779 0.693341 0.720354
    outer loop
      vertex 3.74166 35.3513 62.3875
      vertex -5.46058 31.9622 65.8945
      vertex 4.33374 33.8543 63.8126
    endloop
  endfacet
  facet normal 0.0191717 0.69335 0.720346
    outer loop
      vertex -5.46058 31.9622 65.8945
      vertex 3.74166 35.3513 62.3875
      vertex -11.2521 32.4548 65.5745
    endloop
  endfacet
  facet normal 0.961142 0.185661 -0.204294
    outer loop
      vertex 4.13829 26.7888 56.472
      vertex 3.74166 35.3513 62.3875
      vertex 4.33374 33.8543 63.8126
    endloop
  endfacet
  facet normal 0.961143 0.185659 -0.204292
    outer loop
      vertex 3.74166 35.3513 62.3875
      vertex 4.13829 26.7888 56.472
      vertex 3.44245 24.535 51.15
    endloop
  endfacet
  facet normal 0.961141 0.185666 -0.204294
    outer loop
      vertex 4.03454 23.038 52.5751
      vertex 3.44245 24.535 51.15
      vertex 4.13829 26.7888 56.472
    endloop
  endfacet
  facet normal -0.019183 -0.693342 -0.720353
    outer loop
      vertex 4.03454 23.038 52.5751
      vertex -1.16492 22.0336 53.6803
      vertex 3.44245 24.535 51.15
    endloop
  endfacet
  facet normal -0.275396 0.696287 -0.662828
    outer loop
      vertex 3.74166 35.3513 62.3875
      vertex -6.2041 32.8783 63.922
      vertex -11.2521 32.4548 65.5745
    endloop
  endfacet
  facet normal -0.275394 0.696255 -0.662863
    outer loop
      vertex 3.74166 35.3513 62.3875
      vertex 2.9574 34.648 61.9746
      vertex -6.2041 32.8783 63.922
    endloop
  endfacet
  facet normal -0.275424 0.696271 -0.662833
    outer loop
      vertex 3.74166 35.3513 62.3875
      vertex 2.68888 24.9412 51.8897
      vertex 2.9574 34.648 61.9746
    endloop
  endfacet
  facet normal -0.275334 0.696285 -0.662856
    outer loop
      vertex 2.68888 24.9412 51.8897
      vertex 3.74166 35.3513 62.3875
      vertex 3.44245 24.535 51.15
    endloop
  endfacet
  facet normal -0.2754 0.696273 -0.662842
    outer loop
      vertex -10.621 27.6212 60.2349
      vertex -11.2521 32.4548 65.5745
      vertex -6.2041 32.8783 63.922
    endloop
  endfacet
  facet normal -0.275438 0.696267 -0.662832
    outer loop
      vertex -11.5513 21.6386 54.3371
      vertex -10.621 27.6212 60.2349
      vertex -10.7671 22.3418 54.7499
    endloop
  endfacet
  facet normal -0.275405 0.696271 -0.662841
    outer loop
      vertex -10.621 27.6212 60.2349
      vertex -11.5513 21.6386 54.3371
      vertex -11.2521 32.4548 65.5745
    endloop
  endfacet
  facet normal -0.275399 0.696246 -0.66287
    outer loop
      vertex 2.68888 24.9412 51.8897
      vertex -11.5513 21.6386 54.3371
      vertex -10.7671 22.3418 54.7499
    endloop
  endfacet
  facet normal -0.275398 0.696228 -0.66289
    outer loop
      vertex -11.5513 21.6386 54.3371
      vertex 2.68888 24.9412 51.8897
      vertex 3.44245 24.535 51.15
    endloop
  endfacet
  facet normal -0.961147 -0.18565 0.204282
    outer loop
      vertex -11.5513 21.6386 54.3371
      vertex -10.7638 27.207 63.1028
      vertex -11.2521 32.4548 65.5745
    endloop
  endfacet
  facet normal -0.96114 -0.185671 0.204295
    outer loop
      vertex -10.7638 27.207 63.1028
      vertex -11.5513 21.6386 54.3371
      vertex -10.9592 20.1416 55.7622
    endloop
  endfacet
  facet normal 0.0191739 0.693366 0.720331
    outer loop
      vertex -5.46058 31.9622 65.8945
      vertex -11.2521 32.4548 65.5745
      vertex -10.66 30.9578 66.9997
    endloop
  endfacet
  facet normal -0.961142 -0.185656 0.204297
    outer loop
      vertex -10.66 30.9578 66.9997
      vertex -11.2521 32.4548 65.5745
      vertex -10.7638 27.207 63.1028
    endloop
  endfacet
  facet normal -0.0191845 -0.693343 -0.720353
    outer loop
      vertex -11.5513 21.6386 54.3371
      vertex -1.16492 22.0336 53.6803
      vertex -10.9592 20.1416 55.7622
    endloop
  endfacet
  facet normal -0.0191847 -0.693341 -0.720355
    outer loop
      vertex -1.16492 22.0336 53.6803
      vertex -11.5513 21.6386 54.3371
      vertex 3.44245 24.535 51.15
    endloop
  endfacet
  facet normal -0.961136 -0.185684 0.2043
    outer loop
      vertex -12.2817 26.1713 51.1043
      vertex -10.621 27.6212 60.2349
      vertex -10.4986 32.0487 64.8348
    endloop
  endfacet
  facet normal -0.961143 -0.185654 0.204297
    outer loop
      vertex -10.621 27.6212 60.2349
      vertex -12.2817 26.1713 51.1043
      vertex -10.7671 22.3418 54.7499
    endloop
  endfacet
  facet normal 0.96114 0.185668 -0.2043
    outer loop
      vertex 2.68888 24.9412 51.8897
      vertex 1.17423 28.7706 48.2441
      vertex 1.44275 38.4775 58.329
    endloop
  endfacet
  facet normal 0.275392 -0.696271 0.662847
    outer loop
      vertex -10.4986 32.0487 64.8348
      vertex -10.621 27.6212 60.2349
      vertex -6.2041 32.8783 63.922
    endloop
  endfacet
  facet normal -0.275394 0.696281 -0.662836
    outer loop
      vertex 1.44275 38.4775 58.329
      vertex -7.3034 33.3398 56.5659
      vertex -12.0132 35.8782 61.1892
    endloop
  endfacet
  facet normal -0.275392 0.696274 -0.662844
    outer loop
      vertex 1.44275 38.4775 58.329
      vertex -3.53556 31.309 52.8673
      vertex -3.45884 34.0824 55.7487
    endloop
  endfacet
  facet normal 0 0.876565 -0.481284
    outer loop
      vertex -3.53556 31.309 52.8673
      vertex 1.17423 28.7706 48.2441
      vertex -3.53557 31.309 52.8673
    endloop
  endfacet
  facet normal -0.275392 0.696274 -0.662844
    outer loop
      vertex 1.17423 28.7706 48.2441
      vertex -3.53556 31.309 52.8673
      vertex 1.44275 38.4775 58.329
    endloop
  endfacet
  facet normal -0.275384 0.69627 -0.662851
    outer loop
      vertex 1.44275 38.4775 58.329
      vertex -3.45884 34.0824 55.7487
      vertex -7.3034 33.3398 56.5659
    endloop
  endfacet
  facet normal -0.961143 -0.18566 0.204291
    outer loop
      vertex -12.0132 35.8782 61.1892
      vertex -12.2817 26.1713 51.1043
      vertex -10.4986 32.0487 64.8348
    endloop
  endfacet
  facet normal 0.0191883 0.693346 0.720349
    outer loop
      vertex 1.44275 38.4775 58.329
      vertex -6.2041 32.8783 63.922
      vertex 2.9574 34.648 61.9746
    endloop
  endfacet
  facet normal 0.0191813 0.693351 0.720345
    outer loop
      vertex -12.0132 35.8782 61.1892
      vertex -6.2041 32.8783 63.922
      vertex 1.44275 38.4775 58.329
    endloop
  endfacet
  facet normal 0.0191734 0.693343 0.720353
    outer loop
      vertex -6.2041 32.8783 63.922
      vertex -12.0132 35.8782 61.1892
      vertex -10.4986 32.0487 64.8348
    endloop
  endfacet
  facet normal -0.275392 0.696269 -0.662849
    outer loop
      vertex -12.2817 26.1713 51.1043
      vertex -7.3034 33.3398 56.5659
      vertex -7.37746 30.6628 53.7847
    endloop
  endfacet
  facet normal -0.275404 0.696271 -0.662841
    outer loop
      vertex -7.3034 33.3398 56.5659
      vertex -12.2817 26.1713 51.1043
      vertex -12.0132 35.8782 61.1892
    endloop
  endfacet
  facet normal -0.275254 0.696197 -0.662982
    outer loop
      vertex -7.26897 30.5878 53.6609
      vertex -12.2817 26.1713 51.1043
      vertex -7.37746 30.6628 53.7847
    endloop
  endfacet
  facet normal -0.275401 0.696279 -0.662835
    outer loop
      vertex -3.53557 31.309 52.8673
      vertex -12.2817 26.1713 51.1043
      vertex -7.26897 30.5878 53.6609
    endloop
  endfacet
  facet normal -0.275394 0.696271 -0.662846
    outer loop
      vertex -12.2817 26.1713 51.1043
      vertex -3.53557 31.309 52.8673
      vertex 1.17423 28.7706 48.2441
    endloop
  endfacet
  facet normal -0.0191753 -0.693353 -0.720343
    outer loop
      vertex -10.7671 22.3418 54.7499
      vertex 1.17423 28.7706 48.2441
      vertex 2.68888 24.9412 51.8897
    endloop
  endfacet
  facet normal -0.0191837 -0.693345 -0.72035
    outer loop
      vertex 1.17423 28.7706 48.2441
      vertex -10.7671 22.3418 54.7499
      vertex -12.2817 26.1713 51.1043
    endloop
  endfacet
  facet normal 0.961141 0.185666 -0.204296
    outer loop
      vertex 2.68888 24.9412 51.8897
      vertex 1.44275 38.4775 58.329
      vertex 2.9574 34.648 61.9746
    endloop
  endfacet
  facet normal 0.274836 -0.696524 0.662812
    outer loop
      vertex -7.37746 30.6628 53.7847
      vertex -7.38012 30.5664 53.6845
      vertex -7.26897 30.5878 53.6609
    endloop
  endfacet
  facet normal 0.0191741 0.69335 0.720346
    outer loop
      vertex -3.45884 34.0824 55.7487
      vertex -4.36763 36.3801 53.5613
      vertex -8.21219 35.6374 54.3785
    endloop
  endfacet
  facet normal 0.961141 0.185663 -0.204296
    outer loop
      vertex -3.45884 34.0824 55.7487
      vertex -4.44435 33.6067 50.6799
      vertex -4.36763 36.3801 53.5613
    endloop
  endfacet
  facet normal -0.961141 -0.185661 0.204299
    outer loop
      vertex -8.28891 32.864 51.4971
      vertex -7.37746 30.6628 53.7847
      vertex -7.3034 33.3398 56.5659
    endloop
  endfacet
  facet normal -0.961142 -0.185746 0.204217
    outer loop
      vertex -7.37746 30.6628 53.7847
      vertex -8.28891 32.864 51.4971
      vertex -7.38012 30.5664 53.6845
    endloop
  endfacet
  facet normal 0.0191849 0.693368 0.720329
    outer loop
      vertex -8.21219 35.6374 54.3785
      vertex -7.3034 33.3398 56.5659
      vertex -3.45884 34.0824 55.7487
    endloop
  endfacet
  facet normal 0.961141 0.185663 -0.204296
    outer loop
      vertex -3.53556 31.309 52.8673
      vertex -4.44435 33.6067 50.6799
      vertex -3.45884 34.0824 55.7487
    endloop
  endfacet
  facet normal 0 -0.689509 -0.724277
    outer loop
      vertex -3.53557 31.309 52.8673
      vertex -4.44435 33.6067 50.6799
      vertex -3.53556 31.309 52.8673
    endloop
  endfacet
  facet normal -0.0191835 -0.693352 -0.720344
    outer loop
      vertex -7.26897 30.5878 53.6609
      vertex -4.44435 33.6067 50.6799
      vertex -3.53557 31.309 52.8673
    endloop
  endfacet
  facet normal -0.0195184 -0.693186 -0.720494
    outer loop
      vertex -4.44435 33.6067 50.6799
      vertex -7.26897 30.5878 53.6609
      vertex -7.38012 30.5664 53.6845
    endloop
  endfacet
  facet normal -0.275401 0.696272 -0.662842
    outer loop
      vertex -4.36763 36.3801 53.5613
      vertex -8.28891 32.864 51.4971
      vertex -8.21219 35.6374 54.3785
    endloop
  endfacet
  facet normal -0.96114 -0.185667 0.204299
    outer loop
      vertex -7.3034 33.3398 56.5659
      vertex -8.21219 35.6374 54.3785
      vertex -8.28891 32.864 51.4971
    endloop
  endfacet
  facet normal -0.275401 0.696272 -0.662842
    outer loop
      vertex -4.44435 33.6067 50.6799
      vertex -8.28891 32.864 51.4971
      vertex -4.36763 36.3801 53.5613
    endloop
  endfacet
  facet normal -0.0191683 -0.693364 -0.720332
    outer loop
      vertex -7.38012 30.5664 53.6845
      vertex -8.28891 32.864 51.4971
      vertex -4.44435 33.6067 50.6799
    endloop
  endfacet
  facet normal 0.961162 0.185638 -0.204219
    outer loop
      vertex 6.95889 3.55566 42.2638
      vertex 5.3582 20.0707 49.7425
      vertex 5.38437 20.033 49.8314
    endloop
  endfacet
  facet normal -0.0879975 0.907493 0.410747
    outer loop
      vertex 5.3582 20.0707 49.7425
      vertex -12.1084 16.6538 53.5497
      vertex 5.38437 20.033 49.8314
    endloop
  endfacet
  facet normal -0.918215 -0.233782 0.31973
    outer loop
      vertex -6.53021 10.0786 64.7615
      vertex -10.5077 0.138765 46.0709
      vertex -5.25494 -3.07904 58.8032
    endloop
  endfacet
  facet normal 0.987261 0.134313 -0.0852942
    outer loop
      vertex 8.68159 -0.386824 55.8408
      vertex 5.38437 20.033 49.8314
      vertex 7.40632 12.7708 61.7992
    endloop
  endfacet
  facet normal 0.261678 -0.376986 0.888485
    outer loop
      vertex -6.53021 10.0786 64.7615
      vertex 8.68159 -0.386824 55.8408
      vertex 7.40632 12.7708 61.7992
    endloop
  endfacet
  facet normal 0.261684 -0.376979 0.888487
    outer loop
      vertex 8.68159 -0.386824 55.8408
      vertex -6.53021 10.0786 64.7615
      vertex -5.25494 -3.07904 58.8032
    endloop
  endfacet
  facet normal 0.987261 0.134313 -0.0852933
    outer loop
      vertex 6.98506 3.51796 42.3526
      vertex 5.38437 20.033 49.8314
      vertex 8.68159 -0.386824 55.8408
    endloop
  endfacet
  facet normal -0.0526559 0.849756 0.52454
    outer loop
      vertex 5.38437 20.033 49.8314
      vertex -12.1084 16.6538 53.5497
      vertex -6.53021 10.0786 64.7615
    endloop
  endfacet
  facet normal 0.961109 0.185716 -0.2044
    outer loop
      vertex 6.95889 3.55566 42.2638
      vertex 5.38437 20.033 49.8314
      vertex 6.98506 3.51796 42.3526
    endloop
  endfacet
  facet normal 0.121703 -0.949225 -0.290105
    outer loop
      vertex 8.68159 -0.386824 55.8408
      vertex -5.25494 -3.07904 58.8032
      vertex 6.98506 3.51796 42.3526
    endloop
  endfacet
  facet normal 0.0878876 -0.907335 -0.411119
    outer loop
      vertex 6.95889 3.55566 42.2638
      vertex -10.5077 0.138765 46.0709
      vertex -10.5339 0.176463 45.9821
    endloop
  endfacet
  facet normal 0.0878898 -0.907338 -0.411112
    outer loop
      vertex -10.5077 0.138765 46.0709
      vertex 6.95889 3.55566 42.2638
      vertex 6.98506 3.51796 42.3526
    endloop
  endfacet
  facet normal -0.261691 0.376981 -0.888484
    outer loop
      vertex 4.69883 13.7408 47.251
      vertex 6.95889 3.55566 42.2638
      vertex 5.59507 4.49393 43.0636
    endloop
  endfacet
  facet normal -0.261712 0.376975 -0.88848
    outer loop
      vertex 6.95889 3.55566 42.2638
      vertex 4.69883 13.7408 47.251
      vertex 5.3582 20.0707 49.7425
    endloop
  endfacet
  facet normal -0.261668 0.376975 -0.888493
    outer loop
      vertex 4.22305 18.6497 49.4739
      vertex 5.3582 20.0707 49.7425
      vertex 4.69883 13.7408 47.251
    endloop
  endfacet
  facet normal -0.261685 0.376987 -0.888483
    outer loop
      vertex -5.57127 16.7576 51.5558
      vertex 5.3582 20.0707 49.7425
      vertex 4.22305 18.6497 49.4739
    endloop
  endfacet
  facet normal -0.261682 0.376987 -0.888484
    outer loop
      vertex -12.1345 16.6915 53.4608
      vertex -5.57127 16.7576 51.5558
      vertex -10.7707 15.7532 52.661
    endloop
  endfacet
  facet normal -0.261683 0.376977 -0.888487
    outer loop
      vertex -5.57127 16.7576 51.5558
      vertex -12.1345 16.6915 53.4608
      vertex 5.3582 20.0707 49.7425
    endloop
  endfacet
  facet normal -0.261683 0.376991 -0.888482
    outer loop
      vertex 6.95889 3.55566 42.2638
      vertex -4.19925 2.6019 45.1455
      vertex 5.59507 4.49393 43.0636
    endloop
  endfacet
  facet normal -0.261683 0.376991 -0.888482
    outer loop
      vertex -10.5339 0.176463 45.9821
      vertex -4.19925 2.6019 45.1455
      vertex 6.95889 3.55566 42.2638
    endloop
  endfacet
  facet normal -0.261682 0.376987 -0.888483
    outer loop
      vertex -4.19925 2.6019 45.1455
      vertex -10.5339 0.176463 45.9821
      vertex -9.39871 1.59748 46.2507
    endloop
  endfacet
  facet normal -0.261677 0.376984 -0.888487
    outer loop
      vertex -10.5339 0.176463 45.9821
      vertex -10.2949 10.8444 50.4381
      vertex -9.39871 1.59748 46.2507
    endloop
  endfacet
  facet normal -0.261671 0.376984 -0.888488
    outer loop
      vertex -12.1345 16.6915 53.4608
      vertex -10.2949 10.8444 50.4381
      vertex -10.5339 0.176463 45.9821
    endloop
  endfacet
  facet normal -0.261691 0.376977 -0.888486
    outer loop
      vertex -10.2949 10.8444 50.4381
      vertex -12.1345 16.6915 53.4608
      vertex -10.7707 15.7532 52.661
    endloop
  endfacet
  facet normal -0.0526583 0.849757 0.524539
    outer loop
      vertex 5.38437 20.033 49.8314
      vertex -6.53021 10.0786 64.7615
      vertex 7.40632 12.7708 61.7992
    endloop
  endfacet
  facet normal 0.121703 -0.949225 -0.290104
    outer loop
      vertex -5.25494 -3.07904 58.8032
      vertex -10.5077 0.138765 46.0709
      vertex 6.98506 3.51796 42.3526
    endloop
  endfacet
  facet normal -0.961033 -0.185821 0.204662
    outer loop
      vertex -10.5077 0.138765 46.0709
      vertex -12.1345 16.6915 53.4608
      vertex -10.5339 0.176463 45.9821
    endloop
  endfacet
  facet normal -0.961338 -0.185386 0.203621
    outer loop
      vertex -12.1345 16.6915 53.4608
      vertex -10.5077 0.138765 46.0709
      vertex -12.1084 16.6538 53.5497
    endloop
  endfacet
  facet normal -0.088014 0.907516 0.410692
    outer loop
      vertex 5.3582 20.0707 49.7425
      vertex -12.1345 16.6915 53.4608
      vertex -12.1084 16.6538 53.5497
    endloop
  endfacet
  facet normal -0.918213 -0.233787 0.319732
    outer loop
      vertex -6.53021 10.0786 64.7615
      vertex -12.1084 16.6538 53.5497
      vertex -10.5077 0.138765 46.0709
    endloop
  endfacet
  facet normal -0.961136 -0.185675 0.204309
    outer loop
      vertex -9.96132 2.40799 44.3404
      vertex -10.2949 10.8444 50.4381
      vertex -11.3333 16.5637 50.7508
    endloop
  endfacet
  facet normal -0.961141 -0.185665 0.204295
    outer loop
      vertex -10.2949 10.8444 50.4381
      vertex -9.96132 2.40799 44.3404
      vertex -9.39871 1.59748 46.2507
    endloop
  endfacet
  facet normal 0.0879509 -0.907426 -0.410906
    outer loop
      vertex 5.03246 5.30444 41.1533
      vertex -4.19925 2.6019 45.1455
      vertex -9.96132 2.40799 44.3404
    endloop
  endfacet
  facet normal 0.0879494 -0.907425 -0.410908
    outer loop
      vertex -4.19925 2.6019 45.1455
      vertex 5.03246 5.30444 41.1533
      vertex 5.59507 4.49393 43.0636
    endloop
  endfacet
  facet normal -0.261681 0.376987 -0.888484
    outer loop
      vertex -11.3333 16.5637 50.7508
      vertex -9.26277 3.28246 44.5057
      vertex -9.96132 2.40799 44.3404
    endloop
  endfacet
  facet normal -0.261728 0.376975 -0.888475
    outer loop
      vertex -9.26277 3.28246 44.5057
      vertex -11.3333 16.5637 50.7508
      vertex -10.4941 15.9863 50.2586
    endloop
  endfacet
  facet normal -0.261685 0.377028 -0.888465
    outer loop
      vertex -11.3333 16.5637 50.7508
      vertex 2.96189 18.5857 47.3984
      vertex -10.4941 15.9863 50.2586
    endloop
  endfacet
  facet normal -0.261683 0.376976 -0.888488
    outer loop
      vertex 2.96189 18.5857 47.3984
      vertex -11.3333 16.5637 50.7508
      vertex 3.66044 19.4602 47.5637
    endloop
  endfacet
  facet normal 0.0879512 -0.907424 -0.410909
    outer loop
      vertex -9.39871 1.59748 46.2507
      vertex -9.96132 2.40799 44.3404
      vertex -4.19925 2.6019 45.1455
    endloop
  endfacet
  facet normal -0.0879447 0.907419 0.410921
    outer loop
      vertex -5.57127 16.7576 51.5558
      vertex -11.3333 16.5637 50.7508
      vertex -10.7707 15.7532 52.661
    endloop
  endfacet
  facet normal -0.961139 -0.185675 0.204297
    outer loop
      vertex -10.7707 15.7532 52.661
      vertex -11.3333 16.5637 50.7508
      vertex -10.2949 10.8444 50.4381
    endloop
  endfacet
  facet normal -0.0879515 0.907418 0.410923
    outer loop
      vertex 3.66044 19.4602 47.5637
      vertex -5.57127 16.7576 51.5558
      vertex 4.22305 18.6497 49.4739
    endloop
  endfacet
  facet normal -0.0879461 0.907414 0.410933
    outer loop
      vertex -5.57127 16.7576 51.5558
      vertex 3.66044 19.4602 47.5637
      vertex -11.3333 16.5637 50.7508
    endloop
  endfacet
  facet normal 0.961138 0.18567 -0.204303
    outer loop
      vertex 4.69883 13.7408 47.251
      vertex 3.66044 19.4602 47.5637
      vertex 4.22305 18.6497 49.4739
    endloop
  endfacet
  facet normal -0.261683 0.377008 -0.888475
    outer loop
      vertex 5.03246 5.30444 41.1533
      vertex -9.26277 3.28246 44.5057
      vertex 4.19319 5.88184 41.6455
    endloop
  endfacet
  facet normal -0.261683 0.376988 -0.888483
    outer loop
      vertex -9.26277 3.28246 44.5057
      vertex 5.03246 5.30444 41.1533
      vertex -9.96132 2.40799 44.3404
    endloop
  endfacet
  facet normal -0.261706 0.37698 -0.88848
    outer loop
      vertex 2.96189 18.5857 47.3984
      vertex 5.03246 5.30444 41.1533
      vertex 4.19319 5.88184 41.6455
    endloop
  endfacet
  facet normal -0.261693 0.376983 -0.888482
    outer loop
      vertex 5.03246 5.30444 41.1533
      vertex 2.96189 18.5857 47.3984
      vertex 3.66044 19.4602 47.5637
    endloop
  endfacet
  facet normal 0.961141 0.18567 -0.204292
    outer loop
      vertex 4.69883 13.7408 47.251
      vertex 5.03246 5.30444 41.1533
      vertex 3.66044 19.4602 47.5637
    endloop
  endfacet
  facet normal 0.961141 0.18567 -0.204292
    outer loop
      vertex 5.59507 4.49393 43.0636
      vertex 5.03246 5.30444 41.1533
      vertex 4.69883 13.7408 47.251
    endloop
  endfacet
  facet normal -0.96114 -0.185672 0.204296
    outer loop
      vertex -10.702 5.35585 39.619
      vertex -9.26277 3.28246 44.5057
      vertex -11.9333 18.0597 45.3719
    endloop
  endfacet
  facet normal 0.961139 0.185672 -0.204297
    outer loop
      vertex 4.19319 5.88184 41.6455
      vertex 2.75395 7.95523 36.7588
      vertex 1.52265 20.6591 42.5117
    endloop
  endfacet
  facet normal -0.261681 0.376984 -0.888485
    outer loop
      vertex 2.75395 7.95523 36.7588
      vertex -3.49406 14.379 41.3246
      vertex 1.52265 20.6591 42.5117
    endloop
  endfacet
  facet normal -0.261673 0.376992 -0.888484
    outer loop
      vertex -3.49406 14.379 41.3246
      vertex 2.75395 7.95523 36.7588
      vertex -3.818 12.4766 40.6128
    endloop
  endfacet
  facet normal -0.261683 0.376986 -0.888484
    outer loop
      vertex -6.35227 14.2201 42.099
      vertex 1.52265 20.6591 42.5117
      vertex -3.49406 14.379 41.3246
    endloop
  endfacet
  facet normal -0.261682 0.376984 -0.888485
    outer loop
      vertex 1.52265 20.6591 42.5117
      vertex -6.35227 14.2201 42.099
      vertex -11.9333 18.0597 45.3719
    endloop
  endfacet
  facet normal -0.261701 0.376956 -0.888491
    outer loop
      vertex 2.75395 7.95523 36.7588
      vertex -4.75606 11.1265 40.3163
      vertex -3.818 12.4766 40.6128
    endloop
  endfacet
  facet normal -0.261682 0.376991 -0.888482
    outer loop
      vertex -10.702 5.35585 39.619
      vertex -4.75606 11.1265 40.3163
      vertex 2.75395 7.95523 36.7588
    endloop
  endfacet
  facet normal -0.261684 0.376984 -0.888484
    outer loop
      vertex -11.9333 18.0597 45.3719
      vertex -6.33606 10.8213 40.6521
      vertex -10.702 5.35585 39.619
    endloop
  endfacet
  facet normal -0.261651 0.376962 -0.888504
    outer loop
      vertex -4.75606 11.1265 40.3163
      vertex -10.702 5.35585 39.619
      vertex -6.33606 10.8213 40.6521
    endloop
  endfacet
  facet normal -0.261667 0.377002 -0.888482
    outer loop
      vertex -6.63966 13.9537 42.0706
      vertex -11.9333 18.0597 45.3719
      vertex -6.35227 14.2201 42.099
    endloop
  endfacet
  facet normal -0.261682 0.376985 -0.888484
    outer loop
      vertex -6.33606 10.8213 40.6521
      vertex -11.9333 18.0597 45.3719
      vertex -6.63966 13.9537 42.0706
    endloop
  endfacet
  facet normal -0.0879495 0.907421 0.410916
    outer loop
      vertex 2.96189 18.5857 47.3984
      vertex -11.9333 18.0597 45.3719
      vertex -10.4941 15.9863 50.2586
    endloop
  endfacet
  facet normal -0.961141 -0.185671 0.20429
    outer loop
      vertex -10.4941 15.9863 50.2586
      vertex -11.9333 18.0597 45.3719
      vertex -9.26277 3.28246 44.5057
    endloop
  endfacet
  facet normal 0.0879488 -0.907422 -0.410915
    outer loop
      vertex 2.75395 7.95523 36.7588
      vertex 4.19319 5.88184 41.6455
      vertex -10.702 5.35585 39.619
    endloop
  endfacet
  facet normal 0.0879488 -0.907422 -0.410915
    outer loop
      vertex -9.26277 3.28246 44.5057
      vertex -10.702 5.35585 39.619
      vertex 4.19319 5.88184 41.6455
    endloop
  endfacet
  facet normal -0.0879496 0.907421 0.410917
    outer loop
      vertex 2.96189 18.5857 47.3984
      vertex 1.52265 20.6591 42.5117
      vertex -11.9333 18.0597 45.3719
    endloop
  endfacet
  facet normal 0.961139 0.185672 -0.204297
    outer loop
      vertex 4.19319 5.88184 41.6455
      vertex 1.52265 20.6591 42.5117
      vertex 2.96189 18.5857 47.3984
    endloop
  endfacet
  facet normal 0.261696 -0.376982 0.888482
    outer loop
      vertex -3.49406 14.379 41.3246
      vertex -2.4915 11.564 39.8349
      vertex -2.8433 15.1937 41.4786
    endloop
  endfacet
  facet normal 0.261673 -0.376992 0.888484
    outer loop
      vertex -3.818 12.4766 40.6128
      vertex -2.4915 11.564 39.8349
      vertex -3.49406 14.379 41.3246
    endloop
  endfacet
  facet normal 0.261701 -0.376957 0.888491
    outer loop
      vertex -2.4915 11.564 39.8349
      vertex -3.818 12.4766 40.6128
      vertex -4.75606 11.1265 40.3163
    endloop
  endfacet
  facet normal -0.961139 -0.185672 0.204299
    outer loop
      vertex -6.33606 10.8213 40.6521
      vertex -7.5514 15.695 39.3638
      vertex -7.1996 12.0653 37.7201
    endloop
  endfacet
  facet normal 0.0879549 -0.907423 -0.41091
    outer loop
      vertex -2.4915 11.564 39.8349
      vertex -7.1996 12.0653 37.7201
      vertex -3.35504 12.808 36.9029
    endloop
  endfacet
  facet normal 0.261684 -0.376974 0.888489
    outer loop
      vertex -2.8433 15.1937 41.4786
      vertex -6.35227 14.2201 42.099
      vertex -3.49406 14.379 41.3246
    endloop
  endfacet
  facet normal 0.261654 -0.376989 0.888491
    outer loop
      vertex -6.35227 14.2201 42.099
      vertex -6.68786 14.451 42.2958
      vertex -6.63966 13.9537 42.0706
    endloop
  endfacet
  facet normal 0.26168 -0.376956 0.888498
    outer loop
      vertex -6.68786 14.451 42.2958
      vertex -6.35227 14.2201 42.099
      vertex -2.8433 15.1937 41.4786
    endloop
  endfacet
  facet normal -0.261683 0.376985 -0.888484
    outer loop
      vertex -7.1996 12.0653 37.7201
      vertex -7.5514 15.695 39.3638
      vertex -3.35504 12.808 36.9029
    endloop
  endfacet
  facet normal 0.0879567 -0.907422 -0.410913
    outer loop
      vertex -4.75606 11.1265 40.3163
      vertex -7.1996 12.0653 37.7201
      vertex -2.4915 11.564 39.8349
    endloop
  endfacet
  facet normal 0.087951 -0.907424 -0.410909
    outer loop
      vertex -7.1996 12.0653 37.7201
      vertex -4.75606 11.1265 40.3163
      vertex -6.33606 10.8213 40.6521
    endloop
  endfacet
  facet normal -0.0879549 0.907423 0.41091
    outer loop
      vertex -3.70684 16.4377 38.5466
      vertex -7.5514 15.695 39.3638
      vertex -2.8433 15.1937 41.4786
    endloop
  endfacet
  facet normal 0.961139 0.185672 -0.204299
    outer loop
      vertex -2.4915 11.564 39.8349
      vertex -3.70684 16.4377 38.5466
      vertex -2.8433 15.1937 41.4786
    endloop
  endfacet
  facet normal -0.0879549 0.907423 0.41091
    outer loop
      vertex -2.8433 15.1937 41.4786
      vertex -7.5514 15.695 39.3638
      vertex -6.68786 14.451 42.2958
    endloop
  endfacet
  facet normal -0.961139 -0.185673 0.204299
    outer loop
      vertex -7.5514 15.695 39.3638
      vertex -6.63966 13.9537 42.0706
      vertex -6.68786 14.451 42.2958
    endloop
  endfacet
  facet normal -0.961139 -0.185672 0.204299
    outer loop
      vertex -6.63966 13.9537 42.0706
      vertex -7.5514 15.695 39.3638
      vertex -6.33606 10.8213 40.6521
    endloop
  endfacet
  facet normal -0.261683 0.376985 -0.888484
    outer loop
      vertex -3.35504 12.808 36.9029
      vertex -7.5514 15.695 39.3638
      vertex -3.70684 16.4377 38.5466
    endloop
  endfacet
  facet normal 0.961139 0.185672 -0.204299
    outer loop
      vertex -3.35504 12.808 36.9029
      vertex -3.70684 16.4377 38.5466
      vertex -2.4915 11.564 39.8349
    endloop
  endfacet
  facet normal -0.92531 -0.184045 0.331555
    outer loop
      vertex -2.48721 -18.27 58.0192
      vertex -10.1246 -2.54785 45.4319
      vertex -6.81929 -20.4313 44.7294
    endloop
  endfacet
  facet normal 0.980169 0.184043 -0.0734624
    outer loop
      vertex 11.4493 -15.5778 55.0568
      vertex 7.36816 0.831347 41.7137
      vertex 8.81598 -1.32997 55.6165
    endloop
  endfacet
  facet normal -0.92531 -0.184044 0.331555
    outer loop
      vertex -5.12055 -4.02218 58.5789
      vertex -10.1246 -2.54785 45.4319
      vertex -2.48721 -18.27 58.0192
    endloop
  endfacet
  facet normal -0.152594 0.974024 0.16731
    outer loop
      vertex 8.81598 -1.32997 55.6165
      vertex -10.1246 -2.54785 45.4319
      vertex -5.12055 -4.02218 58.5789
    endloop
  endfacet
  facet normal 0.207918 3.193e-06 0.978146
    outer loop
      vertex 8.81598 -1.32997 55.6165
      vertex -5.12055 -4.02218 58.5789
      vertex 11.4493 -15.5778 55.0568
    endloop
  endfacet
  facet normal 0.207918 3.52805e-06 0.978146
    outer loop
      vertex 11.4493 -15.5778 55.0568
      vertex -5.12055 -4.02218 58.5789
      vertex -2.48721 -18.27 58.0192
    endloop
  endfacet
  facet normal -0.207902 -4.97288e-06 -0.97815
    outer loop
      vertex -6.84008 -20.4313 44.6316
      vertex -7.67735 -8.89947 44.8095
      vertex -5.82669 -18.9126 44.4162
    endloop
  endfacet
  facet normal -0.207929 -7.0053e-06 -0.978144
    outer loop
      vertex -10.1454 -2.54785 45.3341
      vertex -7.67735 -8.89947 44.8095
      vertex -6.84008 -20.4313 44.6316
    endloop
  endfacet
  facet normal -0.207848 2.59328e-05 -0.978161
    outer loop
      vertex -7.67735 -8.89947 44.8095
      vertex -10.1454 -2.54785 45.3341
      vertex -8.6598 -3.58387 45.0184
    endloop
  endfacet
  facet normal -0.207909 -0 -0.978148
    outer loop
      vertex 6.33398 -0.687415 41.8313
      vertex 7.34737 0.831347 41.6159
      vertex 6.33398 -0.687416 41.8313
    endloop
  endfacet
  facet normal -0.207918 5.88486e-06 -0.978146
    outer loop
      vertex -3.46035 -2.57945 43.9132
      vertex 7.34737 0.831347 41.6159
      vertex 6.33398 -0.687415 41.8313
    endloop
  endfacet
  facet normal -0.207905 -5.95451e-05 -0.978149
    outer loop
      vertex -10.1454 -2.54785 45.3341
      vertex -3.46035 -2.57945 43.9132
      vertex -8.6598 -3.58387 45.0184
    endloop
  endfacet
  facet normal -0.207905 -3.70254e-05 -0.978149
    outer loop
      vertex -3.46035 -2.57945 43.9132
      vertex -10.1454 -2.54785 45.3341
      vertex 7.34737 0.831347 41.6159
    endloop
  endfacet
  facet normal -0.961116 -0.185669 0.204409
    outer loop
      vertex -10.1246 -2.54785 45.4319
      vertex -10.1454 -2.54785 45.3341
      vertex -6.84008 -20.4313 44.6316
    endloop
  endfacet
  facet normal 0.20745 -0.974024 0.0907872
    outer loop
      vertex 11.4493 -15.5778 55.0568
      vertex -6.81929 -20.4313 44.7294
      vertex 10.6735 -17.0522 41.0112
    endloop
  endfacet
  facet normal -0.961136 -0.185668 0.204315
    outer loop
      vertex -6.81929 -20.4313 44.7294
      vertex -10.1246 -2.54785 45.4319
      vertex -6.84008 -20.4313 44.6316
    endloop
  endfacet
  facet normal -0.181608 0.982612 0.0386242
    outer loop
      vertex 7.36816 0.831347 41.7137
      vertex -10.1454 -2.54785 45.3341
      vertex -10.1246 -2.54785 45.4319
    endloop
  endfacet
  facet normal -0.181612 0.982612 0.0386064
    outer loop
      vertex -10.1454 -2.54785 45.3341
      vertex 7.36816 0.831347 41.7137
      vertex 7.34737 0.831347 41.6159
    endloop
  endfacet
  facet normal 0.181607 -0.982613 -0.0386053
    outer loop
      vertex -6.84008 -20.4313 44.6316
      vertex 10.6735 -17.0522 41.0112
      vertex -6.81929 -20.4313 44.7294
    endloop
  endfacet
  facet normal 0.181611 -0.982613 -0.0385853
    outer loop
      vertex 10.6735 -17.0522 41.0112
      vertex -6.84008 -20.4313 44.6316
      vertex 10.6527 -17.0522 40.9133
    endloop
  endfacet
  facet normal -0.207919 1.39597e-05 -0.978146
    outer loop
      vertex 10.6527 -17.0522 40.9133
      vertex -5.82669 -18.9126 44.4162
      vertex 9.1671 -16.0161 41.2291
    endloop
  endfacet
  facet normal -0.207918 6.05373e-06 -0.978146
    outer loop
      vertex -5.82669 -18.9126 44.4162
      vertex 10.6527 -17.0522 40.9133
      vertex -6.84008 -20.4313 44.6316
    endloop
  endfacet
  facet normal -0.207934 -9.61061e-06 -0.978143
    outer loop
      vertex 8.18464 -10.7005 41.4379
      vertex 10.6527 -17.0522 40.9133
      vertex 9.1671 -16.0161 41.2291
    endloop
  endfacet
  facet normal -0.207902 3.50116e-06 -0.97815
    outer loop
      vertex 8.18464 -10.7005 41.4379
      vertex 7.34737 0.831347 41.6159
      vertex 10.6527 -17.0522 40.9133
    endloop
  endfacet
  facet normal -0.207913 2.67691e-06 -0.978147
    outer loop
      vertex 7.34737 0.831347 41.6159
      vertex 8.18464 -10.7005 41.4379
      vertex 6.33398 -0.687416 41.8313
    endloop
  endfacet
  facet normal 0.207455 -0.974023 0.0907799
    outer loop
      vertex -2.48721 -18.27 58.0192
      vertex -6.81929 -20.4313 44.7294
      vertex 11.4493 -15.5778 55.0568
    endloop
  endfacet
  facet normal -0.152596 0.974023 0.167312
    outer loop
      vertex 7.36816 0.831347 41.7137
      vertex -10.1246 -2.54785 45.4319
      vertex 8.81598 -1.32997 55.6165
    endloop
  endfacet
  facet normal 0.961158 0.185669 -0.204209
    outer loop
      vertex 10.6527 -17.0522 40.9133
      vertex 7.34737 0.831347 41.6159
      vertex 10.6735 -17.0522 41.0112
    endloop
  endfacet
  facet normal 0.961136 0.185669 -0.204315
    outer loop
      vertex 10.6735 -17.0522 41.0112
      vertex 7.34737 0.831347 41.6159
      vertex 7.36816 0.831347 41.7137
    endloop
  endfacet
  facet normal 0.980169 0.184046 -0.0734588
    outer loop
      vertex 10.6735 -17.0522 41.0112
      vertex 7.36816 0.831347 41.7137
      vertex 11.4493 -15.5778 55.0568
    endloop
  endfacet
  facet normal -0.96114 -0.185667 0.204298
    outer loop
      vertex -6.27369 -18.9126 42.3132
      vertex -7.67735 -8.89947 44.8095
      vertex -9.10681 -3.58387 42.9153
    endloop
  endfacet
  facet normal -0.961141 -0.185666 0.204294
    outer loop
      vertex -7.67735 -8.89947 44.8095
      vertex -6.27369 -18.9126 42.3132
      vertex -5.82669 -18.9126 44.4162
    endloop
  endfacet
  facet normal 0.978149 0 -0.207904
    outer loop
      vertex 6.33398 -0.687416 41.8313
      vertex 5.88697 -0.687415 39.7282
      vertex 6.33398 -0.687415 41.8313
    endloop
  endfacet
  facet normal 0.961142 0.185668 -0.204289
    outer loop
      vertex 8.18464 -10.7005 41.4379
      vertex 5.88697 -0.687415 39.7282
      vertex 6.33398 -0.687416 41.8313
    endloop
  endfacet
  facet normal 0.961141 0.185667 -0.204295
    outer loop
      vertex 5.88697 -0.687415 39.7282
      vertex 8.18464 -10.7005 41.4379
      vertex 8.72009 -16.0161 39.1261
    endloop
  endfacet
  facet normal 0.96114 0.185668 -0.204298
    outer loop
      vertex 8.72009 -16.0161 39.1261
      vertex 8.18464 -10.7005 41.4379
      vertex 9.1671 -16.0161 41.2291
    endloop
  endfacet
  facet normal -0.181614 0.982612 0.0386017
    outer loop
      vertex -3.46035 -2.57945 43.9132
      vertex -9.10681 -3.58387 42.9153
      vertex -8.6598 -3.58387 45.0184
    endloop
  endfacet
  facet normal -0.961141 -0.18567 0.204289
    outer loop
      vertex -8.6598 -3.58387 45.0184
      vertex -9.10681 -3.58387 42.9153
      vertex -7.67735 -8.89947 44.8095
    endloop
  endfacet
  facet normal 0.181615 -0.982612 -0.038603
    outer loop
      vertex -6.27369 -18.9126 42.3132
      vertex 9.1671 -16.0161 41.2291
      vertex -5.82669 -18.9126 44.4162
    endloop
  endfacet
  facet normal 0.181615 -0.982612 -0.0386038
    outer loop
      vertex 9.1671 -16.0161 41.2291
      vertex -6.27369 -18.9126 42.3132
      vertex 8.72009 -16.0161 39.1261
    endloop
  endfacet
  facet normal -0.20791 -2.69492e-05 -0.978148
    outer loop
      vertex 8.72009 -16.0161 39.1261
      vertex -5.65007 -17.978 42.1806
      vertex 7.80589 -15.3786 39.3204
    endloop
  endfacet
  facet normal -0.207961 -1.2992e-05 -0.978137
    outer loop
      vertex -5.65007 -17.978 42.1806
      vertex -6.27369 -18.9126 42.3132
      vertex -6.24667 -14.75 42.3074
    endloop
  endfacet
  facet normal -0.207907 -5.09574e-05 -0.978149
    outer loop
      vertex -6.27369 -18.9126 42.3132
      vertex -5.65007 -17.978 42.1806
      vertex 8.72009 -16.0161 39.1261
    endloop
  endfacet
  facet normal -0.207888 6.54029e-06 -0.978153
    outer loop
      vertex 6.0408 -5.82848 39.6956
      vertex 8.72009 -16.0161 39.1261
      vertex 7.80589 -15.3786 39.3204
    endloop
  endfacet
  facet normal -0.207988 -2.09397e-05 -0.978131
    outer loop
      vertex 6.0408 -5.82848 39.6956
      vertex 5.88697 -0.687415 39.7282
      vertex 8.72009 -16.0161 39.1261
    endloop
  endfacet
  facet normal -0.207898 -1.8127e-05 -0.978151
    outer loop
      vertex -0.193398 -9.80006 41.0207
      vertex 5.88697 -0.687415 39.7282
      vertex 6.0408 -5.82848 39.6956
    endloop
  endfacet
  facet normal -0.207914 -4.28462e-06 -0.978147
    outer loop
      vertex -9.10681 -3.58387 42.9153
      vertex -0.193398 -9.80006 41.0207
      vertex -6.24667 -14.75 42.3074
    endloop
  endfacet
  facet normal -0.207915 -5.91546e-06 -0.978147
    outer loop
      vertex -0.193398 -9.80006 41.0207
      vertex -9.10681 -3.58387 42.9153
      vertex 5.88697 -0.687415 39.7282
    endloop
  endfacet
  facet normal -0.207947 -1.30891e-05 -0.97814
    outer loop
      vertex -9.10681 -3.58387 42.9153
      vertex -6.24667 -14.75 42.3074
      vertex -6.27369 -18.9126 42.3132
    endloop
  endfacet
  facet normal -0.181612 0.982612 0.0386014
    outer loop
      vertex 5.88697 -0.687415 39.7282
      vertex -3.46035 -2.57945 43.9132
      vertex 6.33398 -0.687415 41.8313
    endloop
  endfacet
  facet normal -0.181613 0.982612 0.0385991
    outer loop
      vertex -3.46035 -2.57945 43.9132
      vertex 5.88697 -0.687415 39.7282
      vertex -9.10681 -3.58387 42.9153
    endloop
  endfacet
  facet normal 0.207902 1.03278e-05 0.97815
    outer loop
      vertex 5.26335 -1.62204 39.8608
      vertex -0.193398 -9.80006 41.0207
      vertex 6.0408 -5.82848 39.6956
    endloop
  endfacet
  facet normal 0.181614 -0.982612 -0.0386029
    outer loop
      vertex -5.65007 -17.978 42.1806
      vertex -6.79357 -17.978 36.8008
      vertex 6.66238 -15.3786 33.9406
    endloop
  endfacet
  facet normal 0.96114 0.185667 -0.204296
    outer loop
      vertex 6.66238 -15.3786 33.9406
      vertex 4.11984 -1.62204 34.481
      vertex 5.26335 -1.62204 39.8608
    endloop
  endfacet
  facet normal 0.207915 1.80993e-06 0.978147
    outer loop
      vertex -8.19261 -4.22142 42.721
      vertex -0.193398 -9.80006 41.0207
      vertex 5.26335 -1.62204 39.8608
    endloop
  endfacet
  facet normal 0.207915 2.76918e-06 0.978147
    outer loop
      vertex -0.193398 -9.80006 41.0207
      vertex -8.19261 -4.22142 42.721
      vertex -6.24667 -14.75 42.3074
    endloop
  endfacet
  facet normal 0.96114 0.185668 -0.204296
    outer loop
      vertex 6.66238 -15.3786 33.9406
      vertex 6.0408 -5.82848 39.6956
      vertex 7.80589 -15.3786 39.3204
    endloop
  endfacet
  facet normal 0.961142 0.185665 -0.204291
    outer loop
      vertex 6.0408 -5.82848 39.6956
      vertex 6.66238 -15.3786 33.9406
      vertex 5.26335 -1.62204 39.8608
    endloop
  endfacet
  facet normal 0.181614 -0.982612 -0.0386032
    outer loop
      vertex 7.80589 -15.3786 39.3204
      vertex -5.65007 -17.978 42.1806
      vertex 6.66238 -15.3786 33.9406
    endloop
  endfacet
  facet normal -0.207906 9.34355e-06 -0.978149
    outer loop
      vertex 0.469336 -8.80061 35.257
      vertex 6.66238 -15.3786 33.9406
      vertex 0.948634 -11.3939 35.1551
    endloop
  endfacet
  facet normal -0.207915 -3.1199e-06 -0.978147
    outer loop
      vertex 6.66238 -15.3786 33.9406
      vertex -2.89592 -12.1366 35.9723
      vertex 0.948634 -11.3939 35.1551
    endloop
  endfacet
  facet normal -0.207915 -2.80065e-06 -0.978147
    outer loop
      vertex -2.89592 -12.1366 35.9723
      vertex 6.66238 -15.3786 33.9406
      vertex -6.79357 -17.978 36.8008
    endloop
  endfacet
  facet normal -0.20792 -3.98112e-06 -0.978146
    outer loop
      vertex 6.66238 -15.3786 33.9406
      vertex 0.469336 -8.80061 35.257
      vertex 4.11984 -1.62204 34.481
    endloop
  endfacet
  facet normal -0.207892 -1.88553e-05 -0.978152
    outer loop
      vertex 4.11984 -1.62204 34.481
      vertex 0.469336 -8.80061 35.257
      vertex -1.33686 -9.8 35.6409
    endloop
  endfacet
  facet normal -0.961141 -0.185667 0.204295
    outer loop
      vertex -5.65007 -17.978 42.1806
      vertex -9.33611 -4.22142 37.3412
      vertex -6.79357 -17.978 36.8008
    endloop
  endfacet
  facet normal -0.207914 -2.94332e-06 -0.978147
    outer loop
      vertex -2.89592 -12.1366 35.9723
      vertex -6.79357 -17.978 36.8008
      vertex -2.99143 -11.6198 35.9926
    endloop
  endfacet
  facet normal -0.207914 -2.91357e-06 -0.978147
    outer loop
      vertex -9.33611 -4.22142 37.3412
      vertex -1.33686 -9.8 35.6409
      vertex -2.99143 -11.6198 35.9926
    endloop
  endfacet
  facet normal -0.207915 -3.09251e-06 -0.978147
    outer loop
      vertex -1.33686 -9.8 35.6409
      vertex -9.33611 -4.22142 37.3412
      vertex 4.11984 -1.62204 34.481
    endloop
  endfacet
  facet normal -0.207914 -2.91959e-06 -0.978147
    outer loop
      vertex -9.33611 -4.22142 37.3412
      vertex -2.99143 -11.6198 35.9926
      vertex -6.79357 -17.978 36.8008
    endloop
  endfacet
  facet normal -0.961141 -0.185668 0.204295
    outer loop
      vertex -9.33611 -4.22142 37.3412
      vertex -6.24667 -14.75 42.3074
      vertex -8.19261 -4.22142 42.721
    endloop
  endfacet
  facet normal -0.96114 -0.185663 0.204303
    outer loop
      vertex -6.24667 -14.75 42.3074
      vertex -9.33611 -4.22142 37.3412
      vertex -5.65007 -17.978 42.1806
    endloop
  endfacet
  facet normal -0.181613 0.982612 0.0386025
    outer loop
      vertex 5.26335 -1.62204 39.8608
      vertex -9.33611 -4.22142 37.3412
      vertex -8.19261 -4.22142 42.721
    endloop
  endfacet
  facet normal -0.181613 0.982612 0.0386029
    outer loop
      vertex -9.33611 -4.22142 37.3412
      vertex 5.26335 -1.62204 39.8608
      vertex 4.11984 -1.62204 34.481
    endloop
  endfacet
  facet normal 0.207892 1.91575e-05 0.978152
    outer loop
      vertex 0.222195 -7.46344 35.3095
      vertex -1.33686 -9.8 35.6409
      vertex 0.469336 -8.80061 35.257
    endloop
  endfacet
  facet normal 0.961141 0.185666 -0.204294
    outer loop
      vertex -0.463907 -7.46344 32.0816
      vertex 0.948634 -11.3939 35.1551
      vertex 0.262531 -11.3939 31.9272
    endloop
  endfacet
  facet normal 0.207915 3.22263e-06 0.978147
    outer loop
      vertex -3.62236 -8.20612 36.1267
      vertex -1.33686 -9.8 35.6409
      vertex 0.222195 -7.46344 35.3095
    endloop
  endfacet
  facet normal 0.207914 2.91357e-06 0.978147
    outer loop
      vertex -1.33686 -9.8 35.6409
      vertex -3.62236 -8.20612 36.1267
      vertex -2.99143 -11.6198 35.9926
    endloop
  endfacet
  facet normal -0.207914 -2.78789e-06 -0.978147
    outer loop
      vertex 0.262531 -11.3939 31.9272
      vertex -4.30847 -8.20612 32.8988
      vertex -0.463907 -7.46344 32.0816
    endloop
  endfacet
  facet normal -0.96114 -0.185667 0.204296
    outer loop
      vertex -4.30847 -8.20612 32.8988
      vertex -2.99143 -11.6198 35.9926
      vertex -3.62236 -8.20612 36.1267
    endloop
  endfacet
  facet normal -0.96114 -0.185665 0.204298
    outer loop
      vertex -3.58203 -12.1366 32.7444
      vertex -2.99143 -11.6198 35.9926
      vertex -4.30847 -8.20612 32.8988
    endloop
  endfacet
  facet normal -0.961143 -0.185654 0.204297
    outer loop
      vertex -2.99143 -11.6198 35.9926
      vertex -3.58203 -12.1366 32.7444
      vertex -2.89592 -12.1366 35.9723
    endloop
  endfacet
  facet normal -0.181613 0.982612 0.0386029
    outer loop
      vertex 0.222195 -7.46344 35.3095
      vertex -4.30847 -8.20612 32.8988
      vertex -3.62236 -8.20612 36.1267
    endloop
  endfacet
  facet normal -0.207914 -2.90932e-06 -0.978147
    outer loop
      vertex -3.58203 -12.1366 32.7444
      vertex -4.30847 -8.20612 32.8988
      vertex 0.262531 -11.3939 31.9272
    endloop
  endfacet
  facet normal 0.181617 -0.982611 -0.0386039
    outer loop
      vertex -3.58203 -12.1366 32.7444
      vertex 0.948634 -11.3939 35.1551
      vertex -2.89592 -12.1366 35.9723
    endloop
  endfacet
  facet normal 0.181617 -0.982611 -0.0386035
    outer loop
      vertex 0.948634 -11.3939 35.1551
      vertex -3.58203 -12.1366 32.7444
      vertex 0.262531 -11.3939 31.9272
    endloop
  endfacet
  facet normal -0.181612 0.982612 0.0386024
    outer loop
      vertex -0.463907 -7.46344 32.0816
      vertex -4.30847 -8.20612 32.8988
      vertex 0.222195 -7.46344 35.3095
    endloop
  endfacet
  facet normal 0.961142 0.185663 -0.204294
    outer loop
      vertex 0.469336 -8.80061 35.257
      vertex -0.463907 -7.46344 32.0816
      vertex 0.222195 -7.46344 35.3095
    endloop
  endfacet
  facet normal 0.961141 0.185668 -0.204292
    outer loop
      vertex -0.463907 -7.46344 32.0816
      vertex 0.469336 -8.80061 35.257
      vertex 0.948634 -11.3939 35.1551
    endloop
  endfacet
  facet normal -0.9366 -0.13431 0.323638
    outer loop
      vertex 1.31542 -32.3708 63.0939
      vertex -6.20937 -23.118 45.1573
      vertex -1.70523 -39.633 51.3384
    endloop
  endfacet
  facet normal -0.24749 0.907397 -0.339674
    outer loop
      vertex 11.2834 -19.7388 41.439
      vertex -6.2216 -23.1557 45.0655
      vertex -6.20937 -23.118 45.1573
    endloop
  endfacet
  facet normal -0.9366 -0.13431 0.323639
    outer loop
      vertex -2.27304 -19.2132 58.1694
      vertex -6.20937 -23.118 45.1573
      vertex 1.31542 -32.3708 63.0939
    endloop
  endfacet
  facet normal 0.968877 0.233779 -0.0813862
    outer loop
      vertex 15.7875 -36.2538 47.6201
      vertex 11.2834 -19.7388 41.439
      vertex 11.6635 -16.521 55.207
    endloop
  endfacet
  facet normal 0.122332 0.376984 0.918106
    outer loop
      vertex 11.6635 -16.521 55.207
      vertex -2.27304 -19.2132 58.1694
      vertex 15.252 -29.6786 60.1315
    endloop
  endfacet
  facet normal 0.122332 0.376983 0.918106
    outer loop
      vertex 15.252 -29.6786 60.1315
      vertex -2.27304 -19.2132 58.1694
      vertex 1.31542 -32.3708 63.0939
    endloop
  endfacet
  facet normal 0.247499 -0.907369 0.339742
    outer loop
      vertex 15.7875 -36.2538 47.6201
      vertex -1.71747 -39.6707 51.2466
      vertex 15.7753 -36.2915 47.5283
    endloop
  endfacet
  facet normal -0.24747 0.907463 -0.339515
    outer loop
      vertex 11.2711 -19.7765 41.3472
      vertex -6.2216 -23.1557 45.0655
      vertex 11.2834 -19.7388 41.439
    endloop
  endfacet
  facet normal 0.968877 0.233781 -0.0813918
    outer loop
      vertex 15.7875 -36.2538 47.6201
      vertex 11.6635 -16.521 55.207
      vertex 15.252 -29.6786 60.1315
    endloop
  endfacet
  facet normal 0.261457 -0.849757 0.457769
    outer loop
      vertex 15.252 -29.6786 60.1315
      vertex 1.31542 -32.3708 63.0939
      vertex 15.7875 -36.2538 47.6201
    endloop
  endfacet
  facet normal -0.96114 -0.185669 0.204297
    outer loop
      vertex -6.20937 -23.118 45.1573
      vertex -6.2216 -23.1557 45.0655
      vertex -1.71747 -39.6707 51.2466
    endloop
  endfacet
  facet normal -0.961128 -0.185633 0.204385
    outer loop
      vertex -1.70523 -39.633 51.3384
      vertex -6.20937 -23.118 45.1573
      vertex -1.71747 -39.6707 51.2466
    endloop
  endfacet
  facet normal 0.247488 -0.907407 0.339651
    outer loop
      vertex -1.70523 -39.633 51.3384
      vertex -1.71747 -39.6707 51.2466
      vertex 15.7875 -36.2538 47.6201
    endloop
  endfacet
  facet normal 0.261459 -0.849756 0.457771
    outer loop
      vertex 1.31542 -32.3708 63.0939
      vertex -1.70523 -39.633 51.3384
      vertex 15.7875 -36.2538 47.6201
    endloop
  endfacet
  facet normal 0.961058 0.185414 -0.204914
    outer loop
      vertex 15.7875 -36.2538 47.6201
      vertex 11.2711 -19.7765 41.3472
      vertex 11.2834 -19.7388 41.439
    endloop
  endfacet
  facet normal 0.961174 0.185781 -0.204033
    outer loop
      vertex 11.2711 -19.7765 41.3472
      vertex 15.7875 -36.2538 47.6201
      vertex 15.7753 -36.2915 47.5283
    endloop
  endfacet
  facet normal -0.122333 -0.376964 -0.918114
    outer loop
      vertex 15.7753 -36.2915 47.5283
      vertex 4.40975 -37.2453 49.4343
      vertex 14.2041 -35.3532 47.3524
    endloop
  endfacet
  facet normal -0.122329 -0.376987 -0.918105
    outer loop
      vertex -1.71747 -39.6707 51.2466
      vertex 4.40975 -37.2453 49.4343
      vertex 15.7753 -36.2915 47.5283
    endloop
  endfacet
  facet normal -0.122329 -0.376988 -0.918104
    outer loop
      vertex 4.40975 -37.2453 49.4343
      vertex -1.71747 -39.6707 51.2466
      vertex -0.789708 -38.2497 50.5395
    endloop
  endfacet
  facet normal -0.122329 -0.376988 -0.918104
    outer loop
      vertex -1.71747 -39.6707 51.2466
      vertex -3.31161 -29.0028 47.0786
      vertex -0.789708 -38.2497 50.5395
    endloop
  endfacet
  facet normal -0.122364 -0.376991 -0.918099
    outer loop
      vertex -6.2216 -23.1557 45.0655
      vertex -3.31161 -29.0028 47.0786
      vertex -1.71747 -39.6707 51.2466
    endloop
  endfacet
  facet normal -0.122312 -0.37697 -0.918114
    outer loop
      vertex -3.31161 -29.0028 47.0786
      vertex -6.2216 -23.1557 45.0655
      vertex -4.6504 -24.0939 45.2414
    endloop
  endfacet
  facet normal -0.122345 -0.376984 -0.918104
    outer loop
      vertex 12.8653 -30.4444 45.5152
      vertex 15.7753 -36.2915 47.5283
      vertex 14.2041 -35.3532 47.3524
    endloop
  endfacet
  facet normal -0.122366 -0.376992 -0.918098
    outer loop
      vertex 12.8653 -30.4444 45.5152
      vertex 11.2711 -19.7765 41.3472
      vertex 15.7753 -36.2915 47.5283
    endloop
  endfacet
  facet normal -0.122334 -0.376989 -0.918103
    outer loop
      vertex 10.3434 -21.1975 42.0543
      vertex 11.2711 -19.7765 41.3472
      vertex 12.8653 -30.4444 45.5152
    endloop
  endfacet
  facet normal -0.122327 -0.376993 -0.918102
    outer loop
      vertex 5.14393 -22.2019 43.1595
      vertex 11.2711 -19.7765 41.3472
      vertex 10.3434 -21.1975 42.0543
    endloop
  endfacet
  facet normal -0.122328 -0.376994 -0.918102
    outer loop
      vertex -6.2216 -23.1557 45.0655
      vertex 5.14393 -22.2019 43.1595
      vertex -4.6504 -24.0939 45.2414
    endloop
  endfacet
  facet normal -0.122329 -0.376989 -0.918104
    outer loop
      vertex 5.14393 -22.2019 43.1595
      vertex -6.2216 -23.1557 45.0655
      vertex 11.2711 -19.7765 41.3472
    endloop
  endfacet
  facet normal -0.22918 0.949224 -0.215523
    outer loop
      vertex 11.2834 -19.7388 41.439
      vertex -6.20937 -23.118 45.1573
      vertex -2.27304 -19.2132 58.1694
    endloop
  endfacet
  facet normal -0.229179 0.949225 -0.215522
    outer loop
      vertex 11.2834 -19.7388 41.439
      vertex -2.27304 -19.2132 58.1694
      vertex 11.6635 -16.521 55.207
    endloop
  endfacet
  facet normal -0.961139 -0.185667 0.204302
    outer loop
      vertex -4.6504 -24.0939 45.2414
      vertex -4.91341 -24.9044 43.2675
      vertex -3.31161 -29.0028 47.0786
    endloop
  endfacet
  facet normal 0.96114 0.185667 -0.204298
    outer loop
      vertex 12.8653 -30.4444 45.5152
      vertex 10.0804 -22.008 40.0804
      vertex 10.3434 -21.1975 42.0543
    endloop
  endfacet
  facet normal 0.961141 0.185673 -0.204288
    outer loop
      vertex 10.0804 -22.008 40.0804
      vertex 12.8653 -30.4444 45.5152
      vertex 13.9411 -36.1637 45.3785
    endloop
  endfacet
  facet normal 0.961138 0.185673 -0.2043
    outer loop
      vertex 13.9411 -36.1637 45.3785
      vertex 12.8653 -30.4444 45.5152
      vertex 14.2041 -35.3532 47.3524
    endloop
  endfacet
  facet normal -0.247479 0.907421 -0.33962
    outer loop
      vertex 5.14393 -22.2019 43.1595
      vertex -4.91341 -24.9044 43.2675
      vertex -4.6504 -24.0939 45.2414
    endloop
  endfacet
  facet normal -0.247479 0.907421 -0.33962
    outer loop
      vertex -4.91341 -24.9044 43.2675
      vertex 5.14393 -22.2019 43.1595
      vertex 10.0804 -22.008 40.0804
    endloop
  endfacet
  facet normal -0.247479 0.90742 -0.339621
    outer loop
      vertex 10.0804 -22.008 40.0804
      vertex 5.14393 -22.2019 43.1595
      vertex 10.3434 -21.1975 42.0543
    endloop
  endfacet
  facet normal 0.24748 -0.907429 0.339598
    outer loop
      vertex 13.9411 -36.1637 45.3785
      vertex 4.40975 -37.2453 49.4343
      vertex -1.05272 -39.0602 48.5655
    endloop
  endfacet
  facet normal 0.247488 -0.907419 0.339619
    outer loop
      vertex 4.40975 -37.2453 49.4343
      vertex 13.9411 -36.1637 45.3785
      vertex 14.2041 -35.3532 47.3524
    endloop
  endfacet
  facet normal 0.247478 -0.907427 0.339605
    outer loop
      vertex -0.789708 -38.2497 50.5395
      vertex -1.05272 -39.0602 48.5655
      vertex 4.40975 -37.2453 49.4343
    endloop
  endfacet
  facet normal -0.122312 -0.377022 -0.918093
    outer loop
      vertex -1.05272 -39.0602 48.5655
      vertex 12.9742 -35.5863 45.2702
      vertex 13.9411 -36.1637 45.3785
    endloop
  endfacet
  facet normal -0.122235 -0.376997 -0.918113
    outer loop
      vertex -0.48179 -38.1857 48.1304
      vertex -1.05272 -39.0602 48.5655
      vertex -0.58095 -37.8221 47.9943
    endloop
  endfacet
  facet normal -0.122341 -0.376933 -0.918125
    outer loop
      vertex 12.9742 -35.5863 45.2702
      vertex -1.05272 -39.0602 48.5655
      vertex -0.48179 -38.1857 48.1304
    endloop
  endfacet
  facet normal -0.12228 -0.376973 -0.918117
    outer loop
      vertex 9.60861 -23.246 40.6516
      vertex 13.9411 -36.1637 45.3785
      vertex 12.9742 -35.5863 45.2702
    endloop
  endfacet
  facet normal -0.12233 -0.376985 -0.918105
    outer loop
      vertex 13.9411 -36.1637 45.3785
      vertex 9.60861 -23.246 40.6516
      vertex 10.0804 -22.008 40.0804
    endloop
  endfacet
  facet normal -0.122331 -0.376979 -0.918108
    outer loop
      vertex -4.91341 -24.9044 43.2675
      vertex 9.60861 -23.246 40.6516
      vertex -0.58095 -37.8221 47.9943
    endloop
  endfacet
  facet normal -0.12233 -0.376985 -0.918105
    outer loop
      vertex 9.60861 -23.246 40.6516
      vertex -4.91341 -24.9044 43.2675
      vertex 10.0804 -22.008 40.0804
    endloop
  endfacet
  facet normal -0.122301 -0.376972 -0.918115
    outer loop
      vertex -4.91341 -24.9044 43.2675
      vertex -0.58095 -37.8221 47.9943
      vertex -1.05272 -39.0602 48.5655
    endloop
  endfacet
  facet normal -0.961139 -0.185667 0.204301
    outer loop
      vertex -1.05272 -39.0602 48.5655
      vertex -3.31161 -29.0028 47.0786
      vertex -4.91341 -24.9044 43.2675
    endloop
  endfacet
  facet normal -0.961141 -0.185669 0.204294
    outer loop
      vertex -3.31161 -29.0028 47.0786
      vertex -1.05272 -39.0602 48.5655
      vertex -0.789708 -38.2497 50.5395
    endloop
  endfacet
  facet normal 0.122299 0.377099 0.918063
    outer loop
      vertex -3.94651 -25.4818 43.3757
      vertex 9.60861 -23.246 40.6516
      vertex 9.50945 -22.8825 40.5155
    endloop
  endfacet
  facet normal 0.122327 0.376982 0.918107
    outer loop
      vertex 9.60861 -23.246 40.6516
      vertex -3.94651 -25.4818 43.3757
      vertex -0.58095 -37.8221 47.9943
    endloop
  endfacet
  facet normal 0.961139 0.18567 -0.204298
    outer loop
      vertex 12.3014 -37.6597 40.2206
      vertex 9.60861 -23.246 40.6516
      vertex 12.9742 -35.5863 45.2702
    endloop
  endfacet
  facet normal 0.961125 0.18567 -0.204366
    outer loop
      vertex 9.60861 -23.246 40.6516
      vertex 12.3014 -37.6597 40.2206
      vertex 9.50945 -22.8825 40.5155
    endloop
  endfacet
  facet normal 0.961139 0.185671 -0.204298
    outer loop
      vertex 12.3014 -37.6597 40.2206
      vertex 8.83663 -24.9558 35.4659
      vertex 9.50945 -22.8825 40.5155
    endloop
  endfacet
  facet normal -0.96114 -0.185667 0.204299
    outer loop
      vertex -0.48179 -38.1857 48.1304
      vertex -4.61932 -27.5552 38.3261
      vertex -1.1546 -40.2591 43.0808
    endloop
  endfacet
  facet normal -0.122329 -0.37699 -0.918104
    outer loop
      vertex 5.75204 -32.1949 38.8493
      vertex 12.3014 -37.6597 40.2206
      vertex 6.25825 -34.051 39.544
    endloop
  endfacet
  facet normal -0.122327 -0.376986 -0.918106
    outer loop
      vertex -1.1546 -40.2591 43.0808
      vertex 6.25825 -34.051 39.544
      vertex 12.3014 -37.6597 40.2206
    endloop
  endfacet
  facet normal -0.122359 -0.376967 -0.918109
    outer loop
      vertex 2.41369 -34.7937 40.3612
      vertex -1.1546 -40.2591 43.0808
      vertex 2.11593 -33.7019 39.9526
    endloop
  endfacet
  facet normal -0.122325 -0.376987 -0.918105
    outer loop
      vertex 6.25825 -34.051 39.544
      vertex -1.1546 -40.2591 43.0808
      vertex 2.41369 -34.7937 40.3612
    endloop
  endfacet
  facet normal -0.122322 -0.376982 -0.918108
    outer loop
      vertex 12.3014 -37.6597 40.2206
      vertex 5.75204 -32.1949 38.8493
      vertex 8.83663 -24.9558 35.4659
    endloop
  endfacet
  facet normal -0.122334 -0.37699 -0.918103
    outer loop
      vertex -4.61932 -27.5552 38.3261
      vertex 5.75204 -32.1949 38.8493
      vertex 2.11593 -33.7019 39.9526
    endloop
  endfacet
  facet normal -0.122329 -0.376979 -0.918108
    outer loop
      vertex 5.75204 -32.1949 38.8493
      vertex -4.61932 -27.5552 38.3261
      vertex 8.83663 -24.9558 35.4659
    endloop
  endfacet
  facet normal -0.122326 -0.376983 -0.918107
    outer loop
      vertex -4.61932 -27.5552 38.3261
      vertex 2.11593 -33.7019 39.9526
      vertex -1.1546 -40.2591 43.0808
    endloop
  endfacet
  facet normal -0.96114 -0.185668 0.204299
    outer loop
      vertex -4.61932 -27.5552 38.3261
      vertex -0.58095 -37.8221 47.9943
      vertex -3.94651 -25.4818 43.3757
    endloop
  endfacet
  facet normal -0.961139 -0.185634 0.204334
    outer loop
      vertex -0.58095 -37.8221 47.9943
      vertex -4.61932 -27.5552 38.3261
      vertex -0.48179 -38.1857 48.1304
    endloop
  endfacet
  facet normal -0.247477 0.907421 -0.33962
    outer loop
      vertex 9.50945 -22.8825 40.5155
      vertex -4.61932 -27.5552 38.3261
      vertex -3.94651 -25.4818 43.3757
    endloop
  endfacet
  facet normal -0.247481 0.907427 -0.339603
    outer loop
      vertex -4.61932 -27.5552 38.3261
      vertex 9.50945 -22.8825 40.5155
      vertex 8.83663 -24.9558 35.4659
    endloop
  endfacet
  facet normal 0.247483 -0.90742 0.339618
    outer loop
      vertex -1.1546 -40.2591 43.0808
      vertex 12.9742 -35.5863 45.2702
      vertex -0.48179 -38.1857 48.1304
    endloop
  endfacet
  facet normal 0.247483 -0.90742 0.339619
    outer loop
      vertex 12.9742 -35.5863 45.2702
      vertex -1.1546 -40.2591 43.0808
      vertex 12.3014 -37.6597 40.2206
    endloop
  endfacet
  facet normal -0.247486 0.907421 -0.339614
    outer loop
      vertex 4.86465 -31.6653 35.1558
      vertex 1.42377 -31.164 39.0027
      vertex 5.26833 -30.4213 38.1855
    endloop
  endfacet
  facet normal 0.247485 -0.907425 0.339604
    outer loop
      vertex 2.41369 -34.7937 40.3612
      vertex 2.01001 -36.0377 37.3314
      vertex 6.25825 -34.051 39.544
    endloop
  endfacet
  facet normal -0.122332 -0.376964 -0.918114
    outer loop
      vertex 5.85457 -35.295 36.5142
      vertex 2.01001 -36.0377 37.3314
      vertex 4.86465 -31.6653 35.1558
    endloop
  endfacet
  facet normal 0.247485 -0.907425 0.339604
    outer loop
      vertex 5.85457 -35.295 36.5142
      vertex 6.25825 -34.051 39.544
      vertex 2.01001 -36.0377 37.3314
    endloop
  endfacet
  facet normal 0.122327 0.37698 0.918108
    outer loop
      vertex 1.42377 -31.164 39.0027
      vertex 5.75204 -32.1949 38.8493
      vertex 5.26833 -30.4213 38.1855
    endloop
  endfacet
  facet normal 0.122331 0.376995 0.918101
    outer loop
      vertex 5.75204 -32.1949 38.8493
      vertex 1.42377 -31.164 39.0027
      vertex 2.11593 -33.7019 39.9526
    endloop
  endfacet
  facet normal -0.122332 -0.376964 -0.918114
    outer loop
      vertex 2.01001 -36.0377 37.3314
      vertex 1.02009 -32.408 35.973
      vertex 4.86465 -31.6653 35.1558
    endloop
  endfacet
  facet normal -0.96114 -0.185673 0.204294
    outer loop
      vertex 2.41369 -34.7937 40.3612
      vertex 1.02009 -32.408 35.973
      vertex 2.01001 -36.0377 37.3314
    endloop
  endfacet
  facet normal 0.96114 0.185667 -0.204298
    outer loop
      vertex 5.75204 -32.1949 38.8493
      vertex 4.86465 -31.6653 35.1558
      vertex 5.26833 -30.4213 38.1855
    endloop
  endfacet
  facet normal 0.961141 0.185668 -0.204292
    outer loop
      vertex 5.85457 -35.295 36.5142
      vertex 5.75204 -32.1949 38.8493
      vertex 6.25825 -34.051 39.544
    endloop
  endfacet
  facet normal 0.961139 0.185672 -0.204298
    outer loop
      vertex 5.75204 -32.1949 38.8493
      vertex 5.85457 -35.295 36.5142
      vertex 4.86465 -31.6653 35.1558
    endloop
  endfacet
  facet normal -0.247486 0.907421 -0.339614
    outer loop
      vertex 4.86465 -31.6653 35.1558
      vertex 1.02009 -32.408 35.973
      vertex 1.42377 -31.164 39.0027
    endloop
  endfacet
  facet normal -0.96114 -0.185665 0.204298
    outer loop
      vertex 1.02009 -32.408 35.973
      vertex 2.11593 -33.7019 39.9526
      vertex 1.42377 -31.164 39.0027
    endloop
  endfacet
  facet normal -0.96114 -0.185669 0.204297
    outer loop
      vertex 2.11593 -33.7019 39.9526
      vertex 1.02009 -32.408 35.973
      vertex 2.41369 -34.7937 40.3612
    endloop
  endfacet
  facet normal 0.195059 -0.706862 0.679925
    outer loop
      vertex 18.7404 27.7592 71.4634
      vertex 17.3023 17.5526 61.265
      vertex 32.8889 28.7707 68.456
    endloop
  endfacet
  facet normal -0.195055 0.706877 -0.679911
    outer loop
      vertex 14.3879 38.8285 63.6294
      vertex 25.4708 38.715 60.3319
      vertex 15.5274 38.0041 62.4454
    endloop
  endfacet
  facet normal -0.195065 0.706841 -0.679945
    outer loop
      vertex 32.1467 40.0981 59.8545
      vertex 25.4708 38.715 60.3319
      vertex 14.3879 38.8285 63.6294
    endloop
  endfacet
  facet normal -0.195072 0.70689 -0.679892
    outer loop
      vertex 25.4708 38.715 60.3319
      vertex 32.1467 40.0981 59.8545
      vertex 30.7493 39.0924 59.2098
    endloop
  endfacet
  facet normal -0.195093 0.706864 -0.679914
    outer loop
      vertex 12.5828 26.0175 50.8286
      vertex 15.5274 38.0041 62.4454
      vertex 13.9802 27.0233 51.4733
    endloop
  endfacet
  facet normal -0.195073 0.706864 -0.679919
    outer loop
      vertex 15.5274 38.0041 62.4454
      vertex 12.5828 26.0175 50.8286
      vertex 14.3879 38.8285 63.6294
    endloop
  endfacet
  facet normal 0.992969 -0.0241053 -0.115892
    outer loop
      vertex 32.8889 28.7707 68.456
      vertex 30.3612 27.2165 47.1218
      vertex 32.1662 40.0274 59.9225
    endloop
  endfacet
  facet normal -0.9415 -0.162406 0.2953
    outer loop
      vertex 18.7404 27.7592 71.4634
      vertex 12.6023 25.9468 50.8966
      vertex 17.3023 17.5526 61.265
    endloop
  endfacet
  facet normal -0.0991879 -0.703868 -0.703372
    outer loop
      vertex 12.6023 25.9468 50.8966
      vertex 12.5828 26.0175 50.8286
      vertex 30.3416 27.2871 47.0538
    endloop
  endfacet
  facet normal 0.195063 -0.706865 0.679921
    outer loop
      vertex 32.8889 28.7707 68.456
      vertex 17.3023 17.5526 61.265
      vertex 31.4508 18.5641 58.2575
    endloop
  endfacet
  facet normal 0.975781 0.0697018 -0.20735
    outer loop
      vertex 32.1662 40.0274 59.9225
      vertex 30.3612 27.2165 47.1218
      vertex 32.1467 40.0981 59.8545
    endloop
  endfacet
  facet normal -0.97578 -0.0696985 0.207353
    outer loop
      vertex 14.4074 38.7578 63.6974
      vertex 12.5828 26.0175 50.8286
      vertex 12.6023 25.9468 50.8966
    endloop
  endfacet
  facet normal -0.19503 0.70686 -0.679936
    outer loop
      vertex 32.1467 40.0981 59.8545
      vertex 30.2128 35.2845 55.405
      vertex 30.7493 39.0924 59.2098
    endloop
  endfacet
  facet normal -0.195061 0.706862 -0.679924
    outer loop
      vertex 30.3416 27.2871 47.0538
      vertex 30.2128 35.2845 55.405
      vertex 32.1467 40.0981 59.8545
    endloop
  endfacet
  facet normal -0.195021 0.706868 -0.679929
    outer loop
      vertex 30.2128 35.2845 55.405
      vertex 30.3416 27.2871 47.0538
      vertex 29.2021 28.1115 48.2377
    endloop
  endfacet
  facet normal -0.195056 0.706837 -0.679952
    outer loop
      vertex 23.9235 27.7341 49.3598
      vertex 12.5828 26.0175 50.8286
      vertex 13.9802 27.0233 51.4733
    endloop
  endfacet
  facet normal -0.195077 0.706828 -0.679955
    outer loop
      vertex 30.3416 27.2871 47.0538
      vertex 23.9235 27.7341 49.3598
      vertex 29.2021 28.1115 48.2377
    endloop
  endfacet
  facet normal -0.195057 0.706879 -0.679908
    outer loop
      vertex 23.9235 27.7341 49.3598
      vertex 30.3416 27.2871 47.0538
      vertex 12.5828 26.0175 50.8286
    endloop
  endfacet
  facet normal 0.975575 0.070437 -0.208065
    outer loop
      vertex 30.3612 27.2165 47.1218
      vertex 30.3416 27.2871 47.0538
      vertex 32.1467 40.0981 59.8545
    endloop
  endfacet
  facet normal 0.992969 -0.0241086 -0.115892
    outer loop
      vertex 31.4508 18.5641 58.2575
      vertex 30.3612 27.2165 47.1218
      vertex 32.8889 28.7707 68.456
    endloop
  endfacet
  facet normal -0.0725845 -0.790997 -0.6075
    outer loop
      vertex 31.4508 18.5641 58.2575
      vertex 17.3023 17.5526 61.265
      vertex 30.3612 27.2165 47.1218
    endloop
  endfacet
  facet normal -0.0990268 -0.704435 -0.702826
    outer loop
      vertex 30.3612 27.2165 47.1218
      vertex 12.6023 25.9468 50.8966
      vertex 30.3416 27.2871 47.0538
    endloop
  endfacet
  facet normal -0.0725738 -0.791002 -0.607493
    outer loop
      vertex 17.3023 17.5526 61.265
      vertex 12.6023 25.9468 50.8966
      vertex 30.3612 27.2165 47.1218
    endloop
  endfacet
  facet normal -0.97578 -0.0696985 0.207353
    outer loop
      vertex 14.3879 38.8285 63.6294
      vertex 12.5828 26.0175 50.8286
      vertex 14.4074 38.7578 63.6974
    endloop
  endfacet
  facet normal 0.0991916 0.703868 0.703371
    outer loop
      vertex 32.1467 40.0981 59.8545
      vertex 14.4074 38.7578 63.6974
      vertex 32.1662 40.0274 59.9225
    endloop
  endfacet
  facet normal 0.0991916 0.703868 0.703371
    outer loop
      vertex 14.4074 38.7578 63.6974
      vertex 32.1467 40.0981 59.8545
      vertex 14.3879 38.8285 63.6294
    endloop
  endfacet
  facet normal 0.12405 0.604493 0.786892
    outer loop
      vertex 32.1662 40.0274 59.9225
      vertex 14.4074 38.7578 63.6974
      vertex 32.8889 28.7707 68.456
    endloop
  endfacet
  facet normal -0.9415 -0.162405 0.295299
    outer loop
      vertex 14.4074 38.7578 63.6974
      vertex 12.6023 25.9468 50.8966
      vertex 18.7404 27.7592 71.4634
    endloop
  endfacet
  facet normal 0.124046 0.604489 0.786896
    outer loop
      vertex 32.8889 28.7707 68.456
      vertex 14.4074 38.7578 63.6974
      vertex 18.7404 27.7592 71.4634
    endloop
  endfacet
  facet normal 0.0991777 0.703881 0.703361
    outer loop
      vertex 25.4708 38.715 60.3319
      vertex 15.1081 39.5239 60.9836
      vertex 15.5274 38.0041 62.4454
    endloop
  endfacet
  facet normal 0.0991783 0.703917 0.703324
    outer loop
      vertex 15.1081 39.5239 60.9836
      vertex 25.4708 38.715 60.3319
      vertex 30.3299 40.6121 57.748
    endloop
  endfacet
  facet normal -0.099179 -0.703904 -0.703337
    outer loop
      vertex 13.5609 28.543 50.0115
      vertex 23.9235 27.7341 49.3598
      vertex 13.9802 27.0233 51.4733
    endloop
  endfacet
  facet normal -0.0991789 -0.703898 -0.703342
    outer loop
      vertex 23.9235 27.7341 49.3598
      vertex 13.5609 28.543 50.0115
      vertex 28.7827 29.6313 46.7759
    endloop
  endfacet
  facet normal -0.195057 0.706885 -0.679902
    outer loop
      vertex 30.3299 40.6121 57.748
      vertex 15.8093 39.0166 60.255
      vertex 15.1081 39.5239 60.9836
    endloop
  endfacet
  facet normal -0.19506 0.706844 -0.679944
    outer loop
      vertex 30.3299 40.6121 57.748
      vertex 29.47 39.9932 57.3513
      vertex 15.8093 39.0166 60.255
    endloop
  endfacet
  facet normal -0.195085 0.706862 -0.679917
    outer loop
      vertex 30.3299 40.6121 57.748
      vertex 29.0105 36.732 54.0927
      vertex 29.47 39.9932 57.3513
    endloop
  endfacet
  facet normal -0.195055 0.706869 -0.679919
    outer loop
      vertex 29.0105 36.732 54.0927
      vertex 28.7827 29.6313 46.7759
      vertex 23.8078 29.8331 48.4129
    endloop
  endfacet
  facet normal -0.195102 0.706863 -0.679912
    outer loop
      vertex 28.7827 29.6313 46.7759
      vertex 29.0105 36.732 54.0927
      vertex 30.3299 40.6121 57.748
    endloop
  endfacet
  facet normal -0.195174 0.706858 -0.679896
    outer loop
      vertex 13.5609 28.543 50.0115
      vertex 15.8093 39.0166 60.255
      vertex 14.4208 29.162 50.4082
    endloop
  endfacet
  facet normal -0.19509 0.706861 -0.679917
    outer loop
      vertex 15.8093 39.0166 60.255
      vertex 13.5609 28.543 50.0115
      vertex 15.1081 39.5239 60.9836
    endloop
  endfacet
  facet normal -0.195071 0.706783 -0.680003
    outer loop
      vertex 23.8078 29.8331 48.4129
      vertex 13.5609 28.543 50.0115
      vertex 14.4208 29.162 50.4082
    endloop
  endfacet
  facet normal -0.19507 0.706828 -0.679957
    outer loop
      vertex 13.5609 28.543 50.0115
      vertex 23.8078 29.8331 48.4129
      vertex 28.7827 29.6313 46.7759
    endloop
  endfacet
  facet normal 0.0991861 0.703908 0.703332
    outer loop
      vertex 30.3299 40.6121 57.748
      vertex 25.4708 38.715 60.3319
      vertex 30.7493 39.0924 59.2098
    endloop
  endfacet
  facet normal 0.975761 0.0697718 -0.207417
    outer loop
      vertex 30.7493 39.0924 59.2098
      vertex 30.2128 35.2845 55.405
      vertex 30.3299 40.6121 57.748
    endloop
  endfacet
  facet normal -0.97577 -0.0697349 0.207386
    outer loop
      vertex 13.5609 28.543 50.0115
      vertex 15.5274 38.0041 62.4454
      vertex 15.1081 39.5239 60.9836
    endloop
  endfacet
  facet normal -0.97577 -0.0697375 0.207388
    outer loop
      vertex 13.5609 28.543 50.0115
      vertex 13.9802 27.0233 51.4733
      vertex 15.5274 38.0041 62.4454
    endloop
  endfacet
  facet normal 0.975759 0.0697752 -0.207424
    outer loop
      vertex 30.2128 35.2845 55.405
      vertex 28.7827 29.6313 46.7759
      vertex 30.3299 40.6121 57.748
    endloop
  endfacet
  facet normal 0.975761 0.0697657 -0.207419
    outer loop
      vertex 28.7827 29.6313 46.7759
      vertex 30.2128 35.2845 55.405
      vertex 29.2021 28.1115 48.2377
    endloop
  endfacet
  facet normal -0.0991907 -0.703885 -0.703354
    outer loop
      vertex 29.2021 28.1115 48.2377
      vertex 23.9235 27.7341 49.3598
      vertex 28.7827 29.6313 46.7759
    endloop
  endfacet
  facet normal 0.975762 0.0697671 -0.207416
    outer loop
      vertex 29.0105 36.732 54.0927
      vertex 28.3971 43.881 53.6117
      vertex 29.47 39.9932 57.3513
    endloop
  endfacet
  facet normal 0.975762 0.0697672 -0.207415
    outer loop
      vertex 29.0105 36.732 54.0927
      vertex 27.0086 34.0264 43.7649
      vertex 28.3971 43.881 53.6117
    endloop
  endfacet
  facet normal 0.975764 0.0697484 -0.20741
    outer loop
      vertex 27.0086 34.0264 43.7649
      vertex 29.0105 36.732 54.0927
      vertex 28.0814 30.1386 47.5045
    endloop
  endfacet
  facet normal 0.195055 -0.706869 0.679919
    outer loop
      vertex 29.0105 36.732 54.0927
      vertex 23.8078 29.8331 48.4129
      vertex 28.0814 30.1386 47.5045
    endloop
  endfacet
  facet normal -0.195059 0.706863 -0.679924
    outer loop
      vertex 28.3971 43.881 53.6117
      vertex 13.348 33.0498 46.6687
      vertex 14.7365 42.9044 56.5154
    endloop
  endfacet
  facet normal -0.195063 0.706866 -0.67992
    outer loop
      vertex 13.348 33.0498 46.6687
      vertex 28.3971 43.881 53.6117
      vertex 27.0086 34.0264 43.7649
    endloop
  endfacet
  facet normal -0.975765 -0.0697543 0.207405
    outer loop
      vertex 13.348 33.0498 46.6687
      vertex 15.8093 39.0166 60.255
      vertex 14.7365 42.9044 56.5154
    endloop
  endfacet
  facet normal -0.975765 -0.069758 0.207406
    outer loop
      vertex 15.8093 39.0166 60.255
      vertex 13.348 33.0498 46.6687
      vertex 14.4208 29.162 50.4082
    endloop
  endfacet
  facet normal 0.0991795 0.7039 0.703341
    outer loop
      vertex 28.3971 43.881 53.6117
      vertex 15.8093 39.0166 60.255
      vertex 29.47 39.9932 57.3513
    endloop
  endfacet
  facet normal 0.0991806 0.703899 0.703342
    outer loop
      vertex 15.8093 39.0166 60.255
      vertex 28.3971 43.881 53.6117
      vertex 14.7365 42.9044 56.5154
    endloop
  endfacet
  facet normal -0.0991814 -0.70389 -0.703351
    outer loop
      vertex 13.348 33.0498 46.6687
      vertex 23.8078 29.8331 48.4129
      vertex 14.4208 29.162 50.4082
    endloop
  endfacet
  facet normal -0.0991857 -0.703898 -0.703341
    outer loop
      vertex 23.8078 29.8331 48.4129
      vertex 13.348 33.0498 46.6687
      vertex 27.0086 34.0264 43.7649
    endloop
  endfacet
  facet normal -0.0991842 -0.703899 -0.703341
    outer loop
      vertex 23.8078 29.8331 48.4129
      vertex 27.0086 34.0264 43.7649
      vertex 28.0814 30.1386 47.5045
    endloop
  endfacet
  facet normal 0.195049 -0.70687 0.67992
    outer loop
      vertex 23.0224 40.0127 51.1321
      vertex 18.7227 36.9181 49.1483
      vertex 22.6257 37.1971 48.3187
    endloop
  endfacet
  facet normal -0.975764 -0.0697669 0.207408
    outer loop
      vertex 19.1194 39.7337 51.9617
      vertex 18.079 39.2507 46.9046
      vertex 18.7227 36.9181 49.1483
    endloop
  endfacet
  facet normal 0.975765 0.0697573 -0.207406
    outer loop
      vertex 23.0224 40.0127 51.1321
      vertex 21.982 39.5298 46.075
      vertex 22.3787 42.3454 48.8883
    endloop
  endfacet
  facet normal 0.195049 -0.70687 0.67992
    outer loop
      vertex 19.1194 39.7337 51.9617
      vertex 18.7227 36.9181 49.1483
      vertex 23.0224 40.0127 51.1321
    endloop
  endfacet
  facet normal 0.975764 0.0697654 -0.207406
    outer loop
      vertex 22.6257 37.1971 48.3187
      vertex 21.982 39.5298 46.075
      vertex 23.0224 40.0127 51.1321
    endloop
  endfacet
  facet normal -0.0991845 -0.703887 -0.703353
    outer loop
      vertex 22.6257 37.1971 48.3187
      vertex 18.7227 36.9181 49.1483
      vertex 21.982 39.5298 46.075
    endloop
  endfacet
  facet normal -0.195083 0.706867 -0.679913
    outer loop
      vertex 22.3787 42.3454 48.8883
      vertex 18.079 39.2507 46.9046
      vertex 18.4757 42.0663 49.718
    endloop
  endfacet
  facet normal -0.975764 -0.0697669 0.207408
    outer loop
      vertex 18.4757 42.0663 49.718
      vertex 18.079 39.2507 46.9046
      vertex 19.1194 39.7337 51.9617
    endloop
  endfacet
  facet normal -0.195068 0.706857 -0.679928
    outer loop
      vertex 21.982 39.5298 46.075
      vertex 18.079 39.2507 46.9046
      vertex 22.3787 42.3454 48.8883
    endloop
  endfacet
  facet normal -0.0991631 -0.703901 -0.703342
    outer loop
      vertex 18.7227 36.9181 49.1483
      vertex 18.079 39.2507 46.9046
      vertex 21.982 39.5298 46.075
    endloop
  endfacet
  facet normal 0.0991803 0.703902 0.703338
    outer loop
      vertex 22.3787 42.3454 48.8883
      vertex 18.4757 42.0663 49.718
      vertex 19.1194 39.7337 51.9617
    endloop
  endfacet
  facet normal 0.0991803 0.703902 0.703338
    outer loop
      vertex 22.3787 42.3454 48.8883
      vertex 19.1194 39.7337 51.9617
      vertex 23.0224 40.0127 51.1321
    endloop
  endfacet
  facet normal 0.218189 -0.382717 0.897731
    outer loop
      vertex 17.2444 16.7418 60.7201
      vertex 17.0014 3.38397 55.0845
      vertex 31.3929 17.7533 57.7126
    endloop
  endfacet
  facet normal -0.218186 0.382722 -0.89773
    outer loop
      vertex 29.8696 8.17835 38.4061
      vertex 18.6795 8.57439 41.2946
      vertex 28.6229 9.28526 39.181
    endloop
  endfacet
  facet normal -0.218187 0.382714 -0.897733
    outer loop
      vertex 12.1107 6.90872 42.181
      vertex 18.6795 8.57439 41.2946
      vertex 29.8696 8.17835 38.4061
    endloop
  endfacet
  facet normal -0.218222 0.382714 -0.897725
    outer loop
      vertex 13.4917 13.1806 44.5191
      vertex 12.1107 6.90872 42.181
      vertex 12.4158 23.6751 49.2546
    endloop
  endfacet
  facet normal -0.218185 0.382702 -0.897739
    outer loop
      vertex 18.6795 8.57439 41.2946
      vertex 12.1107 6.90872 42.181
      vertex 13.401 8.19701 42.4166
    endloop
  endfacet
  facet normal -0.218191 0.382719 -0.89773
    outer loop
      vertex 13.4917 13.1806 44.5191
      vertex 12.4158 23.6751 49.2546
      vertex 13.6625 22.5682 48.4797
    endloop
  endfacet
  facet normal -0.218195 0.382711 -0.897733
    outer loop
      vertex 12.1107 6.90872 42.181
      vertex 13.4917 13.1806 44.5191
      vertex 13.401 8.19701 42.4166
    endloop
  endfacet
  facet normal -0.938453 -0.119634 0.324028
    outer loop
      vertex 17.2444 16.7418 60.7201
      vertex 12.4376 23.6368 49.3443
      vertex 17.0014 3.38397 55.0845
    endloop
  endfacet
  facet normal 0.0453953 0.862684 0.503701
    outer loop
      vertex 31.3929 17.7533 57.7126
      vertex 12.4376 23.6368 49.3443
      vertex 17.2444 16.7418 60.7201
    endloop
  endfacet
  facet normal -0.218168 0.382712 -0.897738
    outer loop
      vertex 30.1746 24.9447 45.4797
      vertex 28.7936 18.6729 43.1416
      vertex 28.8843 23.6565 45.2441
    endloop
  endfacet
  facet normal -0.218192 0.382716 -0.897731
    outer loop
      vertex 28.7936 18.6729 43.1416
      vertex 29.8696 8.17835 38.4061
      vertex 28.6229 9.28526 39.181
    endloop
  endfacet
  facet normal -0.218196 0.382715 -0.89773
    outer loop
      vertex 28.7936 18.6729 43.1416
      vertex 30.1746 24.9447 45.4797
      vertex 29.8696 8.17835 38.4061
    endloop
  endfacet
  facet normal -0.218185 0.382727 -0.897728
    outer loop
      vertex 23.6058 23.2791 46.3661
      vertex 30.1746 24.9447 45.4797
      vertex 28.8843 23.6565 45.2441
    endloop
  endfacet
  facet normal -0.218189 0.382721 -0.897729
    outer loop
      vertex 12.4158 23.6751 49.2546
      vertex 23.6058 23.2791 46.3661
      vertex 13.6625 22.5682 48.4797
    endloop
  endfacet
  facet normal -0.218187 0.382735 -0.897724
    outer loop
      vertex 23.6058 23.2791 46.3661
      vertex 12.4158 23.6751 49.2546
      vertex 30.1746 24.9447 45.4797
    endloop
  endfacet
  facet normal 0.218189 -0.382718 0.897731
    outer loop
      vertex 31.3929 17.7533 57.7126
      vertex 17.0014 3.38397 55.0845
      vertex 31.1499 4.39549 52.077
    endloop
  endfacet
  facet normal 0.99602 0.0186509 -0.0871544
    outer loop
      vertex 31.3929 17.7533 57.7126
      vertex 29.8914 8.14008 38.4959
      vertex 30.1964 24.9065 45.5695
    endloop
  endfacet
  facet normal -0.93845 -0.119631 0.324036
    outer loop
      vertex 12.4376 23.6368 49.3443
      vertex 12.1325 6.87045 42.2707
      vertex 17.0014 3.38397 55.0845
    endloop
  endfacet
  facet normal 0.99602 0.0186508 -0.0871543
    outer loop
      vertex 31.1499 4.39549 52.077
      vertex 29.8914 8.14008 38.4959
      vertex 31.3929 17.7533 57.7126
    endloop
  endfacet
  facet normal 0.0121761 -0.963666 -0.266831
    outer loop
      vertex 31.1499 4.39549 52.077
      vertex 17.0014 3.38397 55.0845
      vertex 29.8914 8.14008 38.4959
    endloop
  endfacet
  facet normal 0.975815 0.0696652 -0.207201
    outer loop
      vertex 29.8914 8.14008 38.4959
      vertex 29.8696 8.17835 38.4061
      vertex 30.1964 24.9065 45.5695
    endloop
  endfacet
  facet normal -0.975774 -0.0697317 0.207371
    outer loop
      vertex 12.4158 23.6751 49.2546
      vertex 12.1107 6.90872 42.181
      vertex 12.4376 23.6368 49.3443
    endloop
  endfacet
  facet normal 0.0165898 0.921519 0.387978
    outer loop
      vertex 30.1746 24.9447 45.4797
      vertex 12.4158 23.6751 49.2546
      vertex 30.1964 24.9065 45.5695
    endloop
  endfacet
  facet normal 0.975804 0.0696841 -0.207245
    outer loop
      vertex 30.1964 24.9065 45.5695
      vertex 29.8696 8.17835 38.4061
      vertex 30.1746 24.9447 45.4797
    endloop
  endfacet
  facet normal -0.0168138 -0.921124 -0.388906
    outer loop
      vertex 12.1325 6.87045 42.2707
      vertex 12.1107 6.90872 42.181
      vertex 29.8696 8.17835 38.4061
    endloop
  endfacet
  facet normal -0.975769 -0.0697398 0.207389
    outer loop
      vertex 12.4376 23.6368 49.3443
      vertex 12.1107 6.90872 42.181
      vertex 12.1325 6.87045 42.2707
    endloop
  endfacet
  facet normal 0.0168687 0.921018 0.389155
    outer loop
      vertex 30.1964 24.9065 45.5695
      vertex 12.4158 23.6751 49.2546
      vertex 12.4376 23.6368 49.3443
    endloop
  endfacet
  facet normal 0.0453895 0.862679 0.503711
    outer loop
      vertex 30.1964 24.9065 45.5695
      vertex 12.4376 23.6368 49.3443
      vertex 31.3929 17.7533 57.7126
    endloop
  endfacet
  facet normal -0.0167269 -0.921273 -0.388557
    outer loop
      vertex 29.8914 8.14008 38.4959
      vertex 12.1325 6.87045 42.2707
      vertex 29.8696 8.17835 38.4061
    endloop
  endfacet
  facet normal 0.0121783 -0.963667 -0.266829
    outer loop
      vertex 17.0014 3.38397 55.0845
      vertex 12.1325 6.87045 42.2707
      vertex 29.8914 8.14008 38.4959
    endloop
  endfacet
  facet normal -0.0167538 -0.921225 -0.388669
    outer loop
      vertex 13.401 8.19701 42.4166
      vertex 12.9319 9.01986 40.4865
      vertex 18.6795 8.57439 41.2946
    endloop
  endfacet
  facet normal -0.0167549 -0.921228 -0.388663
    outer loop
      vertex 28.1538 10.1081 37.2509
      vertex 18.6795 8.57439 41.2946
      vertex 12.9319 9.01986 40.4865
    endloop
  endfacet
  facet normal -0.0167558 -0.921227 -0.388665
    outer loop
      vertex 18.6795 8.57439 41.2946
      vertex 28.1538 10.1081 37.2509
      vertex 28.6229 9.28526 39.181
    endloop
  endfacet
  facet normal 0.0167458 0.921233 0.388651
    outer loop
      vertex 28.4152 24.4793 43.314
      vertex 23.6058 23.2791 46.3661
      vertex 28.8843 23.6565 45.2441
    endloop
  endfacet
  facet normal 0.975762 0.0697485 -0.20742
    outer loop
      vertex 28.7936 18.6729 43.1416
      vertex 28.4152 24.4793 43.314
      vertex 28.8843 23.6565 45.2441
    endloop
  endfacet
  facet normal -0.975762 -0.0697554 0.207417
    outer loop
      vertex 13.1934 23.391 46.5496
      vertex 13.4917 13.1806 44.5191
      vertex 13.6625 22.5682 48.4797
    endloop
  endfacet
  facet normal -0.97576 -0.0697574 0.207428
    outer loop
      vertex 13.4917 13.1806 44.5191
      vertex 13.1934 23.391 46.5496
      vertex 12.9319 9.01986 40.4865
    endloop
  endfacet
  facet normal -0.975763 -0.069748 0.207418
    outer loop
      vertex 13.4917 13.1806 44.5191
      vertex 12.9319 9.01986 40.4865
      vertex 13.401 8.19701 42.4166
    endloop
  endfacet
  facet normal 0.0167496 0.921233 0.38865
    outer loop
      vertex 23.6058 23.2791 46.3661
      vertex 13.1934 23.391 46.5496
      vertex 13.6625 22.5682 48.4797
    endloop
  endfacet
  facet normal 0.0167497 0.921231 0.388656
    outer loop
      vertex 13.1934 23.391 46.5496
      vertex 23.6058 23.2791 46.3661
      vertex 28.4152 24.4793 43.314
    endloop
  endfacet
  facet normal 0.975769 0.069748 -0.20739
    outer loop
      vertex 28.7936 18.6729 43.1416
      vertex 28.1538 10.1081 37.2509
      vertex 28.4152 24.4793 43.314
    endloop
  endfacet
  facet normal 0.975763 0.0697634 -0.207412
    outer loop
      vertex 28.1538 10.1081 37.2509
      vertex 28.7936 18.6729 43.1416
      vertex 28.6229 9.28526 39.181
    endloop
  endfacet
  facet normal -0.21819 0.382644 -0.897762
    outer loop
      vertex 28.1538 10.1081 37.2509
      vertex 13.7259 9.81265 40.6315
      vertex 27.3866 10.7893 37.7277
    endloop
  endfacet
  facet normal -0.218191 0.382717 -0.89773
    outer loop
      vertex 13.7259 9.81265 40.6315
      vertex 12.9319 9.01986 40.4865
      vertex 13.1934 23.391 46.5496
    endloop
  endfacet
  facet normal -0.218185 0.382712 -0.897734
    outer loop
      vertex 12.9319 9.01986 40.4865
      vertex 13.7259 9.81265 40.6315
      vertex 28.1538 10.1081 37.2509
    endloop
  endfacet
  facet normal -0.218172 0.382716 -0.897736
    outer loop
      vertex 27.4716 15.4617 39.699
      vertex 28.4152 24.4793 43.314
      vertex 28.1538 10.1081 37.2509
    endloop
  endfacet
  facet normal -0.21818 0.382716 -0.897734
    outer loop
      vertex 20.6736 16.7496 41.9002
      vertex 28.4152 24.4793 43.314
      vertex 27.4716 15.4617 39.699
    endloop
  endfacet
  facet normal -0.218193 0.382717 -0.89773
    outer loop
      vertex 13.1934 23.391 46.5496
      vertex 20.6736 16.7496 41.9002
      vertex 13.84 16.0806 43.2759
    endloop
  endfacet
  facet normal -0.218188 0.382723 -0.897729
    outer loop
      vertex 20.6736 16.7496 41.9002
      vertex 13.1934 23.391 46.5496
      vertex 28.4152 24.4793 43.314
    endloop
  endfacet
  facet normal -0.218191 0.382717 -0.89773
    outer loop
      vertex 13.1934 23.391 46.5496
      vertex 13.84 16.0806 43.2759
      vertex 13.7259 9.81265 40.6315
    endloop
  endfacet
  facet normal -0.218105 0.38273 -0.897746
    outer loop
      vertex 28.1538 10.1081 37.2509
      vertex 27.3866 10.7893 37.7277
      vertex 27.4716 15.4617 39.699
    endloop
  endfacet
  facet normal 0.218193 -0.382709 0.897733
    outer loop
      vertex 13.9606 22.7099 46.0727
      vertex 13.84 16.0806 43.2759
      vertex 20.6736 16.7496 41.9002
    endloop
  endfacet
  facet normal -0.218214 0.382746 -0.897713
    outer loop
      vertex 26.4212 25.7915 38.2315
      vertex 21.4355 19.5664 36.7893
      vertex 21.4586 20.8365 37.3252
    endloop
  endfacet
  facet normal -0.218187 0.382708 -0.897735
    outer loop
      vertex 21.4355 19.5664 36.7893
      vertex 26.1866 12.8942 32.7902
      vertex 20.0188 18.3705 36.6238
    endloop
  endfacet
  facet normal -0.218173 0.382718 -0.897735
    outer loop
      vertex 21.4355 19.5664 36.7893
      vertex 26.4212 25.7915 38.2315
      vertex 26.1866 12.8942 32.7902
    endloop
  endfacet
  facet normal -0.218159 0.382697 -0.897747
    outer loop
      vertex 19.9808 20.7309 37.6393
      vertex 26.4212 25.7915 38.2315
      vertex 21.4586 20.8365 37.3252
    endloop
  endfacet
  facet normal -0.218185 0.382728 -0.897727
    outer loop
      vertex 19.9808 20.7309 37.6393
      vertex 12.7606 24.8148 41.1352
      vertex 26.4212 25.7915 38.2315
    endloop
  endfacet
  facet normal -0.218211 0.382692 -0.897737
    outer loop
      vertex 12.7606 24.8148 41.1352
      vertex 19.9808 20.7309 37.6393
      vertex 18.8692 19.3912 37.3384
    endloop
  endfacet
  facet normal 0.975764 0.0697561 -0.20741
    outer loop
      vertex 27.3866 10.7893 37.7277
      vertex 26.1866 12.8942 32.7902
      vertex 26.4212 25.7915 38.2315
    endloop
  endfacet
  facet normal 0.21818 -0.382717 0.897733
    outer loop
      vertex 27.6212 23.6865 43.169
      vertex 20.6736 16.7496 41.9002
      vertex 27.4716 15.4617 39.699
    endloop
  endfacet
  facet normal 0.218183 -0.38272 0.897732
    outer loop
      vertex 20.6736 16.7496 41.9002
      vertex 27.6212 23.6865 43.169
      vertex 13.9606 22.7099 46.0727
    endloop
  endfacet
  facet normal -0.975764 -0.0697527 0.207411
    outer loop
      vertex 12.7606 24.8148 41.1352
      vertex 13.84 16.0806 43.2759
      vertex 13.9606 22.7099 46.0727
    endloop
  endfacet
  facet normal -0.975761 -0.0697488 0.207426
    outer loop
      vertex 13.84 16.0806 43.2759
      vertex 12.7606 24.8148 41.1352
      vertex 13.7259 9.81265 40.6315
    endloop
  endfacet
  facet normal 0.0167475 0.92123 0.388658
    outer loop
      vertex 26.4212 25.7915 38.2315
      vertex 12.7606 24.8148 41.1352
      vertex 13.9606 22.7099 46.0727
    endloop
  endfacet
  facet normal -0.0167566 -0.92123 -0.388656
    outer loop
      vertex 27.3866 10.7893 37.7277
      vertex 12.5259 11.9176 35.694
      vertex 26.1866 12.8942 32.7902
    endloop
  endfacet
  facet normal -0.0167552 -0.921227 -0.388664
    outer loop
      vertex 13.7259 9.81265 40.6315
      vertex 12.5259 11.9176 35.694
      vertex 27.3866 10.7893 37.7277
    endloop
  endfacet
  facet normal 0.0167576 0.921224 0.388672
    outer loop
      vertex 26.4212 25.7915 38.2315
      vertex 13.9606 22.7099 46.0727
      vertex 27.6212 23.6865 43.169
    endloop
  endfacet
  facet normal 0.975764 0.0697565 -0.207409
    outer loop
      vertex 27.4716 15.4617 39.699
      vertex 26.4212 25.7915 38.2315
      vertex 27.6212 23.6865 43.169
    endloop
  endfacet
  facet normal 0.975764 0.0697562 -0.207411
    outer loop
      vertex 26.4212 25.7915 38.2315
      vertex 27.4716 15.4617 39.699
      vertex 27.3866 10.7893 37.7277
    endloop
  endfacet
  facet normal -0.218202 0.382693 -0.897738
    outer loop
      vertex 26.1866 12.8942 32.7902
      vertex 17.8486 17.2321 36.666
      vertex 20.0188 18.3705 36.6238
    endloop
  endfacet
  facet normal -0.218187 0.382715 -0.897733
    outer loop
      vertex 17.8486 17.2321 36.666
      vertex 12.5259 11.9176 35.694
      vertex 12.7606 24.8148 41.1352
    endloop
  endfacet
  facet normal -0.218188 0.382716 -0.897732
    outer loop
      vertex 12.5259 11.9176 35.694
      vertex 17.8486 17.2321 36.666
      vertex 26.1866 12.8942 32.7902
    endloop
  endfacet
  facet normal -0.218188 0.382714 -0.897733
    outer loop
      vertex 18.8692 19.3912 37.3384
      vertex 17.8486 17.2321 36.666
      vertex 12.7606 24.8148 41.1352
    endloop
  endfacet
  facet normal -0.975764 -0.0697486 0.207413
    outer loop
      vertex 12.5259 11.9176 35.694
      vertex 13.7259 9.81265 40.6315
      vertex 12.7606 24.8148 41.1352
    endloop
  endfacet
  facet normal 0.218168 -0.382688 0.897749
    outer loop
      vertex 20.0188 18.3705 36.6238
      vertex 21.3916 17.1516 35.7706
      vertex 21.4355 19.5664 36.7893
    endloop
  endfacet
  facet normal 0.218189 -0.382667 0.897753
    outer loop
      vertex 17.8486 17.2321 36.666
      vertex 21.3916 17.1516 35.7706
      vertex 20.0188 18.3705 36.6238
    endloop
  endfacet
  facet normal 0.218168 -0.382837 0.897685
    outer loop
      vertex 21.3916 17.1516 35.7706
      vertex 17.8486 17.2321 36.666
      vertex 17.4885 16.8726 36.6002
    endloop
  endfacet
  facet normal 0.0167614 0.921224 0.388671
    outer loop
      vertex 20.7386 22.0995 34.3627
      vertex 16.8356 21.8205 35.1923
      vertex 17.5556 20.5575 38.1548
    endloop
  endfacet
  facet normal -0.0167386 -0.921222 -0.388676
    outer loop
      vertex 21.3916 17.1516 35.7706
      vertex 16.7685 18.1355 33.6377
      vertex 20.6716 18.4146 32.8081
    endloop
  endfacet
  facet normal 0.218186 -0.382675 0.89775
    outer loop
      vertex 17.5556 20.5575 38.1548
      vertex 18.8692 19.3912 37.3384
      vertex 19.9808 20.7309 37.6393
    endloop
  endfacet
  facet normal 0.218157 -0.382703 0.897745
    outer loop
      vertex 17.5556 20.5575 38.1548
      vertex 17.8486 17.2321 36.666
      vertex 18.8692 19.3912 37.3384
    endloop
  endfacet
  facet normal 0.218039 -0.382723 0.897765
    outer loop
      vertex 17.8486 17.2321 36.666
      vertex 17.5556 20.5575 38.1548
      vertex 17.4885 16.8726 36.6002
    endloop
  endfacet
  facet normal -0.218176 0.382708 -0.897738
    outer loop
      vertex 20.6716 18.4146 32.8081
      vertex 16.8356 21.8205 35.1923
      vertex 20.7386 22.0995 34.3627
    endloop
  endfacet
  facet normal -0.21818 0.382704 -0.897739
    outer loop
      vertex 16.8356 21.8205 35.1923
      vertex 20.6716 18.4146 32.8081
      vertex 16.7685 18.1355 33.6377
    endloop
  endfacet
  facet normal -0.0167549 -0.921235 -0.388646
    outer loop
      vertex 17.4885 16.8726 36.6002
      vertex 16.7685 18.1355 33.6377
      vertex 21.3916 17.1516 35.7706
    endloop
  endfacet
  facet normal 0.0167809 0.921226 0.388667
    outer loop
      vertex 20.7386 22.0995 34.3627
      vertex 19.9808 20.7309 37.6393
      vertex 21.4586 20.8365 37.3252
    endloop
  endfacet
  facet normal 0.0167464 0.921229 0.38866
    outer loop
      vertex 19.9808 20.7309 37.6393
      vertex 20.7386 22.0995 34.3627
      vertex 17.5556 20.5575 38.1548
    endloop
  endfacet
  facet normal 0.975764 0.0697647 -0.207405
    outer loop
      vertex 21.4355 19.5664 36.7893
      vertex 20.7386 22.0995 34.3627
      vertex 21.4586 20.8365 37.3252
    endloop
  endfacet
  facet normal 0.975763 0.0697588 -0.207411
    outer loop
      vertex 20.7386 22.0995 34.3627
      vertex 21.4355 19.5664 36.7893
      vertex 21.3916 17.1516 35.7706
    endloop
  endfacet
  facet normal -0.975764 -0.069736 0.207417
    outer loop
      vertex 16.8356 21.8205 35.1923
      vertex 16.7685 18.1355 33.6377
      vertex 17.5556 20.5575 38.1548
    endloop
  endfacet
  facet normal -0.975763 -0.0697384 0.207418
    outer loop
      vertex 17.5556 20.5575 38.1548
      vertex 16.7685 18.1355 33.6377
      vertex 17.4885 16.8726 36.6002
    endloop
  endfacet
  facet normal 0.975764 0.06976 -0.207407
    outer loop
      vertex 21.3916 17.1516 35.7706
      vertex 20.6716 18.4146 32.8081
      vertex 20.7386 22.0995 34.3627
    endloop
  endfacet
  facet normal -0.939809 -0.0691428 0.334632
    outer loop
      vertex 17.0271 2.42655 54.8834
      vertex 13.4476 -14.0126 41.4337
      vertex 18.0164 -12.0381 54.6731
    endloop
  endfacet
  facet normal 0.994666 0.0691491 -0.0765418
    outer loop
      vertex 32.165 -11.0265 51.6657
      vertex 29.9646 5.41261 37.9227
      vertex 31.1756 3.43807 51.8759
    endloop
  endfacet
  facet normal -0.975741 -0.0697548 0.207519
    outer loop
      vertex 13.4476 -14.0126 41.4337
      vertex 12.185 4.14298 41.5998
      vertex 13.4268 -14.0126 41.3359
    endloop
  endfacet
  facet normal 0.207921 7.63766e-06 0.978146
    outer loop
      vertex 31.1756 3.43807 51.8759
      vertex 17.0271 2.42655 54.8834
      vertex 32.165 -11.0265 51.6657
    endloop
  endfacet
  facet normal 0.207913 -1.0928e-06 0.978147
    outer loop
      vertex 32.165 -11.0265 51.6657
      vertex 17.0271 2.42655 54.8834
      vertex 18.0164 -12.0381 54.6731
    endloop
  endfacet
  facet normal -0.207928 -3.98224e-06 -0.978144
    outer loop
      vertex 14.6066 -12.6251 41.0851
      vertex 13.4268 -14.0126 41.3359
      vertex 13.5422 2.93684 41.3113
    endloop
  endfacet
  facet normal -0.207917 -1.31442e-05 -0.978146
    outer loop
      vertex 13.5422 2.93684 41.3113
      vertex 29.9438 5.41261 37.8249
      vertex 28.764 4.0251 38.0757
    endloop
  endfacet
  facet normal -0.20792 5.05161e-06 -0.978146
    outer loop
      vertex 13.5422 2.93684 41.3113
      vertex 12.185 4.14298 41.5998
      vertex 29.9438 5.41261 37.8249
    endloop
  endfacet
  facet normal -0.207928 -3.98224e-06 -0.978144
    outer loop
      vertex 12.185 4.14298 41.5998
      vertex 13.5422 2.93684 41.3113
      vertex 13.4268 -14.0126 41.3359
    endloop
  endfacet
  facet normal -0.939808 -0.0691448 0.334634
    outer loop
      vertex 17.0271 2.42655 54.8834
      vertex 12.2058 4.14298 41.6976
      vertex 13.4476 -14.0126 41.4337
    endloop
  endfacet
  facet normal 0.0950681 -0.988845 0.114667
    outer loop
      vertex 18.0164 -12.0381 54.6731
      vertex 13.4476 -14.0126 41.4337
      vertex 31.2064 -12.743 37.6588
    endloop
  endfacet
  facet normal -0.207924 8.30354e-09 -0.978145
    outer loop
      vertex 29.1331 -1.37138 37.9973
      vertex 31.1856 -12.743 37.561
      vertex 29.8284 -11.5368 37.8495
    endloop
  endfacet
  facet normal -0.20792 4.84074e-06 -0.978146
    outer loop
      vertex 31.1856 -12.743 37.561
      vertex 19.8851 -12.2477 39.9631
      vertex 29.8284 -11.5368 37.8495
    endloop
  endfacet
  facet normal -0.20792 6.59464e-06 -0.978146
    outer loop
      vertex 13.4268 -14.0126 41.3359
      vertex 19.8851 -12.2477 39.9631
      vertex 31.1856 -12.743 37.561
    endloop
  endfacet
  facet normal -0.207914 -1.59549e-05 -0.978147
    outer loop
      vertex 19.8851 -12.2477 39.9631
      vertex 13.4268 -14.0126 41.3359
      vertex 14.6066 -12.6251 41.0851
    endloop
  endfacet
  facet normal -0.207956 -6.02653e-06 -0.978138
    outer loop
      vertex 31.1856 -12.743 37.561
      vertex 29.1331 -1.37138 37.9973
      vertex 29.9438 5.41261 37.8249
    endloop
  endfacet
  facet normal -0.20792 -1.05168e-05 -0.978146
    outer loop
      vertex 28.764 4.0251 38.0757
      vertex 29.9438 5.41261 37.8249
      vertex 29.1331 -1.37138 37.9973
    endloop
  endfacet
  facet normal -0.975741 -0.0697548 0.207519
    outer loop
      vertex 12.2058 4.14298 41.6976
      vertex 12.185 4.14298 41.5998
      vertex 13.4476 -14.0126 41.4337
    endloop
  endfacet
  facet normal -0.0682341 0.997564 0.014512
    outer loop
      vertex 29.9646 5.41261 37.9227
      vertex 12.185 4.14298 41.5998
      vertex 12.2058 4.14298 41.6976
    endloop
  endfacet
  facet normal -0.0682341 0.997564 0.014512
    outer loop
      vertex 12.185 4.14298 41.5998
      vertex 29.9646 5.41261 37.9227
      vertex 29.9438 5.41261 37.8249
    endloop
  endfacet
  facet normal 0.0682325 -0.997564 -0.0145116
    outer loop
      vertex 13.4476 -14.0126 41.4337
      vertex 13.4268 -14.0126 41.3359
      vertex 31.2064 -12.743 37.6588
    endloop
  endfacet
  facet normal 0.0682325 -0.997564 -0.0145116
    outer loop
      vertex 31.2064 -12.743 37.6588
      vertex 13.4268 -14.0126 41.3359
      vertex 31.1856 -12.743 37.561
    endloop
  endfacet
  facet normal 0.975741 0.0697547 -0.207519
    outer loop
      vertex 31.2064 -12.743 37.6588
      vertex 29.9438 5.41261 37.8249
      vertex 29.9646 5.41261 37.9227
    endloop
  endfacet
  facet normal 0.975741 0.0697547 -0.207519
    outer loop
      vertex 29.9438 5.41261 37.8249
      vertex 31.2064 -12.743 37.6588
      vertex 31.1856 -12.743 37.561
    endloop
  endfacet
  facet normal -0.0402088 0.988844 0.143423
    outer loop
      vertex 29.9646 5.41261 37.9227
      vertex 12.2058 4.14298 41.6976
      vertex 17.0271 2.42655 54.8834
    endloop
  endfacet
  facet normal -0.0402087 0.988844 0.143423
    outer loop
      vertex 29.9646 5.41261 37.9227
      vertex 17.0271 2.42655 54.8834
      vertex 31.1756 3.43807 51.8759
    endloop
  endfacet
  facet normal 0.994666 0.0691454 -0.0765462
    outer loop
      vertex 31.2064 -12.743 37.6588
      vertex 29.9646 5.41261 37.9227
      vertex 32.165 -11.0265 51.6657
    endloop
  endfacet
  facet normal 0.0950752 -0.988843 0.114673
    outer loop
      vertex 32.165 -11.0265 51.6657
      vertex 18.0164 -12.0381 54.6731
      vertex 31.2064 -12.743 37.6588
    endloop
  endfacet
  facet normal 0.975765 0.0697565 -0.207402
    outer loop
      vertex 29.3814 -11.5368 35.7465
      vertex 29.1331 -1.37138 37.9973
      vertex 29.8284 -11.5368 37.8495
    endloop
  endfacet
  facet normal 0.975767 0.0697549 -0.207395
    outer loop
      vertex 29.1331 -1.37138 37.9973
      vertex 29.3814 -11.5368 35.7465
      vertex 28.317 4.0251 35.9727
    endloop
  endfacet
  facet normal 0.975766 0.069752 -0.207402
    outer loop
      vertex 29.1331 -1.37138 37.9973
      vertex 28.317 4.0251 35.9727
      vertex 28.764 4.0251 38.0757
    endloop
  endfacet
  facet normal 0.0682387 -0.997564 -0.0145028
    outer loop
      vertex 29.3814 -11.5368 35.7465
      vertex 19.8851 -12.2477 39.9631
      vertex 14.1595 -12.6251 38.9821
    endloop
  endfacet
  facet normal 0.0682381 -0.997564 -0.0145042
    outer loop
      vertex 19.8851 -12.2477 39.9631
      vertex 29.3814 -11.5368 35.7465
      vertex 29.8284 -11.5368 37.8495
    endloop
  endfacet
  facet normal 0.0682396 -0.997563 -0.0145078
    outer loop
      vertex 14.6066 -12.6251 41.0851
      vertex 14.1595 -12.6251 38.9821
      vertex 19.8851 -12.2477 39.9631
    endloop
  endfacet
  facet normal -0.207882 -7.01927e-07 -0.978154
    outer loop
      vertex 28.5462 -10.7946 35.924
      vertex 28.317 4.0251 35.9727
      vertex 29.3814 -11.5368 35.7465
    endloop
  endfacet
  facet normal -0.20789 -8.35752e-07 -0.978152
    outer loop
      vertex 27.591 3.17124 36.127
      vertex 28.317 4.0251 35.9727
      vertex 28.5462 -10.7946 35.924
    endloop
  endfacet
  facet normal -0.207922 2.79275e-05 -0.978145
    outer loop
      vertex 13.9303 2.1946 39.0308
      vertex 28.317 4.0251 35.9727
      vertex 27.591 3.17124 36.127
    endloop
  endfacet
  facet normal -0.207917 -1.44282e-05 -0.978146
    outer loop
      vertex 28.317 4.0251 35.9727
      vertex 13.9303 2.1946 39.0308
      vertex 13.0952 2.93684 39.2083
    endloop
  endfacet
  facet normal -0.0682363 0.997564 0.0145039
    outer loop
      vertex 28.764 4.0251 38.0757
      vertex 13.0952 2.93684 39.2083
      vertex 13.5422 2.93684 41.3113
    endloop
  endfacet
  facet normal -0.0682363 0.997564 0.0145039
    outer loop
      vertex 13.0952 2.93684 39.2083
      vertex 28.764 4.0251 38.0757
      vertex 28.317 4.0251 35.9727
    endloop
  endfacet
  facet normal -0.975766 -0.0697548 0.207402
    outer loop
      vertex 13.0952 2.93684 39.2083
      vertex 14.6066 -12.6251 41.0851
      vertex 13.5422 2.93684 41.3113
    endloop
  endfacet
  facet normal -0.975757 -0.0697485 0.207447
    outer loop
      vertex 14.1595 -12.6251 38.9821
      vertex 14.6066 -12.6251 41.0851
      vertex 13.0952 2.93684 39.2083
    endloop
  endfacet
  facet normal -0.207919 -4.4401e-05 -0.978146
    outer loop
      vertex 29.3814 -11.5368 35.7465
      vertex 14.8856 -11.7712 38.8278
      vertex 28.5462 -10.7946 35.924
    endloop
  endfacet
  facet normal -0.20792 5.04779e-05 -0.978146
    outer loop
      vertex 14.1595 -12.6251 38.9821
      vertex 14.8856 -11.7712 38.8278
      vertex 29.3814 -11.5368 35.7465
    endloop
  endfacet
  facet normal -0.207863 -4.00859e-07 -0.978158
    outer loop
      vertex 14.1595 -12.6251 38.9821
      vertex 13.9303 2.1946 39.0308
      vertex 14.8856 -11.7712 38.8278
    endloop
  endfacet
  facet normal -0.207906 -1.09228e-06 -0.978149
    outer loop
      vertex 13.9303 2.1946 39.0308
      vertex 14.1595 -12.6251 38.9821
      vertex 13.0952 2.93684 39.2083
    endloop
  endfacet
  facet normal 0.975766 0.0697526 -0.207403
    outer loop
      vertex 28.5462 -10.7946 35.924
      vertex 27.4027 -10.7946 30.5442
      vertex 26.4475 3.17124 30.7472
    endloop
  endfacet
  facet normal -0.207909 -2.21004e-06 -0.978148
    outer loop
      vertex 22.1828 -6.1556 31.6537
      vertex 26.4475 3.17124 30.7472
      vertex 27.4027 -10.7946 30.5442
    endloop
  endfacet
  facet normal -0.207901 -6.09487e-06 -0.97815
    outer loop
      vertex 21.9098 -2.16536 31.7117
      vertex 26.4475 3.17124 30.7472
      vertex 22.1828 -6.1556 31.6537
    endloop
  endfacet
  facet normal -0.207935 2.43099e-05 -0.978143
    outer loop
      vertex 18.0068 -2.4444 32.5414
      vertex 26.4475 3.17124 30.7472
      vertex 21.9098 -2.16536 31.7117
    endloop
  endfacet
  facet normal -0.207913 -1.09622e-05 -0.978147
    outer loop
      vertex 26.4475 3.17124 30.7472
      vertex 18.0068 -2.4444 32.5414
      vertex 12.7868 2.1946 33.6509
    endloop
  endfacet
  facet normal -0.975766 -0.0697598 0.207399
    outer loop
      vertex 14.8856 -11.7712 38.8278
      vertex 12.7868 2.1946 33.6509
      vertex 13.7421 -11.7712 33.4479
    endloop
  endfacet
  facet normal -0.975766 -0.0697598 0.207399
    outer loop
      vertex 12.7868 2.1946 33.6509
      vertex 14.8856 -11.7712 38.8278
      vertex 13.9303 2.1946 39.0308
    endloop
  endfacet
  facet normal -0.0682356 0.997564 0.0145035
    outer loop
      vertex 27.591 3.17124 36.127
      vertex 12.7868 2.1946 33.6509
      vertex 13.9303 2.1946 39.0308
    endloop
  endfacet
  facet normal -0.207936 -3.35061e-05 -0.978142
    outer loop
      vertex 27.4027 -10.7946 30.5442
      vertex 18.3528 -6.42942 32.4679
      vertex 22.1828 -6.1556 31.6537
    endloop
  endfacet
  facet normal -0.207916 1.00229e-05 -0.978147
    outer loop
      vertex 13.7421 -11.7712 33.4479
      vertex 18.3528 -6.42942 32.4679
      vertex 27.4027 -10.7946 30.5442
    endloop
  endfacet
  facet normal -0.207377 -0.000476384 -0.978261
    outer loop
      vertex 13.7421 -11.7712 33.4479
      vertex 18.2753 -6.37022 32.4843
      vertex 18.3528 -6.42942 32.4679
    endloop
  endfacet
  facet normal -0.207927 6.05385e-06 -0.978144
    outer loop
      vertex 13.7421 -11.7712 33.4479
      vertex 18.0068 -2.4444 32.5414
      vertex 18.2753 -6.37022 32.4843
    endloop
  endfacet
  facet normal -0.207907 -3.50503e-06 -0.978149
    outer loop
      vertex 18.0068 -2.4444 32.5414
      vertex 13.7421 -11.7712 33.4479
      vertex 12.7868 2.1946 33.6509
    endloop
  endfacet
  facet normal 0.0682333 -0.997564 -0.014503
    outer loop
      vertex 13.7421 -11.7712 33.4479
      vertex 28.5462 -10.7946 35.924
      vertex 14.8856 -11.7712 38.8278
    endloop
  endfacet
  facet normal 0.0682333 -0.997564 -0.0145033
    outer loop
      vertex 28.5462 -10.7946 35.924
      vertex 13.7421 -11.7712 33.4479
      vertex 27.4027 -10.7946 30.5442
    endloop
  endfacet
  facet normal -0.0682356 0.997564 0.0145038
    outer loop
      vertex 26.4475 3.17124 30.7472
      vertex 12.7868 2.1946 33.6509
      vertex 27.591 3.17124 36.127
    endloop
  endfacet
  facet normal 0.975766 0.0697526 -0.207403
    outer loop
      vertex 28.5462 -10.7946 35.924
      vertex 26.4475 3.17124 30.7472
      vertex 27.591 3.17124 36.127
    endloop
  endfacet
  facet normal 0.207393 0.000498218 0.978258
    outer loop
      vertex 18.3528 -6.42942 32.4679
      vertex 18.2753 -6.37022 32.4843
      vertex 18.2797 -6.43464 32.4834
    endloop
  endfacet
  facet normal -0.0682363 0.997564 0.0145038
    outer loop
      vertex 21.2237 -2.16536 28.4838
      vertex 17.3207 -2.4444 29.3135
      vertex 21.9098 -2.16536 31.7117
    endloop
  endfacet
  facet normal 0.975764 0.0697735 -0.207402
    outer loop
      vertex 22.1828 -6.1556 31.6537
      vertex 21.2237 -2.16536 28.4838
      vertex 21.9098 -2.16536 31.7117
    endloop
  endfacet
  facet normal 0.975764 0.0697735 -0.207402
    outer loop
      vertex 21.2237 -2.16536 28.4838
      vertex 22.1828 -6.1556 31.6537
      vertex 21.4967 -6.1556 28.4258
    endloop
  endfacet
  facet normal -0.975766 -0.0697525 0.207402
    outer loop
      vertex 17.3207 -2.4444 29.3135
      vertex 18.2753 -6.37022 32.4843
      vertex 18.0068 -2.4444 32.5414
    endloop
  endfacet
  facet normal -0.975728 -0.069545 0.207648
    outer loop
      vertex 18.2753 -6.37022 32.4843
      vertex 17.3207 -2.4444 29.3135
      vertex 18.2797 -6.43464 32.4834
    endloop
  endfacet
  facet normal -0.0682363 0.997564 0.0145038
    outer loop
      vertex 21.9098 -2.16536 31.7117
      vertex 17.3207 -2.4444 29.3135
      vertex 18.0068 -2.4444 32.5414
    endloop
  endfacet
  facet normal -0.207928 -8.01866e-06 -0.978144
    outer loop
      vertex 21.4967 -6.1556 28.4258
      vertex 17.5936 -6.43464 29.2555
      vertex 21.2237 -2.16536 28.4838
    endloop
  endfacet
  facet normal -0.975766 -0.0697492 0.207402
    outer loop
      vertex 18.2797 -6.43464 32.4834
      vertex 17.3207 -2.4444 29.3135
      vertex 17.5936 -6.43464 29.2555
    endloop
  endfacet
  facet normal -0.207933 -3.19567e-06 -0.978143
    outer loop
      vertex 17.5936 -6.43464 29.2555
      vertex 17.3207 -2.4444 29.3135
      vertex 21.2237 -2.16536 28.4838
    endloop
  endfacet
  facet normal 0.0681634 -0.997569 -0.0144883
    outer loop
      vertex 17.5936 -6.43464 29.2555
      vertex 18.3528 -6.42942 32.4679
      vertex 18.2797 -6.43464 32.4834
    endloop
  endfacet
  facet normal 0.0682343 -0.997564 -0.0145051
    outer loop
      vertex 21.4967 -6.1556 28.4258
      vertex 18.3528 -6.42942 32.4679
      vertex 17.5936 -6.43464 29.2555
    endloop
  endfacet
  facet normal 0.068236 -0.997564 -0.0145038
    outer loop
      vertex 18.3528 -6.42942 32.4679
      vertex 21.4967 -6.1556 28.4258
      vertex 22.1828 -6.1556 31.6537
    endloop
  endfacet
  facet normal 0.165825 0.382725 0.908859
    outer loop
      vertex 32.2702 -11.984 51.8389
      vertex 18.1217 -12.9955 54.8463
      vertex 20.192 -26.3533 60.0936
    endloop
  endfacet
  facet normal -0.94536 -0.018657 0.325494
    outer loop
      vertex 18.1217 -12.9955 54.8463
      vertex 16.3461 -33.5065 48.5136
      vertex 20.192 -26.3533 60.0936
    endloop
  endfacet
  facet normal 0.989113 0.119643 -0.0856855
    outer loop
      vertex 34.1049 -32.2368 44.7388
      vertex 31.5063 -15.4705 38.1526
      vertex 32.2702 -11.984 51.8389
    endloop
  endfacet
  facet normal -0.165826 -0.382715 -0.908862
    outer loop
      vertex 16.3295 -33.5447 48.4227
      vertex 32.6342 -31.1682 44.4471
      vertex 34.0883 -32.2751 44.6479
    endloop
  endfacet
  facet normal -0.165832 -0.382693 -0.908871
    outer loop
      vertex 32.6342 -31.1682 44.4471
      vertex 16.3295 -33.5447 48.4227
      vertex 17.4124 -32.2565 47.6827
    endloop
  endfacet
  facet normal -0.165791 -0.382724 -0.908865
    outer loop
      vertex 16.3295 -33.5447 48.4227
      vertex 16.64 -27.2729 45.725
      vertex 17.4124 -32.2565 47.6827
    endloop
  endfacet
  facet normal -0.165811 -0.382722 -0.908862
    outer loop
      vertex 13.7309 -16.7784 41.8365
      vertex 16.64 -27.2729 45.725
      vertex 16.3295 -33.5447 48.4227
    endloop
  endfacet
  facet normal -0.165835 -0.382726 -0.908856
    outer loop
      vertex 16.64 -27.2729 45.725
      vertex 13.7309 -16.7784 41.8365
      vertex 15.185 -17.8853 42.0373
    endloop
  endfacet
  facet normal -0.165834 -0.382724 -0.908857
    outer loop
      vertex 31.1793 -21.7806 40.7594
      vertex 34.0883 -32.2751 44.6479
      vertex 32.6342 -31.1682 44.4471
    endloop
  endfacet
  facet normal -0.165806 -0.382719 -0.908864
    outer loop
      vertex 34.0883 -32.2751 44.6479
      vertex 31.1793 -21.7806 40.7594
      vertex 31.4897 -15.5087 38.0617
    endloop
  endfacet
  facet normal -0.165775 -0.382723 -0.908869
    outer loop
      vertex 30.4069 -16.797 38.8017
      vertex 31.4897 -15.5087 38.0617
      vertex 31.1793 -21.7806 40.7594
    endloop
  endfacet
  facet normal -0.165834 -0.382678 -0.908877
    outer loop
      vertex 20.4635 -17.5079 40.9153
      vertex 31.4897 -15.5087 38.0617
      vertex 30.4069 -16.797 38.8017
    endloop
  endfacet
  facet normal -0.165825 -0.382714 -0.908863
    outer loop
      vertex 13.7309 -16.7784 41.8365
      vertex 20.4635 -17.5079 40.9153
      vertex 15.185 -17.8853 42.0373
    endloop
  endfacet
  facet normal -0.165825 -0.382711 -0.908864
    outer loop
      vertex 20.4635 -17.5079 40.9153
      vertex 13.7309 -16.7784 41.8365
      vertex 31.4897 -15.5087 38.0617
    endloop
  endfacet
  facet normal 0.16341 -0.86268 0.478624
    outer loop
      vertex 20.192 -26.3533 60.0936
      vertex 16.3461 -33.5065 48.5136
      vertex 34.3405 -25.3418 57.0862
    endloop
  endfacet
  facet normal -0.119655 0.963666 -0.238809
    outer loop
      vertex 31.5063 -15.4705 38.1526
      vertex 13.7475 -16.7401 41.9274
      vertex 18.1217 -12.9955 54.8463
    endloop
  endfacet
  facet normal 0.975749 0.0697237 -0.20749
    outer loop
      vertex 34.1049 -32.2368 44.7388
      vertex 31.4897 -15.5087 38.0617
      vertex 31.5063 -15.4705 38.1526
    endloop
  endfacet
  facet normal 0.975738 0.0696967 -0.207554
    outer loop
      vertex 34.0883 -32.2751 44.6479
      vertex 31.4897 -15.5087 38.0617
      vertex 34.1049 -32.2368 44.7388
    endloop
  endfacet
  facet normal 0.163414 -0.862682 0.478618
    outer loop
      vertex 34.3405 -25.3418 57.0862
      vertex 16.3461 -33.5065 48.5136
      vertex 34.1049 -32.2368 44.7388
    endloop
  endfacet
  facet normal 0.989113 0.119642 -0.0856834
    outer loop
      vertex 34.1049 -32.2368 44.7388
      vertex 32.2702 -11.984 51.8389
      vertex 34.3405 -25.3418 57.0862
    endloop
  endfacet
  facet normal 0.165825 0.382725 0.908859
    outer loop
      vertex 32.2702 -11.984 51.8389
      vertex 20.192 -26.3533 60.0936
      vertex 34.3405 -25.3418 57.0862
    endloop
  endfacet
  facet normal -0.119655 0.963666 -0.238809
    outer loop
      vertex 31.5063 -15.4705 38.1526
      vertex 18.1217 -12.9955 54.8463
      vertex 32.2702 -11.984 51.8389
    endloop
  endfacet
  facet normal 0.142662 -0.921509 0.361204
    outer loop
      vertex 16.3295 -33.5447 48.4227
      vertex 34.1049 -32.2368 44.7388
      vertex 16.3461 -33.5065 48.5136
    endloop
  endfacet
  facet normal 0.14281 -0.921157 0.362043
    outer loop
      vertex 34.1049 -32.2368 44.7388
      vertex 16.3295 -33.5447 48.4227
      vertex 34.0883 -32.2751 44.6479
    endloop
  endfacet
  facet normal -0.975738 -0.069697 0.207554
    outer loop
      vertex 13.7475 -16.7401 41.9274
      vertex 13.7309 -16.7784 41.8365
      vertex 16.3295 -33.5447 48.4227
    endloop
  endfacet
  facet normal -0.14281 0.921157 -0.362043
    outer loop
      vertex 31.5063 -15.4705 38.1526
      vertex 13.7309 -16.7784 41.8365
      vertex 13.7475 -16.7401 41.9274
    endloop
  endfacet
  facet normal -0.142662 0.921509 -0.361204
    outer loop
      vertex 13.7309 -16.7784 41.8365
      vertex 31.5063 -15.4705 38.1526
      vertex 31.4897 -15.5087 38.0617
    endloop
  endfacet
  facet normal -0.975749 -0.0697233 0.20749
    outer loop
      vertex 16.3461 -33.5065 48.5136
      vertex 13.7475 -16.7401 41.9274
      vertex 16.3295 -33.5447 48.4227
    endloop
  endfacet
  facet normal -0.945359 -0.0186579 0.325496
    outer loop
      vertex 18.1217 -12.9955 54.8463
      vertex 13.7475 -16.7401 41.9274
      vertex 16.3461 -33.5065 48.5136
    endloop
  endfacet
  facet normal -0.142788 0.921217 -0.361899
    outer loop
      vertex 30.0503 -17.6199 36.8477
      vertex 20.4635 -17.5079 40.9153
      vertex 30.4069 -16.797 38.8017
    endloop
  endfacet
  facet normal -0.142781 0.921225 -0.361881
    outer loop
      vertex 20.4635 -17.5079 40.9153
      vertex 30.0503 -17.6199 36.8477
      vertex 14.8285 -18.7081 40.0833
    endloop
  endfacet
  facet normal 0.975758 0.0697412 -0.207444
    outer loop
      vertex 31.1793 -21.7806 40.7594
      vertex 30.0503 -17.6199 36.8477
      vertex 30.4069 -16.797 38.8017
    endloop
  endfacet
  facet normal 0.975768 0.0697578 -0.207389
    outer loop
      vertex 32.2777 -31.991 42.493
      vertex 31.1793 -21.7806 40.7594
      vertex 32.6342 -31.1682 44.4471
    endloop
  endfacet
  facet normal 0.975759 0.0697487 -0.207436
    outer loop
      vertex 31.1793 -21.7806 40.7594
      vertex 32.2777 -31.991 42.493
      vertex 30.0503 -17.6199 36.8477
    endloop
  endfacet
  facet normal -0.165835 -0.382726 -0.908856
    outer loop
      vertex 32.2777 -31.991 42.493
      vertex 24.6667 -31.79 43.7971
      vertex 30.5895 -26.1912 40.3587
    endloop
  endfacet
  facet normal -0.165838 -0.382653 -0.908886
    outer loop
      vertex 17.0559 -33.0793 45.7286
      vertex 24.6667 -31.79 43.7971
      vertex 32.2777 -31.991 42.493
    endloop
  endfacet
  facet normal -0.165824 -0.382706 -0.908867
    outer loop
      vertex 24.6667 -31.79 43.7971
      vertex 17.0559 -33.0793 45.7286
      vertex 17.7222 -32.2865 45.2732
    endloop
  endfacet
  facet normal -0.165812 -0.382722 -0.908862
    outer loop
      vertex 30.5895 -26.1912 40.3587
      vertex 30.0503 -17.6199 36.8477
      vertex 32.2777 -31.991 42.493
    endloop
  endfacet
  facet normal -0.165855 -0.382721 -0.908855
    outer loop
      vertex 30.0503 -17.6199 36.8477
      vertex 30.5895 -26.1912 40.3587
      vertex 29.384 -18.4126 37.3031
    endloop
  endfacet
  facet normal -0.975767 -0.0697635 0.207391
    outer loop
      vertex 17.4124 -32.2565 47.6827
      vertex 16.64 -27.2729 45.725
      vertex 17.0559 -33.0793 45.7286
    endloop
  endfacet
  facet normal -0.975765 -0.0697629 0.207401
    outer loop
      vertex 14.8285 -18.7081 40.0833
      vertex 16.64 -27.2729 45.725
      vertex 15.185 -17.8853 42.0373
    endloop
  endfacet
  facet normal -0.975765 -0.0697634 0.2074
    outer loop
      vertex 16.64 -27.2729 45.725
      vertex 14.8285 -18.7081 40.0833
      vertex 17.0559 -33.0793 45.7286
    endloop
  endfacet
  facet normal -0.142784 0.921231 -0.361866
    outer loop
      vertex 20.4635 -17.5079 40.9153
      vertex 14.8285 -18.7081 40.0833
      vertex 15.185 -17.8853 42.0373
    endloop
  endfacet
  facet normal -0.165802 -0.382722 -0.908864
    outer loop
      vertex 17.7222 -32.2865 45.2732
      vertex 17.0559 -33.0793 45.7286
      vertex 17.4083 -30.2607 44.4774
    endloop
  endfacet
  facet normal -0.165822 -0.382747 -0.90885
    outer loop
      vertex 26.447 -18.6226 37.9274
      vertex 30.0503 -17.6199 36.8477
      vertex 29.384 -18.4126 37.3031
    endloop
  endfacet
  facet normal -0.165829 -0.382728 -0.908856
    outer loop
      vertex 26.447 -18.6226 37.9274
      vertex 14.8285 -18.7081 40.0833
      vertex 30.0503 -17.6199 36.8477
    endloop
  endfacet
  facet normal -0.165829 -0.382721 -0.908859
    outer loop
      vertex 17.4083 -30.2607 44.4774
      vertex 14.8285 -18.7081 40.0833
      vertex 26.447 -18.6226 37.9274
    endloop
  endfacet
  facet normal -0.165818 -0.38272 -0.908862
    outer loop
      vertex 14.8285 -18.7081 40.0833
      vertex 17.4083 -30.2607 44.4774
      vertex 17.0559 -33.0793 45.7286
    endloop
  endfacet
  facet normal 0.142781 -0.921237 0.361851
    outer loop
      vertex 17.0559 -33.0793 45.7286
      vertex 32.6342 -31.1682 44.4471
      vertex 17.4124 -32.2565 47.6827
    endloop
  endfacet
  facet normal 0.142781 -0.921237 0.361851
    outer loop
      vertex 32.6342 -31.1682 44.4471
      vertex 17.0559 -33.0793 45.7286
      vertex 32.2777 -31.991 42.493
    endloop
  endfacet
  facet normal 0.165843 0.382718 0.908858
    outer loop
      vertex 30.5895 -26.1912 40.3587
      vertex 24.6667 -31.79 43.7971
      vertex 31.3829 -31.3099 42.3694
    endloop
  endfacet
  facet normal -0.142784 0.921232 -0.361863
    outer loop
      vertex 26.447 -18.6226 37.9274
      vertex 14.8113 -21.4942 35.2081
      vertex 15.7233 -19.3893 40.2069
    endloop
  endfacet
  facet normal -0.142787 0.921235 -0.361855
    outer loop
      vertex 14.8113 -21.4942 35.2081
      vertex 26.447 -18.6226 37.9274
      vertex 29.384 -18.4126 37.3031
    endloop
  endfacet
  facet normal 0.142786 -0.921229 0.361869
    outer loop
      vertex 31.3829 -31.3099 42.3694
      vertex 16.8102 -34.3915 40.2745
      vertex 30.4709 -33.4148 37.3707
    endloop
  endfacet
  facet normal 0.16583 0.382721 0.908859
    outer loop
      vertex 26.447 -18.6226 37.9274
      vertex 15.7233 -19.3893 40.2069
      vertex 17.4083 -30.2607 44.4774
    endloop
  endfacet
  facet normal -0.165836 -0.382719 -0.908859
    outer loop
      vertex 20.9751 -29.4365 37.428
      vertex 16.8102 -34.3915 40.2745
      vertex 20.404 -25.7516 35.9805
    endloop
  endfacet
  facet normal -0.165824 -0.382722 -0.90886
    outer loop
      vertex 22.4184 -25.6076 35.5523
      vertex 28.472 -20.5176 32.3044
      vertex 23.2975 -26.6736 35.8408
    endloop
  endfacet
  facet normal -0.165834 -0.382736 -0.908852
    outer loop
      vertex 14.8113 -21.4942 35.2081
      vertex 22.4184 -25.6076 35.5523
      vertex 20.404 -25.7516 35.9805
    endloop
  endfacet
  facet normal -0.165826 -0.38272 -0.90886
    outer loop
      vertex 22.4184 -25.6076 35.5523
      vertex 14.8113 -21.4942 35.2081
      vertex 28.472 -20.5176 32.3044
    endloop
  endfacet
  facet normal -0.165825 -0.382724 -0.908859
    outer loop
      vertex 14.8113 -21.4942 35.2081
      vertex 20.404 -25.7516 35.9805
      vertex 16.8102 -34.3915 40.2745
    endloop
  endfacet
  facet normal 0.142784 -0.921223 0.361885
    outer loop
      vertex 17.7222 -32.2865 45.2732
      vertex 16.8102 -34.3915 40.2745
      vertex 24.6667 -31.79 43.7971
    endloop
  endfacet
  facet normal 0.142782 -0.921221 0.36189
    outer loop
      vertex 24.6667 -31.79 43.7971
      vertex 16.8102 -34.3915 40.2745
      vertex 31.3829 -31.3099 42.3694
    endloop
  endfacet
  facet normal -0.975766 -0.0697591 0.207397
    outer loop
      vertex 15.7233 -19.3893 40.2069
      vertex 14.8113 -21.4942 35.2081
      vertex 16.8102 -34.3915 40.2745
    endloop
  endfacet
  facet normal -0.97577 -0.0697273 0.20739
    outer loop
      vertex 17.4083 -30.2607 44.4774
      vertex 16.8102 -34.3915 40.2745
      vertex 17.7222 -32.2865 45.2732
    endloop
  endfacet
  facet normal -0.975762 -0.0697587 0.207419
    outer loop
      vertex 16.8102 -34.3915 40.2745
      vertex 17.4083 -30.2607 44.4774
      vertex 15.7233 -19.3893 40.2069
    endloop
  endfacet
  facet normal -0.14278 0.921223 -0.361886
    outer loop
      vertex 28.472 -20.5176 32.3044
      vertex 14.8113 -21.4942 35.2081
      vertex 29.384 -18.4126 37.3031
    endloop
  endfacet
  facet normal -0.165835 -0.382721 -0.908858
    outer loop
      vertex 30.4709 -33.4148 37.3707
      vertex 24.4872 -28.8598 36.5444
      vertex 28.472 -20.5176 32.3044
    endloop
  endfacet
  facet normal -0.165732 -0.382599 -0.908929
    outer loop
      vertex 30.4709 -33.4148 37.3707
      vertex 24.4057 -29.1913 36.6988
      vertex 24.4872 -28.8598 36.5444
    endloop
  endfacet
  facet normal -0.165828 -0.382726 -0.908857
    outer loop
      vertex 16.8102 -34.3915 40.2745
      vertex 24.4057 -29.1913 36.6988
      vertex 30.4709 -33.4148 37.3707
    endloop
  endfacet
  facet normal -0.16583 -0.382725 -0.908858
    outer loop
      vertex 24.4057 -29.1913 36.6988
      vertex 16.8102 -34.3915 40.2745
      vertex 20.9751 -29.4365 37.428
    endloop
  endfacet
  facet normal -0.165808 -0.382734 -0.908858
    outer loop
      vertex 28.472 -20.5176 32.3044
      vertex 24.4872 -28.8598 36.5444
      vertex 23.2975 -26.6736 35.8408
    endloop
  endfacet
  facet normal 0.975765 0.069759 -0.207402
    outer loop
      vertex 28.472 -20.5176 32.3044
      vertex 29.384 -18.4126 37.3031
      vertex 30.4709 -33.4148 37.3707
    endloop
  endfacet
  facet normal 0.975771 0.0697595 -0.207377
    outer loop
      vertex 30.5895 -26.1912 40.3587
      vertex 30.4709 -33.4148 37.3707
      vertex 29.384 -18.4126 37.3031
    endloop
  endfacet
  facet normal 0.975764 0.0697717 -0.207406
    outer loop
      vertex 30.4709 -33.4148 37.3707
      vertex 30.5895 -26.1912 40.3587
      vertex 31.3829 -31.3099 42.3694
    endloop
  endfacet
  facet normal 0.165767 0.382589 0.908926
    outer loop
      vertex 24.4872 -28.8598 36.5444
      vertex 24.4057 -29.1913 36.6988
      vertex 24.8782 -29.1575 36.5984
    endloop
  endfacet
  facet normal 0.142793 -0.921226 0.361875
    outer loop
      vertex 24.4057 -29.1913 36.6988
      vertex 24.331 -30.4205 33.5991
      vertex 24.8782 -29.1575 36.5984
    endloop
  endfacet
  facet normal 0.142764 -0.921229 0.361877
    outer loop
      vertex 24.331 -30.4205 33.5991
      vertex 24.4057 -29.1913 36.6988
      vertex 20.9751 -29.4365 37.428
    endloop
  endfacet
  facet normal -0.975766 -0.0697563 0.207402
    outer loop
      vertex 20.404 -25.7516 35.9805
      vertex 19.8568 -27.0146 32.9813
      vertex 20.9751 -29.4365 37.428
    endloop
  endfacet
  facet normal 0.165901 0.382749 0.908834
    outer loop
      vertex 24.307 -25.4726 35.1508
      vertex 24.4872 -28.8598 36.5444
      vertex 24.8782 -29.1575 36.5984
    endloop
  endfacet
  facet normal 0.165844 0.38275 0.908844
    outer loop
      vertex 24.307 -25.4726 35.1508
      vertex 23.2975 -26.6736 35.8408
      vertex 24.4872 -28.8598 36.5444
    endloop
  endfacet
  facet normal 0.165854 0.382743 0.908846
    outer loop
      vertex 23.2975 -26.6736 35.8408
      vertex 24.307 -25.4726 35.1508
      vertex 22.4184 -25.6076 35.5523
    endloop
  endfacet
  facet normal -0.14278 0.921233 -0.361862
    outer loop
      vertex 23.7598 -26.7355 32.1516
      vertex 22.4184 -25.6076 35.5523
      vertex 24.307 -25.4726 35.1508
    endloop
  endfacet
  facet normal -0.142775 0.921234 -0.36186
    outer loop
      vertex 22.4184 -25.6076 35.5523
      vertex 23.7598 -26.7355 32.1516
      vertex 20.404 -25.7516 35.9805
    endloop
  endfacet
  facet normal 0.975763 0.0697748 -0.207407
    outer loop
      vertex 24.8782 -29.1575 36.5984
      vertex 23.7598 -26.7355 32.1516
      vertex 24.307 -25.4726 35.1508
    endloop
  endfacet
  facet normal 0.975763 0.0697795 -0.207405
    outer loop
      vertex 24.331 -30.4205 33.5991
      vertex 23.7598 -26.7355 32.1516
      vertex 24.8782 -29.1575 36.5984
    endloop
  endfacet
  facet normal -0.142805 0.921221 -0.361883
    outer loop
      vertex 19.8568 -27.0146 32.9813
      vertex 20.404 -25.7516 35.9805
      vertex 23.7598 -26.7355 32.1516
    endloop
  endfacet
  facet normal -0.165838 -0.382714 -0.908861
    outer loop
      vertex 24.331 -30.4205 33.5991
      vertex 19.8568 -27.0146 32.9813
      vertex 23.7598 -26.7355 32.1516
    endloop
  endfacet
  facet normal -0.975766 -0.0697563 0.207402
    outer loop
      vertex 20.9751 -29.4365 37.428
      vertex 19.8568 -27.0146 32.9813
      vertex 20.4279 -30.6995 34.4288
    endloop
  endfacet
  facet normal -0.165843 -0.38272 -0.908857
    outer loop
      vertex 20.4279 -30.6995 34.4288
      vertex 19.8568 -27.0146 32.9813
      vertex 24.331 -30.4205 33.5991
    endloop
  endfacet
  facet normal 0.142779 -0.921223 0.361888
    outer loop
      vertex 20.9751 -29.4365 37.428
      vertex 20.4279 -30.6995 34.4288
      vertex 24.331 -30.4205 33.5991
    endloop
  endfacet
  facet normal 0.992819 -0.0702236 -0.0968488
    outer loop
      vertex 51.9813 24.8379 46.7177
      vertex 51.1396 30.6708 33.8599
      vertex 53.586 37.1128 54.2675
    endloop
  endfacet
  facet normal 0.992819 -0.0702237 -0.0968487
    outer loop
      vertex 53.586 37.1128 54.2675
      vertex 51.1396 30.6708 33.8599
      vertex 53.1538 46.0781 43.3363
    endloop
  endfacet
  facet normal -0.946376 -0.0702332 0.31534
    outer loop
      vertex 39.4029 37.1128 57.2822
      vertex 35.3515 46.0781 47.1202
      vertex 37.7982 24.8379 49.7324
    endloop
  endfacet
  facet normal 0.132927 0.76892 0.625374
    outer loop
      vertex 53.586 37.1128 54.2675
      vertex 35.3515 46.0781 47.1202
      vertex 39.4029 37.1128 57.2822
    endloop
  endfacet
  facet normal 0.978184 -0.000105725 -0.20774
    outer loop
      vertex 53.1538 46.0781 43.3363
      vertex 51.1396 30.6708 33.8599
      vertex 53.1362 46.1313 43.2534
    endloop
  endfacet
  facet normal -0.0864839 -0.90938 -0.406876
    outer loop
      vertex 51.9813 24.8379 46.7177
      vertex 37.7982 24.8379 49.7324
      vertex 51.1396 30.6708 33.8599
    endloop
  endfacet
  facet normal -0.946376 -0.0702331 0.315341
    outer loop
      vertex 35.3515 46.0781 47.1202
      vertex 33.3373 30.6708 37.6438
      vertex 37.7982 24.8379 49.7324
    endloop
  endfacet
  facet normal -0.110778 -0.846224 -0.521184
    outer loop
      vertex 33.3197 30.7241 37.561
      vertex 51.1396 30.6708 33.8599
      vertex 33.3373 30.6708 37.6438
    endloop
  endfacet
  facet normal -0.110778 -0.846224 -0.521184
    outer loop
      vertex 51.1396 30.6708 33.8599
      vertex 33.3197 30.7241 37.561
      vertex 51.122 30.7241 33.7771
    endloop
  endfacet
  facet normal 0.176007 -0.53231 0.82805
    outer loop
      vertex 39.4029 37.1128 57.2822
      vertex 51.9813 24.8379 46.7177
      vertex 53.586 37.1128 54.2675
    endloop
  endfacet
  facet normal 0.176007 -0.53231 0.82805
    outer loop
      vertex 51.9813 24.8379 46.7177
      vertex 39.4029 37.1128 57.2822
      vertex 37.7982 24.8379 49.7324
    endloop
  endfacet
  facet normal -0.978147 -4.88011e-06 0.207912
    outer loop
      vertex 35.3339 46.1313 47.0374
      vertex 33.3373 30.6708 37.6438
      vertex 35.3515 46.0781 47.1202
    endloop
  endfacet
  facet normal 0.132925 0.768917 0.625377
    outer loop
      vertex 53.1538 46.0781 43.3363
      vertex 35.3515 46.0781 47.1202
      vertex 53.586 37.1128 54.2675
    endloop
  endfacet
  facet normal 0.978147 3.91083e-06 -0.207913
    outer loop
      vertex 51.1396 30.6708 33.8599
      vertex 51.122 30.7241 33.7771
      vertex 53.1362 46.1313 43.2534
    endloop
  endfacet
  facet normal -0.978147 -4.87753e-06 0.207912
    outer loop
      vertex 35.3339 46.1313 47.0374
      vertex 33.3197 30.7241 37.561
      vertex 33.3373 30.6708 37.6438
    endloop
  endfacet
  facet normal -0.0864817 -0.909381 -0.406875
    outer loop
      vertex 37.7982 24.8379 49.7324
      vertex 33.3373 30.6708 37.6438
      vertex 51.1396 30.6708 33.8599
    endloop
  endfacet
  facet normal 0.110629 0.846675 0.520483
    outer loop
      vertex 53.1538 46.0781 43.3363
      vertex 35.3339 46.1313 47.0374
      vertex 35.3515 46.0781 47.1202
    endloop
  endfacet
  facet normal 0.110541 0.846951 0.520052
    outer loop
      vertex 53.1362 46.1313 43.2534
      vertex 35.3339 46.1313 47.0374
      vertex 53.1538 46.0781 43.3363
    endloop
  endfacet
  facet normal -0.175969 0.532308 -0.82806
    outer loop
      vertex 50.593 36.4042 37.5409
      vertex 53.1362 46.1313 43.2534
      vertex 51.122 30.7241 33.7771
    endloop
  endfacet
  facet normal -0.176011 0.532312 -0.828048
    outer loop
      vertex 53.1362 46.1313 43.2534
      vertex 50.593 36.4042 37.5409
      vertex 51.7208 45.0308 42.8468
    endloop
  endfacet
  facet normal -0.175979 0.532307 -0.828059
    outer loop
      vertex 51.122 30.7241 33.7771
      vertex 49.9943 31.8246 34.7242
      vertex 50.593 36.4042 37.5409
    endloop
  endfacet
  facet normal -0.17601 0.532282 -0.828068
    outer loop
      vertex 51.122 30.7241 33.7771
      vertex 34.7352 31.8246 37.9676
      vertex 49.9943 31.8246 34.7242
    endloop
  endfacet
  facet normal -0.176002 0.532317 -0.828047
    outer loop
      vertex 34.7352 31.8246 37.9676
      vertex 51.122 30.7241 33.7771
      vertex 33.3197 30.7241 37.561
    endloop
  endfacet
  facet normal -0.176015 0.532317 -0.828044
    outer loop
      vertex 46.4293 45.0308 43.9716
      vertex 53.1362 46.1313 43.2534
      vertex 51.7208 45.0308 42.8468
    endloop
  endfacet
  facet normal -0.175995 0.532342 -0.828032
    outer loop
      vertex 35.3339 46.1313 47.0374
      vertex 46.4293 45.0308 43.9716
      vertex 36.4616 45.0308 46.0902
    endloop
  endfacet
  facet normal -0.176012 0.53228 -0.828069
    outer loop
      vertex 46.4293 45.0308 43.9716
      vertex 35.3339 46.1313 47.0374
      vertex 53.1362 46.1313 43.2534
    endloop
  endfacet
  facet normal -0.176041 0.532307 -0.828045
    outer loop
      vertex 35.8629 40.4512 43.2735
      vertex 35.3339 46.1313 47.0374
      vertex 36.4616 45.0308 46.0902
    endloop
  endfacet
  facet normal -0.175996 0.532311 -0.828052
    outer loop
      vertex 33.3197 30.7241 37.561
      vertex 35.8629 40.4512 43.2735
      vertex 34.7352 31.8246 37.9676
    endloop
  endfacet
  facet normal -0.176008 0.532312 -0.828049
    outer loop
      vertex 35.8629 40.4512 43.2735
      vertex 33.3197 30.7241 37.561
      vertex 35.3339 46.1313 47.0374
    endloop
  endfacet
  facet normal -0.176006 0.532312 -0.828049
    outer loop
      vertex 49.6159 32.9691 32.9439
      vertex 36.0832 46.1752 44.3099
      vertex 51.3423 46.1752 41.0665
    endloop
  endfacet
  facet normal -0.176005 0.532313 -0.828049
    outer loop
      vertex 36.0832 46.1752 44.3099
      vertex 49.6159 32.9691 32.9439
      vertex 34.3567 32.9691 36.1873
    endloop
  endfacet
  facet normal 0.978149 -2.26379e-06 -0.207905
    outer loop
      vertex 49.9943 31.8246 34.7242
      vertex 49.6159 32.9691 32.9439
      vertex 50.593 36.4042 37.5409
    endloop
  endfacet
  facet normal -0.978149 2.26385e-06 0.207905
    outer loop
      vertex 36.0832 46.1752 44.3099
      vertex 35.8629 40.4512 43.2735
      vertex 36.4616 45.0308 46.0902
    endloop
  endfacet
  facet normal 0.978141 2.1033e-05 -0.207944
    outer loop
      vertex 50.593 36.4042 37.5409
      vertex 51.3423 46.1752 41.0665
      vertex 51.7208 45.0308 42.8468
    endloop
  endfacet
  facet normal 0.978147 9.88866e-06 -0.207914
    outer loop
      vertex 51.3423 46.1752 41.0665
      vertex 50.593 36.4042 37.5409
      vertex 49.6159 32.9691 32.9439
    endloop
  endfacet
  facet normal -0.978149 1.91354e-06 0.207907
    outer loop
      vertex 34.3567 32.9691 36.1873
      vertex 35.8629 40.4512 43.2735
      vertex 36.0832 46.1752 44.3099
    endloop
  endfacet
  facet normal -0.978142 -2.91582e-05 0.207939
    outer loop
      vertex 35.8629 40.4512 43.2735
      vertex 34.3567 32.9691 36.1873
      vertex 34.7352 31.8246 37.9676
    endloop
  endfacet
  facet normal 0.110664 0.846562 0.520659
    outer loop
      vertex 46.4293 45.0308 43.9716
      vertex 36.0832 46.1752 44.3099
      vertex 36.4616 45.0308 46.0902
    endloop
  endfacet
  facet normal 0.110665 0.846573 0.520641
    outer loop
      vertex 36.0832 46.1752 44.3099
      vertex 46.4293 45.0308 43.9716
      vertex 51.3423 46.1752 41.0665
    endloop
  endfacet
  facet normal 0.110674 0.846565 0.520653
    outer loop
      vertex 51.3423 46.1752 41.0665
      vertex 46.4293 45.0308 43.9716
      vertex 51.7208 45.0308 42.8468
    endloop
  endfacet
  facet normal -0.110675 -0.846544 -0.520687
    outer loop
      vertex 34.3567 32.9691 36.1873
      vertex 49.9943 31.8246 34.7242
      vertex 34.7352 31.8246 37.9676
    endloop
  endfacet
  facet normal -0.110675 -0.846541 -0.520691
    outer loop
      vertex 49.9943 31.8246 34.7242
      vertex 34.3567 32.9691 36.1873
      vertex 49.6159 32.9691 32.9439
    endloop
  endfacet
  facet normal 0.176003 -0.532315 0.828048
    outer loop
      vertex 36.7772 45.498 43.7271
      vertex 35.2278 33.6463 36.4375
      vertex 48.9219 33.6463 33.5268
    endloop
  endfacet
  facet normal 0.110674 0.846552 0.520674
    outer loop
      vertex 50.4713 45.498 40.8163
      vertex 35.8091 48.4257 39.1728
      vertex 36.7772 45.498 43.7271
    endloop
  endfacet
  facet normal 0.110674 0.846552 0.520674
    outer loop
      vertex 35.8091 48.4257 39.1728
      vertex 50.4713 45.498 40.8163
      vertex 49.5032 48.4257 36.262
    endloop
  endfacet
  facet normal 0.978146 6.91594e-06 -0.207918
    outer loop
      vertex 50.4713 45.498 40.8163
      vertex 48.9219 33.6463 33.5268
      vertex 49.5032 48.4257 36.262
    endloop
  endfacet
  facet normal 0.176009 -0.53231 0.82805
    outer loop
      vertex 50.4713 45.498 40.8163
      vertex 36.7772 45.498 43.7271
      vertex 48.9219 33.6463 33.5268
    endloop
  endfacet
  facet normal -0.978146 -1.01855e-05 0.207921
    outer loop
      vertex 36.7772 45.498 43.7271
      vertex 34.2597 36.574 31.8833
      vertex 35.2278 33.6463 36.4375
    endloop
  endfacet
  facet normal 0.978146 6.91594e-06 -0.207918
    outer loop
      vertex 48.9219 33.6463 33.5268
      vertex 47.9538 36.574 28.9725
      vertex 49.5032 48.4257 36.262
    endloop
  endfacet
  facet normal -0.11067 -0.846552 -0.520675
    outer loop
      vertex 48.9219 33.6463 33.5268
      vertex 35.2278 33.6463 36.4375
      vertex 47.9538 36.574 28.9725
    endloop
  endfacet
  facet normal -0.978146 -6.91594e-06 0.207918
    outer loop
      vertex 35.8091 48.4257 39.1728
      vertex 34.2597 36.574 31.8833
      vertex 36.7772 45.498 43.7271
    endloop
  endfacet
  facet normal -0.176012 0.532308 -0.828051
    outer loop
      vertex 47.9538 36.574 28.9725
      vertex 43.6164 40.8068 32.6155
      vertex 44.0591 44.193 34.6982
    endloop
  endfacet
  facet normal -0.175996 0.53232 -0.828046
    outer loop
      vertex 47.9538 36.574 28.9725
      vertex 39.7038 40.8068 33.4471
      vertex 43.6164 40.8068 32.6155
    endloop
  endfacet
  facet normal -0.176018 0.53231 -0.828048
    outer loop
      vertex 39.7038 40.8068 33.4471
      vertex 34.2597 36.574 31.8833
      vertex 35.8091 48.4257 39.1728
    endloop
  endfacet
  facet normal -0.17601 0.532302 -0.828055
    outer loop
      vertex 34.2597 36.574 31.8833
      vertex 39.7038 40.8068 33.4471
      vertex 47.9538 36.574 28.9725
    endloop
  endfacet
  facet normal -0.176008 0.53231 -0.82805
    outer loop
      vertex 44.0591 44.193 34.6982
      vertex 49.5032 48.4257 36.262
      vertex 47.9538 36.574 28.9725
    endloop
  endfacet
  facet normal -0.175995 0.532329 -0.828041
    outer loop
      vertex 35.8091 48.4257 39.1728
      vertex 44.0591 44.193 34.6982
      vertex 40.1465 44.193 35.5298
    endloop
  endfacet
  facet normal -0.176009 0.532311 -0.828049
    outer loop
      vertex 44.0591 44.193 34.6982
      vertex 35.8091 48.4257 39.1728
      vertex 49.5032 48.4257 36.262
    endloop
  endfacet
  facet normal -0.176023 0.532308 -0.828048
    outer loop
      vertex 35.8091 48.4257 39.1728
      vertex 40.1465 44.193 35.5298
      vertex 39.7038 40.8068 33.4471
    endloop
  endfacet
  facet normal -0.110675 -0.846547 -0.520682
    outer loop
      vertex 35.2278 33.6463 36.4375
      vertex 34.2597 36.574 31.8833
      vertex 47.9538 36.574 28.9725
    endloop
  endfacet
  facet normal -0.978148 3.45387e-06 0.20791
    outer loop
      vertex 40.1465 44.193 35.5298
      vertex 39.5657 45.9496 32.7973
      vertex 39.7038 40.8068 33.4471
    endloop
  endfacet
  facet normal -0.110668 -0.846547 -0.520684
    outer loop
      vertex 39.7038 40.8068 33.4471
      vertex 39.123 42.5634 30.7146
      vertex 43.6164 40.8068 32.6155
    endloop
  endfacet
  facet normal -0.176018 0.532308 -0.828049
    outer loop
      vertex 43.0356 42.5634 29.8829
      vertex 39.123 42.5634 30.7146
      vertex 43.4783 45.9496 31.9656
    endloop
  endfacet
  facet normal -0.110678 -0.846555 -0.520668
    outer loop
      vertex 43.6164 40.8068 32.6155
      vertex 39.123 42.5634 30.7146
      vertex 43.0356 42.5634 29.8829
    endloop
  endfacet
  facet normal 0.110668 0.846547 0.520684
    outer loop
      vertex 44.0591 44.193 34.6982
      vertex 39.5657 45.9496 32.7973
      vertex 40.1465 44.193 35.5298
    endloop
  endfacet
  facet normal 0.110678 0.846555 0.520668
    outer loop
      vertex 43.4783 45.9496 31.9656
      vertex 39.5657 45.9496 32.7973
      vertex 44.0591 44.193 34.6982
    endloop
  endfacet
  facet normal 0.978149 -6.80756e-06 -0.207905
    outer loop
      vertex 44.0591 44.193 34.6982
      vertex 43.0356 42.5634 29.8829
      vertex 43.4783 45.9496 31.9656
    endloop
  endfacet
  facet normal 0.978149 -6.80756e-06 -0.207905
    outer loop
      vertex 43.0356 42.5634 29.8829
      vertex 44.0591 44.193 34.6982
      vertex 43.6164 40.8068 32.6155
    endloop
  endfacet
  facet normal -0.176018 0.532308 -0.828049
    outer loop
      vertex 43.4783 45.9496 31.9656
      vertex 39.123 42.5634 30.7146
      vertex 39.5657 45.9496 32.7973
    endloop
  endfacet
  facet normal -0.978148 3.45387e-06 0.20791
    outer loop
      vertex 39.5657 45.9496 32.7973
      vertex 39.123 42.5634 30.7146
      vertex 39.7038 40.8068 33.4471
    endloop
  endfacet
  facet normal 0.199775 -0.276991 0.939875
    outer loop
      vertex 37.6349 23.0847 48.9644
      vertex 36.7999 9.15211 45.0358
      vertex 51.8181 23.0847 45.9497
    endloop
  endfacet
  facet normal -0.199776 0.276985 -0.939877
    outer loop
      vertex 49.8892 11.2524 27.977
      vertex 33.4333 12.5015 31.8429
      vertex 48.6924 12.5015 28.5995
    endloop
  endfacet
  facet normal -0.199787 0.276994 -0.939872
    outer loop
      vertex 34.0201 22.2931 34.6039
      vertex 32.0868 11.2524 31.761
      vertex 33.135 28.7402 36.6921
    endloop
  endfacet
  facet normal -0.199776 0.276979 -0.939879
    outer loop
      vertex 32.0868 11.2524 31.761
      vertex 33.4333 12.5015 31.8429
      vertex 49.8892 11.2524 27.977
    endloop
  endfacet
  facet normal -0.199791 0.276995 -0.939871
    outer loop
      vertex 32.0868 11.2524 31.761
      vertex 34.0201 22.2931 34.6039
      vertex 33.4333 12.5015 31.8429
    endloop
  endfacet
  facet normal -0.199779 0.276996 -0.939873
    outer loop
      vertex 34.0201 22.2931 34.6039
      vertex 33.135 28.7402 36.6921
      vertex 34.3317 27.4911 36.0696
    endloop
  endfacet
  facet normal 0.995954 -0.0365464 -0.0820998
    outer loop
      vertex 50.983 9.15211 42.0211
      vertex 49.9091 11.2247 28.071
      vertex 50.9573 28.7125 33.0021
    endloop
  endfacet
  facet normal -0.943239 -0.0365489 0.330099
    outer loop
      vertex 37.6349 23.0847 48.9644
      vertex 32.1068 11.2247 31.855
      vertex 36.7999 9.15211 45.0358
    endloop
  endfacet
  facet normal -0.0575818 -0.960883 -0.270902
    outer loop
      vertex 32.1068 11.2247 31.855
      vertex 32.0868 11.2524 31.761
      vertex 49.8892 11.2524 27.977
    endloop
  endfacet
  facet normal 0.199776 -0.276993 0.939875
    outer loop
      vertex 51.8181 23.0847 45.9497
      vertex 36.7999 9.15211 45.0358
      vertex 50.983 9.15211 42.0211
    endloop
  endfacet
  facet normal 0.978109 5.52659e-05 -0.208092
    outer loop
      vertex 50.9573 28.7125 33.0021
      vertex 49.8892 11.2524 27.977
      vertex 50.9373 28.7402 32.9081
    endloop
  endfacet
  facet normal -0.978109 -5.01018e-05 0.208094
    outer loop
      vertex 33.135 28.7402 36.6921
      vertex 32.0868 11.2524 31.761
      vertex 32.1068 11.2247 31.855
    endloop
  endfacet
  facet normal -0.199791 0.276995 -0.939871
    outer loop
      vertex 50.9373 28.7402 32.9081
      vertex 49.004 17.6995 30.0652
      vertex 49.5908 27.4911 32.8262
    endloop
  endfacet
  facet normal -0.199764 0.276996 -0.939876
    outer loop
      vertex 49.004 17.6995 30.0652
      vertex 49.8892 11.2524 27.977
      vertex 48.6924 12.5015 28.5995
    endloop
  endfacet
  facet normal -0.199777 0.276993 -0.939874
    outer loop
      vertex 49.004 17.6995 30.0652
      vertex 50.9373 28.7402 32.9081
      vertex 49.8892 11.2524 27.977
    endloop
  endfacet
  facet normal -0.199775 0.277 -0.939873
    outer loop
      vertex 33.135 28.7402 36.6921
      vertex 49.5908 27.4911 32.8262
      vertex 34.3317 27.4911 36.0696
    endloop
  endfacet
  facet normal -0.199777 0.276981 -0.939878
    outer loop
      vertex 49.5908 27.4911 32.8262
      vertex 33.135 28.7402 36.6921
      vertex 50.9373 28.7402 32.9081
    endloop
  endfacet
  facet normal 0.995954 -0.0365463 -0.0820996
    outer loop
      vertex 50.983 9.15211 42.0211
      vertex 50.9573 28.7125 33.0021
      vertex 51.8181 23.0847 45.9497
    endloop
  endfacet
  facet normal 0.978304 -0.000220838 -0.207174
    outer loop
      vertex 49.9091 11.2247 28.071
      vertex 49.8892 11.2524 27.977
      vertex 50.9573 28.7125 33.0021
    endloop
  endfacet
  facet normal -0.0575936 -0.960867 -0.270956
    outer loop
      vertex 49.9091 11.2247 28.071
      vertex 32.1068 11.2247 31.855
      vertex 49.8892 11.2524 27.977
    endloop
  endfacet
  facet normal -0.0307302 -0.989017 -0.144574
    outer loop
      vertex 50.983 9.15211 42.0211
      vertex 32.1068 11.2247 31.855
      vertex 49.9091 11.2247 28.071
    endloop
  endfacet
  facet normal -0.0307301 -0.989017 -0.144574
    outer loop
      vertex 36.7999 9.15211 45.0358
      vertex 32.1068 11.2247 31.855
      vertex 50.983 9.15211 42.0211
    endloop
  endfacet
  facet normal -0.978304 0.000215673 0.207173
    outer loop
      vertex 33.135 28.7402 36.6921
      vertex 32.1068 11.2247 31.855
      vertex 33.1549 28.7125 36.7861
    endloop
  endfacet
  facet normal 0.0834429 0.915929 0.39257
    outer loop
      vertex 50.9573 28.7125 33.0021
      vertex 33.1549 28.7125 36.7861
      vertex 51.8181 23.0847 45.9497
    endloop
  endfacet
  facet normal 0.0575818 0.960883 0.270902
    outer loop
      vertex 50.9373 28.7402 32.9081
      vertex 33.1549 28.7125 36.7861
      vertex 50.9573 28.7125 33.0021
    endloop
  endfacet
  facet normal 0.0575936 0.960867 0.270956
    outer loop
      vertex 50.9373 28.7402 32.9081
      vertex 33.135 28.7402 36.6921
      vertex 33.1549 28.7125 36.7861
    endloop
  endfacet
  facet normal -0.943239 -0.0365475 0.330098
    outer loop
      vertex 33.1549 28.7125 36.7861
      vertex 32.1068 11.2247 31.855
      vertex 37.6349 23.0847 48.9644
    endloop
  endfacet
  facet normal 0.0834426 0.915929 0.392571
    outer loop
      vertex 51.8181 23.0847 45.9497
      vertex 33.1549 28.7125 36.7861
      vertex 37.6349 23.0847 48.9644
    endloop
  endfacet
  facet normal -0.199696 0.276995 -0.939891
    outer loop
      vertex 48.0404 22.4412 29.3799
      vertex 49.1613 28.0866 30.8055
      vertex 48.2629 13.097 26.5788
    endloop
  endfacet
  facet normal -0.199687 0.276994 -0.939893
    outer loop
      vertex 49.1613 28.0866 30.8055
      vertex 48.0404 22.4412 29.3799
      vertex 48.3327 27.3179 30.755
    endloop
  endfacet
  facet normal -0.199775 0.276989 -0.939876
    outer loop
      vertex 48.2629 13.097 26.5788
      vertex 34.1246 18.7424 31.2477
      vertex 48.0404 22.4412 29.3799
    endloop
  endfacet
  facet normal -0.199835 0.276995 -0.939862
    outer loop
      vertex 34.1246 18.7424 31.2477
      vertex 33.0038 13.097 29.8222
      vertex 33.9022 28.0866 34.0489
    endloop
  endfacet
  facet normal -0.199776 0.276987 -0.939877
    outer loop
      vertex 33.0038 13.097 29.8222
      vertex 34.1246 18.7424 31.2477
      vertex 48.2629 13.097 26.5788
    endloop
  endfacet
  facet normal -0.199777 0.277022 -0.939866
    outer loop
      vertex 33.9022 28.0866 34.0489
      vertex 48.3327 27.3179 30.755
      vertex 34.6386 27.3179 33.6658
    endloop
  endfacet
  facet normal -0.19977 0.277081 -0.93985
    outer loop
      vertex 48.3327 27.3179 30.755
      vertex 33.9022 28.0866 34.0489
      vertex 49.1613 28.0866 30.8055
    endloop
  endfacet
  facet normal -0.199803 0.276998 -0.939868
    outer loop
      vertex 33.9022 28.0866 34.0489
      vertex 34.6386 27.3179 33.6658
      vertex 34.1246 18.7424 31.2477
    endloop
  endfacet
  facet normal 0.978148 -1.13468e-05 -0.207909
    outer loop
      vertex 48.6924 12.5015 28.5995
      vertex 48.2629 13.097 26.5788
      vertex 49.004 17.6995 30.0652
    endloop
  endfacet
  facet normal 0.978149 4.68944e-06 -0.207904
    outer loop
      vertex 49.004 17.6995 30.0652
      vertex 49.1613 28.0866 30.8055
      vertex 49.5908 27.4911 32.8262
    endloop
  endfacet
  facet normal 0.978143 6.72671e-06 -0.207932
    outer loop
      vertex 49.1613 28.0866 30.8055
      vertex 49.004 17.6995 30.0652
      vertex 48.2629 13.097 26.5788
    endloop
  endfacet
  facet normal -0.978154 8.46976e-06 0.20788
    outer loop
      vertex 33.0038 13.097 29.8222
      vertex 34.0201 22.2931 34.6039
      vertex 33.9022 28.0866 34.0489
    endloop
  endfacet
  facet normal -0.978149 -4.68944e-06 0.207904
    outer loop
      vertex 34.0201 22.2931 34.6039
      vertex 33.0038 13.097 29.8222
      vertex 33.4333 12.5015 31.8429
    endloop
  endfacet
  facet normal -0.978148 1.13468e-05 0.207909
    outer loop
      vertex 34.3317 27.4911 36.0696
      vertex 33.9022 28.0866 34.0489
      vertex 34.0201 22.2931 34.6039
    endloop
  endfacet
  facet normal 0.0575875 0.960875 0.27093
    outer loop
      vertex 49.5908 27.4911 32.8262
      vertex 33.9022 28.0866 34.0489
      vertex 34.3317 27.4911 36.0696
    endloop
  endfacet
  facet normal 0.0575875 0.960875 0.27093
    outer loop
      vertex 33.9022 28.0866 34.0489
      vertex 49.5908 27.4911 32.8262
      vertex 49.1613 28.0866 30.8055
    endloop
  endfacet
  facet normal -0.0575875 -0.960875 -0.27093
    outer loop
      vertex 33.0038 13.097 29.8222
      vertex 48.6924 12.5015 28.5995
      vertex 33.4333 12.5015 31.8429
    endloop
  endfacet
  facet normal -0.0575875 -0.960875 -0.27093
    outer loop
      vertex 48.6924 12.5015 28.5995
      vertex 33.0038 13.097 29.8222
      vertex 48.2629 13.097 26.5788
    endloop
  endfacet
  facet normal -0.199866 0.277092 -0.939826
    outer loop
      vertex 47.2339 28.8413 25.5857
      vertex 39.9837 22.1153 25.1445
      vertex 41.5711 24.037 25.3735
    endloop
  endfacet
  facet normal -0.199762 0.277016 -0.939871
    outer loop
      vertex 33.5398 28.8413 28.4965
      vertex 41.5711 24.037 25.3735
      vertex 38.1426 24.037 26.1022
    endloop
  endfacet
  facet normal -0.199779 0.276991 -0.939875
    outer loop
      vertex 41.5711 24.037 25.3735
      vertex 33.5398 28.8413 28.4965
      vertex 47.2339 28.8413 25.5857
    endloop
  endfacet
  facet normal -0.199806 0.276976 -0.939874
    outer loop
      vertex 37.9123 20.1935 25.0185
      vertex 33.5398 28.8413 28.4965
      vertex 38.1426 24.037 26.1022
    endloop
  endfacet
  facet normal -0.199766 0.276997 -0.939876
    outer loop
      vertex 33.5398 28.8413 28.4965
      vertex 37.9123 20.1935 25.0185
      vertex 32.7336 15.3892 24.7033
    endloop
  endfacet
  facet normal -0.0575901 -0.96087 -0.270947
    outer loop
      vertex 47.5265 13.8657 26.9619
      vertex 32.7336 15.3892 24.7033
      vertex 46.4277 15.3892 21.7926
    endloop
  endfacet
  facet normal 0.199774 -0.276985 0.939877
    outer loop
      vertex 34.1246 18.7424 31.2477
      vertex 47.5265 13.8657 26.9619
      vertex 48.0404 22.4412 29.3799
    endloop
  endfacet
  facet normal 0.199772 -0.27699 0.939876
    outer loop
      vertex 47.5265 13.8657 26.9619
      vertex 34.1246 18.7424 31.2477
      vertex 33.8324 13.8657 29.8726
    endloop
  endfacet
  facet normal 0.978147 4.78733e-06 -0.207916
    outer loop
      vertex 48.3327 27.3179 30.755
      vertex 46.4277 15.3892 21.7926
      vertex 47.2339 28.8413 25.5857
    endloop
  endfacet
  facet normal -0.0575901 -0.96087 -0.270947
    outer loop
      vertex 33.8324 13.8657 29.8726
      vertex 32.7336 15.3892 24.7033
      vertex 47.5265 13.8657 26.9619
    endloop
  endfacet
  facet normal -0.978146 2.4284e-07 0.207917
    outer loop
      vertex 33.5398 28.8413 28.4965
      vertex 34.1246 18.7424 31.2477
      vertex 34.6386 27.3179 33.6658
    endloop
  endfacet
  facet normal -0.978149 -3.1938e-06 0.207905
    outer loop
      vertex 32.7336 15.3892 24.7033
      vertex 34.1246 18.7424 31.2477
      vertex 33.5398 28.8413 28.4965
    endloop
  endfacet
  facet normal -0.978147 -1.75689e-05 0.207912
    outer loop
      vertex 34.1246 18.7424 31.2477
      vertex 32.7336 15.3892 24.7033
      vertex 33.8324 13.8657 29.8726
    endloop
  endfacet
  facet normal -0.199769 0.27699 -0.939877
    outer loop
      vertex 46.4277 15.3892 21.7926
      vertex 39.9837 22.1153 25.1445
      vertex 47.2339 28.8413 25.5857
    endloop
  endfacet
  facet normal -0.19979 0.276971 -0.939878
    outer loop
      vertex 46.4277 15.3892 21.7926
      vertex 38.2453 20.1935 24.9477
      vertex 39.9837 22.1153 25.1445
    endloop
  endfacet
  facet normal -0.199772 0.276999 -0.939874
    outer loop
      vertex 32.7336 15.3892 24.7033
      vertex 38.2453 20.1935 24.9477
      vertex 46.4277 15.3892 21.7926
    endloop
  endfacet
  facet normal -0.199823 0.277057 -0.939846
    outer loop
      vertex 38.2453 20.1935 24.9477
      vertex 32.7336 15.3892 24.7033
      vertex 37.9123 20.1935 25.0185
    endloop
  endfacet
  facet normal 0.978149 -5.15947e-06 -0.207903
    outer loop
      vertex 48.0404 22.4412 29.3799
      vertex 46.4277 15.3892 21.7926
      vertex 48.3327 27.3179 30.755
    endloop
  endfacet
  facet normal 0.978147 8.04978e-06 -0.207915
    outer loop
      vertex 46.4277 15.3892 21.7926
      vertex 48.0404 22.4412 29.3799
      vertex 47.5265 13.8657 26.9619
    endloop
  endfacet
  facet normal 0.0575885 0.960875 0.27093
    outer loop
      vertex 48.3327 27.3179 30.755
      vertex 33.5398 28.8413 28.4965
      vertex 34.6386 27.3179 33.6658
    endloop
  endfacet
  facet normal 0.0575885 0.960875 0.27093
    outer loop
      vertex 33.5398 28.8413 28.4965
      vertex 48.3327 27.3179 30.755
      vertex 47.2339 28.8413 25.5857
    endloop
  endfacet
  facet normal -0.978145 -2.07496e-05 0.207923
    outer loop
      vertex 37.253 21.1076 21.9169
      vertex 38.1426 24.037 26.1022
      vertex 37.4833 24.9511 23.0007
    endloop
  endfacet
  facet normal -0.978146 -1.40098e-05 0.207918
    outer loop
      vertex 38.1426 24.037 26.1022
      vertex 37.253 21.1076 21.9169
      vertex 37.9123 20.1935 25.0185
    endloop
  endfacet
  facet normal 0.199777 -0.277023 0.939866
    outer loop
      vertex 39.9837 22.1153 25.1445
      vertex 42.0552 24.037 25.2706
      vertex 41.5711 24.037 25.3735
    endloop
  endfacet
  facet normal 0.199753 -0.276998 0.939878
    outer loop
      vertex 42.0552 24.037 25.2706
      vertex 39.9837 22.1153 25.1445
      vertex 41.8249 20.1935 24.1868
    endloop
  endfacet
  facet normal 0.199786 -0.276968 0.93988
    outer loop
      vertex 41.8249 20.1935 24.1868
      vertex 39.9837 22.1153 25.1445
      vertex 38.2453 20.1935 24.9477
    endloop
  endfacet
  facet normal 0.978146 1.40098e-05 -0.207918
    outer loop
      vertex 42.0552 24.037 25.2706
      vertex 41.1656 21.1076 21.0853
      vertex 41.3959 24.9511 22.169
    endloop
  endfacet
  facet normal 0.978145 2.07496e-05 -0.207923
    outer loop
      vertex 41.1656 21.1076 21.0853
      vertex 42.0552 24.037 25.2706
      vertex 41.8249 20.1935 24.1868
    endloop
  endfacet
  facet normal -0.0575951 -0.960868 -0.270952
    outer loop
      vertex 38.2453 20.1935 24.9477
      vertex 41.1656 21.1076 21.0853
      vertex 41.8249 20.1935 24.1868
    endloop
  endfacet
  facet normal -0.05761 -0.960864 -0.270962
    outer loop
      vertex 41.1656 21.1076 21.0853
      vertex 38.2453 20.1935 24.9477
      vertex 37.9123 20.1935 25.0185
    endloop
  endfacet
  facet normal 0.0575889 0.960868 0.270953
    outer loop
      vertex 41.5711 24.037 25.3735
      vertex 37.4833 24.9511 23.0007
      vertex 38.1426 24.037 26.1022
    endloop
  endfacet
  facet normal 0.0575925 0.96087 0.270948
    outer loop
      vertex 37.4833 24.9511 23.0007
      vertex 41.5711 24.037 25.3735
      vertex 42.0552 24.037 25.2706
    endloop
  endfacet
  facet normal 0.0575945 0.960871 0.270944
    outer loop
      vertex 41.3959 24.9511 22.169
      vertex 37.4833 24.9511 23.0007
      vertex 42.0552 24.037 25.2706
    endloop
  endfacet
  facet normal -0.199789 0.276976 -0.939877
    outer loop
      vertex 41.1656 21.1076 21.0853
      vertex 37.4833 24.9511 23.0007
      vertex 41.3959 24.9511 22.169
    endloop
  endfacet
  facet normal -0.199765 0.276998 -0.939875
    outer loop
      vertex 37.4833 24.9511 23.0007
      vertex 41.1656 21.1076 21.0853
      vertex 37.253 21.1076 21.9169
    endloop
  endfacet
  facet normal -0.0575878 -0.960871 -0.270945
    outer loop
      vertex 37.9123 20.1935 25.0185
      vertex 37.253 21.1076 21.9169
      vertex 41.1656 21.1076 21.0853
    endloop
  endfacet
  facet normal 0.997027 0 -0.0770471
    outer loop
      vertex 50.9271 -7.25 41.7583
      vertex 49.8467 9.1 27.7774
      vertex 50.9271 7.25 41.7583
    endloop
  endfacet
  facet normal 0.997027 0 -0.0770471
    outer loop
      vertex 49.8467 9.1 27.7774
      vertex 50.9271 -7.25 41.7583
      vertex 49.8467 -9.1 27.7774
    endloop
  endfacet
  facet normal -0.978123 0 0.208026
    outer loop
      vertex 32.0236 -9.1 31.4636
      vertex 32.0444 9.1 31.5614
      vertex 32.0236 9.1 31.4636
    endloop
  endfacet
  facet normal -0.978123 0 0.208026
    outer loop
      vertex 32.0444 9.1 31.5614
      vertex 32.0236 -9.1 31.4636
      vertex 32.0444 -9.1 31.5614
    endloop
  endfacet
  facet normal 0.0274296 0.991259 0.129047
    outer loop
      vertex 50.9271 7.25 41.7583
      vertex 32.0444 9.1 31.5614
      vertex 36.7439 7.25 44.773
    endloop
  endfacet
  facet normal -0.207921 0 -0.978146
    outer loop
      vertex 49.8259 -9.1 27.6796
      vertex 48.5543 -7.8 27.9499
      vertex 49.8259 9.1 27.6796
    endloop
  endfacet
  facet normal -0.20791 1.12076e-05 -0.978148
    outer loop
      vertex 49.8259 -9.1 27.6796
      vertex 33.2952 -7.8 31.1933
      vertex 48.5543 -7.8 27.9499
    endloop
  endfacet
  facet normal -0.207921 0 -0.978146
    outer loop
      vertex 33.2952 -7.8 31.1933
      vertex 32.0236 -9.1 31.4636
      vertex 33.2952 7.8 31.1933
    endloop
  endfacet
  facet normal -0.207912 -9.6065e-06 -0.978148
    outer loop
      vertex 32.0236 -9.1 31.4636
      vertex 33.2952 -7.8 31.1933
      vertex 49.8259 -9.1 27.6796
    endloop
  endfacet
  facet normal -0.207921 -0 -0.978146
    outer loop
      vertex 48.5543 7.8 27.9499
      vertex 49.8259 9.1 27.6796
      vertex 48.5543 -7.8 27.9499
    endloop
  endfacet
  facet normal -0.20791 -1.12076e-05 -0.978148
    outer loop
      vertex 33.2952 7.8 31.1933
      vertex 49.8259 9.1 27.6796
      vertex 48.5543 7.8 27.9499
    endloop
  endfacet
  facet normal -0.207912 9.6065e-06 -0.978148
    outer loop
      vertex 33.2952 7.8 31.1933
      vertex 32.0236 9.1 31.4636
      vertex 49.8259 9.1 27.6796
    endloop
  endfacet
  facet normal -0.207921 -0 -0.978146
    outer loop
      vertex 32.0236 9.1 31.4636
      vertex 33.2952 7.8 31.1933
      vertex 32.0236 -9.1 31.4636
    endloop
  endfacet
  facet normal 0.978123 0 -0.208026
    outer loop
      vertex 49.8467 -9.1 27.7774
      vertex 49.8259 9.1 27.6796
      vertex 49.8467 9.1 27.7774
    endloop
  endfacet
  facet normal 0.978123 0 -0.208026
    outer loop
      vertex 49.8259 9.1 27.6796
      vertex 49.8467 -9.1 27.7774
      vertex 49.8259 -9.1 27.6796
    endloop
  endfacet
  facet normal 0 1 0
    outer loop
      vertex 49.8467 9.1 27.7774
      vertex 32.0236 9.1 31.4636
      vertex 32.0444 9.1 31.5614
    endloop
  endfacet
  facet normal 0 1 0
    outer loop
      vertex 32.0236 9.1 31.4636
      vertex 49.8467 9.1 27.7774
      vertex 49.8259 9.1 27.6796
    endloop
  endfacet
  facet normal 0.0274298 0.991259 0.129047
    outer loop
      vertex 49.8467 9.1 27.7774
      vertex 32.0444 9.1 31.5614
      vertex 50.9271 7.25 41.7583
    endloop
  endfacet
  facet normal -0.942169 0 0.335139
    outer loop
      vertex 32.0444 9.1 31.5614
      vertex 36.7439 -7.25 44.773
      vertex 36.7439 7.25 44.773
    endloop
  endfacet
  facet normal -0.942169 0 0.335139
    outer loop
      vertex 36.7439 -7.25 44.773
      vertex 32.0444 9.1 31.5614
      vertex 32.0444 -9.1 31.5614
    endloop
  endfacet
  facet normal 0.20791 0 0.978148
    outer loop
      vertex 36.7439 7.25 44.773
      vertex 50.9271 -7.25 41.7583
      vertex 50.9271 7.25 41.7583
    endloop
  endfacet
  facet normal 0.20791 0 0.978148
    outer loop
      vertex 50.9271 -7.25 41.7583
      vertex 36.7439 7.25 44.773
      vertex 36.7439 -7.25 44.773
    endloop
  endfacet
  facet normal 0 -1 0
    outer loop
      vertex 32.0236 -9.1 31.4636
      vertex 49.8467 -9.1 27.7774
      vertex 32.0444 -9.1 31.5614
    endloop
  endfacet
  facet normal -0 -1 0
    outer loop
      vertex 49.8467 -9.1 27.7774
      vertex 32.0236 -9.1 31.4636
      vertex 49.8259 -9.1 27.6796
    endloop
  endfacet
  facet normal 0.0274298 -0.991259 0.129047
    outer loop
      vertex 50.9271 -7.25 41.7583
      vertex 32.0444 -9.1 31.5614
      vertex 49.8467 -9.1 27.7774
    endloop
  endfacet
  facet normal 0.0274296 -0.991259 0.129047
    outer loop
      vertex 36.7439 -7.25 44.773
      vertex 32.0444 -9.1 31.5614
      vertex 50.9271 -7.25 41.7583
    endloop
  endfacet
  facet normal 0.978148 0 -0.207909
    outer loop
      vertex 48.5543 -7.8 27.9499
      vertex 48.1073 7.8 25.8469
      vertex 48.5543 7.8 27.9499
    endloop
  endfacet
  facet normal 0.978148 0 -0.207909
    outer loop
      vertex 48.1073 7.8 25.8469
      vertex 48.5543 -7.8 27.9499
      vertex 48.1073 -7.8 25.8469
    endloop
  endfacet
  facet normal -0.20791 0 -0.978148
    outer loop
      vertex 32.8482 -7.8 29.0903
      vertex 48.1073 7.8 25.8469
      vertex 48.1073 -7.8 25.8469
    endloop
  endfacet
  facet normal -0.20791 0 -0.978148
    outer loop
      vertex 48.1073 7.8 25.8469
      vertex 32.8482 -7.8 29.0903
      vertex 32.8482 7.8 29.0903
    endloop
  endfacet
  facet normal -0.978148 0 0.207909
    outer loop
      vertex 32.8482 -7.8 29.0903
      vertex 33.2952 7.8 31.1933
      vertex 32.8482 7.8 29.0903
    endloop
  endfacet
  facet normal -0.978148 0 0.207909
    outer loop
      vertex 33.2952 7.8 31.1933
      vertex 32.8482 -7.8 29.0903
      vertex 33.2952 -7.8 31.1933
    endloop
  endfacet
  facet normal 0 1 0
    outer loop
      vertex 48.5543 7.8 27.9499
      vertex 32.8482 7.8 29.0903
      vertex 33.2952 7.8 31.1933
    endloop
  endfacet
  facet normal 0 1 0
    outer loop
      vertex 32.8482 7.8 29.0903
      vertex 48.5543 7.8 27.9499
      vertex 48.1073 7.8 25.8469
    endloop
  endfacet
  facet normal 0 -1 0
    outer loop
      vertex 32.8482 -7.8 29.0903
      vertex 48.5543 -7.8 27.9499
      vertex 33.2952 -7.8 31.1933
    endloop
  endfacet
  facet normal -0 -1 0
    outer loop
      vertex 48.5543 -7.8 27.9499
      vertex 32.8482 -7.8 29.0903
      vertex 48.1073 -7.8 25.8469
    endloop
  endfacet
  facet normal 0.978148 0 -0.20791
    outer loop
      vertex 47.3248 -7 26.0132
      vertex 46.1813 7 20.6334
      vertex 47.3248 7 26.0132
    endloop
  endfacet
  facet normal 0.978148 0 -0.20791
    outer loop
      vertex 46.1813 7 20.6334
      vertex 47.3248 -7 26.0132
      vertex 46.1813 -7 20.6334
    endloop
  endfacet
  facet normal 0.207907 0 0.978149
    outer loop
      vertex 33.6307 7 28.9239
      vertex 47.3248 -7 26.0132
      vertex 47.3248 7 26.0132
    endloop
  endfacet
  facet normal 0.207907 0 0.978149
    outer loop
      vertex 47.3248 -7 26.0132
      vertex 33.6307 7 28.9239
      vertex 33.6307 -7 28.9239
    endloop
  endfacet
  facet normal -0.20791 0 -0.978148
    outer loop
      vertex 46.1813 -7 20.6334
      vertex 40.3555 -2 21.8717
      vertex 46.1813 7 20.6334
    endloop
  endfacet
  facet normal -0.207907 3.54242e-06 -0.978149
    outer loop
      vertex 32.4872 -7 23.5441
      vertex 40.3555 -2 21.8717
      vertex 46.1813 -7 20.6334
    endloop
  endfacet
  facet normal -0.207902 0 -0.97815
    outer loop
      vertex 37.3779 -2 22.5046
      vertex 32.4872 -7 23.5441
      vertex 37.3779 2 22.5046
    endloop
  endfacet
  facet normal -0.207909 7.15018e-06 -0.978148
    outer loop
      vertex 40.3555 -2 21.8717
      vertex 32.4872 -7 23.5441
      vertex 37.3779 -2 22.5046
    endloop
  endfacet
  facet normal -0.20791 -0 -0.978148
    outer loop
      vertex 40.3555 2 21.8717
      vertex 46.1813 7 20.6334
      vertex 40.3555 -2 21.8717
    endloop
  endfacet
  facet normal -0.207909 -7.15018e-06 -0.978148
    outer loop
      vertex 32.4872 7 23.5441
      vertex 40.3555 2 21.8717
      vertex 37.3779 2 22.5046
    endloop
  endfacet
  facet normal -0.207907 -3.54242e-06 -0.978149
    outer loop
      vertex 40.3555 2 21.8717
      vertex 32.4872 7 23.5441
      vertex 46.1813 7 20.6334
    endloop
  endfacet
  facet normal -0.207902 -0 -0.97815
    outer loop
      vertex 32.4872 7 23.5441
      vertex 37.3779 2 22.5046
      vertex 32.4872 -7 23.5441
    endloop
  endfacet
  facet normal -0.978148 0 0.20791
    outer loop
      vertex 32.4872 -7 23.5441
      vertex 33.6307 7 28.9239
      vertex 32.4872 7 23.5441
    endloop
  endfacet
  facet normal -0.978148 0 0.20791
    outer loop
      vertex 33.6307 7 28.9239
      vertex 32.4872 -7 23.5441
      vertex 33.6307 -7 28.9239
    endloop
  endfacet
  facet normal 0 1 0
    outer loop
      vertex 47.3248 7 26.0132
      vertex 32.4872 7 23.5441
      vertex 33.6307 7 28.9239
    endloop
  endfacet
  facet normal -0 1 0
    outer loop
      vertex 32.4872 7 23.5441
      vertex 47.3248 7 26.0132
      vertex 46.1813 7 20.6334
    endloop
  endfacet
  facet normal 0 -1 0
    outer loop
      vertex 32.4872 -7 23.5441
      vertex 47.3248 -7 26.0132
      vertex 33.6307 -7 28.9239
    endloop
  endfacet
  facet normal 0 -1 0
    outer loop
      vertex 47.3248 -7 26.0132
      vertex 32.4872 -7 23.5441
      vertex 46.1813 -7 20.6334
    endloop
  endfacet
  facet normal 0 1 0
    outer loop
      vertex 40.3555 2 21.8717
      vertex 36.6918 2 19.2767
      vertex 37.3779 2 22.5046
    endloop
  endfacet
  facet normal 0 1 -0
    outer loop
      vertex 40.6044 2 18.445
      vertex 40.3555 2 21.8717
      vertex 41.2905 2 21.6729
    endloop
  endfacet
  facet normal 0 1 0
    outer loop
      vertex 40.3555 2 21.8717
      vertex 40.6044 2 18.445
      vertex 36.6918 2 19.2767
    endloop
  endfacet
  facet normal 0 -1 0
    outer loop
      vertex 36.6918 -2 19.2767
      vertex 40.3555 -2 21.8717
      vertex 37.3779 -2 22.5046
    endloop
  endfacet
  facet normal 0 -1 0
    outer loop
      vertex 40.6044 -2 18.445
      vertex 40.3555 -2 21.8717
      vertex 36.6918 -2 19.2767
    endloop
  endfacet
  facet normal 0 -1 0
    outer loop
      vertex 40.3555 -2 21.8717
      vertex 40.6044 -2 18.445
      vertex 41.2905 -2 21.6729
    endloop
  endfacet
  facet normal 0.207971 0 0.978135
    outer loop
      vertex 40.3555 2 21.8717
      vertex 41.2905 -2 21.6729
      vertex 41.2905 2 21.6729
    endloop
  endfacet
  facet normal 0.207971 0 0.978135
    outer loop
      vertex 41.2905 -2 21.6729
      vertex 40.3555 2 21.8717
      vertex 40.3555 -2 21.8717
    endloop
  endfacet
  facet normal 0.978148 0 -0.207908
    outer loop
      vertex 41.2905 -2 21.6729
      vertex 40.6044 2 18.445
      vertex 41.2905 2 21.6729
    endloop
  endfacet
  facet normal 0.978148 0 -0.207908
    outer loop
      vertex 40.6044 2 18.445
      vertex 41.2905 -2 21.6729
      vertex 40.6044 -2 18.445
    endloop
  endfacet
  facet normal -0.978148 0 0.207908
    outer loop
      vertex 36.6918 -2 19.2767
      vertex 37.3779 2 22.5046
      vertex 36.6918 2 19.2767
    endloop
  endfacet
  facet normal -0.978148 0 0.207908
    outer loop
      vertex 37.3779 2 22.5046
      vertex 36.6918 -2 19.2767
      vertex 37.3779 -2 22.5046
    endloop
  endfacet
  facet normal -0.207924 0 -0.978145
    outer loop
      vertex 36.6918 -2 19.2767
      vertex 40.6044 2 18.445
      vertex 40.6044 -2 18.445
    endloop
  endfacet
  facet normal -0.207924 0 -0.978145
    outer loop
      vertex 40.6044 2 18.445
      vertex 36.6918 -2 19.2767
      vertex 36.6918 2 19.2767
    endloop
  endfacet
  facet normal -0.978109 5.01018e-05 0.208094
    outer loop
      vertex 32.1068 -11.2247 31.855
      vertex 32.0868 -11.2524 31.761
      vertex 33.135 -28.7402 36.6921
    endloop
  endfacet
  facet normal 0.0834429 -0.915929 0.39257
    outer loop
      vertex 51.8181 -23.0847 45.9497
      vertex 33.1549 -28.7125 36.7861
      vertex 50.9573 -28.7125 33.0021
    endloop
  endfacet
  facet normal 0.978109 -5.52659e-05 -0.208092
    outer loop
      vertex 50.9373 -28.7402 32.9081
      vertex 49.8892 -11.2524 27.977
      vertex 50.9573 -28.7125 33.0021
    endloop
  endfacet
  facet normal -0.199779 -0.276996 -0.939873
    outer loop
      vertex 33.135 -28.7402 36.6921
      vertex 34.0201 -22.2931 34.6039
      vertex 34.3317 -27.4911 36.0696
    endloop
  endfacet
  facet normal -0.199787 -0.276994 -0.939872
    outer loop
      vertex 32.0868 -11.2524 31.761
      vertex 34.0201 -22.2931 34.6039
      vertex 33.135 -28.7402 36.6921
    endloop
  endfacet
  facet normal -0.199776 -0.276985 -0.939877
    outer loop
      vertex 33.4333 -12.5015 31.8429
      vertex 49.8892 -11.2524 27.977
      vertex 48.6924 -12.5015 28.5995
    endloop
  endfacet
  facet normal -0.199776 -0.276979 -0.939879
    outer loop
      vertex 33.4333 -12.5015 31.8429
      vertex 32.0868 -11.2524 31.761
      vertex 49.8892 -11.2524 27.977
    endloop
  endfacet
  facet normal -0.199791 -0.276995 -0.939871
    outer loop
      vertex 34.0201 -22.2931 34.6039
      vertex 32.0868 -11.2524 31.761
      vertex 33.4333 -12.5015 31.8429
    endloop
  endfacet
  facet normal 0.199776 0.276993 0.939875
    outer loop
      vertex 50.983 -9.15211 42.0211
      vertex 36.7999 -9.15211 45.0358
      vertex 51.8181 -23.0847 45.9497
    endloop
  endfacet
  facet normal 0.199775 0.276991 0.939875
    outer loop
      vertex 51.8181 -23.0847 45.9497
      vertex 36.7999 -9.15211 45.0358
      vertex 37.6349 -23.0847 48.9644
    endloop
  endfacet
  facet normal -0.943239 0.0365489 0.330099
    outer loop
      vertex 36.7999 -9.15211 45.0358
      vertex 32.1068 -11.2247 31.855
      vertex 37.6349 -23.0847 48.9644
    endloop
  endfacet
  facet normal -0.199791 -0.276995 -0.939871
    outer loop
      vertex 49.004 -17.6995 30.0652
      vertex 50.9373 -28.7402 32.9081
      vertex 49.5908 -27.4911 32.8262
    endloop
  endfacet
  facet normal -0.199777 -0.276981 -0.939878
    outer loop
      vertex 33.135 -28.7402 36.6921
      vertex 49.5908 -27.4911 32.8262
      vertex 50.9373 -28.7402 32.9081
    endloop
  endfacet
  facet normal -0.199775 -0.277 -0.939873
    outer loop
      vertex 49.5908 -27.4911 32.8262
      vertex 33.135 -28.7402 36.6921
      vertex 34.3317 -27.4911 36.0696
    endloop
  endfacet
  facet normal -0.199777 -0.276993 -0.939874
    outer loop
      vertex 50.9373 -28.7402 32.9081
      vertex 49.004 -17.6995 30.0652
      vertex 49.8892 -11.2524 27.977
    endloop
  endfacet
  facet normal -0.199764 -0.276996 -0.939876
    outer loop
      vertex 49.8892 -11.2524 27.977
      vertex 49.004 -17.6995 30.0652
      vertex 48.6924 -12.5015 28.5995
    endloop
  endfacet
  facet normal 0.995954 0.0365463 -0.0820996
    outer loop
      vertex 51.8181 -23.0847 45.9497
      vertex 50.9573 -28.7125 33.0021
      vertex 50.983 -9.15211 42.0211
    endloop
  endfacet
  facet normal 0.0834426 -0.915929 0.392571
    outer loop
      vertex 37.6349 -23.0847 48.9644
      vertex 33.1549 -28.7125 36.7861
      vertex 51.8181 -23.0847 45.9497
    endloop
  endfacet
  facet normal -0.0307301 0.989017 -0.144574
    outer loop
      vertex 50.983 -9.15211 42.0211
      vertex 32.1068 -11.2247 31.855
      vertex 36.7999 -9.15211 45.0358
    endloop
  endfacet
  facet normal -0.0575936 0.960867 -0.270956
    outer loop
      vertex 49.8892 -11.2524 27.977
      vertex 32.1068 -11.2247 31.855
      vertex 49.9091 -11.2247 28.071
    endloop
  endfacet
  facet normal -0.0575818 0.960883 -0.270902
    outer loop
      vertex 49.8892 -11.2524 27.977
      vertex 32.0868 -11.2524 31.761
      vertex 32.1068 -11.2247 31.855
    endloop
  endfacet
  facet normal -0.0307302 0.989017 -0.144574
    outer loop
      vertex 49.9091 -11.2247 28.071
      vertex 32.1068 -11.2247 31.855
      vertex 50.983 -9.15211 42.0211
    endloop
  endfacet
  facet normal 0.978304 0.000220838 -0.207174
    outer loop
      vertex 50.9573 -28.7125 33.0021
      vertex 49.8892 -11.2524 27.977
      vertex 49.9091 -11.2247 28.071
    endloop
  endfacet
  facet normal 0.995954 0.0365464 -0.0820998
    outer loop
      vertex 50.9573 -28.7125 33.0021
      vertex 49.9091 -11.2247 28.071
      vertex 50.983 -9.15211 42.0211
    endloop
  endfacet
  facet normal -0.978304 -0.000215673 0.207173
    outer loop
      vertex 33.1549 -28.7125 36.7861
      vertex 32.1068 -11.2247 31.855
      vertex 33.135 -28.7402 36.6921
    endloop
  endfacet
  facet normal -0.943239 0.0365475 0.330098
    outer loop
      vertex 37.6349 -23.0847 48.9644
      vertex 32.1068 -11.2247 31.855
      vertex 33.1549 -28.7125 36.7861
    endloop
  endfacet
  facet normal 0.0575818 -0.960883 0.270902
    outer loop
      vertex 50.9573 -28.7125 33.0021
      vertex 33.1549 -28.7125 36.7861
      vertex 50.9373 -28.7402 32.9081
    endloop
  endfacet
  facet normal 0.0575936 -0.960867 0.270956
    outer loop
      vertex 33.1549 -28.7125 36.7861
      vertex 33.135 -28.7402 36.6921
      vertex 50.9373 -28.7402 32.9081
    endloop
  endfacet
  facet normal -0.978148 -1.13468e-05 0.207909
    outer loop
      vertex 33.9022 -28.0866 34.0489
      vertex 34.3317 -27.4911 36.0696
      vertex 34.0201 -22.2931 34.6039
    endloop
  endfacet
  facet normal 0.978149 -4.68944e-06 -0.207904
    outer loop
      vertex 49.1613 -28.0866 30.8055
      vertex 49.004 -17.6995 30.0652
      vertex 49.5908 -27.4911 32.8262
    endloop
  endfacet
  facet normal 0.978143 -6.72671e-06 -0.207932
    outer loop
      vertex 49.004 -17.6995 30.0652
      vertex 49.1613 -28.0866 30.8055
      vertex 48.2629 -13.097 26.5788
    endloop
  endfacet
  facet normal -0.978149 4.68944e-06 0.207904
    outer loop
      vertex 33.0038 -13.097 29.8222
      vertex 34.0201 -22.2931 34.6039
      vertex 33.4333 -12.5015 31.8429
    endloop
  endfacet
  facet normal -0.978154 -8.46976e-06 0.20788
    outer loop
      vertex 34.0201 -22.2931 34.6039
      vertex 33.0038 -13.097 29.8222
      vertex 33.9022 -28.0866 34.0489
    endloop
  endfacet
  facet normal -0.0575875 0.960875 -0.27093
    outer loop
      vertex 48.6924 -12.5015 28.5995
      vertex 33.0038 -13.097 29.8222
      vertex 33.4333 -12.5015 31.8429
    endloop
  endfacet
  facet normal -0.0575875 0.960875 -0.27093
    outer loop
      vertex 33.0038 -13.097 29.8222
      vertex 48.6924 -12.5015 28.5995
      vertex 48.2629 -13.097 26.5788
    endloop
  endfacet
  facet normal -0.19977 -0.277081 -0.93985
    outer loop
      vertex 33.9022 -28.0866 34.0489
      vertex 48.3327 -27.3179 30.755
      vertex 49.1613 -28.0866 30.8055
    endloop
  endfacet
  facet normal -0.199803 -0.276998 -0.939868
    outer loop
      vertex 34.6386 -27.3179 33.6658
      vertex 33.9022 -28.0866 34.0489
      vertex 34.1246 -18.7424 31.2477
    endloop
  endfacet
  facet normal -0.199777 -0.277022 -0.939866
    outer loop
      vertex 48.3327 -27.3179 30.755
      vertex 33.9022 -28.0866 34.0489
      vertex 34.6386 -27.3179 33.6658
    endloop
  endfacet
  facet normal -0.199687 -0.276994 -0.939893
    outer loop
      vertex 48.0404 -22.4412 29.3799
      vertex 49.1613 -28.0866 30.8055
      vertex 48.3327 -27.3179 30.755
    endloop
  endfacet
  facet normal -0.199696 -0.276995 -0.939891
    outer loop
      vertex 49.1613 -28.0866 30.8055
      vertex 48.0404 -22.4412 29.3799
      vertex 48.2629 -13.097 26.5788
    endloop
  endfacet
  facet normal -0.199775 -0.276989 -0.939876
    outer loop
      vertex 34.1246 -18.7424 31.2477
      vertex 48.2629 -13.097 26.5788
      vertex 48.0404 -22.4412 29.3799
    endloop
  endfacet
  facet normal -0.199776 -0.276987 -0.939877
    outer loop
      vertex 34.1246 -18.7424 31.2477
      vertex 33.0038 -13.097 29.8222
      vertex 48.2629 -13.097 26.5788
    endloop
  endfacet
  facet normal -0.199835 -0.276995 -0.939862
    outer loop
      vertex 33.0038 -13.097 29.8222
      vertex 34.1246 -18.7424 31.2477
      vertex 33.9022 -28.0866 34.0489
    endloop
  endfacet
  facet normal 0.0575875 -0.960875 0.27093
    outer loop
      vertex 33.9022 -28.0866 34.0489
      vertex 49.5908 -27.4911 32.8262
      vertex 34.3317 -27.4911 36.0696
    endloop
  endfacet
  facet normal 0.0575875 -0.960875 0.27093
    outer loop
      vertex 49.5908 -27.4911 32.8262
      vertex 33.9022 -28.0866 34.0489
      vertex 49.1613 -28.0866 30.8055
    endloop
  endfacet
  facet normal 0.978148 1.13468e-05 -0.207909
    outer loop
      vertex 49.004 -17.6995 30.0652
      vertex 48.2629 -13.097 26.5788
      vertex 48.6924 -12.5015 28.5995
    endloop
  endfacet
  facet normal 0.199774 0.276985 0.939877
    outer loop
      vertex 47.5265 -13.8657 26.9619
      vertex 34.1246 -18.7424 31.2477
      vertex 48.0404 -22.4412 29.3799
    endloop
  endfacet
  facet normal 0.199772 0.27699 0.939876
    outer loop
      vertex 34.1246 -18.7424 31.2477
      vertex 47.5265 -13.8657 26.9619
      vertex 33.8324 -13.8657 29.8726
    endloop
  endfacet
  facet normal 0.978147 -4.78733e-06 -0.207916
    outer loop
      vertex 47.2339 -28.8413 25.5857
      vertex 46.4277 -15.3892 21.7926
      vertex 48.3327 -27.3179 30.755
    endloop
  endfacet
  facet normal -0.199769 -0.27699 -0.939877
    outer loop
      vertex 39.9837 -22.1153 25.1445
      vertex 46.4277 -15.3892 21.7926
      vertex 47.2339 -28.8413 25.5857
    endloop
  endfacet
  facet normal -0.19979 -0.276971 -0.939878
    outer loop
      vertex 38.2453 -20.1935 24.9477
      vertex 46.4277 -15.3892 21.7926
      vertex 39.9837 -22.1153 25.1445
    endloop
  endfacet
  facet normal -0.199823 -0.277057 -0.939846
    outer loop
      vertex 32.7336 -15.3892 24.7033
      vertex 38.2453 -20.1935 24.9477
      vertex 37.9123 -20.1935 25.0185
    endloop
  endfacet
  facet normal -0.199772 -0.276999 -0.939874
    outer loop
      vertex 38.2453 -20.1935 24.9477
      vertex 32.7336 -15.3892 24.7033
      vertex 46.4277 -15.3892 21.7926
    endloop
  endfacet
  facet normal -0.978147 1.75689e-05 0.207912
    outer loop
      vertex 32.7336 -15.3892 24.7033
      vertex 34.1246 -18.7424 31.2477
      vertex 33.8324 -13.8657 29.8726
    endloop
  endfacet
  facet normal -0.978149 3.1938e-06 0.207905
    outer loop
      vertex 33.5398 -28.8413 28.4965
      vertex 34.1246 -18.7424 31.2477
      vertex 32.7336 -15.3892 24.7033
    endloop
  endfacet
  facet normal -0.978146 -2.4284e-07 0.207917
    outer loop
      vertex 34.1246 -18.7424 31.2477
      vertex 33.5398 -28.8413 28.4965
      vertex 34.6386 -27.3179 33.6658
    endloop
  endfacet
  facet normal -0.0575901 0.96087 -0.270947
    outer loop
      vertex 47.5265 -13.8657 26.9619
      vertex 32.7336 -15.3892 24.7033
      vertex 33.8324 -13.8657 29.8726
    endloop
  endfacet
  facet normal -0.199779 -0.276991 -0.939875
    outer loop
      vertex 33.5398 -28.8413 28.4965
      vertex 41.5711 -24.037 25.3735
      vertex 47.2339 -28.8413 25.5857
    endloop
  endfacet
  facet normal -0.199762 -0.277016 -0.939871
    outer loop
      vertex 41.5711 -24.037 25.3735
      vertex 33.5398 -28.8413 28.4965
      vertex 38.1426 -24.037 26.1022
    endloop
  endfacet
  facet normal -0.199806 -0.276976 -0.939874
    outer loop
      vertex 33.5398 -28.8413 28.4965
      vertex 37.9123 -20.1935 25.0185
      vertex 38.1426 -24.037 26.1022
    endloop
  endfacet
  facet normal -0.199766 -0.276997 -0.939876
    outer loop
      vertex 37.9123 -20.1935 25.0185
      vertex 33.5398 -28.8413 28.4965
      vertex 32.7336 -15.3892 24.7033
    endloop
  endfacet
  facet normal -0.199866 -0.277092 -0.939826
    outer loop
      vertex 47.2339 -28.8413 25.5857
      vertex 41.5711 -24.037 25.3735
      vertex 39.9837 -22.1153 25.1445
    endloop
  endfacet
  facet normal 0.0575885 -0.960875 0.27093
    outer loop
      vertex 33.5398 -28.8413 28.4965
      vertex 48.3327 -27.3179 30.755
      vertex 34.6386 -27.3179 33.6658
    endloop
  endfacet
  facet normal 0.0575885 -0.960875 0.27093
    outer loop
      vertex 48.3327 -27.3179 30.755
      vertex 33.5398 -28.8413 28.4965
      vertex 47.2339 -28.8413 25.5857
    endloop
  endfacet
  facet normal -0.0575901 0.96087 -0.270947
    outer loop
      vertex 46.4277 -15.3892 21.7926
      vertex 32.7336 -15.3892 24.7033
      vertex 47.5265 -13.8657 26.9619
    endloop
  endfacet
  facet normal 0.978147 -8.04978e-06 -0.207915
    outer loop
      vertex 48.0404 -22.4412 29.3799
      vertex 46.4277 -15.3892 21.7926
      vertex 47.5265 -13.8657 26.9619
    endloop
  endfacet
  facet normal 0.978149 5.15947e-06 -0.207903
    outer loop
      vertex 46.4277 -15.3892 21.7926
      vertex 48.0404 -22.4412 29.3799
      vertex 48.3327 -27.3179 30.755
    endloop
  endfacet
  facet normal 0.199753 0.276998 0.939878
    outer loop
      vertex 39.9837 -22.1153 25.1445
      vertex 42.0552 -24.037 25.2706
      vertex 41.8249 -20.1935 24.1868
    endloop
  endfacet
  facet normal 0.199777 0.277023 0.939866
    outer loop
      vertex 42.0552 -24.037 25.2706
      vertex 39.9837 -22.1153 25.1445
      vertex 41.5711 -24.037 25.3735
    endloop
  endfacet
  facet normal 0.199786 0.276968 0.93988
    outer loop
      vertex 39.9837 -22.1153 25.1445
      vertex 41.8249 -20.1935 24.1868
      vertex 38.2453 -20.1935 24.9477
    endloop
  endfacet
  facet normal -0.05761 0.960864 -0.270962
    outer loop
      vertex 38.2453 -20.1935 24.9477
      vertex 41.1656 -21.1076 21.0853
      vertex 37.9123 -20.1935 25.0185
    endloop
  endfacet
  facet normal -0.0575951 0.960868 -0.270952
    outer loop
      vertex 41.1656 -21.1076 21.0853
      vertex 38.2453 -20.1935 24.9477
      vertex 41.8249 -20.1935 24.1868
    endloop
  endfacet
  facet normal 0.978145 -2.07496e-05 -0.207923
    outer loop
      vertex 42.0552 -24.037 25.2706
      vertex 41.1656 -21.1076 21.0853
      vertex 41.8249 -20.1935 24.1868
    endloop
  endfacet
  facet normal 0.978146 -1.40098e-05 -0.207918
    outer loop
      vertex 41.1656 -21.1076 21.0853
      vertex 42.0552 -24.037 25.2706
      vertex 41.3959 -24.9511 22.169
    endloop
  endfacet
  facet normal -0.978146 1.40098e-05 0.207918
    outer loop
      vertex 37.253 -21.1076 21.9169
      vertex 38.1426 -24.037 26.1022
      vertex 37.9123 -20.1935 25.0185
    endloop
  endfacet
  facet normal -0.978145 2.07496e-05 0.207923
    outer loop
      vertex 38.1426 -24.037 26.1022
      vertex 37.253 -21.1076 21.9169
      vertex 37.4833 -24.9511 23.0007
    endloop
  endfacet
  facet normal -0.0575878 0.960871 -0.270945
    outer loop
      vertex 41.1656 -21.1076 21.0853
      vertex 37.253 -21.1076 21.9169
      vertex 37.9123 -20.1935 25.0185
    endloop
  endfacet
  facet normal -0.199789 -0.276976 -0.939877
    outer loop
      vertex 37.4833 -24.9511 23.0007
      vertex 41.1656 -21.1076 21.0853
      vertex 41.3959 -24.9511 22.169
    endloop
  endfacet
  facet normal -0.199765 -0.276998 -0.939875
    outer loop
      vertex 41.1656 -21.1076 21.0853
      vertex 37.4833 -24.9511 23.0007
      vertex 37.253 -21.1076 21.9169
    endloop
  endfacet
  facet normal 0.0575945 -0.960871 0.270944
    outer loop
      vertex 42.0552 -24.037 25.2706
      vertex 37.4833 -24.9511 23.0007
      vertex 41.3959 -24.9511 22.169
    endloop
  endfacet
  facet normal 0.0575925 -0.96087 0.270948
    outer loop
      vertex 41.5711 -24.037 25.3735
      vertex 37.4833 -24.9511 23.0007
      vertex 42.0552 -24.037 25.2706
    endloop
  endfacet
  facet normal 0.0575889 -0.960868 0.270953
    outer loop
      vertex 37.4833 -24.9511 23.0007
      vertex 41.5711 -24.037 25.3735
      vertex 38.1426 -24.037 26.1022
    endloop
  endfacet
  facet normal 0.132925 -0.768917 0.625377
    outer loop
      vertex 53.586 -37.1128 54.2675
      vertex 35.3515 -46.0781 47.1202
      vertex 53.1538 -46.0781 43.3363
    endloop
  endfacet
  facet normal 0.992819 0.0702236 -0.0968488
    outer loop
      vertex 53.586 -37.1128 54.2675
      vertex 51.1396 -30.6708 33.8599
      vertex 51.9813 -24.8379 46.7177
    endloop
  endfacet
  facet normal -0.946376 0.0702332 0.31534
    outer loop
      vertex 37.7982 -24.8379 49.7324
      vertex 35.3515 -46.0781 47.1202
      vertex 39.4029 -37.1128 57.2822
    endloop
  endfacet
  facet normal 0.176007 0.53231 0.82805
    outer loop
      vertex 51.9813 -24.8379 46.7177
      vertex 39.4029 -37.1128 57.2822
      vertex 53.586 -37.1128 54.2675
    endloop
  endfacet
  facet normal 0.176007 0.53231 0.82805
    outer loop
      vertex 39.4029 -37.1128 57.2822
      vertex 51.9813 -24.8379 46.7177
      vertex 37.7982 -24.8379 49.7324
    endloop
  endfacet
  facet normal -0.0864817 0.909381 -0.406875
    outer loop
      vertex 51.1396 -30.6708 33.8599
      vertex 33.3373 -30.6708 37.6438
      vertex 37.7982 -24.8379 49.7324
    endloop
  endfacet
  facet normal 0.978147 -3.91083e-06 -0.207913
    outer loop
      vertex 53.1362 -46.1313 43.2534
      vertex 51.122 -30.7241 33.7771
      vertex 51.1396 -30.6708 33.8599
    endloop
  endfacet
  facet normal 0.978184 0.000105725 -0.20774
    outer loop
      vertex 53.1362 -46.1313 43.2534
      vertex 51.1396 -30.6708 33.8599
      vertex 53.1538 -46.0781 43.3363
    endloop
  endfacet
  facet normal -0.176015 -0.532317 -0.828044
    outer loop
      vertex 53.1362 -46.1313 43.2534
      vertex 46.4293 -45.0308 43.9716
      vertex 51.7208 -45.0308 42.8468
    endloop
  endfacet
  facet normal -0.176012 -0.53228 -0.828069
    outer loop
      vertex 35.3339 -46.1313 47.0374
      vertex 46.4293 -45.0308 43.9716
      vertex 53.1362 -46.1313 43.2534
    endloop
  endfacet
  facet normal -0.175995 -0.532342 -0.828032
    outer loop
      vertex 46.4293 -45.0308 43.9716
      vertex 35.3339 -46.1313 47.0374
      vertex 36.4616 -45.0308 46.0902
    endloop
  endfacet
  facet normal -0.176041 -0.532307 -0.828045
    outer loop
      vertex 35.3339 -46.1313 47.0374
      vertex 35.8629 -40.4512 43.2735
      vertex 36.4616 -45.0308 46.0902
    endloop
  endfacet
  facet normal -0.176008 -0.532312 -0.828049
    outer loop
      vertex 33.3197 -30.7241 37.561
      vertex 35.8629 -40.4512 43.2735
      vertex 35.3339 -46.1313 47.0374
    endloop
  endfacet
  facet normal -0.175996 -0.532311 -0.828052
    outer loop
      vertex 35.8629 -40.4512 43.2735
      vertex 33.3197 -30.7241 37.561
      vertex 34.7352 -31.8246 37.9676
    endloop
  endfacet
  facet normal -0.176011 -0.532312 -0.828048
    outer loop
      vertex 50.593 -36.4042 37.5409
      vertex 53.1362 -46.1313 43.2534
      vertex 51.7208 -45.0308 42.8468
    endloop
  endfacet
  facet normal -0.175969 -0.532308 -0.82806
    outer loop
      vertex 53.1362 -46.1313 43.2534
      vertex 50.593 -36.4042 37.5409
      vertex 51.122 -30.7241 33.7771
    endloop
  endfacet
  facet normal -0.175979 -0.532307 -0.828059
    outer loop
      vertex 49.9943 -31.8246 34.7242
      vertex 51.122 -30.7241 33.7771
      vertex 50.593 -36.4042 37.5409
    endloop
  endfacet
  facet normal -0.17601 -0.532282 -0.828068
    outer loop
      vertex 34.7352 -31.8246 37.9676
      vertex 51.122 -30.7241 33.7771
      vertex 49.9943 -31.8246 34.7242
    endloop
  endfacet
  facet normal -0.176002 -0.532317 -0.828047
    outer loop
      vertex 51.122 -30.7241 33.7771
      vertex 34.7352 -31.8246 37.9676
      vertex 33.3197 -30.7241 37.561
    endloop
  endfacet
  facet normal -0.0864839 0.90938 -0.406876
    outer loop
      vertex 51.1396 -30.6708 33.8599
      vertex 37.7982 -24.8379 49.7324
      vertex 51.9813 -24.8379 46.7177
    endloop
  endfacet
  facet normal 0.992819 0.0702237 -0.0968487
    outer loop
      vertex 53.1538 -46.0781 43.3363
      vertex 51.1396 -30.6708 33.8599
      vertex 53.586 -37.1128 54.2675
    endloop
  endfacet
  facet normal 0.132927 -0.76892 0.625374
    outer loop
      vertex 39.4029 -37.1128 57.2822
      vertex 35.3515 -46.0781 47.1202
      vertex 53.586 -37.1128 54.2675
    endloop
  endfacet
  facet normal -0.978147 4.87753e-06 0.207912
    outer loop
      vertex 33.3373 -30.6708 37.6438
      vertex 33.3197 -30.7241 37.561
      vertex 35.3339 -46.1313 47.0374
    endloop
  endfacet
  facet normal -0.110778 0.846224 -0.521184
    outer loop
      vertex 51.1396 -30.6708 33.8599
      vertex 33.3197 -30.7241 37.561
      vertex 33.3373 -30.6708 37.6438
    endloop
  endfacet
  facet normal -0.110778 0.846224 -0.521184
    outer loop
      vertex 33.3197 -30.7241 37.561
      vertex 51.1396 -30.6708 33.8599
      vertex 51.122 -30.7241 33.7771
    endloop
  endfacet
  facet normal 0.110629 -0.846675 0.520483
    outer loop
      vertex 35.3515 -46.0781 47.1202
      vertex 35.3339 -46.1313 47.0374
      vertex 53.1538 -46.0781 43.3363
    endloop
  endfacet
  facet normal 0.110541 -0.846951 0.520052
    outer loop
      vertex 53.1538 -46.0781 43.3363
      vertex 35.3339 -46.1313 47.0374
      vertex 53.1362 -46.1313 43.2534
    endloop
  endfacet
  facet normal -0.978147 4.88011e-06 0.207912
    outer loop
      vertex 35.3515 -46.0781 47.1202
      vertex 33.3373 -30.6708 37.6438
      vertex 35.3339 -46.1313 47.0374
    endloop
  endfacet
  facet normal -0.946376 0.0702331 0.315341
    outer loop
      vertex 37.7982 -24.8379 49.7324
      vertex 33.3373 -30.6708 37.6438
      vertex 35.3515 -46.0781 47.1202
    endloop
  endfacet
  facet normal -0.110675 0.846544 -0.520687
    outer loop
      vertex 49.9943 -31.8246 34.7242
      vertex 34.3567 -32.9691 36.1873
      vertex 34.7352 -31.8246 37.9676
    endloop
  endfacet
  facet normal -0.110675 0.846541 -0.520691
    outer loop
      vertex 34.3567 -32.9691 36.1873
      vertex 49.9943 -31.8246 34.7242
      vertex 49.6159 -32.9691 32.9439
    endloop
  endfacet
  facet normal 0.110664 -0.846562 0.520659
    outer loop
      vertex 36.0832 -46.1752 44.3099
      vertex 46.4293 -45.0308 43.9716
      vertex 36.4616 -45.0308 46.0902
    endloop
  endfacet
  facet normal 0.110665 -0.846573 0.520641
    outer loop
      vertex 46.4293 -45.0308 43.9716
      vertex 36.0832 -46.1752 44.3099
      vertex 51.3423 -46.1752 41.0665
    endloop
  endfacet
  facet normal -0.176006 -0.532312 -0.828049
    outer loop
      vertex 36.0832 -46.1752 44.3099
      vertex 49.6159 -32.9691 32.9439
      vertex 51.3423 -46.1752 41.0665
    endloop
  endfacet
  facet normal -0.176005 -0.532313 -0.828049
    outer loop
      vertex 49.6159 -32.9691 32.9439
      vertex 36.0832 -46.1752 44.3099
      vertex 34.3567 -32.9691 36.1873
    endloop
  endfacet
  facet normal 0.978149 2.26379e-06 -0.207905
    outer loop
      vertex 50.593 -36.4042 37.5409
      vertex 49.6159 -32.9691 32.9439
      vertex 49.9943 -31.8246 34.7242
    endloop
  endfacet
  facet normal -0.978142 2.91582e-05 0.207939
    outer loop
      vertex 34.3567 -32.9691 36.1873
      vertex 35.8629 -40.4512 43.2735
      vertex 34.7352 -31.8246 37.9676
    endloop
  endfacet
  facet normal -0.978149 -1.91354e-06 0.207907
    outer loop
      vertex 35.8629 -40.4512 43.2735
      vertex 34.3567 -32.9691 36.1873
      vertex 36.0832 -46.1752 44.3099
    endloop
  endfacet
  facet normal -0.978149 -2.26385e-06 0.207905
    outer loop
      vertex 36.4616 -45.0308 46.0902
      vertex 35.8629 -40.4512 43.2735
      vertex 36.0832 -46.1752 44.3099
    endloop
  endfacet
  facet normal 0.978141 -2.1033e-05 -0.207944
    outer loop
      vertex 51.3423 -46.1752 41.0665
      vertex 50.593 -36.4042 37.5409
      vertex 51.7208 -45.0308 42.8468
    endloop
  endfacet
  facet normal 0.978147 -9.88866e-06 -0.207914
    outer loop
      vertex 50.593 -36.4042 37.5409
      vertex 51.3423 -46.1752 41.0665
      vertex 49.6159 -32.9691 32.9439
    endloop
  endfacet
  facet normal 0.110674 -0.846565 0.520653
    outer loop
      vertex 51.7208 -45.0308 42.8468
      vertex 46.4293 -45.0308 43.9716
      vertex 51.3423 -46.1752 41.0665
    endloop
  endfacet
  facet normal 0.176009 0.53231 0.82805
    outer loop
      vertex 48.9219 -33.6463 33.5268
      vertex 36.7772 -45.498 43.7271
      vertex 50.4713 -45.498 40.8163
    endloop
  endfacet
  facet normal 0.978146 -6.91594e-06 -0.207918
    outer loop
      vertex 49.5032 -48.4257 36.262
      vertex 48.9219 -33.6463 33.5268
      vertex 50.4713 -45.498 40.8163
    endloop
  endfacet
  facet normal 0.176003 0.532315 0.828048
    outer loop
      vertex 48.9219 -33.6463 33.5268
      vertex 35.2278 -33.6463 36.4375
      vertex 36.7772 -45.498 43.7271
    endloop
  endfacet
  facet normal 0.978146 -6.91594e-06 -0.207918
    outer loop
      vertex 49.5032 -48.4257 36.262
      vertex 47.9538 -36.574 28.9725
      vertex 48.9219 -33.6463 33.5268
    endloop
  endfacet
  facet normal -0.978146 6.91594e-06 0.207918
    outer loop
      vertex 36.7772 -45.498 43.7271
      vertex 34.2597 -36.574 31.8833
      vertex 35.8091 -48.4257 39.1728
    endloop
  endfacet
  facet normal -0.176008 -0.53231 -0.82805
    outer loop
      vertex 49.5032 -48.4257 36.262
      vertex 44.0591 -44.193 34.6982
      vertex 47.9538 -36.574 28.9725
    endloop
  endfacet
  facet normal -0.176009 -0.532311 -0.828049
    outer loop
      vertex 35.8091 -48.4257 39.1728
      vertex 44.0591 -44.193 34.6982
      vertex 49.5032 -48.4257 36.262
    endloop
  endfacet
  facet normal -0.176023 -0.532308 -0.828048
    outer loop
      vertex 40.1465 -44.193 35.5298
      vertex 35.8091 -48.4257 39.1728
      vertex 39.7038 -40.8068 33.4471
    endloop
  endfacet
  facet normal -0.175995 -0.532329 -0.828041
    outer loop
      vertex 44.0591 -44.193 34.6982
      vertex 35.8091 -48.4257 39.1728
      vertex 40.1465 -44.193 35.5298
    endloop
  endfacet
  facet normal -0.176012 -0.532308 -0.828051
    outer loop
      vertex 43.6164 -40.8068 32.6155
      vertex 47.9538 -36.574 28.9725
      vertex 44.0591 -44.193 34.6982
    endloop
  endfacet
  facet normal -0.175996 -0.53232 -0.828046
    outer loop
      vertex 39.7038 -40.8068 33.4471
      vertex 47.9538 -36.574 28.9725
      vertex 43.6164 -40.8068 32.6155
    endloop
  endfacet
  facet normal -0.17601 -0.532302 -0.828055
    outer loop
      vertex 39.7038 -40.8068 33.4471
      vertex 34.2597 -36.574 31.8833
      vertex 47.9538 -36.574 28.9725
    endloop
  endfacet
  facet normal -0.176018 -0.53231 -0.828048
    outer loop
      vertex 34.2597 -36.574 31.8833
      vertex 39.7038 -40.8068 33.4471
      vertex 35.8091 -48.4257 39.1728
    endloop
  endfacet
  facet normal -0.978146 1.01855e-05 0.207921
    outer loop
      vertex 35.2278 -33.6463 36.4375
      vertex 34.2597 -36.574 31.8833
      vertex 36.7772 -45.498 43.7271
    endloop
  endfacet
  facet normal -0.110675 0.846547 -0.520682
    outer loop
      vertex 47.9538 -36.574 28.9725
      vertex 34.2597 -36.574 31.8833
      vertex 35.2278 -33.6463 36.4375
    endloop
  endfacet
  facet normal -0.11067 0.846552 -0.520675
    outer loop
      vertex 47.9538 -36.574 28.9725
      vertex 35.2278 -33.6463 36.4375
      vertex 48.9219 -33.6463 33.5268
    endloop
  endfacet
  facet normal 0.110674 -0.846552 0.520674
    outer loop
      vertex 35.8091 -48.4257 39.1728
      vertex 50.4713 -45.498 40.8163
      vertex 36.7772 -45.498 43.7271
    endloop
  endfacet
  facet normal 0.110674 -0.846552 0.520674
    outer loop
      vertex 50.4713 -45.498 40.8163
      vertex 35.8091 -48.4257 39.1728
      vertex 49.5032 -48.4257 36.262
    endloop
  endfacet
  facet normal -0.978148 -3.45387e-06 0.20791
    outer loop
      vertex 39.7038 -40.8068 33.4471
      vertex 39.5657 -45.9496 32.7973
      vertex 40.1465 -44.193 35.5298
    endloop
  endfacet
  facet normal -0.176018 -0.532308 -0.828049
    outer loop
      vertex 43.4783 -45.9496 31.9656
      vertex 39.123 -42.5634 30.7146
      vertex 43.0356 -42.5634 29.8829
    endloop
  endfacet
  facet normal -0.978148 -3.45387e-06 0.20791
    outer loop
      vertex 39.7038 -40.8068 33.4471
      vertex 39.123 -42.5634 30.7146
      vertex 39.5657 -45.9496 32.7973
    endloop
  endfacet
  facet normal -0.110668 0.846547 -0.520684
    outer loop
      vertex 43.6164 -40.8068 32.6155
      vertex 39.123 -42.5634 30.7146
      vertex 39.7038 -40.8068 33.4471
    endloop
  endfacet
  facet normal -0.176018 -0.532308 -0.828049
    outer loop
      vertex 39.5657 -45.9496 32.7973
      vertex 39.123 -42.5634 30.7146
      vertex 43.4783 -45.9496 31.9656
    endloop
  endfacet
  facet normal 0.110678 -0.846555 0.520668
    outer loop
      vertex 44.0591 -44.193 34.6982
      vertex 39.5657 -45.9496 32.7973
      vertex 43.4783 -45.9496 31.9656
    endloop
  endfacet
  facet normal 0.110668 -0.846547 0.520684
    outer loop
      vertex 40.1465 -44.193 35.5298
      vertex 39.5657 -45.9496 32.7973
      vertex 44.0591 -44.193 34.6982
    endloop
  endfacet
  facet normal -0.110678 0.846555 -0.520668
    outer loop
      vertex 43.0356 -42.5634 29.8829
      vertex 39.123 -42.5634 30.7146
      vertex 43.6164 -40.8068 32.6155
    endloop
  endfacet
  facet normal 0.978149 6.80756e-06 -0.207905
    outer loop
      vertex 44.0591 -44.193 34.6982
      vertex 43.0356 -42.5634 29.8829
      vertex 43.6164 -40.8068 32.6155
    endloop
  endfacet
  facet normal 0.978149 6.80756e-06 -0.207905
    outer loop
      vertex 43.0356 -42.5634 29.8829
      vertex 44.0591 -44.193 34.6982
      vertex 43.4783 -45.9496 31.9656
    endloop
  endfacet
  facet normal -0.94911 -0.0518376 0.31065
    outer loop
      vertex 57.2009 43.3151 46.0521
      vertex 54.5927 28.6231 35.6318
      vertex 58.7905 21.8724 47.3306
    endloop
  endfacet
  facet normal 0.989423 -0.103741 -0.101389
    outer loop
      vertex 75.0468 33.1979 52.6188
      vertex 72.9688 21.4928 44.3169
      vertex 74.9971 42.8386 42.2694
    endloop
  endfacet
  facet normal -0.949108 -0.0518371 0.310656
    outer loop
      vertex 60.8685 33.5775 55.6324
      vertex 57.2009 43.3151 46.0521
      vertex 58.7905 21.8724 47.3306
    endloop
  endfacet
  facet normal 0.143362 0.80706 0.572801
    outer loop
      vertex 74.9818 42.8976 42.1901
      vertex 57.2009 43.3151 46.0521
      vertex 74.9971 42.8386 42.2694
    endloop
  endfacet
  facet normal 0.152786 -0.589628 0.793092
    outer loop
      vertex 75.0468 33.1979 52.6188
      vertex 60.8685 33.5775 55.6324
      vertex 72.9688 21.4928 44.3169
    endloop
  endfacet
  facet normal 0.152792 -0.589624 0.793094
    outer loop
      vertex 60.8685 33.5775 55.6324
      vertex 58.7905 21.8724 47.3306
      vertex 72.9688 21.4928 44.3169
    endloop
  endfacet
  facet normal -0.152788 0.589644 -0.79308
    outer loop
      vertex 57.1856 43.374 45.9727
      vertex 73.5243 41.8822 41.7159
      vertex 58.2705 42.2906 44.9582
    endloop
  endfacet
  facet normal -0.152781 0.589668 -0.793063
    outer loop
      vertex 73.5243 41.8822 41.7159
      vertex 57.1856 43.374 45.9727
      vertex 74.9818 42.8976 42.1901
    endloop
  endfacet
  facet normal -0.152827 0.589616 -0.793093
    outer loop
      vertex 57.4952 37.9236 41.861
      vertex 57.1856 43.374 45.9727
      vertex 58.2705 42.2906 44.9582
    endloop
  endfacet
  facet normal -0.152799 0.589628 -0.79309
    outer loop
      vertex 54.5774 28.6821 35.5525
      vertex 57.4952 37.9236 41.861
      vertex 56.0349 29.6975 36.0266
    endloop
  endfacet
  facet normal -0.152768 0.589624 -0.793099
    outer loop
      vertex 57.4952 37.9236 41.861
      vertex 54.5774 28.6821 35.5525
      vertex 57.1856 43.374 45.9727
    endloop
  endfacet
  facet normal -0.121896 -0.87799 -0.462898
    outer loop
      vertex 58.7905 21.8724 47.3306
      vertex 54.5927 28.6231 35.6318
      vertex 72.3888 28.1467 31.8491
    endloop
  endfacet
  facet normal 0.977929 -0.0266358 -0.20723
    outer loop
      vertex 72.3888 28.1467 31.8491
      vertex 72.3736 28.2056 31.7698
      vertex 74.9971 42.8386 42.2694
    endloop
  endfacet
  facet normal -0.152724 0.589611 -0.793117
    outer loop
      vertex 74.9818 42.8976 42.1901
      vertex 72.7491 37.5152 38.6187
      vertex 73.5243 41.8822 41.7159
    endloop
  endfacet
  facet normal -0.152799 0.589626 -0.793091
    outer loop
      vertex 72.3736 28.2056 31.7698
      vertex 72.7491 37.5152 38.6187
      vertex 74.9818 42.8976 42.1901
    endloop
  endfacet
  facet normal -0.152765 0.589628 -0.793096
    outer loop
      vertex 72.3736 28.2056 31.7698
      vertex 71.2887 29.2891 32.7843
      vertex 72.7491 37.5152 38.6187
    endloop
  endfacet
  facet normal -0.152796 0.589606 -0.793107
    outer loop
      vertex 72.3736 28.2056 31.7698
      vertex 61.3245 29.5559 34.9023
      vertex 71.2887 29.2891 32.7843
    endloop
  endfacet
  facet normal -0.152789 0.589628 -0.793092
    outer loop
      vertex 54.5774 28.6821 35.5525
      vertex 61.3245 29.5559 34.9023
      vertex 72.3736 28.2056 31.7698
    endloop
  endfacet
  facet normal -0.152789 0.589618 -0.793099
    outer loop
      vertex 61.3245 29.5559 34.9023
      vertex 54.5774 28.6821 35.5525
      vertex 56.0349 29.6975 36.0266
    endloop
  endfacet
  facet normal -0.977813 0.0261781 0.207839
    outer loop
      vertex 54.5774 28.6821 35.5525
      vertex 57.2009 43.3151 46.0521
      vertex 57.1856 43.374 45.9727
    endloop
  endfacet
  facet normal -0.977777 0.0260391 0.208024
    outer loop
      vertex 57.2009 43.3151 46.0521
      vertex 54.5774 28.6821 35.5525
      vertex 54.5927 28.6231 35.6318
    endloop
  endfacet
  facet normal 0.143144 0.807873 0.571708
    outer loop
      vertex 74.9818 42.8976 42.1901
      vertex 57.1856 43.374 45.9727
      vertex 57.2009 43.3151 46.0521
    endloop
  endfacet
  facet normal 0.977777 -0.0260391 -0.208024
    outer loop
      vertex 74.9971 42.8386 42.2694
      vertex 72.3736 28.2056 31.7698
      vertex 74.9818 42.8976 42.1901
    endloop
  endfacet
  facet normal -0.143358 -0.80706 -0.572802
    outer loop
      vertex 54.5927 28.6231 35.6318
      vertex 54.5774 28.6821 35.5525
      vertex 72.3888 28.1467 31.8491
    endloop
  endfacet
  facet normal -0.143261 -0.807452 -0.572274
    outer loop
      vertex 72.3888 28.1467 31.8491
      vertex 54.5774 28.6821 35.5525
      vertex 72.3736 28.2056 31.7698
    endloop
  endfacet
  facet normal 0.162217 0.722409 0.672169
    outer loop
      vertex 74.9971 42.8386 42.2694
      vertex 57.2009 43.3151 46.0521
      vertex 60.8685 33.5775 55.6324
    endloop
  endfacet
  facet normal 0.16221 0.722414 0.672166
    outer loop
      vertex 74.9971 42.8386 42.2694
      vertex 60.8685 33.5775 55.6324
      vertex 75.0468 33.1979 52.6188
    endloop
  endfacet
  facet normal 0.989423 -0.103742 -0.101393
    outer loop
      vertex 72.9688 21.4928 44.3169
      vertex 72.3888 28.1467 31.8491
      vertex 74.9971 42.8386 42.2694
    endloop
  endfacet
  facet normal -0.121899 -0.877989 -0.4629
    outer loop
      vertex 72.9688 21.4928 44.3169
      vertex 58.7905 21.8724 47.3306
      vertex 72.3888 28.1467 31.8491
    endloop
  endfacet
  facet normal -0.977816 0.0261914 0.207821
    outer loop
      vertex 55.7064 30.9652 34.3215
      vertex 57.4952 37.9236 41.861
      vertex 57.942 43.5583 43.2531
    endloop
  endfacet
  facet normal -0.977813 0.0261703 0.20784
    outer loop
      vertex 57.4952 37.9236 41.861
      vertex 55.7064 30.9652 34.3215
      vertex 56.0349 29.6975 36.0266
    endloop
  endfacet
  facet normal -0.14331 -0.807255 -0.57254
    outer loop
      vertex 70.9602 30.5568 31.0792
      vertex 61.3245 29.5559 34.9023
      vertex 55.7064 30.9652 34.3215
    endloop
  endfacet
  facet normal -0.143317 -0.807243 -0.572554
    outer loop
      vertex 61.3245 29.5559 34.9023
      vertex 70.9602 30.5568 31.0792
      vertex 71.2887 29.2891 32.7843
    endloop
  endfacet
  facet normal -0.152809 0.589624 -0.793091
    outer loop
      vertex 70.8645 34.4447 33.9881
      vertex 73.1958 43.1499 40.0108
      vertex 70.9602 30.5568 31.0792
    endloop
  endfacet
  facet normal -0.15278 0.589621 -0.793099
    outer loop
      vertex 73.1958 43.1499 40.0108
      vertex 70.8645 34.4447 33.9881
      vertex 72.2989 42.525 39.719
    endloop
  endfacet
  facet normal -0.152791 0.589626 -0.793093
    outer loop
      vertex 55.7064 30.9652 34.3215
      vertex 70.8645 34.4447 33.9881
      vertex 70.9602 30.5568 31.0792
    endloop
  endfacet
  facet normal -0.152834 0.589624 -0.793086
    outer loop
      vertex 58.0377 39.6703 40.3441
      vertex 55.7064 30.9652 34.3215
      vertex 57.942 43.5583 43.2531
    endloop
  endfacet
  facet normal -0.15279 0.58962 -0.793097
    outer loop
      vertex 70.8645 34.4447 33.9881
      vertex 55.7064 30.9652 34.3215
      vertex 58.0377 39.6703 40.3441
    endloop
  endfacet
  facet normal -0.152801 0.589585 -0.793121
    outer loop
      vertex 57.942 43.5583 43.2531
      vertex 72.2989 42.525 39.719
      vertex 58.6096 42.8915 42.6288
    endloop
  endfacet
  facet normal -0.15279 0.589631 -0.793089
    outer loop
      vertex 72.2989 42.525 39.719
      vertex 57.942 43.5583 43.2531
      vertex 73.1958 43.1499 40.0108
    endloop
  endfacet
  facet normal -0.152728 0.589636 -0.793097
    outer loop
      vertex 57.942 43.5583 43.2531
      vertex 58.6096 42.8915 42.6288
      vertex 58.0377 39.6703 40.3441
    endloop
  endfacet
  facet normal -0.143306 -0.807244 -0.572557
    outer loop
      vertex 56.0349 29.6975 36.0266
      vertex 55.7064 30.9652 34.3215
      vertex 61.3245 29.5559 34.9023
    endloop
  endfacet
  facet normal 0.977813 -0.0261693 -0.207839
    outer loop
      vertex 73.5243 41.8822 41.7159
      vertex 72.7491 37.5152 38.6187
      vertex 73.1958 43.1499 40.0108
    endloop
  endfacet
  facet normal 0.143313 0.807243 0.572555
    outer loop
      vertex 73.5243 41.8822 41.7159
      vertex 57.942 43.5583 43.2531
      vertex 58.2705 42.2906 44.9582
    endloop
  endfacet
  facet normal 0.143313 0.807243 0.572555
    outer loop
      vertex 57.942 43.5583 43.2531
      vertex 73.5243 41.8822 41.7159
      vertex 73.1958 43.1499 40.0108
    endloop
  endfacet
  facet normal -0.97781 0.0261839 0.207849
    outer loop
      vertex 57.942 43.5583 43.2531
      vertex 57.4952 37.9236 41.861
      vertex 58.2705 42.2906 44.9582
    endloop
  endfacet
  facet normal 0.977809 -0.0261645 -0.207857
    outer loop
      vertex 72.7491 37.5152 38.6187
      vertex 70.9602 30.5568 31.0792
      vertex 73.1958 43.1499 40.0108
    endloop
  endfacet
  facet normal 0.977811 -0.0261781 -0.207845
    outer loop
      vertex 70.9602 30.5568 31.0792
      vertex 72.7491 37.5152 38.6187
      vertex 71.2887 29.2891 32.7843
    endloop
  endfacet
  facet normal -0.977813 0.0261925 0.207835
    outer loop
      vertex 57.7693 46.1344 38.2667
      vertex 58.0377 39.6703 40.3441
      vertex 58.6096 42.8915 42.6288
    endloop
  endfacet
  facet normal -0.977814 0.0261917 0.207832
    outer loop
      vertex 55.7629 34.8329 30.2512
      vertex 58.0377 39.6703 40.3441
      vertex 57.7693 46.1344 38.2667
    endloop
  endfacet
  facet normal -0.977812 0.0261678 0.207843
    outer loop
      vertex 58.0377 39.6703 40.3441
      vertex 55.7629 34.8329 30.2512
      vertex 56.6033 31.59 34.6132
    endloop
  endfacet
  facet normal -0.143306 -0.807261 -0.572533
    outer loop
      vertex 70.2926 31.2235 31.7035
      vertex 56.6033 31.59 34.6132
      vertex 69.4523 34.4664 27.3414
    endloop
  endfacet
  facet normal 0.152789 -0.589621 0.793097
    outer loop
      vertex 56.6033 31.59 34.6132
      vertex 70.8645 34.4447 33.9881
      vertex 58.0377 39.6703 40.3441
    endloop
  endfacet
  facet normal 0.152789 -0.589621 0.793097
    outer loop
      vertex 70.8645 34.4447 33.9881
      vertex 56.6033 31.59 34.6132
      vertex 70.2926 31.2235 31.7035
    endloop
  endfacet
  facet normal 0.977815 -0.0261783 -0.207829
    outer loop
      vertex 70.8645 34.4447 33.9881
      vertex 71.4586 45.7679 35.357
      vertex 72.2989 42.525 39.719
    endloop
  endfacet
  facet normal 0.977806 -0.026173 -0.20787
    outer loop
      vertex 71.4586 45.7679 35.357
      vertex 70.8645 34.4447 33.9881
      vertex 70.2926 31.2235 31.7035
    endloop
  endfacet
  facet normal 0.977815 -0.0261839 -0.207829
    outer loop
      vertex 70.2926 31.2235 31.7035
      vertex 69.4523 34.4664 27.3414
      vertex 71.4586 45.7679 35.357
    endloop
  endfacet
  facet normal 0.14331 0.80726 0.572532
    outer loop
      vertex 72.2989 42.525 39.719
      vertex 57.7693 46.1344 38.2667
      vertex 58.6096 42.8915 42.6288
    endloop
  endfacet
  facet normal 0.143308 0.807254 0.572541
    outer loop
      vertex 72.2989 42.525 39.719
      vertex 71.4586 45.7679 35.357
      vertex 57.7693 46.1344 38.2667
    endloop
  endfacet
  facet normal -0.152775 0.589632 -0.793092
    outer loop
      vertex 69.4523 34.4664 27.3414
      vertex 65.2798 38.6336 31.2433
      vertex 65.7853 41.4812 33.263
    endloop
  endfacet
  facet normal -0.152788 0.589626 -0.793093
    outer loop
      vertex 65.7853 41.4812 33.263
      vertex 71.4586 45.7679 35.357
      vertex 69.4523 34.4664 27.3414
    endloop
  endfacet
  facet normal -0.152803 0.589611 -0.793102
    outer loop
      vertex 57.7693 46.1344 38.2667
      vertex 65.7853 41.4812 33.263
      vertex 62.4244 41.4852 33.9135
    endloop
  endfacet
  facet normal -0.152788 0.589626 -0.793093
    outer loop
      vertex 65.7853 41.4812 33.263
      vertex 57.7693 46.1344 38.2667
      vertex 71.4586 45.7679 35.357
    endloop
  endfacet
  facet normal -0.152801 0.589613 -0.7931
    outer loop
      vertex 69.4523 34.4664 27.3414
      vertex 61.3685 38.7383 32.0747
      vertex 65.2798 38.6336 31.2433
    endloop
  endfacet
  facet normal -0.152794 0.589622 -0.793095
    outer loop
      vertex 61.3685 38.7383 32.0747
      vertex 55.7629 34.8329 30.2512
      vertex 57.7693 46.1344 38.2667
    endloop
  endfacet
  facet normal -0.152794 0.589622 -0.793095
    outer loop
      vertex 55.7629 34.8329 30.2512
      vertex 61.3685 38.7383 32.0747
      vertex 69.4523 34.4664 27.3414
    endloop
  endfacet
  facet normal -0.152667 0.589705 -0.793058
    outer loop
      vertex 61.8337 41.3585 33.933
      vertex 57.7693 46.1344 38.2667
      vertex 62.4244 41.4852 33.9135
    endloop
  endfacet
  facet normal -0.152818 0.589613 -0.793097
    outer loop
      vertex 57.7693 46.1344 38.2667
      vertex 61.8337 41.3585 33.933
      vertex 61.3685 38.7383 32.0747
    endloop
  endfacet
  facet normal -0.14331 -0.807256 -0.572538
    outer loop
      vertex 56.6033 31.59 34.6132
      vertex 55.7629 34.8329 30.2512
      vertex 69.4523 34.4664 27.3414
    endloop
  endfacet
  facet normal -0.152782 0.589613 -0.793104
    outer loop
      vertex 64.7756 40.5793 28.6261
      vertex 60.8643 40.684 29.4574
      vertex 65.3488 43.8083 30.9162
    endloop
  endfacet
  facet normal 0.977814 -0.0261646 -0.207833
    outer loop
      vertex 65.7853 41.4812 33.263
      vertex 64.7756 40.5793 28.6261
      vertex 65.853 41.8626 33.5335
    endloop
  endfacet
  facet normal 0.977814 -0.0261721 -0.207832
    outer loop
      vertex 64.7756 40.5793 28.6261
      vertex 65.7853 41.4812 33.263
      vertex 65.2798 38.6336 31.2433
    endloop
  endfacet
  facet normal 0.152802 -0.589613 0.7931
    outer loop
      vertex 65.853 41.8626 33.5335
      vertex 62.4244 41.4852 33.9135
      vertex 65.7853 41.4812 33.263
    endloop
  endfacet
  facet normal 0.1528 -0.589531 0.793162
    outer loop
      vertex 61.9418 41.9673 34.3648
      vertex 62.4244 41.4852 33.9135
      vertex 65.853 41.8626 33.5335
    endloop
  endfacet
  facet normal 0.152653 -0.589633 0.793114
    outer loop
      vertex 62.4244 41.4852 33.9135
      vertex 61.9418 41.9673 34.3648
      vertex 61.8337 41.3585 33.933
    endloop
  endfacet
  facet normal 0.977815 -0.0261795 -0.207829
    outer loop
      vertex 65.853 41.8626 33.5335
      vertex 64.7756 40.5793 28.6261
      vertex 65.3488 43.8083 30.9162
    endloop
  endfacet
  facet normal -0.977815 0.0261753 0.207826
    outer loop
      vertex 61.4375 43.913 31.7476
      vertex 60.8643 40.684 29.4574
      vertex 61.3685 38.7383 32.0747
    endloop
  endfacet
  facet normal 0.143298 0.807263 0.572531
    outer loop
      vertex 65.853 41.8626 33.5335
      vertex 61.4375 43.913 31.7476
      vertex 61.9418 41.9673 34.3648
    endloop
  endfacet
  facet normal -0.977805 0.0261829 0.207875
    outer loop
      vertex 61.4375 43.913 31.7476
      vertex 61.8337 41.3585 33.933
      vertex 61.9418 41.9673 34.3648
    endloop
  endfacet
  facet normal -0.977806 0.0261779 0.20787
    outer loop
      vertex 61.8337 41.3585 33.933
      vertex 61.4375 43.913 31.7476
      vertex 61.3685 38.7383 32.0747
    endloop
  endfacet
  facet normal -0.152798 0.58963 -0.793088
    outer loop
      vertex 65.3488 43.8083 30.9162
      vertex 60.8643 40.684 29.4574
      vertex 61.4375 43.913 31.7476
    endloop
  endfacet
  facet normal 0.143306 0.807271 0.572518
    outer loop
      vertex 65.3488 43.8083 30.9162
      vertex 61.4375 43.913 31.7476
      vertex 65.853 41.8626 33.5335
    endloop
  endfacet
  facet normal -0.143306 -0.807271 -0.572518
    outer loop
      vertex 60.8643 40.684 29.4574
      vertex 65.2798 38.6336 31.2433
      vertex 61.3685 38.7383 32.0747
    endloop
  endfacet
  facet normal -0.143295 -0.807261 -0.572535
    outer loop
      vertex 65.2798 38.6336 31.2433
      vertex 60.8643 40.684 29.4574
      vertex 64.7756 40.5793 28.6261
    endloop
  endfacet
  facet normal 0.189711 -0.310108 0.931581
    outer loop
      vertex 58.5993 20.4241 46.613
      vertex 57.3111 6.64412 42.2882
      vertex 72.7775 20.0444 43.5993
    endloop
  endfacet
  facet normal -0.944236 -0.0149627 0.328929
    outer loop
      vertex 58.5993 20.4241 46.613
      vertex 52.7008 9.24496 29.172
      vertex 57.3111 6.64412 42.2882
    endloop
  endfacet
  facet normal 0.994294 -0.0668643 -0.0831154
    outer loop
      vertex 72.7775 20.0444 43.5993
      vertex 70.497 8.76848 25.3893
      vertex 72.1139 26.0647 30.8176
    endloop
  endfacet
  facet normal -0.189732 0.310106 -0.931577
    outer loop
      vertex 70.478 8.79949 25.2961
      vertex 70.7082 24.8943 30.6069
      vertex 72.0949 26.0957 30.7244
    endloop
  endfacet
  facet normal -0.189674 0.310109 -0.931588
    outer loop
      vertex 70.478 8.79949 25.2961
      vertex 69.3223 10.069 25.954
      vertex 70.7082 24.8943 30.6069
    endloop
  endfacet
  facet normal -0.189714 0.310073 -0.931592
    outer loop
      vertex 70.478 8.79949 25.2961
      vertex 54.0685 10.4774 29.1963
      vertex 69.3223 10.069 25.954
    endloop
  endfacet
  facet normal -0.189716 0.310066 -0.931594
    outer loop
      vertex 54.0685 10.4774 29.1963
      vertex 70.478 8.79949 25.2961
      vertex 52.6819 9.27597 29.0788
    endloop
  endfacet
  facet normal -0.189714 0.310076 -0.931591
    outer loop
      vertex 54.2987 26.5722 34.5071
      vertex 70.7082 24.8943 30.6069
      vertex 55.4544 25.3027 33.8492
    endloop
  endfacet
  facet normal -0.189713 0.310085 -0.931588
    outer loop
      vertex 70.7082 24.8943 30.6069
      vertex 54.2987 26.5722 34.5071
      vertex 72.0949 26.0957 30.7244
    endloop
  endfacet
  facet normal -0.189676 0.310109 -0.931588
    outer loop
      vertex 54.0685 10.4774 29.1963
      vertex 54.2987 26.5722 34.5071
      vertex 55.4544 25.3027 33.8492
    endloop
  endfacet
  facet normal -0.189752 0.310105 -0.931573
    outer loop
      vertex 54.2987 26.5722 34.5071
      vertex 54.0685 10.4774 29.1963
      vertex 52.6819 9.27597 29.0788
    endloop
  endfacet
  facet normal -0.0630377 -0.982946 -0.172753
    outer loop
      vertex 57.3111 6.64412 42.2882
      vertex 52.7008 9.24496 29.172
      vertex 71.4893 6.26451 39.2745
    endloop
  endfacet
  facet normal 0.113091 0.901119 0.418564
    outer loop
      vertex 72.1139 26.0647 30.8176
      vertex 54.3177 26.5411 34.6003
      vertex 72.7775 20.0444 43.5993
    endloop
  endfacet
  facet normal 0.977776 -0.0261197 -0.20802
    outer loop
      vertex 72.1139 26.0647 30.8176
      vertex 70.478 8.79949 25.2961
      vertex 72.0949 26.0957 30.7244
    endloop
  endfacet
  facet normal 0.977775 -0.0261189 -0.208022
    outer loop
      vertex 70.497 8.76848 25.3893
      vertex 70.478 8.79949 25.2961
      vertex 72.1139 26.0647 30.8176
    endloop
  endfacet
  facet normal -0.0630375 -0.982946 -0.172753
    outer loop
      vertex 71.4893 6.26451 39.2745
      vertex 52.7008 9.24496 29.172
      vertex 70.497 8.76848 25.3893
    endloop
  endfacet
  facet normal 0.994294 -0.0668652 -0.0831149
    outer loop
      vertex 71.4893 6.26451 39.2745
      vertex 70.497 8.76848 25.3893
      vertex 72.7775 20.0444 43.5993
    endloop
  endfacet
  facet normal 0.189712 -0.31011 0.93158
    outer loop
      vertex 72.7775 20.0444 43.5993
      vertex 57.3111 6.64412 42.2882
      vertex 71.4893 6.26451 39.2745
    endloop
  endfacet
  facet normal 0.0887898 0.950419 0.298026
    outer loop
      vertex 72.0949 26.0957 30.7244
      vertex 54.3177 26.5411 34.6003
      vertex 72.1139 26.0647 30.8176
    endloop
  endfacet
  facet normal -0.977771 0.0261065 0.208043
    outer loop
      vertex 52.6819 9.27597 29.0788
      vertex 54.3177 26.5411 34.6003
      vertex 54.2987 26.5722 34.5071
    endloop
  endfacet
  facet normal -0.97796 0.0264221 0.207112
    outer loop
      vertex 54.3177 26.5411 34.6003
      vertex 52.6819 9.27597 29.0788
      vertex 52.7008 9.24496 29.172
    endloop
  endfacet
  facet normal -0.0888288 -0.950362 -0.298196
    outer loop
      vertex 52.6819 9.27597 29.0788
      vertex 70.497 8.76848 25.3893
      vertex 52.7008 9.24496 29.172
    endloop
  endfacet
  facet normal -0.0888124 -0.95039 -0.298113
    outer loop
      vertex 70.497 8.76848 25.3893
      vertex 52.6819 9.27597 29.0788
      vertex 70.478 8.79949 25.2961
    endloop
  endfacet
  facet normal 0.0889751 0.950125 0.298909
    outer loop
      vertex 72.0949 26.0957 30.7244
      vertex 54.2987 26.5722 34.5071
      vertex 54.3177 26.5411 34.6003
    endloop
  endfacet
  facet normal -0.944236 -0.0149621 0.328928
    outer loop
      vertex 54.3177 26.5411 34.6003
      vertex 52.7008 9.24496 29.172
      vertex 58.5993 20.4241 46.613
    endloop
  endfacet
  facet normal 0.113099 0.901124 0.418551
    outer loop
      vertex 72.7775 20.0444 43.5993
      vertex 54.3177 26.5411 34.6003
      vertex 58.5993 20.4241 46.613
    endloop
  endfacet
  facet normal 0.0888386 0.950346 0.298247
    outer loop
      vertex 70.7082 24.8943 30.6069
      vertex 55.0465 25.9694 31.8463
      vertex 55.4544 25.3027 33.8492
    endloop
  endfacet
  facet normal 0.0888388 0.950344 0.298251
    outer loop
      vertex 55.0465 25.9694 31.8463
      vertex 70.7082 24.8943 30.6069
      vertex 70.3004 25.561 28.604
    endloop
  endfacet
  facet normal -0.189698 0.310117 -0.931581
    outer loop
      vertex 66.2122 24.9083 29.2192
      vertex 70.3004 25.561 28.604
      vertex 68.4322 23.9424 28.4456
    endloop
  endfacet
  facet normal -0.189712 0.310127 -0.931574
    outer loop
      vertex 55.0465 25.9694 31.8463
      vertex 66.2122 24.9083 29.2192
      vertex 55.7577 25.1882 31.4414
    endloop
  endfacet
  facet normal -0.189704 0.310175 -0.93156
    outer loop
      vertex 66.2122 24.9083 29.2192
      vertex 55.0465 25.9694 31.8463
      vertex 70.3004 25.561 28.604
    endloop
  endfacet
  facet normal -0.189739 0.310104 -0.931577
    outer loop
      vertex 54.514 11.8834 27.2658
      vertex 55.0465 25.9694 31.8463
      vertex 55.7577 25.1882 31.4414
    endloop
  endfacet
  facet normal -0.189611 0.310107 -0.931601
    outer loop
      vertex 55.0465 25.9694 31.8463
      vertex 54.514 11.8834 27.2658
      vertex 53.6606 11.1441 27.1934
    endloop
  endfacet
  facet normal 0.977819 -0.0261889 -0.207806
    outer loop
      vertex 70.7082 24.8943 30.6069
      vertex 68.9145 10.7357 23.9511
      vertex 70.3004 25.561 28.604
    endloop
  endfacet
  facet normal 0.977819 -0.0261889 -0.207806
    outer loop
      vertex 68.9145 10.7357 23.9511
      vertex 70.7082 24.8943 30.6069
      vertex 69.3223 10.069 25.954
    endloop
  endfacet
  facet normal -0.189713 0.310126 -0.931574
    outer loop
      vertex 68.9145 10.7357 23.9511
      vertex 54.514 11.8834 27.2658
      vertex 68.2033 11.5169 24.356
    endloop
  endfacet
  facet normal -0.189701 0.310206 -0.93155
    outer loop
      vertex 53.6606 11.1441 27.1934
      vertex 54.514 11.8834 27.2658
      vertex 68.9145 10.7357 23.9511
    endloop
  endfacet
  facet normal -0.189718 0.31011 -0.931579
    outer loop
      vertex 68.9145 10.7357 23.9511
      vertex 69.3016 23.2659 28.0434
      vertex 70.3004 25.561 28.604
    endloop
  endfacet
  facet normal -0.189732 0.310109 -0.931576
    outer loop
      vertex 68.9145 10.7357 23.9511
      vertex 68.2033 11.5169 24.356
      vertex 69.3016 23.2659 28.0434
    endloop
  endfacet
  facet normal -0.189678 0.310096 -0.931592
    outer loop
      vertex 70.3004 25.561 28.604
      vertex 69.3016 23.2659 28.0434
      vertex 68.4322 23.9424 28.4456
    endloop
  endfacet
  facet normal -0.977811 0.0261748 0.207849
    outer loop
      vertex 53.6606 11.1441 27.1934
      vertex 55.4544 25.3027 33.8492
      vertex 55.0465 25.9694 31.8463
    endloop
  endfacet
  facet normal -0.977811 0.0261748 0.207849
    outer loop
      vertex 55.4544 25.3027 33.8492
      vertex 53.6606 11.1441 27.1934
      vertex 54.0685 10.4774 29.1963
    endloop
  endfacet
  facet normal -0.0888386 -0.950346 -0.298247
    outer loop
      vertex 53.6606 11.1441 27.1934
      vertex 69.3223 10.069 25.954
      vertex 54.0685 10.4774 29.1963
    endloop
  endfacet
  facet normal -0.0888388 -0.950344 -0.298251
    outer loop
      vertex 69.3223 10.069 25.954
      vertex 53.6606 11.1441 27.1934
      vertex 68.9145 10.7357 23.9511
    endloop
  endfacet
  facet normal -0.0888418 -0.950341 -0.298262
    outer loop
      vertex 68.2033 11.5169 24.356
      vertex 54.514 11.8834 27.2658
      vertex 67.1599 13.2225 19.2323
    endloop
  endfacet
  facet normal 0.977813 -0.0261742 -0.207837
    outer loop
      vertex 68.2033 11.5169 24.356
      vertex 67.1599 13.2225 19.2323
      vertex 68.4036 26.5273 23.408
    endloop
  endfacet
  facet normal 0.189655 -0.310123 0.931587
    outer loop
      vertex 69.4471 24.8217 28.5317
      vertex 68.4322 23.9424 28.4456
      vertex 69.3016 23.2659 28.0434
    endloop
  endfacet
  facet normal 0.18968 -0.31015 0.931573
    outer loop
      vertex 68.4322 23.9424 28.4456
      vertex 69.4471 24.8217 28.5317
      vertex 66.2122 24.9083 29.2192
    endloop
  endfacet
  facet normal -0.189695 0.310119 -0.93158
    outer loop
      vertex 67.1599 13.2225 19.2323
      vertex 62.715 18.1051 21.7628
      vertex 63.0704 21.9065 22.9559
    endloop
  endfacet
  facet normal -0.189713 0.310103 -0.931582
    outer loop
      vertex 67.1599 13.2225 19.2323
      vertex 59.4058 18.1937 22.4662
      vertex 62.715 18.1051 21.7628
    endloop
  endfacet
  facet normal -0.189714 0.310104 -0.931581
    outer loop
      vertex 59.4058 18.1937 22.4662
      vertex 53.4705 13.589 22.1421
      vertex 54.7143 26.8938 26.3177
    endloop
  endfacet
  facet normal -0.189714 0.310103 -0.931582
    outer loop
      vertex 53.4705 13.589 22.1421
      vertex 59.4058 18.1937 22.4662
      vertex 67.1599 13.2225 19.2323
    endloop
  endfacet
  facet normal -0.189715 0.310109 -0.93158
    outer loop
      vertex 63.0704 21.9065 22.9559
      vertex 68.4036 26.5273 23.408
      vertex 67.1599 13.2225 19.2323
    endloop
  endfacet
  facet normal -0.18964 0.310027 -0.931622
    outer loop
      vertex 62.4684 21.9226 23.0838
      vertex 68.4036 26.5273 23.408
      vertex 63.0704 21.9065 22.9559
    endloop
  endfacet
  facet normal -0.189708 0.310112 -0.93158
    outer loop
      vertex 62.4684 21.9226 23.0838
      vertex 54.7143 26.8938 26.3177
      vertex 68.4036 26.5273 23.408
    endloop
  endfacet
  facet normal -0.189711 0.310106 -0.931581
    outer loop
      vertex 54.7143 26.8938 26.3177
      vertex 62.4684 21.9226 23.0838
      vertex 59.4058 18.1937 22.4662
    endloop
  endfacet
  facet normal -0.97781 0.0261701 0.207854
    outer loop
      vertex 53.4705 13.589 22.1421
      vertex 54.514 11.8834 27.2658
      vertex 55.7577 25.1882 31.4414
    endloop
  endfacet
  facet normal 0.0888297 0.950341 0.298263
    outer loop
      vertex 68.4036 26.5273 23.408
      vertex 66.2122 24.9083 29.2192
      vertex 69.4471 24.8217 28.5317
    endloop
  endfacet
  facet normal 0.088843 0.950339 0.298267
    outer loop
      vertex 66.2122 24.9083 29.2192
      vertex 68.4036 26.5273 23.408
      vertex 55.7577 25.1882 31.4414
    endloop
  endfacet
  facet normal 0.977806 -0.0262055 -0.207865
    outer loop
      vertex 69.3016 23.2659 28.0434
      vertex 68.4036 26.5273 23.408
      vertex 69.4471 24.8217 28.5317
    endloop
  endfacet
  facet normal 0.977812 -0.0261746 -0.207844
    outer loop
      vertex 68.4036 26.5273 23.408
      vertex 69.3016 23.2659 28.0434
      vertex 68.2033 11.5169 24.356
    endloop
  endfacet
  facet normal -0.977813 0.0261822 0.207839
    outer loop
      vertex 54.7143 26.8938 26.3177
      vertex 53.4705 13.589 22.1421
      vertex 55.7577 25.1882 31.4414
    endloop
  endfacet
  facet normal -0.0888408 -0.950341 -0.29826
    outer loop
      vertex 54.514 11.8834 27.2658
      vertex 53.4705 13.589 22.1421
      vertex 67.1599 13.2225 19.2323
    endloop
  endfacet
  facet normal 0.0888397 0.950341 0.298262
    outer loop
      vertex 68.4036 26.5273 23.408
      vertex 54.7143 26.8938 26.3177
      vertex 55.7577 25.1882 31.4414
    endloop
  endfacet
  facet normal 0.977814 -0.0261892 -0.20783
    outer loop
      vertex 63.0704 21.9065 22.9559
      vertex 62.089 19.1285 18.6886
      vertex 62.4444 22.9298 19.8817
    endloop
  endfacet
  facet normal 0.977814 -0.0261884 -0.207831
    outer loop
      vertex 62.089 19.1285 18.6886
      vertex 63.0704 21.9065 22.9559
      vertex 62.715 18.1051 21.7628
    endloop
  endfacet
  facet normal 0.189713 -0.310107 0.931581
    outer loop
      vertex 59.1592 22.0112 23.7872
      vertex 59.4058 18.1937 22.4662
      vertex 62.4684 21.9226 23.0838
    endloop
  endfacet
  facet normal 0.189781 -0.310099 0.931569
    outer loop
      vertex 59.4058 18.1937 22.4662
      vertex 59.1592 22.0112 23.7872
      vertex 58.8038 18.2098 22.5942
    endloop
  endfacet
  facet normal -0.189687 0.310126 -0.93158
    outer loop
      vertex 62.089 19.1285 18.6886
      vertex 58.5331 23.0346 20.713
      vertex 62.4444 22.9298 19.8817
    endloop
  endfacet
  facet normal -0.18972 0.310097 -0.931583
    outer loop
      vertex 58.5331 23.0346 20.713
      vertex 62.089 19.1285 18.6886
      vertex 58.1777 19.2332 19.52
    endloop
  endfacet
  facet normal -0.977808 0.0261841 0.20786
    outer loop
      vertex 58.1777 19.2332 19.52
      vertex 59.1592 22.0112 23.7872
      vertex 58.5331 23.0346 20.713
    endloop
  endfacet
  facet normal -0.977808 0.0261841 0.20786
    outer loop
      vertex 59.1592 22.0112 23.7872
      vertex 58.1777 19.2332 19.52
      vertex 58.8038 18.2098 22.5942
    endloop
  endfacet
  facet normal 0.0888446 0.950337 0.298272
    outer loop
      vertex 62.4684 21.9226 23.0838
      vertex 58.5331 23.0346 20.713
      vertex 59.1592 22.0112 23.7872
    endloop
  endfacet
  facet normal 0.0887841 0.950346 0.29826
    outer loop
      vertex 62.4444 22.9298 19.8817
      vertex 62.4684 21.9226 23.0838
      vertex 63.0704 21.9065 22.9559
    endloop
  endfacet
  facet normal 0.0888547 0.950341 0.298258
    outer loop
      vertex 62.4684 21.9226 23.0838
      vertex 62.4444 22.9298 19.8817
      vertex 58.5331 23.0346 20.713
    endloop
  endfacet
  facet normal -0.0888364 -0.950337 -0.298274
    outer loop
      vertex 58.1777 19.2332 19.52
      vertex 59.4058 18.1937 22.4662
      vertex 58.8038 18.2098 22.5942
    endloop
  endfacet
  facet normal -0.088841 -0.950337 -0.298272
    outer loop
      vertex 62.089 19.1285 18.6886
      vertex 59.4058 18.1937 22.4662
      vertex 58.1777 19.2332 19.52
    endloop
  endfacet
  facet normal -0.0888452 -0.950336 -0.298275
    outer loop
      vertex 59.4058 18.1937 22.4662
      vertex 62.089 19.1285 18.6886
      vertex 62.715 18.1051 21.7628
    endloop
  endfacet
  facet normal 0.207907 5.5458e-08 0.978149
    outer loop
      vertex 57.2168 5.03734 42.0469
      vertex 56.8456 -9.45773 42.1258
      vertex 71.395 4.65773 39.0333
    endloop
  endfacet
  facet normal -0.207919 -2.48419e-05 -0.978146
    outer loop
      vertex 69.8747 -11.7351 25.0436
      vertex 63.3471 -10.2599 26.4311
      vertex 68.6368 -10.4016 25.3067
    endloop
  endfacet
  facet normal -0.207911 1.1622e-05 -0.978148
    outer loop
      vertex 52.0785 -11.2587 28.8263
      vertex 63.3471 -10.2599 26.4311
      vertex 69.8747 -11.7351 25.0436
    endloop
  endfacet
  facet normal -0.207915 1.70032e-06 -0.978147
    outer loop
      vertex 53.6438 0.193714 28.4936
      vertex 52.0785 -11.2587 28.8263
      vertex 52.5444 6.93514 28.7273
    endloop
  endfacet
  facet normal -0.207907 -3.6527e-05 -0.978149
    outer loop
      vertex 63.3471 -10.2599 26.4311
      vertex 52.0785 -11.2587 28.8263
      vertex 53.3829 -9.99314 28.549
    endloop
  endfacet
  facet normal -0.207947 6.32665e-06 -0.97814
    outer loop
      vertex 52.0785 -11.2587 28.8263
      vertex 53.6438 0.193714 28.4936
      vertex 53.3829 -9.99314 28.549
    endloop
  endfacet
  facet normal -0.207887 6.41147e-06 -0.978153
    outer loop
      vertex 53.6438 0.193714 28.4936
      vertex 52.5444 6.93514 28.7273
      vertex 53.7823 5.60155 28.4642
    endloop
  endfacet
  facet normal -0.941835 0.0259431 0.335073
    outer loop
      vertex 57.2168 5.03734 42.0469
      vertex 52.5652 6.93514 28.8251
      vertex 56.8456 -9.45773 42.1258
    endloop
  endfacet
  facet normal 0.996696 -0.0259425 -0.0769719
    outer loop
      vertex 71.0238 -9.83734 39.1121
      vertex 70.3614 6.45867 25.0424
      vertex 71.395 4.65773 39.0333
    endloop
  endfacet
  facet normal -0.20789 4.0389e-06 -0.978152
    outer loop
      vertex 69.8747 -11.7351 25.0436
      vertex 68.6368 -10.4016 25.3067
      vertex 69.0361 5.19314 25.2219
    endloop
  endfacet
  facet normal -0.207928 2.05272e-06 -0.978144
    outer loop
      vertex 69.0361 5.19314 25.2219
      vertex 70.3406 6.45867 24.9446
      vertex 69.8747 -11.7351 25.0436
    endloop
  endfacet
  facet normal -0.207912 -1.47135e-05 -0.978147
    outer loop
      vertex 53.7823 5.60155 28.4642
      vertex 70.3406 6.45867 24.9446
      vertex 69.0361 5.19314 25.2219
    endloop
  endfacet
  facet normal -0.207912 -1.79252e-05 -0.978147
    outer loop
      vertex 70.3406 6.45867 24.9446
      vertex 53.7823 5.60155 28.4642
      vertex 52.5444 6.93514 28.7273
    endloop
  endfacet
  facet normal 0.207914 -6.86461e-06 0.978147
    outer loop
      vertex 71.395 4.65773 39.0333
      vertex 56.8456 -9.45773 42.1258
      vertex 71.0238 -9.83734 39.1121
    endloop
  endfacet
  facet normal 0.0256069 0.999657 -0.00544605
    outer loop
      vertex 70.3406 6.45867 24.9446
      vertex 52.5444 6.93514 28.7273
      vertex 70.3614 6.45867 25.0424
    endloop
  endfacet
  facet normal -0.977788 0.0261703 0.207955
    outer loop
      vertex 52.5444 6.93514 28.7273
      vertex 52.0785 -11.2587 28.8263
      vertex 52.5652 6.93514 28.8251
    endloop
  endfacet
  facet normal 0.0256069 0.999657 -0.00544605
    outer loop
      vertex 70.3614 6.45867 25.0424
      vertex 52.5444 6.93514 28.7273
      vertex 52.5652 6.93514 28.8251
    endloop
  endfacet
  facet normal 0.996695 -0.0259474 -0.0769775
    outer loop
      vertex 71.0238 -9.83734 39.1121
      vertex 69.8954 -11.7351 25.1414
      vertex 70.3614 6.45867 25.0424
    endloop
  endfacet
  facet normal -0.941835 0.0259414 0.335072
    outer loop
      vertex 52.5652 6.93514 28.8251
      vertex 52.0993 -11.2587 28.9241
      vertex 56.8456 -9.45773 42.1258
    endloop
  endfacet
  facet normal 0.0528136 0.990919 0.123652
    outer loop
      vertex 70.3614 6.45867 25.0424
      vertex 52.5652 6.93514 28.8251
      vertex 57.2168 5.03734 42.0469
    endloop
  endfacet
  facet normal 0.0528134 0.990919 0.123652
    outer loop
      vertex 70.3614 6.45867 25.0424
      vertex 57.2168 5.03734 42.0469
      vertex 71.395 4.65773 39.0333
    endloop
  endfacet
  facet normal -0.0256033 -0.999657 0.00544528
    outer loop
      vertex 52.0785 -11.2587 28.8263
      vertex 69.8954 -11.7351 25.1414
      vertex 52.0993 -11.2587 28.9241
    endloop
  endfacet
  facet normal -0.0256085 -0.999657 0.0054202
    outer loop
      vertex 69.8954 -11.7351 25.1414
      vertex 52.0785 -11.2587 28.8263
      vertex 69.8747 -11.7351 25.0436
    endloop
  endfacet
  facet normal -0.977788 0.0261703 0.207955
    outer loop
      vertex 52.5652 6.93514 28.8251
      vertex 52.0785 -11.2587 28.8263
      vertex 52.0993 -11.2587 28.9241
    endloop
  endfacet
  facet normal 0.977991 -0.0261758 -0.206998
    outer loop
      vertex 69.8747 -11.7351 25.0436
      vertex 70.3614 6.45867 25.0424
      vertex 69.8954 -11.7351 25.1414
    endloop
  endfacet
  facet normal 0.977788 -0.0261704 -0.207955
    outer loop
      vertex 70.3614 6.45867 25.0424
      vertex 69.8747 -11.7351 25.0436
      vertex 70.3406 6.45867 24.9446
    endloop
  endfacet
  facet normal 0.00204935 -0.99092 0.13444
    outer loop
      vertex 71.0238 -9.83734 39.1121
      vertex 52.0993 -11.2587 28.9241
      vertex 69.8954 -11.7351 25.1414
    endloop
  endfacet
  facet normal 0.00204639 -0.990919 0.134445
    outer loop
      vertex 56.8456 -9.45773 42.1258
      vertex 52.0993 -11.2587 28.9241
      vertex 71.0238 -9.83734 39.1121
    endloop
  endfacet
  facet normal -0.977815 0.0261727 0.207828
    outer loop
      vertex 53.7823 5.60155 28.4642
      vertex 53.3353 5.60155 26.3611
      vertex 53.6438 0.193714 28.4936
    endloop
  endfacet
  facet normal 0.977813 -0.0261669 -0.207838
    outer loop
      vertex 68.1898 -10.4016 23.2037
      vertex 69.0361 5.19314 25.2219
      vertex 68.6368 -10.4016 25.3067
    endloop
  endfacet
  facet normal 0.977815 -0.0261682 -0.207828
    outer loop
      vertex 69.0361 5.19314 25.2219
      vertex 68.1898 -10.4016 23.2037
      vertex 68.5891 5.19314 23.1188
    endloop
  endfacet
  facet normal 0.0256082 0.999657 -0.00544286
    outer loop
      vertex 69.0361 5.19314 25.2219
      vertex 53.3353 5.60155 26.3611
      vertex 53.7823 5.60155 28.4642
    endloop
  endfacet
  facet normal 0.0256082 0.999657 -0.00544286
    outer loop
      vertex 53.3353 5.60155 26.3611
      vertex 69.0361 5.19314 25.2219
      vertex 68.5891 5.19314 23.1188
    endloop
  endfacet
  facet normal -0.0256211 -0.999657 0.00544586
    outer loop
      vertex 68.1898 -10.4016 23.2037
      vertex 68.6368 -10.4016 25.3067
      vertex 63.3471 -10.2599 26.4311
    endloop
  endfacet
  facet normal -0.20788 -1.5845e-07 -0.978154
    outer loop
      vertex 68.1898 -10.4016 23.2037
      vertex 67.428 -9.58088 23.3656
      vertex 67.7249 2.01142 23.3025
    endloop
  endfacet
  facet normal -0.207916 -1.53615e-06 -0.978147
    outer loop
      vertex 67.7249 2.01142 23.3025
      vertex 68.5891 5.19314 23.1188
      vertex 68.1898 -10.4016 23.2037
    endloop
  endfacet
  facet normal -0.207932 3.04606e-06 -0.978143
    outer loop
      vertex 64.7632 4.4953 23.9321
      vertex 68.5891 5.19314 23.1188
      vertex 67.7249 2.01142 23.3025
    endloop
  endfacet
  facet normal -0.207908 -2.69513e-05 -0.978148
    outer loop
      vertex 53.3353 5.60155 26.3611
      vertex 64.7632 4.4953 23.9321
      vertex 54.0971 4.78088 26.1992
    endloop
  endfacet
  facet normal -0.207914 -9.61517e-05 -0.978147
    outer loop
      vertex 64.7632 4.4953 23.9321
      vertex 53.3353 5.60155 26.3611
      vertex 68.5891 5.19314 23.1188
    endloop
  endfacet
  facet normal -0.977814 0.0261745 0.207833
    outer loop
      vertex 52.9359 -9.99314 26.446
      vertex 53.6438 0.193714 28.4936
      vertex 53.3353 5.60155 26.3611
    endloop
  endfacet
  facet normal -0.977813 0.0261735 0.207838
    outer loop
      vertex 53.6438 0.193714 28.4936
      vertex 52.9359 -9.99314 26.446
      vertex 53.3829 -9.99314 28.549
    endloop
  endfacet
  facet normal -0.207913 -3.20413e-05 -0.978147
    outer loop
      vertex 68.1898 -10.4016 23.2037
      vertex 60.8279 -9.40417 24.7685
      vertex 67.428 -9.58088 23.3656
    endloop
  endfacet
  facet normal -0.20784 -2.23874e-06 -0.978163
    outer loop
      vertex 53.9519 -0.888222 26.2301
      vertex 52.9359 -9.99314 26.446
      vertex 53.3353 5.60155 26.3611
    endloop
  endfacet
  facet normal -0.207913 6.27595e-06 -0.978147
    outer loop
      vertex 60.8279 -9.40417 24.7685
      vertex 52.9359 -9.99314 26.446
      vertex 53.9519 -0.888222 26.2301
    endloop
  endfacet
  facet normal -0.207911 -1.48753e-05 -0.978148
    outer loop
      vertex 52.9359 -9.99314 26.446
      vertex 60.8279 -9.40417 24.7685
      vertex 68.1898 -10.4016 23.2037
    endloop
  endfacet
  facet normal -0.207887 -6.99581e-06 -0.978153
    outer loop
      vertex 53.3353 5.60155 26.3611
      vertex 54.0971 4.78088 26.1992
      vertex 53.9519 -0.888222 26.2301
    endloop
  endfacet
  facet normal -0.0256058 -0.999657 0.00544261
    outer loop
      vertex 52.9359 -9.99314 26.446
      vertex 63.3471 -10.2599 26.4311
      vertex 53.3829 -9.99314 28.549
    endloop
  endfacet
  facet normal -0.0256058 -0.999657 0.00546887
    outer loop
      vertex 63.3471 -10.2599 26.4311
      vertex 52.9359 -9.99314 26.446
      vertex 68.1898 -10.4016 23.2037
    endloop
  endfacet
  facet normal 0.207917 -2.15812e-06 0.978146
    outer loop
      vertex 53.9519 -0.888222 26.2301
      vertex 53.7387 -9.21436 26.2754
      vertex 60.8279 -9.40417 24.7685
    endloop
  endfacet
  facet normal -0.977815 0.0261771 0.207826
    outer loop
      vertex 52.5952 -9.21436 20.8956
      vertex 53.9519 -0.888222 26.2301
      vertex 54.0971 4.78088 26.1992
    endloop
  endfacet
  facet normal -0.977813 0.0261688 0.207838
    outer loop
      vertex 53.9519 -0.888222 26.2301
      vertex 52.5952 -9.21436 20.8956
      vertex 53.7387 -9.21436 26.2754
    endloop
  endfacet
  facet normal 0.977813 -0.0261749 -0.207838
    outer loop
      vertex 66.2845 -9.58088 17.9858
      vertex 67.7249 2.01142 23.3025
      vertex 67.428 -9.58088 23.3656
    endloop
  endfacet
  facet normal 0.977803 -0.0261502 -0.207889
    outer loop
      vertex 67.7249 2.01142 23.3025
      vertex 66.2845 -9.58088 17.9858
      vertex 67.7864 4.41436 23.2895
    endloop
  endfacet
  facet normal 0.207911 -2.93732e-05 0.978148
    outer loop
      vertex 67.7864 4.41436 23.2895
      vertex 64.7632 4.4953 23.9321
      vertex 67.7249 2.01142 23.3025
    endloop
  endfacet
  facet normal 0.977814 -0.0261721 -0.207835
    outer loop
      vertex 67.7864 4.41436 23.2895
      vertex 66.2845 -9.58088 17.9858
      vertex 66.6429 4.41436 17.9096
    endloop
  endfacet
  facet normal -0.207918 -2.98995e-06 -0.978146
    outer loop
      vertex 66.2845 -9.58088 17.9858
      vertex 57.6122 -4.34696 19.8292
      vertex 61.5235 -4.45168 18.9978
    endloop
  endfacet
  facet normal -0.207911 -1.39487e-06 -0.978148
    outer loop
      vertex 57.6122 -4.34696 19.8292
      vertex 52.5952 -9.21436 20.8956
      vertex 52.9536 4.78088 20.8194
    endloop
  endfacet
  facet normal -0.207915 2.81543e-06 -0.978147
    outer loop
      vertex 52.5952 -9.21436 20.8956
      vertex 57.6122 -4.34696 19.8292
      vertex 66.2845 -9.58088 17.9858
    endloop
  endfacet
  facet normal -0.207924 -8.05006e-06 -0.978145
    outer loop
      vertex 57.7146 -0.34832 19.8074
      vertex 57.6122 -4.34696 19.8292
      vertex 52.9536 4.78088 20.8194
    endloop
  endfacet
  facet normal -0.025608 -0.999657 0.0054431
    outer loop
      vertex 67.428 -9.58088 23.3656
      vertex 52.5952 -9.21436 20.8956
      vertex 66.2845 -9.58088 17.9858
    endloop
  endfacet
  facet normal -0.0256083 -0.999657 0.00544316
    outer loop
      vertex 52.5952 -9.21436 20.8956
      vertex 60.8279 -9.40417 24.7685
      vertex 53.7387 -9.21436 26.2754
    endloop
  endfacet
  facet normal -0.0256079 -0.999657 0.00544219
    outer loop
      vertex 60.8279 -9.40417 24.7685
      vertex 52.5952 -9.21436 20.8956
      vertex 67.428 -9.58088 23.3656
    endloop
  endfacet
  facet normal -0.977813 0.0261721 0.207838
    outer loop
      vertex 54.0971 4.78088 26.1992
      vertex 52.9536 4.78088 20.8194
      vertex 52.5952 -9.21436 20.8956
    endloop
  endfacet
  facet normal 0.0256075 0.999657 -0.00543979
    outer loop
      vertex 52.9536 4.78088 20.8194
      vertex 64.7632 4.4953 23.9321
      vertex 67.7864 4.41436 23.2895
    endloop
  endfacet
  facet normal 0.0256084 0.999657 -0.00544318
    outer loop
      vertex 64.7632 4.4953 23.9321
      vertex 52.9536 4.78088 20.8194
      vertex 54.0971 4.78088 26.1992
    endloop
  endfacet
  facet normal -0.207915 -0 -0.978147
    outer loop
      vertex 57.7146 -0.348319 19.8074
      vertex 57.7146 -0.34832 19.8074
      vertex 52.9536 4.78088 20.8194
    endloop
  endfacet
  facet normal -0.207959 -4.201e-05 -0.978138
    outer loop
      vertex 66.2845 -9.58088 17.9858
      vertex 61.5235 -4.45168 18.9978
      vertex 61.5529 -3.30231 18.9915
    endloop
  endfacet
  facet normal -0.207907 -1.50058e-06 -0.978149
    outer loop
      vertex 61.5529 -3.30231 18.9915
      vertex 66.6429 4.41436 17.9096
      vertex 66.2845 -9.58088 17.9858
    endloop
  endfacet
  facet normal -0.207919 6.97606e-06 -0.978146
    outer loop
      vertex 61.2505 -0.442989 19.0558
      vertex 66.6429 4.41436 17.9096
      vertex 61.5529 -3.30231 18.9915
    endloop
  endfacet
  facet normal -0.207917 -2.03531e-06 -0.978146
    outer loop
      vertex 52.9536 4.78088 20.8194
      vertex 61.2505 -0.442989 19.0558
      vertex 57.7146 -0.348319 19.8074
    endloop
  endfacet
  facet normal -0.207915 1.85515e-06 -0.978147
    outer loop
      vertex 61.2505 -0.442989 19.0558
      vertex 52.9536 4.78088 20.8194
      vertex 66.6429 4.41436 17.9096
    endloop
  endfacet
  facet normal 0.0256081 0.999657 -0.005443
    outer loop
      vertex 66.6429 4.41436 17.9096
      vertex 52.9536 4.78088 20.8194
      vertex 67.7864 4.41436 23.2895
    endloop
  endfacet
  facet normal -0.977813 0.0261736 0.207837
    outer loop
      vertex 56.9261 -4.34696 16.6013
      vertex 57.6122 -4.34696 19.8292
      vertex 57.0285 -0.348319 16.5795
    endloop
  endfacet
  facet normal -0.0256076 -0.999657 0.00544296
    outer loop
      vertex 57.6122 -4.34696 19.8292
      vertex 56.9261 -4.34696 16.6013
      vertex 60.8374 -4.45168 15.7699
    endloop
  endfacet
  facet normal 0.207927 -6.12283e-06 0.978144
    outer loop
      vertex 61.6259 -0.453039 18.976
      vertex 61.2505 -0.442989 19.0558
      vertex 61.5529 -3.30231 18.9915
    endloop
  endfacet
  facet normal 0.0256076 0.999657 -0.00544296
    outer loop
      vertex 57.7146 -0.348319 19.8074
      vertex 60.9398 -0.453039 15.7481
      vertex 57.0285 -0.348319 16.5795
    endloop
  endfacet
  facet normal -0.978148 0 0.207908
    outer loop
      vertex 57.0285 -0.348319 16.5795
      vertex 57.7146 -0.34832 19.8074
      vertex 57.7146 -0.348319 19.8074
    endloop
  endfacet
  facet normal -0.977813 0.0261736 0.207837
    outer loop
      vertex 57.7146 -0.34832 19.8074
      vertex 57.0285 -0.348319 16.5795
      vertex 57.6122 -4.34696 19.8292
    endloop
  endfacet
  facet normal 0.977813 -0.0261828 -0.207837
    outer loop
      vertex 61.5529 -3.30231 18.9915
      vertex 60.9398 -0.453039 15.7481
      vertex 61.6259 -0.453039 18.976
    endloop
  endfacet
  facet normal 0.977814 -0.0261509 -0.207837
    outer loop
      vertex 60.8374 -4.45168 15.7699
      vertex 61.5529 -3.30231 18.9915
      vertex 61.5235 -4.45168 18.9978
    endloop
  endfacet
  facet normal 0.977815 -0.0261736 -0.207829
    outer loop
      vertex 61.5529 -3.30231 18.9915
      vertex 60.8374 -4.45168 15.7699
      vertex 60.9398 -0.453039 15.7481
    endloop
  endfacet
  facet normal -0.207918 -8.18611e-06 -0.978146
    outer loop
      vertex 60.8374 -4.45168 15.7699
      vertex 57.0285 -0.348319 16.5795
      vertex 60.9398 -0.453039 15.7481
    endloop
  endfacet
  facet normal -0.207918 -8.18611e-06 -0.978146
    outer loop
      vertex 57.0285 -0.348319 16.5795
      vertex 60.8374 -4.45168 15.7699
      vertex 56.9261 -4.34696 16.6013
    endloop
  endfacet
  facet normal -0.0256076 -0.999657 0.00544296
    outer loop
      vertex 61.5235 -4.45168 18.9978
      vertex 57.6122 -4.34696 19.8292
      vertex 60.8374 -4.45168 15.7699
    endloop
  endfacet
  facet normal 0.0256078 0.999657 -0.00544273
    outer loop
      vertex 61.2505 -0.442989 19.0558
      vertex 60.9398 -0.453039 15.7481
      vertex 57.7146 -0.348319 19.8074
    endloop
  endfacet
  facet normal 0.0256053 0.999657 -0.00544249
    outer loop
      vertex 60.9398 -0.453039 15.7481
      vertex 61.2505 -0.442989 19.0558
      vertex 61.6259 -0.453039 18.976
    endloop
  endfacet
  facet normal -0.94214 0.066858 0.328485
    outer loop
      vertex 57.4399 -24.8444 46.8594
      vertex 52.1165 -13.5685 29.2961
      vertex 52.8474 -30.8647 34.9128
    endloop
  endfacet
  facet normal 0.99639 0.0149665 -0.08357
    outer loop
      vertex 71.6181 -25.2241 43.8457
      vertex 69.9126 -14.045 25.5134
      vertex 71.0358 -11.4441 39.3709
    endloop
  endfacet
  facet normal -0.942139 0.0668608 0.328486
    outer loop
      vertex 56.8576 -11.0645 42.3845
      vertex 52.1165 -13.5685 29.2961
      vertex 57.4399 -24.8444 46.8594
    endloop
  endfacet
  facet normal -0.0401484 0.950346 -0.308596
    outer loop
      vertex 69.8921 -14.076 25.4206
      vertex 52.1165 -13.5685 29.2961
      vertex 69.9126 -14.045 25.5134
    endloop
  endfacet
  facet normal 0.205594 0.310105 0.928206
    outer loop
      vertex 71.0358 -11.4441 39.3709
      vertex 56.8576 -11.0645 42.3845
      vertex 71.6181 -25.2241 43.8457
    endloop
  endfacet
  facet normal 0.205602 0.310113 0.928201
    outer loop
      vertex 71.6181 -25.2241 43.8457
      vertex 56.8576 -11.0645 42.3845
      vertex 57.4399 -24.8444 46.8594
    endloop
  endfacet
  facet normal 0.977923 -0.0260061 -0.207341
    outer loop
      vertex 70.623 -31.3722 31.0373
      vertex 69.8921 -14.076 25.4206
      vertex 69.9126 -14.045 25.5134
    endloop
  endfacet
  facet normal -0.205601 -0.310111 -0.928202
    outer loop
      vertex 52.8268 -30.8957 34.82
      vertex 53.8285 -24.5532 32.4791
      vertex 54.0458 -29.6943 34.1486
    endloop
  endfacet
  facet normal -0.20561 -0.310109 -0.928201
    outer loop
      vertex 52.0959 -13.5995 29.2033
      vertex 53.8285 -24.5532 32.4791
      vertex 52.8268 -30.8957 34.82
    endloop
  endfacet
  facet normal -0.205603 -0.310109 -0.928202
    outer loop
      vertex 58.7089 -15.0106 28.21
      vertex 69.8921 -14.076 25.4206
      vertex 68.6731 -15.2774 26.092
    endloop
  endfacet
  facet normal -0.205591 -0.310102 -0.928208
    outer loop
      vertex 52.0959 -13.5995 29.2033
      vertex 58.7089 -15.0106 28.21
      vertex 53.4193 -14.869 29.3343
    endloop
  endfacet
  facet normal -0.205598 -0.310144 -0.928192
    outer loop
      vertex 58.7089 -15.0106 28.21
      vertex 52.0959 -13.5995 29.2033
      vertex 69.8921 -14.076 25.4206
    endloop
  endfacet
  facet normal -0.205597 -0.310108 -0.928204
    outer loop
      vertex 53.8285 -24.5532 32.4791
      vertex 52.0959 -13.5995 29.2033
      vertex 53.4193 -14.869 29.3343
    endloop
  endfacet
  facet normal -0.977722 0.0263095 0.208249
    outer loop
      vertex 52.8474 -30.8647 34.9128
      vertex 52.1165 -13.5685 29.2961
      vertex 52.8268 -30.8957 34.82
    endloop
  endfacet
  facet normal -0.205597 -0.310107 -0.928204
    outer loop
      vertex 69.0824 -24.9616 29.2368
      vertex 70.623 -31.3722 31.0373
      vertex 69.2996 -30.1027 30.9063
    endloop
  endfacet
  facet normal -0.205607 -0.310118 -0.928199
    outer loop
      vertex 70.623 -31.3722 31.0373
      vertex 64.01 -29.9611 32.0307
      vertex 69.2996 -30.1027 30.9063
    endloop
  endfacet
  facet normal -0.2056 -0.310076 -0.928214
    outer loop
      vertex 52.8268 -30.8957 34.82
      vertex 64.01 -29.9611 32.0307
      vertex 70.623 -31.3722 31.0373
    endloop
  endfacet
  facet normal -0.205594 -0.310118 -0.928202
    outer loop
      vertex 64.01 -29.9611 32.0307
      vertex 52.8268 -30.8957 34.82
      vertex 54.0458 -29.6943 34.1486
    endloop
  endfacet
  facet normal -0.205607 -0.310109 -0.928202
    outer loop
      vertex 70.623 -31.3722 31.0373
      vertex 69.0824 -24.9616 29.2368
      vertex 69.8921 -14.076 25.4206
    endloop
  endfacet
  facet normal -0.205602 -0.31011 -0.928202
    outer loop
      vertex 69.8921 -14.076 25.4206
      vertex 69.0824 -24.9616 29.2368
      vertex 68.6731 -15.2774 26.092
    endloop
  endfacet
  facet normal -0.0126769 0.982946 -0.18346
    outer loop
      vertex 69.9126 -14.045 25.5134
      vertex 52.1165 -13.5685 29.2961
      vertex 56.8576 -11.0645 42.3845
    endloop
  endfacet
  facet normal -0.0126779 0.982945 -0.18346
    outer loop
      vertex 69.9126 -14.045 25.5134
      vertex 56.8576 -11.0645 42.3845
      vertex 71.0358 -11.4441 39.3709
    endloop
  endfacet
  facet normal 0.0403436 -0.950051 0.309478
    outer loop
      vertex 70.6435 -31.3411 31.1301
      vertex 52.8268 -30.8957 34.82
      vertex 70.623 -31.3722 31.0373
    endloop
  endfacet
  facet normal 0.977928 -0.0259982 -0.207317
    outer loop
      vertex 70.623 -31.3722 31.0373
      vertex 69.9126 -14.045 25.5134
      vertex 70.6435 -31.3411 31.1301
    endloop
  endfacet
  facet normal 0.99639 0.0149673 -0.0835695
    outer loop
      vertex 70.6435 -31.3411 31.1301
      vertex 69.9126 -14.045 25.5134
      vertex 71.6181 -25.2241 43.8457
    endloop
  endfacet
  facet normal 0.0401452 -0.950358 0.308557
    outer loop
      vertex 52.8474 -30.8647 34.9128
      vertex 52.8268 -30.8957 34.82
      vertex 70.6435 -31.3411 31.1301
    endloop
  endfacet
  facet normal 0.0669297 -0.901123 0.428367
    outer loop
      vertex 71.6181 -25.2241 43.8457
      vertex 52.8474 -30.8647 34.9128
      vertex 70.6435 -31.3411 31.1301
    endloop
  endfacet
  facet normal 0.066923 -0.901118 0.428378
    outer loop
      vertex 57.4399 -24.8444 46.8594
      vertex 52.8474 -30.8647 34.9128
      vertex 71.6181 -25.2241 43.8457
    endloop
  endfacet
  facet normal -0.977722 0.0263095 0.208249
    outer loop
      vertex 52.1165 -13.5685 29.2961
      vertex 52.0959 -13.5995 29.2033
      vertex 52.8268 -30.8957 34.82
    endloop
  endfacet
  facet normal -0.0401399 0.950358 -0.308558
    outer loop
      vertex 69.8921 -14.076 25.4206
      vertex 52.0959 -13.5995 29.2033
      vertex 52.1165 -13.5685 29.2961
    endloop
  endfacet
  facet normal 0.0401585 -0.950344 0.308601
    outer loop
      vertex 69.2996 -30.1027 30.9063
      vertex 64.01 -29.9611 32.0307
      vertex 68.8576 -30.7694 28.9107
    endloop
  endfacet
  facet normal 0.977815 -0.0261786 -0.207828
    outer loop
      vertex 69.2996 -30.1027 30.9063
      vertex 68.8576 -30.7694 28.9107
      vertex 69.0824 -24.9616 29.2368
    endloop
  endfacet
  facet normal -0.977805 0.0261756 0.207876
    outer loop
      vertex 53.8285 -24.5532 32.4791
      vertex 53.6037 -30.361 32.153
      vertex 54.0458 -29.6943 34.1486
    endloop
  endfacet
  facet normal -0.0401525 0.950344 -0.3086
    outer loop
      vertex 58.7089 -15.0106 28.21
      vertex 52.9772 -15.5357 27.3387
      vertex 53.4193 -14.869 29.3343
    endloop
  endfacet
  facet normal 0.977814 -0.0261635 -0.207833
    outer loop
      vertex 69.0824 -24.9616 29.2368
      vertex 68.2311 -15.9441 24.0964
      vertex 68.6731 -15.2774 26.092
    endloop
  endfacet
  facet normal 0.977809 -0.0261769 -0.207855
    outer loop
      vertex 68.2311 -15.9441 24.0964
      vertex 69.0824 -24.9616 29.2368
      vertex 68.8576 -30.7694 28.9107
    endloop
  endfacet
  facet normal -0.977805 0.0261867 0.207872
    outer loop
      vertex 52.9772 -15.5357 27.3387
      vertex 53.8285 -24.5532 32.4791
      vertex 53.4193 -14.869 29.3343
    endloop
  endfacet
  facet normal -0.977809 0.0261769 0.207855
    outer loop
      vertex 53.8285 -24.5532 32.4791
      vertex 52.9772 -15.5357 27.3387
      vertex 53.6037 -30.361 32.153
    endloop
  endfacet
  facet normal -0.205593 -0.310098 -0.928209
    outer loop
      vertex 68.8576 -30.7694 28.9107
      vertex 65.5934 -29.9226 29.3508
      vertex 68.0432 -29.9882 28.8301
    endloop
  endfacet
  facet normal -0.205597 -0.310119 -0.9282
    outer loop
      vertex 53.6037 -30.361 32.153
      vertex 65.5934 -29.9226 29.3508
      vertex 68.8576 -30.7694 28.9107
    endloop
  endfacet
  facet normal -0.205597 -0.310122 -0.9282
    outer loop
      vertex 65.5934 -29.9226 29.3508
      vertex 53.6037 -30.361 32.153
      vertex 55.3252 -28.6643 31.2048
    endloop
  endfacet
  facet normal -0.205609 -0.31011 -0.928201
    outer loop
      vertex 53.6037 -30.361 32.153
      vertex 54.0651 -22.7893 29.5211
      vertex 55.3252 -28.6643 31.2048
    endloop
  endfacet
  facet normal -0.205628 -0.310108 -0.928197
    outer loop
      vertex 52.9772 -15.5357 27.3387
      vertex 54.0651 -22.7893 29.5211
      vertex 53.6037 -30.361 32.153
    endloop
  endfacet
  facet normal -0.205601 -0.310106 -0.928204
    outer loop
      vertex 54.0651 -22.7893 29.5211
      vertex 52.9772 -15.5357 27.3387
      vertex 53.7916 -16.3169 27.4193
    endloop
  endfacet
  facet normal 0.0401473 -0.950344 0.308601
    outer loop
      vertex 53.6037 -30.361 32.153
      vertex 64.01 -29.9611 32.0307
      vertex 54.0458 -29.6943 34.1486
    endloop
  endfacet
  facet normal 0.0401473 -0.950349 0.308585
    outer loop
      vertex 64.01 -29.9611 32.0307
      vertex 53.6037 -30.361 32.153
      vertex 68.8576 -30.7694 28.9107
    endloop
  endfacet
  facet normal -0.205604 -0.310109 -0.928202
    outer loop
      vertex 68.0432 -29.9882 28.8301
      vertex 68.2311 -15.9441 24.0964
      vertex 68.8576 -30.7694 28.9107
    endloop
  endfacet
  facet normal -0.205517 -0.310116 -0.928219
    outer loop
      vertex 67.4809 -16.6834 24.5095
      vertex 68.2311 -15.9441 24.0964
      vertex 68.0432 -29.9882 28.8301
    endloop
  endfacet
  facet normal -0.205605 -0.310032 -0.928228
    outer loop
      vertex 53.7916 -16.3169 27.4193
      vertex 68.2311 -15.9441 24.0964
      vertex 67.4809 -16.6834 24.5095
    endloop
  endfacet
  facet normal -0.205598 -0.310103 -0.928206
    outer loop
      vertex 68.2311 -15.9441 24.0964
      vertex 53.7916 -16.3169 27.4193
      vertex 52.9772 -15.5357 27.3387
    endloop
  endfacet
  facet normal -0.0401506 0.950343 -0.308603
    outer loop
      vertex 68.2311 -15.9441 24.0964
      vertex 58.7089 -15.0106 28.21
      vertex 68.6731 -15.2774 26.092
    endloop
  endfacet
  facet normal -0.0401517 0.950342 -0.308605
    outer loop
      vertex 58.7089 -15.0106 28.21
      vertex 68.2311 -15.9441 24.0964
      vertex 52.9772 -15.5357 27.3387
    endloop
  endfacet
  facet normal 0.205596 0.310105 0.928205
    outer loop
      vertex 55.3252 -28.6643 31.2048
      vertex 54.3539 -29.6217 31.7398
      vertex 65.5934 -29.9226 29.3508
    endloop
  endfacet
  facet normal -0.0401555 0.95034 -0.308612
    outer loop
      vertex 66.3502 -18.389 19.4044
      vertex 53.7916 -16.3169 27.4193
      vertex 67.4809 -16.6834 24.5095
    endloop
  endfacet
  facet normal -0.040155 0.95034 -0.308612
    outer loop
      vertex 53.7916 -16.3169 27.4193
      vertex 66.3502 -18.389 19.4044
      vertex 52.6608 -18.0225 22.3142
    endloop
  endfacet
  facet normal 0.0401527 -0.95034 0.308611
    outer loop
      vertex 54.3539 -29.6217 31.7398
      vertex 53.223 -31.3273 26.6347
      vertex 66.9124 -31.6938 23.725
    endloop
  endfacet
  facet normal 0.205593 0.310108 0.928205
    outer loop
      vertex 55.3252 -28.6643 31.2048
      vertex 54.0651 -22.7893 29.5211
      vertex 54.3539 -29.6217 31.7398
    endloop
  endfacet
  facet normal -0.205594 -0.310108 -0.928205
    outer loop
      vertex 53.223 -31.3273 26.6347
      vertex 59.7866 -24.8582 23.0196
      vertex 66.9124 -31.6938 23.725
    endloop
  endfacet
  facet normal -0.205593 -0.310109 -0.928205
    outer loop
      vertex 59.7866 -24.8582 23.0196
      vertex 53.223 -31.3273 26.6347
      vertex 57.8065 -24.2258 23.2469
    endloop
  endfacet
  facet normal -0.205597 -0.310106 -0.928205
    outer loop
      vertex 52.6608 -18.0225 22.3142
      vertex 57.8065 -24.2258 23.2469
      vertex 53.223 -31.3273 26.6347
    endloop
  endfacet
  facet normal -0.205536 -0.310059 -0.928234
    outer loop
      vertex 57.8065 -24.2258 23.2469
      vertex 52.6608 -18.0225 22.3142
      vertex 57.7507 -22.9051 22.8181
    endloop
  endfacet
  facet normal 0.977815 -0.0261717 -0.207827
    outer loop
      vertex 66.3502 -18.389 19.4044
      vertex 67.4809 -16.6834 24.5095
      vertex 66.9124 -31.6938 23.725
    endloop
  endfacet
  facet normal -0.205601 -0.310112 -0.928202
    outer loop
      vertex 66.9124 -31.6938 23.725
      vertex 61.6797 -23.4314 22.1236
      vertex 66.3502 -18.389 19.4044
    endloop
  endfacet
  facet normal -0.205594 -0.310108 -0.928205
    outer loop
      vertex 61.6797 -23.4314 22.1236
      vertex 66.9124 -31.6938 23.725
      vertex 59.7866 -24.8582 23.0196
    endloop
  endfacet
  facet normal -0.205632 -0.310084 -0.928204
    outer loop
      vertex 61.6619 -23.0098 21.9867
      vertex 66.3502 -18.389 19.4044
      vertex 61.6797 -23.4314 22.1236
    endloop
  endfacet
  facet normal -0.205585 -0.31013 -0.9282
    outer loop
      vertex 57.7507 -22.9051 22.818
      vertex 66.3502 -18.389 19.4044
      vertex 61.6619 -23.0098 21.9867
    endloop
  endfacet
  facet normal -0.2056 -0.310104 -0.928205
    outer loop
      vertex 66.3502 -18.389 19.4044
      vertex 57.7507 -22.9051 22.818
      vertex 52.6608 -18.0225 22.3142
    endloop
  endfacet
  facet normal -0.692258 -0.72165 0
    outer loop
      vertex 57.7507 -22.9051 22.818
      vertex 57.7507 -22.9051 22.8181
      vertex 52.6608 -18.0225 22.3142
    endloop
  endfacet
  facet normal -0.977812 0.026175 0.207844
    outer loop
      vertex 52.6608 -18.0225 22.3142
      vertex 54.0651 -22.7893 29.5211
      vertex 53.7916 -16.3169 27.4193
    endloop
  endfacet
  facet normal -0.977812 0.0261761 0.207845
    outer loop
      vertex 53.223 -31.3273 26.6347
      vertex 54.0651 -22.7893 29.5211
      vertex 52.6608 -18.0225 22.3142
    endloop
  endfacet
  facet normal -0.977808 0.0261691 0.207864
    outer loop
      vertex 54.0651 -22.7893 29.5211
      vertex 53.223 -31.3273 26.6347
      vertex 54.3539 -29.6217 31.7398
    endloop
  endfacet
  facet normal 0.977811 -0.0261706 -0.207846
    outer loop
      vertex 68.0432 -29.9882 28.8301
      vertex 66.9124 -31.6938 23.725
      vertex 67.4809 -16.6834 24.5095
    endloop
  endfacet
  facet normal 0.0401551 -0.950339 0.308615
    outer loop
      vertex 66.9124 -31.6938 23.725
      vertex 65.5934 -29.9226 29.3508
      vertex 54.3539 -29.6217 31.7398
    endloop
  endfacet
  facet normal 0.0401472 -0.95034 0.308613
    outer loop
      vertex 65.5934 -29.9226 29.3508
      vertex 66.9124 -31.6938 23.725
      vertex 68.0432 -29.9882 28.8301
    endloop
  endfacet
  facet normal 0.205603 0.310097 0.928206
    outer loop
      vertex 59.7866 -24.8582 23.0196
      vertex 61.8225 -26.8112 23.2211
      vertex 61.6797 -23.4314 22.1236
    endloop
  endfacet
  facet normal 0.205608 0.310103 0.928203
    outer loop
      vertex 59.7866 -24.8582 23.0196
      vertex 57.9113 -26.7065 24.0525
      vertex 61.8225 -26.8112 23.2211
    endloop
  endfacet
  facet normal 0.205595 0.310116 0.928202
    outer loop
      vertex 57.9113 -26.7065 24.0525
      vertex 59.7866 -24.8582 23.0196
      vertex 57.8065 -24.2258 23.2469
    endloop
  endfacet
  facet normal -0.0401551 0.950338 -0.308619
    outer loop
      vertex 60.9834 -24.0332 18.9236
      vertex 57.7507 -22.9051 22.818
      vertex 61.6619 -23.0098 21.9867
    endloop
  endfacet
  facet normal -0.0401645 0.950335 -0.308626
    outer loop
      vertex 57.7507 -22.9051 22.818
      vertex 60.9834 -24.0332 18.9236
      vertex 57.0722 -23.9285 19.755
    endloop
  endfacet
  facet normal 0.040133 -0.950334 0.308634
    outer loop
      vertex 61.8225 -26.8112 23.2211
      vertex 57.2328 -27.7298 20.9894
      vertex 61.1441 -27.8346 20.1581
    endloop
  endfacet
  facet normal -0.205608 -0.310103 -0.928203
    outer loop
      vertex 57.2328 -27.7298 20.9894
      vertex 57.0722 -23.9285 19.755
      vertex 60.9834 -24.0332 18.9236
    endloop
  endfacet
  facet normal 0.0401567 -0.950347 0.308591
    outer loop
      vertex 57.9113 -26.7065 24.0525
      vertex 57.2328 -27.7298 20.9894
      vertex 61.8225 -26.8112 23.2211
    endloop
  endfacet
  facet normal -0.97781 0.0261869 0.20785
    outer loop
      vertex 57.8065 -24.2258 23.2469
      vertex 57.7507 -22.9051 22.818
      vertex 57.0722 -23.9285 19.755
    endloop
  endfacet
  facet normal -0.999109 -0.0422127 0
    outer loop
      vertex 57.7507 -22.9051 22.818
      vertex 57.8065 -24.2258 23.2469
      vertex 57.7507 -22.9051 22.8181
    endloop
  endfacet
  facet normal -0.97781 0.026184 0.20785
    outer loop
      vertex 57.2328 -27.7298 20.9894
      vertex 57.8065 -24.2258 23.2469
      vertex 57.0722 -23.9285 19.755
    endloop
  endfacet
  facet normal -0.977811 0.026188 0.207844
    outer loop
      vertex 57.8065 -24.2258 23.2469
      vertex 57.2328 -27.7298 20.9894
      vertex 57.9113 -26.7065 24.0525
    endloop
  endfacet
  facet normal 0.977812 -0.0262048 -0.207838
    outer loop
      vertex 61.6797 -23.4314 22.1236
      vertex 60.9834 -24.0332 18.9236
      vertex 61.6619 -23.0098 21.9867
    endloop
  endfacet
  facet normal 0.977812 -0.0261778 -0.207843
    outer loop
      vertex 60.9834 -24.0332 18.9236
      vertex 61.6797 -23.4314 22.1236
      vertex 61.8225 -26.8112 23.2211
    endloop
  endfacet
  facet normal -0.205588 -0.310123 -0.928201
    outer loop
      vertex 61.1441 -27.8346 20.1581
      vertex 57.2328 -27.7298 20.9894
      vertex 60.9834 -24.0332 18.9236
    endloop
  endfacet
  facet normal 0.977815 -0.0261563 -0.207829
    outer loop
      vertex 61.1441 -27.8346 20.1581
      vertex 60.9834 -24.0332 18.9236
      vertex 61.8225 -26.8112 23.2211
    endloop
  endfacet
  facet normal 0.182995 0.589625 0.786673
    outer loop
      vertex 71.7352 -26.6724 44.5792
      vertex 57.557 -26.2928 47.5928
      vertex 59.0353 -37.9979 56.0221
    endloop
  endfacet
  facet normal -0.182996 -0.589681 -0.786631
    outer loop
      vertex 72.6491 -48.174 42.6859
      vertex 61.2812 -46.8238 44.3183
      vertex 71.2454 -47.0906 42.2003
    endloop
  endfacet
  facet normal -0.182996 -0.589632 -0.786668
    outer loop
      vertex 54.8529 -47.6976 46.4686
      vertex 61.2812 -46.8238 44.3183
      vertex 72.6491 -48.174 42.6859
    endloop
  endfacet
  facet normal -0.182982 -0.589671 -0.786642
    outer loop
      vertex 61.2812 -46.8238 44.3183
      vertex 54.8529 -47.6976 46.4686
      vertex 55.9915 -46.6822 45.4426
    endloop
  endfacet
  facet normal -0.183051 -0.589618 -0.786666
    outer loop
      vertex 54.8529 -47.6976 46.4686
      vertex 55.44 -42.3152 42.2978
      vertex 55.9915 -46.6822 45.4426
    endloop
  endfacet
  facet normal -0.18303 -0.589621 -0.786668
    outer loop
      vertex 52.9974 -33.0056 35.8884
      vertex 55.44 -42.3152 42.2978
      vertex 54.8529 -47.6976 46.4686
    endloop
  endfacet
  facet normal -0.183037 -0.589622 -0.786666
    outer loop
      vertex 55.44 -42.3152 42.2978
      vertex 52.9974 -33.0056 35.8884
      vertex 54.4011 -34.0891 36.3739
    endloop
  endfacet
  facet normal -0.945122 0.103742 0.30981
    outer loop
      vertex 57.557 -26.2928 47.5928
      vertex 53.0157 -32.9467 35.967
      vertex 59.0353 -37.9979 56.0221
    endloop
  endfacet
  facet normal 0.993409 0.0518395 -0.102233
    outer loop
      vertex 72.6674 -48.1151 42.7645
      vertex 70.8119 -33.4231 32.1843
      vertex 71.7352 -26.6724 44.5792
    endloop
  endfacet
  facet normal -0.182928 -0.58962 -0.786693
    outer loop
      vertex 70.2065 -38.8644 36.2764
      vertex 72.6491 -48.174 42.6859
      vertex 71.2454 -47.0906 42.2003
    endloop
  endfacet
  facet normal -0.182999 -0.589625 -0.786673
    outer loop
      vertex 72.6491 -48.174 42.6859
      vertex 70.2065 -38.8644 36.2764
      vertex 70.7936 -33.4821 32.1057
    endloop
  endfacet
  facet normal -0.182962 -0.589631 -0.786676
    outer loop
      vertex 69.6549 -34.4975 33.1316
      vertex 70.7936 -33.4821 32.1057
      vertex 70.2065 -38.8644 36.2764
    endloop
  endfacet
  facet normal -0.183002 -0.589601 -0.78669
    outer loop
      vertex 54.4011 -34.0891 36.3739
      vertex 70.7936 -33.4821 32.1057
      vertex 69.6549 -34.4975 33.1316
    endloop
  endfacet
  facet normal -0.183004 -0.589592 -0.786696
    outer loop
      vertex 70.7936 -33.4821 32.1057
      vertex 54.4011 -34.0891 36.3739
      vertex 52.9974 -33.0056 35.8884
    endloop
  endfacet
  facet normal 0.183001 0.589621 0.786675
    outer loop
      vertex 71.7352 -26.6724 44.5792
      vertex 59.0353 -37.9979 56.0221
      vertex 73.2135 -38.3775 53.0084
    endloop
  endfacet
  facet normal -0.102079 0.806843 -0.581879
    outer loop
      vertex 70.7936 -33.4821 32.1057
      vertex 52.9974 -33.0056 35.8884
      vertex 70.8119 -33.4231 32.1843
    endloop
  endfacet
  facet normal -0.945122 0.103743 0.309811
    outer loop
      vertex 59.0353 -37.9979 56.0221
      vertex 53.0157 -32.9467 35.967
      vertex 54.8712 -47.6386 46.5472
    endloop
  endfacet
  facet normal 0.993409 0.0518397 -0.102236
    outer loop
      vertex 72.6674 -48.1151 42.7645
      vertex 71.7352 -26.6724 44.5792
      vertex 73.2135 -38.3775 53.0084
    endloop
  endfacet
  facet normal 0.125205 -0.722412 0.680033
    outer loop
      vertex 73.2135 -38.3775 53.0084
      vertex 59.0353 -37.9979 56.0221
      vertex 72.6674 -48.1151 42.7645
    endloop
  endfacet
  facet normal 0.977784 -0.026274 -0.207963
    outer loop
      vertex 72.6491 -48.174 42.6859
      vertex 70.7936 -33.4821 32.1057
      vertex 72.6674 -48.1151 42.7645
    endloop
  endfacet
  facet normal -0.977784 0.026274 0.207963
    outer loop
      vertex 52.9974 -33.0056 35.8884
      vertex 54.8712 -47.6386 46.5472
      vertex 53.0157 -32.9467 35.967
    endloop
  endfacet
  facet normal -0.977789 0.0262583 0.207943
    outer loop
      vertex 54.8712 -47.6386 46.5472
      vertex 52.9974 -33.0056 35.8884
      vertex 54.8529 -47.6976 46.4686
    endloop
  endfacet
  facet normal -0.101935 0.80732 -0.581243
    outer loop
      vertex 70.8119 -33.4231 32.1843
      vertex 52.9974 -33.0056 35.8884
      vertex 53.0157 -32.9467 35.967
    endloop
  endfacet
  facet normal 0.977789 -0.0262583 -0.207943
    outer loop
      vertex 72.6674 -48.1151 42.7645
      vertex 70.7936 -33.4821 32.1057
      vertex 70.8119 -33.4231 32.1843
    endloop
  endfacet
  facet normal 0.102083 -0.806844 0.581878
    outer loop
      vertex 72.6491 -48.174 42.6859
      vertex 54.8712 -47.6386 46.5472
      vertex 54.8529 -47.6976 46.4686
    endloop
  endfacet
  facet normal 0.101931 -0.80732 0.581244
    outer loop
      vertex 54.8712 -47.6386 46.5472
      vertex 72.6491 -48.174 42.6859
      vertex 72.6674 -48.1151 42.7645
    endloop
  endfacet
  facet normal -0.076921 0.877989 -0.47246
    outer loop
      vertex 70.8119 -33.4231 32.1843
      vertex 53.0157 -32.9467 35.967
      vertex 57.557 -26.2928 47.5928
    endloop
  endfacet
  facet normal -0.0769144 0.877992 -0.472456
    outer loop
      vertex 70.8119 -33.4231 32.1843
      vertex 57.557 -26.2928 47.5928
      vertex 71.7352 -26.6724 44.5792
    endloop
  endfacet
  facet normal 0.125202 -0.722414 0.680031
    outer loop
      vertex 59.0353 -37.9979 56.0221
      vertex 54.8712 -47.6386 46.5472
      vertex 72.6674 -48.1151 42.7645
    endloop
  endfacet
  facet normal -0.101951 0.807259 -0.581326
    outer loop
      vertex 69.2615 -35.7652 31.4402
      vertex 54.4011 -34.0891 36.3739
      vertex 69.6549 -34.4975 33.1316
    endloop
  endfacet
  facet normal -0.101951 0.807259 -0.581326
    outer loop
      vertex 54.4011 -34.0891 36.3739
      vertex 69.2615 -35.7652 31.4402
      vertex 54.0077 -35.3568 34.6825
    endloop
  endfacet
  facet normal 0.977816 -0.0261535 -0.207827
    outer loop
      vertex 70.2065 -38.8644 36.2764
      vertex 69.2615 -35.7652 31.4402
      vertex 69.6549 -34.4975 33.1316
    endloop
  endfacet
  facet normal -0.977816 0.0261734 0.207824
    outer loop
      vertex 55.9915 -46.6822 45.4426
      vertex 55.44 -42.3152 42.2978
      vertex 55.5981 -47.9499 43.7513
    endloop
  endfacet
  facet normal 0.977807 -0.0261977 -0.207862
    outer loop
      vertex 70.8519 -48.3583 40.509
      vertex 70.2065 -38.8644 36.2764
      vertex 71.2454 -47.0906 42.2003
    endloop
  endfacet
  facet normal 0.97781 -0.0261925 -0.20785
    outer loop
      vertex 70.2065 -38.8644 36.2764
      vertex 70.8519 -48.3583 40.509
      vertex 69.2615 -35.7652 31.4402
    endloop
  endfacet
  facet normal -0.183001 -0.589593 -0.786696
    outer loop
      vertex 70.8519 -48.3583 40.509
      vertex 59.8906 -47.4212 42.3565
      vertex 69.9881 -47.6915 40.2102
    endloop
  endfacet
  facet normal -0.183 -0.589618 -0.786678
    outer loop
      vertex 55.5981 -47.9499 43.7513
      vertex 59.8906 -47.4212 42.3565
      vertex 70.8519 -48.3583 40.509
    endloop
  endfacet
  facet normal -0.183001 -0.589615 -0.78668
    outer loop
      vertex 55.5981 -47.9499 43.7513
      vertex 56.044 -45.3079 41.6674
      vertex 59.8906 -47.4212 42.3565
    endloop
  endfacet
  facet normal -0.182945 -0.589627 -0.786684
    outer loop
      vertex 54.0077 -35.3568 34.6825
      vertex 56.044 -45.3079 41.6674
      vertex 55.5981 -47.9499 43.7513
    endloop
  endfacet
  facet normal -0.182965 -0.589628 -0.786679
    outer loop
      vertex 56.044 -45.3079 41.6674
      vertex 54.0077 -35.3568 34.6825
      vertex 54.8715 -36.0235 34.9813
    endloop
  endfacet
  facet normal -0.183036 -0.589625 -0.786664
    outer loop
      vertex 69.9881 -47.6915 40.2102
      vertex 69.2615 -35.7652 31.4402
      vertex 70.8519 -48.3583 40.509
    endloop
  endfacet
  facet normal -0.1831 -0.58962 -0.786653
    outer loop
      vertex 68.5608 -36.39 32.0716
      vertex 69.2615 -35.7652 31.4402
      vertex 69.9881 -47.6915 40.2102
    endloop
  endfacet
  facet normal -0.182985 -0.589709 -0.786613
    outer loop
      vertex 54.8715 -36.0235 34.9813
      vertex 69.2615 -35.7652 31.4402
      vertex 68.5608 -36.39 32.0716
    endloop
  endfacet
  facet normal -0.182995 -0.589655 -0.786651
    outer loop
      vertex 69.2615 -35.7652 31.4402
      vertex 54.8715 -36.0235 34.9813
      vertex 54.0077 -35.3568 34.6825
    endloop
  endfacet
  facet normal -0.977817 0.0261654 0.207818
    outer loop
      vertex 54.0077 -35.3568 34.6825
      vertex 55.44 -42.3152 42.2978
      vertex 54.4011 -34.0891 36.3739
    endloop
  endfacet
  facet normal -0.977816 0.0261738 0.207825
    outer loop
      vertex 55.44 -42.3152 42.2978
      vertex 54.0077 -35.3568 34.6825
      vertex 55.5981 -47.9499 43.7513
    endloop
  endfacet
  facet normal 0.101955 -0.807247 0.581341
    outer loop
      vertex 70.8519 -48.3583 40.509
      vertex 61.2812 -46.8238 44.3183
      vertex 55.5981 -47.9499 43.7513
    endloop
  endfacet
  facet normal 0.101956 -0.807245 0.581343
    outer loop
      vertex 61.2812 -46.8238 44.3183
      vertex 70.8519 -48.3583 40.509
      vertex 71.2454 -47.0906 42.2003
    endloop
  endfacet
  facet normal 0.101953 -0.807243 0.581347
    outer loop
      vertex 55.9915 -46.6822 45.4426
      vertex 55.5981 -47.9499 43.7513
      vertex 61.2812 -46.8238 44.3183
    endloop
  endfacet
  facet normal 0.182994 0.589605 0.786689
    outer loop
      vertex 59.8906 -47.4212 42.3565
      vertex 56.044 -45.3079 41.6674
      vertex 56.2988 -47.325 43.1199
    endloop
  endfacet
  facet normal -0.101953 0.807262 -0.58132
    outer loop
      vertex 67.5543 -39.6329 27.7448
      vertex 53.865 -39.2664 30.6546
      vertex 68.5608 -36.39 32.0716
    endloop
  endfacet
  facet normal 0.977813 -0.0261799 -0.207837
    outer loop
      vertex 69.9881 -47.6915 40.2102
      vertex 67.5543 -39.6329 27.7448
      vertex 68.5608 -36.39 32.0716
    endloop
  endfacet
  facet normal -0.977809 0.0261593 0.207857
    outer loop
      vertex 56.044 -45.3079 41.6674
      vertex 55.2923 -50.5679 38.7932
      vertex 56.2988 -47.325 43.1199
    endloop
  endfacet
  facet normal -0.977816 0.0261778 0.207824
    outer loop
      vertex 55.2923 -50.5679 38.7932
      vertex 56.044 -45.3079 41.6674
      vertex 54.8715 -36.0235 34.9813
    endloop
  endfacet
  facet normal -0.101951 0.807256 -0.581329
    outer loop
      vertex 68.5608 -36.39 32.0716
      vertex 53.865 -39.2664 30.6546
      vertex 54.8715 -36.0235 34.9813
    endloop
  endfacet
  facet normal 0.977813 -0.0261799 -0.207837
    outer loop
      vertex 68.9816 -50.9344 35.8834
      vertex 67.5543 -39.6329 27.7448
      vertex 69.9881 -47.6915 40.2102
    endloop
  endfacet
  facet normal -0.183 -0.589623 -0.786674
    outer loop
      vertex 68.9816 -50.9344 35.8834
      vertex 63.5828 -46.7673 34.016
      vertex 67.5543 -39.6329 27.7448
    endloop
  endfacet
  facet normal -0.183001 -0.589624 -0.786673
    outer loop
      vertex 55.2923 -50.5679 38.7932
      vertex 63.5828 -46.7673 34.016
      vertex 68.9816 -50.9344 35.8834
    endloop
  endfacet
  facet normal -0.183007 -0.589616 -0.786677
    outer loop
      vertex 63.5828 -46.7673 34.016
      vertex 55.2923 -50.5679 38.7932
      vertex 59.6716 -46.6626 34.8474
    endloop
  endfacet
  facet normal -0.183005 -0.58962 -0.786675
    outer loop
      vertex 67.5543 -39.6329 27.7448
      vertex 63.5828 -46.7673 34.016
      vertex 63.175 -43.5383 31.6907
    endloop
  endfacet
  facet normal -0.18298 -0.589637 -0.786668
    outer loop
      vertex 59.6716 -46.6626 34.8474
      vertex 55.2923 -50.5679 38.7932
      vertex 59.2638 -43.4336 32.522
    endloop
  endfacet
  facet normal -0.182985 -0.589636 -0.786668
    outer loop
      vertex 59.2638 -43.4336 32.522
      vertex 67.5543 -39.6329 27.7448
      vertex 63.175 -43.5383 31.6907
    endloop
  endfacet
  facet normal -0.183002 -0.589614 -0.78668
    outer loop
      vertex 59.2638 -43.4336 32.522
      vertex 53.865 -39.2664 30.6546
      vertex 67.5543 -39.6329 27.7448
    endloop
  endfacet
  facet normal -0.183012 -0.589622 -0.786672
    outer loop
      vertex 53.865 -39.2664 30.6546
      vertex 59.2638 -43.4336 32.522
      vertex 55.2923 -50.5679 38.7932
    endloop
  endfacet
  facet normal -0.977812 0.0261821 0.20784
    outer loop
      vertex 54.8715 -36.0235 34.9813
      vertex 53.865 -39.2664 30.6546
      vertex 55.2923 -50.5679 38.7932
    endloop
  endfacet
  facet normal 0.101935 -0.807256 0.581333
    outer loop
      vertex 55.2923 -50.5679 38.7932
      vertex 59.8906 -47.4212 42.3565
      vertex 56.2988 -47.325 43.1199
    endloop
  endfacet
  facet normal 0.101952 -0.807264 0.581318
    outer loop
      vertex 68.9816 -50.9344 35.8834
      vertex 59.8906 -47.4212 42.3565
      vertex 55.2923 -50.5679 38.7932
    endloop
  endfacet
  facet normal 0.101954 -0.807262 0.58132
    outer loop
      vertex 59.8906 -47.4212 42.3565
      vertex 68.9816 -50.9344 35.8834
      vertex 69.9881 -47.6915 40.2102
    endloop
  endfacet
  facet normal 0.101958 -0.80727 0.581308
    outer loop
      vertex 59.6716 -46.6626 34.8474
      vertex 59.0677 -48.6083 32.2513
      vertex 63.5828 -46.7673 34.016
    endloop
  endfacet
  facet normal 0.101947 -0.80726 0.581325
    outer loop
      vertex 63.5828 -46.7673 34.016
      vertex 59.0677 -48.6083 32.2513
      vertex 62.9789 -48.713 31.42
    endloop
  endfacet
  facet normal -0.977812 0.0261866 0.207839
    outer loop
      vertex 59.2638 -43.4336 32.522
      vertex 58.6599 -45.3793 29.926
      vertex 59.6716 -46.6626 34.8474
    endloop
  endfacet
  facet normal 0.977812 -0.0261824 -0.207842
    outer loop
      vertex 63.5828 -46.7673 34.016
      vertex 62.9789 -48.713 31.42
      vertex 63.175 -43.5383 31.6907
    endloop
  endfacet
  facet normal -0.183006 -0.58962 -0.786674
    outer loop
      vertex 59.0677 -48.6083 32.2513
      vertex 58.6599 -45.3793 29.926
      vertex 62.5711 -45.484 29.0946
    endloop
  endfacet
  facet normal 0.977814 -0.0261829 -0.207834
    outer loop
      vertex 62.9789 -48.713 31.42
      vertex 62.5711 -45.484 29.0946
      vertex 63.175 -43.5383 31.6907
    endloop
  endfacet
  facet normal -0.182985 -0.589637 -0.786667
    outer loop
      vertex 62.9789 -48.713 31.42
      vertex 59.0677 -48.6083 32.2513
      vertex 62.5711 -45.484 29.0946
    endloop
  endfacet
  facet normal -0.977813 0.0261787 0.207837
    outer loop
      vertex 59.6716 -46.6626 34.8474
      vertex 58.6599 -45.3793 29.926
      vertex 59.0677 -48.6083 32.2513
    endloop
  endfacet
  facet normal -0.101944 0.80727 -0.581311
    outer loop
      vertex 62.5711 -45.484 29.0946
      vertex 59.2638 -43.4336 32.522
      vertex 63.175 -43.5383 31.6907
    endloop
  endfacet
  facet normal -0.101961 0.80726 -0.581322
    outer loop
      vertex 59.2638 -43.4336 32.522
      vertex 62.5711 -45.484 29.0946
      vertex 58.6599 -45.3793 29.926
    endloop
  endfacet
  facet normal -0.946173 0.11194 0.303686
    outer loop
      vertex 87.7736 30.4512 43.055
      vertex 85.3886 9.04885 43.5132
      vertex 89.4782 19.8577 52.2707
    endloop
  endfacet
  facet normal -0.958836 0.197395 0.204128
    outer loop
      vertex 87.7704 30.5149 42.978
      vertex 82.6372 16.9479 31.9857
      vertex 82.6405 16.8842 32.0628
    endloop
  endfacet
  facet normal 0.95477 -0.279904 -0.100335
    outer loop
      vertex 103.381 16.9917 49.3155
      vertex 99.2919 6.18278 40.5579
      vertex 100.092 13.2868 28.3534
    endloop
  endfacet
  facet normal 0.0325493 -0.636596 0.77051
    outer loop
      vertex 103.381 16.9917 49.3155
      vertex 89.4782 19.8577 52.2707
      vertex 99.2919 6.18278 40.5579
    endloop
  endfacet
  facet normal 0.0325507 -0.636596 0.770511
    outer loop
      vertex 89.4782 19.8577 52.2707
      vertex 85.3886 9.04885 43.5132
      vertex 99.2919 6.18278 40.5579
    endloop
  endfacet
  facet normal -0.282046 -0.745513 -0.603871
    outer loop
      vertex 82.6405 16.8842 32.0628
      vertex 82.6372 16.9479 31.9857
      vertex 100.088 13.3504 28.2764
    endloop
  endfacet
  facet normal 0.283865 0.654934 0.700344
    outer loop
      vertex 105.225 26.8538 39.3457
      vertex 87.7736 30.4512 43.055
      vertex 89.4782 19.8577 52.2707
    endloop
  endfacet
  facet normal -0.281965 -0.746861 -0.602241
    outer loop
      vertex 100.092 13.2868 28.3534
      vertex 82.6405 16.8842 32.0628
      vertex 100.088 13.3504 28.2764
    endloop
  endfacet
  facet normal -0.275287 -0.822906 -0.497034
    outer loop
      vertex 85.3886 9.04885 43.5132
      vertex 82.6405 16.8842 32.0628
      vertex 99.2919 6.18278 40.5579
    endloop
  endfacet
  facet normal 0.958597 -0.193114 -0.209283
    outer loop
      vertex 105.225 26.8538 39.3457
      vertex 100.092 13.2868 28.3534
      vertex 105.221 26.9175 39.2686
    endloop
  endfacet
  facet normal -0.27528 -0.822903 -0.497044
    outer loop
      vertex 99.2919 6.18278 40.5579
      vertex 82.6405 16.8842 32.0628
      vertex 100.092 13.2868 28.3534
    endloop
  endfacet
  facet normal 0.282062 0.744952 0.604556
    outer loop
      vertex 105.225 26.8538 39.3457
      vertex 87.7704 30.5149 42.978
      vertex 87.7736 30.4512 43.055
    endloop
  endfacet
  facet normal 0.283877 0.654921 0.700352
    outer loop
      vertex 105.225 26.8538 39.3457
      vertex 89.4782 19.8577 52.2707
      vertex 103.381 16.9917 49.3155
    endloop
  endfacet
  facet normal -0.958862 0.197873 0.203544
    outer loop
      vertex 87.7704 30.5149 42.978
      vertex 82.6405 16.8842 32.0628
      vertex 87.7736 30.4512 43.055
    endloop
  endfacet
  facet normal -0.946175 0.11194 0.303681
    outer loop
      vertex 87.7736 30.4512 43.055
      vertex 82.6405 16.8842 32.0628
      vertex 85.3886 9.04885 43.5132
    endloop
  endfacet
  facet normal 0.281983 0.746767 0.602349
    outer loop
      vertex 105.221 26.9175 39.2686
      vertex 87.7704 30.5149 42.978
      vertex 105.225 26.8538 39.3457
    endloop
  endfacet
  facet normal 0.95476 -0.279942 -0.100326
    outer loop
      vertex 103.381 16.9917 49.3155
      vertex 100.092 13.2868 28.3534
      vertex 105.225 26.8538 39.3457
    endloop
  endfacet
  facet normal 0.958596 -0.193103 -0.209296
    outer loop
      vertex 100.092 13.2868 28.3534
      vertex 100.088 13.3504 28.2764
      vertex 105.221 26.9175 39.2686
    endloop
  endfacet
  facet normal -0.0325921 0.636601 -0.770504
    outer loop
      vertex 100.088 13.3504 28.2764
      vertex 103.608 26.2053 38.7484
      vertex 105.221 26.9175 39.2686
    endloop
  endfacet
  facet normal -0.0325145 0.63659 -0.770517
    outer loop
      vertex 100.088 13.3504 28.2764
      vertex 99.2085 14.5765 29.3265
      vertex 103.608 26.2053 38.7484
    endloop
  endfacet
  facet normal -0.0325592 0.63657 -0.770531
    outer loop
      vertex 100.088 13.3504 28.2764
      vertex 89.4375 16.5907 31.4034
      vertex 99.2085 14.5765 29.3265
    endloop
  endfacet
  facet normal -0.0325374 0.636611 -0.770499
    outer loop
      vertex 82.6372 16.9479 31.9857
      vertex 89.4375 16.5907 31.4034
      vertex 100.088 13.3504 28.2764
    endloop
  endfacet
  facet normal -0.0325399 0.63659 -0.770516
    outer loop
      vertex 89.4375 16.5907 31.4034
      vertex 82.6372 16.9479 31.9857
      vertex 84.2504 17.66 32.5059
    endloop
  endfacet
  facet normal -0.0325633 0.636564 -0.770536
    outer loop
      vertex 87.7704 30.5149 42.978
      vertex 103.608 26.2053 38.7484
      vertex 88.6502 29.2888 41.9279
    endloop
  endfacet
  facet normal -0.0325641 0.636562 -0.770538
    outer loop
      vertex 103.608 26.2053 38.7484
      vertex 87.7704 30.5149 42.978
      vertex 105.221 26.9175 39.2686
    endloop
  endfacet
  facet normal -0.0324919 0.636595 -0.770513
    outer loop
      vertex 87.1245 25.2563 38.6606
      vertex 87.7704 30.5149 42.978
      vertex 88.6502 29.2888 41.9279
    endloop
  endfacet
  facet normal -0.0325458 0.636598 -0.770509
    outer loop
      vertex 82.6372 16.9479 31.9857
      vertex 87.1245 25.2563 38.6606
      vertex 84.2504 17.66 32.5059
    endloop
  endfacet
  facet normal -0.0325463 0.636598 -0.770509
    outer loop
      vertex 87.1245 25.2563 38.6606
      vertex 82.6372 16.9479 31.9857
      vertex 87.7704 30.5149 42.978
    endloop
  endfacet
  facet normal -0.95885 0.197642 0.203823
    outer loop
      vertex 84.1804 19.0287 30.8493
      vertex 87.1245 25.2563 38.6606
      vertex 88.5802 30.6575 40.2713
    endloop
  endfacet
  facet normal -0.95885 0.197649 0.203816
    outer loop
      vertex 87.1245 25.2563 38.6606
      vertex 84.1804 19.0287 30.8493
      vertex 84.2504 17.66 32.5059
    endloop
  endfacet
  facet normal -0.282042 -0.745438 -0.603966
    outer loop
      vertex 99.1385 15.9452 27.6699
      vertex 89.4375 16.5907 31.4034
      vertex 84.1804 19.0287 30.8493
    endloop
  endfacet
  facet normal -0.282043 -0.745435 -0.603969
    outer loop
      vertex 89.4375 16.5907 31.4034
      vertex 99.1385 15.9452 27.6699
      vertex 99.2085 14.5765 29.3265
    endloop
  endfacet
  facet normal -0.28204 -0.745436 -0.603969
    outer loop
      vertex 84.2504 17.66 32.5059
      vertex 84.1804 19.0287 30.8493
      vertex 89.4375 16.5907 31.4034
    endloop
  endfacet
  facet normal 0.282051 0.745434 0.603967
    outer loop
      vertex 103.608 26.2053 38.7484
      vertex 88.5802 30.6575 40.2713
      vertex 88.6502 29.2888 41.9279
    endloop
  endfacet
  facet normal 0.282051 0.745434 0.603967
    outer loop
      vertex 88.5802 30.6575 40.2713
      vertex 103.608 26.2053 38.7484
      vertex 103.538 27.574 37.0918
    endloop
  endfacet
  facet normal -0.958852 0.197645 0.203813
    outer loop
      vertex 88.5802 30.6575 40.2713
      vertex 87.1245 25.2563 38.6606
      vertex 88.6502 29.2888 41.9279
    endloop
  endfacet
  facet normal 0.958856 -0.197635 -0.203805
    outer loop
      vertex 103.608 26.2053 38.7484
      vertex 99.1385 15.9452 27.6699
      vertex 103.538 27.574 37.0918
    endloop
  endfacet
  facet normal 0.958856 -0.197635 -0.203805
    outer loop
      vertex 99.1385 15.9452 27.6699
      vertex 103.608 26.2053 38.7484
      vertex 99.2085 14.5765 29.3265
    endloop
  endfacet
  facet normal -0.0325323 0.636631 -0.770482
    outer loop
      vertex 84.1804 19.0287 30.8493
      vertex 94.0732 17.6322 29.2777
      vertex 99.1385 15.9452 27.6699
    endloop
  endfacet
  facet normal -0.0325234 0.636663 -0.770456
    outer loop
      vertex 94.0732 17.6322 29.2777
      vertex 84.1804 19.0287 30.8493
      vertex 85.1731 19.4669 31.1695
    endloop
  endfacet
  facet normal -0.03255 0.6366 -0.770507
    outer loop
      vertex 93.8594 23.3013 33.9706
      vertex 99.1385 15.9452 27.6699
      vertex 94.0732 17.6322 29.2777
    endloop
  endfacet
  facet normal -0.0325547 0.636598 -0.770508
    outer loop
      vertex 99.1385 15.9452 27.6699
      vertex 93.8594 23.3013 33.9706
      vertex 103.538 27.574 37.0918
    endloop
  endfacet
  facet normal -0.0325473 0.636588 -0.770517
    outer loop
      vertex 93.1974 29.0629 38.7587
      vertex 103.538 27.574 37.0918
      vertex 93.8594 23.3013 33.9706
    endloop
  endfacet
  facet normal -0.032542 0.636633 -0.77048
    outer loop
      vertex 88.5802 30.6575 40.2713
      vertex 93.1974 29.0629 38.7587
      vertex 89.1217 29.903 39.625
    endloop
  endfacet
  facet normal -0.0325291 0.636654 -0.770463
    outer loop
      vertex 93.1974 29.0629 38.7587
      vertex 88.5802 30.6575 40.2713
      vertex 103.538 27.574 37.0918
    endloop
  endfacet
  facet normal -0.0326021 0.636607 -0.770499
    outer loop
      vertex 85.1731 19.4669 31.1695
      vertex 88.5802 30.6575 40.2713
      vertex 89.1217 29.903 39.625
    endloop
  endfacet
  facet normal -0.0324669 0.636585 -0.770523
    outer loop
      vertex 88.5802 30.6575 40.2713
      vertex 85.1731 19.4669 31.1695
      vertex 84.1804 19.0287 30.8493
    endloop
  endfacet
  facet normal 0.0325514 -0.636598 0.770509
    outer loop
      vertex 93.8594 23.3013 33.9706
      vertex 98.597 16.6996 28.3161
      vertex 102.546 27.1358 36.7717
    endloop
  endfacet
  facet normal 0.0325446 -0.636601 0.770507
    outer loop
      vertex 98.597 16.6996 28.3161
      vertex 93.8594 23.3013 33.9706
      vertex 94.0732 17.6322 29.2777
    endloop
  endfacet
  facet normal 0.958842 -0.19768 -0.203825
    outer loop
      vertex 102.546 27.1358 36.7717
      vertex 98.418 20.201 24.0783
      vertex 102.367 30.6371 32.5339
    endloop
  endfacet
  facet normal 0.0325447 -0.636588 0.770517
    outer loop
      vertex 102.546 27.1358 36.7717
      vertex 93.1974 29.0629 38.7587
      vertex 93.8594 23.3013 33.9706
    endloop
  endfacet
  facet normal 0.958842 -0.197676 -0.203827
    outer loop
      vertex 98.597 16.6996 28.3161
      vertex 98.418 20.201 24.0783
      vertex 102.546 27.1358 36.7717
    endloop
  endfacet
  facet normal -0.95885 0.197657 0.203811
    outer loop
      vertex 84.9941 22.9682 26.9317
      vertex 89.1217 29.903 39.625
      vertex 88.9427 33.4044 35.3872
    endloop
  endfacet
  facet normal -0.958849 0.19766 0.203809
    outer loop
      vertex 89.1217 29.903 39.625
      vertex 84.9941 22.9682 26.9317
      vertex 85.1731 19.4669 31.1695
    endloop
  endfacet
  facet normal 0.282029 0.745429 0.603983
    outer loop
      vertex 93.1974 29.0629 38.7587
      vertex 88.9427 33.4044 35.3872
      vertex 89.1217 29.903 39.625
    endloop
  endfacet
  facet normal 0.282034 0.74543 0.603979
    outer loop
      vertex 88.9427 33.4044 35.3872
      vertex 93.1974 29.0629 38.7587
      vertex 102.546 27.1358 36.7717
    endloop
  endfacet
  facet normal -0.282046 -0.745434 -0.603969
    outer loop
      vertex 84.9941 22.9682 26.9317
      vertex 94.0732 17.6322 29.2777
      vertex 85.1731 19.4669 31.1695
    endloop
  endfacet
  facet normal -0.282044 -0.745432 -0.603972
    outer loop
      vertex 98.418 20.201 24.0783
      vertex 94.0732 17.6322 29.2777
      vertex 84.9941 22.9682 26.9317
    endloop
  endfacet
  facet normal -0.282056 -0.745423 -0.603978
    outer loop
      vertex 94.0732 17.6322 29.2777
      vertex 98.418 20.201 24.0783
      vertex 98.597 16.6996 28.3161
    endloop
  endfacet
  facet normal 0.906064 0 -0.42314
    outer loop
      vertex 92.3267 28.6888 31.3483
      vertex 91.1985 25.7071 28.9325
      vertex 92.3267 28.6889 31.3483
    endloop
  endfacet
  facet normal -0.0325299 0.636604 -0.770504
    outer loop
      vertex 98.418 20.201 24.0783
      vertex 95.0339 24.9165 28.1172
      vertex 96.1621 27.8982 30.5331
    endloop
  endfacet
  facet normal -0.0325696 0.636586 -0.770517
    outer loop
      vertex 98.418 20.201 24.0783
      vertex 91.1985 25.7071 28.9325
      vertex 95.0339 24.9165 28.1172
    endloop
  endfacet
  facet normal -0.0325434 0.636591 -0.770515
    outer loop
      vertex 91.1985 25.7071 28.9325
      vertex 84.9941 22.9682 26.9317
      vertex 88.9427 33.4044 35.3872
    endloop
  endfacet
  facet normal -0.0325508 0.636601 -0.770506
    outer loop
      vertex 84.9941 22.9682 26.9317
      vertex 91.1985 25.7071 28.9325
      vertex 98.418 20.201 24.0783
    endloop
  endfacet
  facet normal -0.0325478 0.636601 -0.770507
    outer loop
      vertex 96.1621 27.8982 30.5331
      vertex 102.367 30.6371 32.5339
      vertex 98.418 20.201 24.0783
    endloop
  endfacet
  facet normal -0.0325258 0.636606 -0.770503
    outer loop
      vertex 88.9427 33.4044 35.3872
      vertex 96.1621 27.8982 30.5331
      vertex 92.3267 28.6889 31.3483
    endloop
  endfacet
  facet normal -0.0325425 0.636593 -0.770513
    outer loop
      vertex 96.1621 27.8982 30.5331
      vertex 88.9427 33.4044 35.3872
      vertex 102.367 30.6371 32.5339
    endloop
  endfacet
  facet normal -0.0325742 0.636585 -0.770518
    outer loop
      vertex 88.9427 33.4044 35.3872
      vertex 92.3267 28.6889 31.3483
      vertex 91.1985 25.7071 28.9325
    endloop
  endfacet
  facet normal 0.282037 0.745435 0.603971
    outer loop
      vertex 102.367 30.6371 32.5339
      vertex 88.9427 33.4044 35.3872
      vertex 102.546 27.1358 36.7717
    endloop
  endfacet
  facet normal -0.958846 0.197669 0.203816
    outer loop
      vertex 92.3267 28.6888 31.3483
      vertex 91.0911 27.8079 26.3898
      vertex 91.1985 25.7071 28.9325
    endloop
  endfacet
  facet normal 0.958849 -0.197662 -0.20381
    outer loop
      vertex 96.0547 29.999 27.9904
      vertex 96.1621 27.8982 30.5331
      vertex 94.9265 27.0172 25.5745
    endloop
  endfacet
  facet normal 0.958848 -0.197669 -0.203809
    outer loop
      vertex 95.0339 24.9165 28.1172
      vertex 94.9265 27.0172 25.5745
      vertex 96.1621 27.8982 30.5331
    endloop
  endfacet
  facet normal -0.282044 -0.745448 -0.603953
    outer loop
      vertex 95.0339 24.9165 28.1172
      vertex 91.1985 25.7071 28.9325
      vertex 94.9265 27.0172 25.5745
    endloop
  endfacet
  facet normal 0.282048 0.745435 0.603966
    outer loop
      vertex 96.1621 27.8982 30.5331
      vertex 92.2193 30.7896 28.8057
      vertex 92.3267 28.6889 31.3483
    endloop
  endfacet
  facet normal -0.999109 0 0.0422026
    outer loop
      vertex 92.2193 30.7896 28.8057
      vertex 92.3267 28.6888 31.3483
      vertex 92.3267 28.6889 31.3483
    endloop
  endfacet
  facet normal -0.958847 0.197662 0.203818
    outer loop
      vertex 92.3267 28.6888 31.3483
      vertex 92.2193 30.7896 28.8057
      vertex 91.0911 27.8079 26.3898
    endloop
  endfacet
  facet normal -0.0325453 0.636607 -0.770501
    outer loop
      vertex 94.9265 27.0172 25.5745
      vertex 91.0911 27.8079 26.3898
      vertex 92.2193 30.7896 28.8057
    endloop
  endfacet
  facet normal -0.282063 -0.74543 -0.603966
    outer loop
      vertex 91.1985 25.7071 28.9325
      vertex 91.0911 27.8079 26.3898
      vertex 94.9265 27.0172 25.5745
    endloop
  endfacet
  facet normal -0.0325651 0.636598 -0.770508
    outer loop
      vertex 94.9265 27.0172 25.5745
      vertex 92.2193 30.7896 28.8057
      vertex 96.0547 29.999 27.9904
    endloop
  endfacet
  facet normal 0.282045 0.745433 0.60397
    outer loop
      vertex 96.0547 29.999 27.9904
      vertex 92.2193 30.7896 28.8057
      vertex 96.1621 27.8982 30.5331
    endloop
  endfacet
  facet normal 0.128153 -0.339265 0.931921
    outer loop
      vertex 85.0322 7.94046 42.9114
      vertex 81.3586 -5.39505 38.5618
      vertex 98.9355 5.07439 39.9561
    endloop
  endfacet
  facet normal -0.958868 0.197714 0.203669
    outer loop
      vertex 81.9329 14.7572 30.7965
      vertex 77.3219 -1.98116 25.337
      vertex 77.3347 -2.01509 25.4302
    endloop
  endfacet
  facet normal 0.958868 -0.197715 -0.203669
    outer loop
      vertex 94.7858 -5.6125 21.7209
      vertex 94.773 -5.57857 21.6277
      vertex 99.3968 11.1259 27.1803
    endloop
  endfacet
  facet normal -0.93356 0.151174 0.324981
    outer loop
      vertex 81.9457 14.7233 30.8897
      vertex 81.3586 -5.39505 38.5618
      vertex 85.0322 7.94046 42.9114
    endloop
  endfacet
  facet normal -0.253354 -0.919675 -0.300018
    outer loop
      vertex 77.3219 -1.98116 25.337
      vertex 94.7858 -5.6125 21.7209
      vertex 77.3347 -2.01509 25.4302
    endloop
  endfacet
  facet normal -0.253354 -0.919675 -0.300018
    outer loop
      vertex 94.7858 -5.6125 21.7209
      vertex 77.3219 -1.98116 25.337
      vertex 94.773 -5.57857 21.6277
    endloop
  endfacet
  facet normal 0.128153 -0.339265 0.931921
    outer loop
      vertex 98.9355 5.07439 39.9561
      vertex 81.3586 -5.39505 38.5618
      vertex 95.2619 -8.26112 35.6065
    endloop
  endfacet
  facet normal -0.958876 0.197734 0.203614
    outer loop
      vertex 81.9329 14.7572 30.7965
      vertex 77.3347 -2.01509 25.4302
      vertex 81.9457 14.7233 30.8897
    endloop
  endfacet
  facet normal 0.958754 -0.197405 -0.204506
    outer loop
      vertex 99.3968 11.1259 27.1803
      vertex 94.773 -5.57857 21.6277
      vertex 99.3839 11.1598 27.0871
    endloop
  endfacet
  facet normal 0.967374 -0.240694 -0.0790802
    outer loop
      vertex 98.9355 5.07439 39.9561
      vertex 94.7858 -5.6125 21.7209
      vertex 99.3968 11.1259 27.1803
    endloop
  endfacet
  facet normal 0.967374 -0.240694 -0.0790801
    outer loop
      vertex 95.2619 -8.26112 35.6065
      vertex 94.7858 -5.6125 21.7209
      vertex 98.9355 5.07439 39.9561
    endloop
  endfacet
  facet normal -0.234228 -0.956411 -0.1744
    outer loop
      vertex 95.2619 -8.26112 35.6065
      vertex 81.3586 -5.39505 38.5618
      vertex 94.7858 -5.6125 21.7209
    endloop
  endfacet
  facet normal -0.128178 0.339269 -0.931916
    outer loop
      vertex 99.3839 11.1598 27.0871
      vertex 95.2264 0.849208 23.9053
      vertex 97.8081 10.2211 26.9621
    endloop
  endfacet
  facet normal -0.128132 0.339255 -0.931927
    outer loop
      vertex 94.773 -5.57857 21.6277
      vertex 95.2264 0.849208 23.9053
      vertex 99.3839 11.1598 27.0871
    endloop
  endfacet
  facet normal -0.128144 0.339255 -0.931926
    outer loop
      vertex 94.773 -5.57857 21.6277
      vertex 93.8558 -4.12602 22.2826
      vertex 95.2264 0.849208 23.9053
    endloop
  endfacet
  facet normal -0.128154 0.339248 -0.931926
    outer loop
      vertex 94.773 -5.57857 21.6277
      vertex 84.0848 -2.1118 24.3595
      vertex 93.8558 -4.12602 22.2826
    endloop
  endfacet
  facet normal -0.128144 0.339273 -0.931919
    outer loop
      vertex 77.3219 -1.98116 25.337
      vertex 84.0848 -2.1118 24.3595
      vertex 94.773 -5.57857 21.6277
    endloop
  endfacet
  facet normal -0.128146 0.339252 -0.931926
    outer loop
      vertex 84.0848 -2.1118 24.3595
      vertex 77.3219 -1.98116 25.337
      vertex 78.8978 -1.04252 25.462
    endloop
  endfacet
  facet normal -0.128162 0.339244 -0.931927
    outer loop
      vertex 92.621 11.2904 28.0647
      vertex 99.3839 11.1598 27.0871
      vertex 97.8081 10.2211 26.9621
    endloop
  endfacet
  facet normal -0.128156 0.339245 -0.931927
    outer loop
      vertex 81.9329 14.7572 30.7965
      vertex 92.621 11.2904 28.0647
      vertex 82.85 13.3046 30.1416
    endloop
  endfacet
  facet normal -0.128163 0.339227 -0.931933
    outer loop
      vertex 92.621 11.2904 28.0647
      vertex 81.9329 14.7572 30.7965
      vertex 99.3839 11.1598 27.0871
    endloop
  endfacet
  facet normal -0.128128 0.339262 -0.931925
    outer loop
      vertex 78.8978 -1.04252 25.462
      vertex 81.9329 14.7572 30.7965
      vertex 82.85 13.3046 30.1416
    endloop
  endfacet
  facet normal -0.128154 0.339265 -0.931921
    outer loop
      vertex 81.9329 14.7572 30.7965
      vertex 78.8978 -1.04252 25.462
      vertex 77.3219 -1.98116 25.337
    endloop
  endfacet
  facet normal -0.93356 0.151174 0.324981
    outer loop
      vertex 81.9457 14.7233 30.8897
      vertex 77.3347 -2.01509 25.4302
      vertex 81.3586 -5.39505 38.5618
    endloop
  endfacet
  facet normal 0.268041 0.866893 0.420297
    outer loop
      vertex 99.3968 11.1259 27.1803
      vertex 81.9457 14.7233 30.8897
      vertex 85.0322 7.94046 42.9114
    endloop
  endfacet
  facet normal 0.268043 0.866892 0.420299
    outer loop
      vertex 99.3968 11.1259 27.1803
      vertex 85.0322 7.94046 42.9114
      vertex 98.9355 5.07439 39.9561
    endloop
  endfacet
  facet normal 0.253319 0.919768 0.29976
    outer loop
      vertex 99.3968 11.1259 27.1803
      vertex 81.9329 14.7572 30.7965
      vertex 81.9457 14.7233 30.8897
    endloop
  endfacet
  facet normal 0.253288 0.919854 0.299524
    outer loop
      vertex 81.9329 14.7572 30.7965
      vertex 99.3968 11.1259 27.1803
      vertex 99.3839 11.1598 27.0871
    endloop
  endfacet
  facet normal -0.234226 -0.956412 -0.174398
    outer loop
      vertex 81.3586 -5.39505 38.5618
      vertex 77.3347 -2.01509 25.4302
      vertex 94.7858 -5.6125 21.7209
    endloop
  endfacet
  facet normal -0.253349 -0.919693 -0.299964
    outer loop
      vertex 78.8978 -1.04252 25.462
      vertex 78.6222 -0.313113 23.4584
      vertex 84.0848 -2.1118 24.3595
    endloop
  endfacet
  facet normal -0.253347 -0.919692 -0.29997
    outer loop
      vertex 93.5803 -3.39661 20.279
      vertex 84.0848 -2.1118 24.3595
      vertex 78.6222 -0.313113 23.4584
    endloop
  endfacet
  facet normal -0.253349 -0.919689 -0.299976
    outer loop
      vertex 84.0848 -2.1118 24.3595
      vertex 93.5803 -3.39661 20.279
      vertex 93.8558 -4.12602 22.2826
    endloop
  endfacet
  facet normal 0.958849 -0.19766 -0.203811
    outer loop
      vertex 95.2264 0.849208 23.9053
      vertex 97.5326 10.9506 24.9585
      vertex 97.8081 10.2211 26.9621
    endloop
  endfacet
  facet normal 0.958846 -0.197658 -0.203827
    outer loop
      vertex 97.5326 10.9506 24.9585
      vertex 95.2264 0.849208 23.9053
      vertex 93.5803 -3.39661 20.279
    endloop
  endfacet
  facet normal -0.128255 0.33935 -0.931876
    outer loop
      vertex 97.5326 10.9506 24.9585
      vertex 96.2236 9.14161 24.4799
      vertex 96.5628 10.3729 24.8816
    endloop
  endfacet
  facet normal -0.12809 0.339247 -0.931936
    outer loop
      vertex 93.5803 -3.39661 20.279
      vertex 96.2236 9.14161 24.4799
      vertex 97.5326 10.9506 24.9585
    endloop
  endfacet
  facet normal -0.128142 0.339254 -0.931926
    outer loop
      vertex 93.5803 -3.39661 20.279
      vertex 89.9178 -1.86407 21.3405
      vertex 96.2236 9.14161 24.4799
    endloop
  endfacet
  facet normal -0.128159 0.33922 -0.931936
    outer loop
      vertex 78.6222 -0.313113 23.4584
      vertex 89.9178 -1.86407 21.3405
      vertex 93.5803 -3.39661 20.279
    endloop
  endfacet
  facet normal -0.128156 0.339237 -0.931931
    outer loop
      vertex 89.9178 -1.86407 21.3405
      vertex 78.6222 -0.313113 23.4584
      vertex 79.592 0.264509 23.5353
    endloop
  endfacet
  facet normal -0.128143 0.33927 -0.93192
    outer loop
      vertex 82.5745 14.034 28.1379
      vertex 96.5628 10.3729 24.8816
      vertex 83.1389 13.1402 27.7349
    endloop
  endfacet
  facet normal -0.128165 0.339207 -0.93194
    outer loop
      vertex 96.5628 10.3729 24.8816
      vertex 82.5745 14.034 28.1379
      vertex 97.5326 10.9506 24.9585
    endloop
  endfacet
  facet normal -0.763979 0 0.645241
    outer loop
      vertex 79.592 0.264509 23.5353
      vertex 83.1389 13.1402 27.7349
      vertex 79.592 0.264511 23.5353
    endloop
  endfacet
  facet normal -0.128155 0.339263 -0.931921
    outer loop
      vertex 83.1389 13.1402 27.7349
      vertex 79.592 0.264509 23.5353
      vertex 82.5745 14.034 28.1379
    endloop
  endfacet
  facet normal -0.128174 0.339266 -0.931917
    outer loop
      vertex 82.5745 14.034 28.1379
      vertex 79.592 0.264509 23.5353
      vertex 78.6222 -0.313113 23.4584
    endloop
  endfacet
  facet normal 0.958847 -0.197675 -0.203807
    outer loop
      vertex 93.8558 -4.12602 22.2826
      vertex 93.5803 -3.39661 20.279
      vertex 95.2264 0.849208 23.9053
    endloop
  endfacet
  facet normal -0.95885 0.197671 0.203795
    outer loop
      vertex 78.6222 -0.313113 23.4584
      vertex 82.85 13.3046 30.1416
      vertex 82.5745 14.034 28.1379
    endloop
  endfacet
  facet normal -0.958845 0.197645 0.203844
    outer loop
      vertex 82.85 13.3046 30.1416
      vertex 78.6222 -0.313113 23.4584
      vertex 78.8978 -1.04252 25.462
    endloop
  endfacet
  facet normal 0.253345 0.919696 0.29996
    outer loop
      vertex 92.621 11.2904 28.0647
      vertex 82.5745 14.034 28.1379
      vertex 82.85 13.3046 30.1416
    endloop
  endfacet
  facet normal 0.253343 0.919688 0.299984
    outer loop
      vertex 82.5745 14.034 28.1379
      vertex 92.621 11.2904 28.0647
      vertex 97.5326 10.9506 24.9585
    endloop
  endfacet
  facet normal 0.253359 0.919675 0.300011
    outer loop
      vertex 97.5326 10.9506 24.9585
      vertex 92.621 11.2904 28.0647
      vertex 97.8081 10.2211 26.9621
    endloop
  endfacet
  facet normal 0.128144 -0.339256 0.931925
    outer loop
      vertex 96.2236 9.14161 24.4799
      vertex 89.9178 -1.86407 21.3405
      vertex 93.0159 -2.50273 20.682
    endloop
  endfacet
  facet normal -0.958849 0.197663 0.203809
    outer loop
      vertex 78.8872 2.13044 18.4098
      vertex 79.592 0.264511 23.5353
      vertex 82.4341 15.0061 22.6093
    endloop
  endfacet
  facet normal -0.990678 0 0.136227
    outer loop
      vertex 79.592 0.264511 23.5353
      vertex 78.8872 2.13044 18.4098
      vertex 79.592 0.264509 23.5353
    endloop
  endfacet
  facet normal 0.958851 -0.197657 -0.203806
    outer loop
      vertex 96.2236 9.14161 24.4799
      vertex 95.858 12.2389 19.756
      vertex 96.5628 10.3729 24.8816
    endloop
  endfacet
  facet normal 0.958849 -0.197661 -0.203808
    outer loop
      vertex 96.2236 9.14161 24.4799
      vertex 92.3111 -0.6368 15.5564
      vertex 95.858 12.2389 19.756
    endloop
  endfacet
  facet normal 0.958849 -0.197664 -0.203805
    outer loop
      vertex 92.3111 -0.6368 15.5564
      vertex 96.2236 9.14161 24.4799
      vertex 93.0159 -2.50273 20.682
    endloop
  endfacet
  facet normal -0.128144 0.339265 -0.931922
    outer loop
      vertex 92.3111 -0.6368 15.5564
      vertex 88.7836 4.94995 18.0753
      vertex 89.797 8.62871 19.2752
    endloop
  endfacet
  facet normal -0.128153 0.339263 -0.931922
    outer loop
      vertex 89.797 8.62871 19.2752
      vertex 95.858 12.2389 19.756
      vertex 92.3111 -0.6368 15.5564
    endloop
  endfacet
  facet normal -0.128139 0.339268 -0.931921
    outer loop
      vertex 82.4341 15.0061 22.6093
      vertex 89.797 8.62871 19.2752
      vertex 85.9616 9.41935 20.0904
    endloop
  endfacet
  facet normal -0.128149 0.339257 -0.931924
    outer loop
      vertex 89.797 8.62871 19.2752
      vertex 82.4341 15.0061 22.6093
      vertex 95.858 12.2389 19.756
    endloop
  endfacet
  facet normal -0.253349 -0.919692 -0.299969
    outer loop
      vertex 89.9178 -1.86407 21.3405
      vertex 92.3111 -0.6368 15.5564
      vertex 93.0159 -2.50273 20.682
    endloop
  endfacet
  facet normal -0.253347 -0.919693 -0.299968
    outer loop
      vertex 92.3111 -0.6368 15.5564
      vertex 89.9178 -1.86407 21.3405
      vertex 79.592 0.264509 23.5353
    endloop
  endfacet
  facet normal 0.253351 0.919693 0.299964
    outer loop
      vertex 96.5628 10.3729 24.8816
      vertex 82.4341 15.0061 22.6093
      vertex 83.1389 13.1402 27.7349
    endloop
  endfacet
  facet normal -0.95885 0.197663 0.203804
    outer loop
      vertex 82.4341 15.0061 22.6093
      vertex 79.592 0.264511 23.5353
      vertex 83.1389 13.1402 27.7349
    endloop
  endfacet
  facet normal -0.128123 0.339278 -0.93192
    outer loop
      vertex 92.3111 -0.6368 15.5564
      vertex 87.2177 5.27274 18.4081
      vertex 88.7836 4.94995 18.0753
    endloop
  endfacet
  facet normal -0.128157 0.339251 -0.931925
    outer loop
      vertex 78.8872 2.13044 18.4098
      vertex 87.2177 5.27274 18.4081
      vertex 92.3111 -0.6368 15.5564
    endloop
  endfacet
  facet normal -0.12816 0.339258 -0.931922
    outer loop
      vertex 85.1103 6.32917 19.0825
      vertex 78.8872 2.13044 18.4098
      vertex 82.4341 15.0061 22.6093
    endloop
  endfacet
  facet normal -0.12816 0.339259 -0.931922
    outer loop
      vertex 87.2177 5.27274 18.4081
      vertex 78.8872 2.13044 18.4098
      vertex 85.1103 6.32917 19.0825
    endloop
  endfacet
  facet normal -0.12815 0.339261 -0.931922
    outer loop
      vertex 85.9616 9.41935 20.0904
      vertex 85.1103 6.32917 19.0825
      vertex 82.4341 15.0061 22.6093
    endloop
  endfacet
  facet normal -0.25335 -0.91969 -0.299974
    outer loop
      vertex 79.592 0.264509 23.5353
      vertex 78.8872 2.13044 18.4098
      vertex 92.3111 -0.6368 15.5564
    endloop
  endfacet
  facet normal 0.253346 0.919689 0.299981
    outer loop
      vertex 95.858 12.2389 19.756
      vertex 82.4341 15.0061 22.6093
      vertex 96.5628 10.3729 24.8816
    endloop
  endfacet
  facet normal -0.958849 0.197662 0.203808
    outer loop
      vertex 85.5387 10.5389 17.0151
      vertex 84.5253 6.86015 15.8152
      vertex 84.9482 5.74059 18.8906
    endloop
  endfacet
  facet normal 0.958849 -0.197659 -0.203814
    outer loop
      vertex 88.7836 4.94995 18.0753
      vertex 88.3607 6.06951 15
      vertex 89.3741 9.74827 16.1999
    endloop
  endfacet
  facet normal 0.128217 -0.339164 0.931949
    outer loop
      vertex 85.1103 6.32917 19.0825
      vertex 84.9482 5.74059 18.8906
      vertex 87.2177 5.27274 18.4081
    endloop
  endfacet
  facet normal -0.128141 0.339264 -0.931923
    outer loop
      vertex 88.3607 6.06951 15
      vertex 85.5387 10.5389 17.0151
      vertex 89.3741 9.74827 16.1999
    endloop
  endfacet
  facet normal -0.12814 0.339265 -0.931923
    outer loop
      vertex 88.3607 6.06951 15
      vertex 84.5253 6.86015 15.8152
      vertex 85.5387 10.5389 17.0151
    endloop
  endfacet
  facet normal 0.253343 0.919692 0.299972
    outer loop
      vertex 85.5387 10.5389 17.0151
      vertex 85.9616 9.41935 20.0904
      vertex 89.3741 9.74827 16.1999
    endloop
  endfacet
  facet normal -0.958846 0.197671 0.203817
    outer loop
      vertex 85.5387 10.5389 17.0151
      vertex 85.1103 6.32917 19.0825
      vertex 85.9616 9.41935 20.0904
    endloop
  endfacet
  facet normal -0.958863 0.197645 0.203761
    outer loop
      vertex 85.1103 6.32917 19.0825
      vertex 85.5387 10.5389 17.0151
      vertex 84.9482 5.74059 18.8906
    endloop
  endfacet
  facet normal -0.253363 -0.91969 -0.299961
    outer loop
      vertex 84.5253 6.86015 15.8152
      vertex 87.2177 5.27274 18.4081
      vertex 84.9482 5.74059 18.8906
    endloop
  endfacet
  facet normal -0.253347 -0.919689 -0.299978
    outer loop
      vertex 88.3607 6.06951 15
      vertex 87.2177 5.27274 18.4081
      vertex 84.5253 6.86015 15.8152
    endloop
  endfacet
  facet normal -0.253337 -0.919693 -0.299976
    outer loop
      vertex 87.2177 5.27274 18.4081
      vertex 88.3607 6.06951 15
      vertex 88.7836 4.94995 18.0753
    endloop
  endfacet
  facet normal 0.253346 0.919691 0.299974
    outer loop
      vertex 89.3741 9.74827 16.1999
      vertex 85.9616 9.41935 20.0904
      vertex 89.797 8.62871 19.2752
    endloop
  endfacet
  facet normal 0.958849 -0.197659 -0.203814
    outer loop
      vertex 88.7836 4.94995 18.0753
      vertex 89.3741 9.74827 16.1999
      vertex 89.797 8.62871 19.2752
    endloop
  endfacet
  facet normal 0.977898 -0.19593 -0.0729823
    outer loop
      vertex 92.1611 -23.74 36.0301
      vertex 90.6873 -25.9192 22.1328
      vertex 94.9645 -9.52608 35.4342
    endloop
  endfacet
  facet normal 0.977898 -0.195932 -0.0729792
    outer loop
      vertex 94.9645 -9.52608 35.4342
      vertex 90.6873 -25.9192 22.1328
      vertex 94.2061 -8.07825 21.3848
    endloop
  endfacet
  facet normal -0.923039 0.195933 0.331072
    outer loop
      vertex 81.0612 -6.66001 38.3894
      vertex 76.7551 -4.48084 25.0942
      vertex 78.2578 -20.8739 38.9854
    endloop
  endfacet
  facet normal 0.219081 0.971702 0.0883116
    outer loop
      vertex 94.9645 -9.52608 35.4342
      vertex 76.7551 -4.48084 25.0942
      vertex 81.0612 -6.66001 38.3894
    endloop
  endfacet
  facet normal -0.923039 0.195933 0.331072
    outer loop
      vertex 76.7551 -4.48084 25.0942
      vertex 73.2363 -22.3218 25.8422
      vertex 78.2578 -20.8739 38.9854
    endloop
  endfacet
  facet normal 0.959025 -0.19766 -0.202984
    outer loop
      vertex 90.6666 -25.9192 22.035
      vertex 94.2061 -8.07825 21.3848
      vertex 90.6873 -25.9192 22.1328
    endloop
  endfacet
  facet normal 0.958826 -0.197655 -0.203922
    outer loop
      vertex 94.2061 -8.07825 21.3848
      vertex 90.6666 -25.9192 22.035
      vertex 94.1853 -8.07825 21.287
    endloop
  endfacet
  facet normal -0.164222 -0.971702 0.169786
    outer loop
      vertex 92.1611 -23.74 36.0301
      vertex 78.2578 -20.8739 38.9854
      vertex 90.6873 -25.9192 22.1328
    endloop
  endfacet
  facet normal 0.193345 0.980271 -0.0410784
    outer loop
      vertex 94.2061 -8.07825 21.3848
      vertex 76.7343 -4.48084 24.9963
      vertex 76.7551 -4.48084 25.0942
    endloop
  endfacet
  facet normal 0.193336 0.980271 -0.0411186
    outer loop
      vertex 76.7343 -4.48084 24.9963
      vertex 94.2061 -8.07825 21.3848
      vertex 94.1853 -8.07825 21.287
    endloop
  endfacet
  facet normal 0.219081 0.971702 0.0883104
    outer loop
      vertex 94.2061 -8.07825 21.3848
      vertex 76.7551 -4.48084 25.0942
      vertex 94.9645 -9.52608 35.4342
    endloop
  endfacet
  facet normal -0.193335 -0.980271 0.0411182
    outer loop
      vertex 73.2363 -22.3218 25.8422
      vertex 73.2155 -22.3218 25.7444
      vertex 90.6666 -25.9192 22.035
    endloop
  endfacet
  facet normal -0.958868 0.19766 0.203723
    outer loop
      vertex 76.7343 -4.48084 24.9963
      vertex 73.2363 -22.3218 25.8422
      vertex 76.7551 -4.48084 25.0942
    endloop
  endfacet
  facet normal 0.207911 8.36684e-06 0.978148
    outer loop
      vertex 78.2578 -20.8739 38.9854
      vertex 94.9645 -9.52608 35.4342
      vertex 81.0612 -6.66001 38.3894
    endloop
  endfacet
  facet normal 0.207916 4.2069e-07 0.978147
    outer loop
      vertex 94.9645 -9.52608 35.4342
      vertex 78.2578 -20.8739 38.9854
      vertex 92.1611 -23.74 36.0301
    endloop
  endfacet
  facet normal -0.193376 -0.980271 0.0409293
    outer loop
      vertex 90.6873 -25.9192 22.1328
      vertex 73.2363 -22.3218 25.8422
      vertex 90.6666 -25.9192 22.035
    endloop
  endfacet
  facet normal -0.164219 -0.971702 0.169788
    outer loop
      vertex 78.2578 -20.8739 38.9854
      vertex 73.2363 -22.3218 25.8422
      vertex 90.6873 -25.9192 22.1328
    endloop
  endfacet
  facet normal -0.958825 0.197661 0.203922
    outer loop
      vertex 76.7343 -4.48084 24.9963
      vertex 73.2155 -22.3218 25.7444
      vertex 73.2363 -22.3218 25.8422
    endloop
  endfacet
  facet normal -0.207937 7.62471e-06 -0.978142
    outer loop
      vertex 94.1853 -8.07825 21.287
      vertex 91.6416 -14.3986 21.8277
      vertex 92.6875 -9.09564 21.6054
    endloop
  endfacet
  facet normal -0.207906 -5.34709e-06 -0.978149
    outer loop
      vertex 90.6666 -25.9192 22.035
      vertex 91.6416 -14.3986 21.8277
      vertex 94.1853 -8.07825 21.287
    endloop
  endfacet
  facet normal -0.207888 -6.9793e-06 -0.978153
    outer loop
      vertex 90.6666 -25.9192 22.035
      vertex 89.6714 -24.3879 22.2465
      vertex 91.6416 -14.3986 21.8277
    endloop
  endfacet
  facet normal -0.207927 -3.35398e-05 -0.978144
    outer loop
      vertex 90.6666 -25.9192 22.035
      vertex 84.4843 -23.3186 23.3491
      vertex 89.6714 -24.3879 22.2465
    endloop
  endfacet
  facet normal -0.207916 -5.62591e-06 -0.978147
    outer loop
      vertex 73.2155 -22.3218 25.7444
      vertex 84.4843 -23.3186 23.3491
      vertex 90.6666 -25.9192 22.035
    endloop
  endfacet
  facet normal -0.207917 -2.30672e-05 -0.978146
    outer loop
      vertex 84.4843 -23.3186 23.3491
      vertex 73.2155 -22.3218 25.7444
      vertex 74.7133 -21.3044 25.426
    endloop
  endfacet
  facet normal -0.207909 -3.52845e-05 -0.978148
    outer loop
      vertex 87.5004 -8.02636 22.7079
      vertex 94.1853 -8.07825 21.287
      vertex 92.6875 -9.09564 21.6054
    endloop
  endfacet
  facet normal -0.207915 -1.18278e-05 -0.978147
    outer loop
      vertex 76.7343 -4.48084 24.9963
      vertex 87.5004 -8.02636 22.7079
      vertex 77.7294 -6.01215 24.7848
    endloop
  endfacet
  facet normal -0.207909 7.3403e-06 -0.978148
    outer loop
      vertex 87.5004 -8.02636 22.7079
      vertex 76.7343 -4.48084 24.9963
      vertex 94.1853 -8.07825 21.287
    endloop
  endfacet
  facet normal -0.207909 -7.54326e-06 -0.978148
    outer loop
      vertex 74.7133 -21.3044 25.426
      vertex 76.7343 -4.48084 24.9963
      vertex 77.7294 -6.01215 24.7848
    endloop
  endfacet
  facet normal -0.207929 -4.99847e-06 -0.978144
    outer loop
      vertex 76.7343 -4.48084 24.9963
      vertex 74.7133 -21.3044 25.426
      vertex 73.2155 -22.3218 25.7444
    endloop
  endfacet
  facet normal -0.193343 -0.98027 0.0410958
    outer loop
      vertex 89.6714 -24.3879 22.2465
      vertex 84.4843 -23.3186 23.3491
      vertex 89.2244 -24.3879 20.1435
    endloop
  endfacet
  facet normal 0.958851 -0.197657 -0.203807
    outer loop
      vertex 92.6875 -9.09564 21.6054
      vertex 91.6416 -14.3986 21.8277
      vertex 92.2405 -9.09564 19.5024
    endloop
  endfacet
  facet normal 0.95885 -0.19766 -0.203807
    outer loop
      vertex 89.2244 -24.3879 20.1435
      vertex 91.6416 -14.3986 21.8277
      vertex 89.6714 -24.3879 22.2465
    endloop
  endfacet
  facet normal 0.958849 -0.197659 -0.203811
    outer loop
      vertex 91.6416 -14.3986 21.8277
      vertex 89.2244 -24.3879 20.1435
      vertex 92.2405 -9.09564 19.5024
    endloop
  endfacet
  facet normal 0.19334 0.980271 -0.0410952
    outer loop
      vertex 92.2405 -9.09564 19.5024
      vertex 87.5004 -8.02636 22.7079
      vertex 92.6875 -9.09564 21.6054
    endloop
  endfacet
  facet normal -0.20795 7.3903e-06 -0.978139
    outer loop
      vertex 88.6647 -23.1784 20.2625
      vertex 92.2405 -9.09564 19.5024
      vertex 89.2244 -24.3879 20.1435
    endloop
  endfacet
  facet normal -0.207867 -1.46559e-05 -0.978157
    outer loop
      vertex 92.2405 -9.09564 19.5024
      vertex 88.6647 -23.1784 20.2625
      vertex 91.3187 -9.72173 19.6983
    endloop
  endfacet
  facet normal -0.207863 4.93853e-05 -0.978158
    outer loop
      vertex 88.6647 -23.1784 20.2625
      vertex 89.2244 -24.3879 20.1435
      vertex 88.0879 -22.639 20.3851
    endloop
  endfacet
  facet normal -0.207898 3.24156e-05 -0.978151
    outer loop
      vertex 86.3523 -8.69794 20.7539
      vertex 92.2405 -9.09564 19.5024
      vertex 91.3187 -9.72173 19.6983
    endloop
  endfacet
  facet normal -0.207895 7.05871e-05 -0.978151
    outer loop
      vertex 86.3523 -8.69794 20.7539
      vertex 77.2824 -6.01215 22.6818
      vertex 92.2405 -9.09564 19.5024
    endloop
  endfacet
  facet normal -0.207916 -3.36246e-06 -0.978147
    outer loop
      vertex 77.2824 -6.01215 22.6818
      vertex 86.3523 -8.69794 20.7539
      vertex 82.7332 -14.3995 21.5232
    endloop
  endfacet
  facet normal 0.19334 0.980271 -0.041095
    outer loop
      vertex 87.5004 -8.02636 22.7079
      vertex 77.2824 -6.01215 22.6818
      vertex 77.7294 -6.01215 24.7848
    endloop
  endfacet
  facet normal 0.19334 0.980271 -0.0410966
    outer loop
      vertex 77.2824 -6.01215 22.6818
      vertex 87.5004 -8.02636 22.7079
      vertex 92.2405 -9.09564 19.5024
    endloop
  endfacet
  facet normal -0.95885 0.19766 0.203807
    outer loop
      vertex 74.2663 -21.3044 23.323
      vertex 77.7294 -6.01215 24.7848
      vertex 77.2824 -6.01215 22.6818
    endloop
  endfacet
  facet normal -0.95885 0.19766 0.203807
    outer loop
      vertex 77.7294 -6.01215 24.7848
      vertex 74.2663 -21.3044 23.323
      vertex 74.7133 -21.3044 25.426
    endloop
  endfacet
  facet normal -0.207912 1.61994e-05 -0.978148
    outer loop
      vertex 74.2663 -21.3044 23.323
      vertex 88.0879 -22.639 20.3851
      vertex 89.2244 -24.3879 20.1435
    endloop
  endfacet
  facet normal -0.207912 -6.84248e-06 -0.978148
    outer loop
      vertex 81.9643 -16.0756 21.6867
      vertex 74.2663 -21.3044 23.323
      vertex 77.2824 -6.01215 22.6818
    endloop
  endfacet
  facet normal -0.207914 -3.90907e-06 -0.978147
    outer loop
      vertex 88.0879 -22.639 20.3851
      vertex 74.2663 -21.3044 23.323
      vertex 81.9643 -16.0756 21.6867
    endloop
  endfacet
  facet normal -0.207944 -2.24848e-05 -0.978141
    outer loop
      vertex 82.7332 -14.3995 21.5232
      vertex 81.9643 -16.0756 21.6867
      vertex 77.2824 -6.01215 22.6818
    endloop
  endfacet
  facet normal -0.193339 -0.980271 0.0410948
    outer loop
      vertex 74.2663 -21.3044 23.323
      vertex 84.4843 -23.3186 23.3491
      vertex 74.7133 -21.3044 25.426
    endloop
  endfacet
  facet normal -0.193339 -0.980271 0.0411028
    outer loop
      vertex 84.4843 -23.3186 23.3491
      vertex 74.2663 -21.3044 23.323
      vertex 89.2244 -24.3879 20.1435
    endloop
  endfacet
  facet normal 0.207903 -4.60962e-06 0.978149
    outer loop
      vertex 88.0879 -22.639 20.3851
      vertex 88.612 -23.4455 20.2737
      vertex 88.6647 -23.1784 20.2625
    endloop
  endfacet
  facet normal 0.207909 -1.08827e-06 0.978148
    outer loop
      vertex 75.1881 -20.6783 23.127
      vertex 88.0879 -22.639 20.3851
      vertex 81.9643 -16.0756 21.6867
    endloop
  endfacet
  facet normal 0.207909 -8.27287e-07 0.978148
    outer loop
      vertex 88.0879 -22.639 20.3851
      vertex 75.1881 -20.6783 23.127
      vertex 88.612 -23.4455 20.2737
    endloop
  endfacet
  facet normal 0.958851 -0.197656 -0.203808
    outer loop
      vertex 88.612 -23.4455 20.2737
      vertex 87.4685 -23.4455 14.8939
      vertex 90.1752 -9.72173 14.3185
    endloop
  endfacet
  facet normal 0.207913 5.35759e-06 0.978147
    outer loop
      vertex 77.8948 -6.95449 22.5516
      vertex 82.7332 -14.3995 21.5232
      vertex 86.3523 -8.69794 20.7539
    endloop
  endfacet
  facet normal 0.207941 2.41557e-05 0.978141
    outer loop
      vertex 77.8948 -6.95449 22.5516
      vertex 81.9643 -16.0756 21.6867
      vertex 82.7332 -14.3995 21.5232
    endloop
  endfacet
  facet normal 0.207904 6.86781e-06 0.978149
    outer loop
      vertex 81.9643 -16.0756 21.6867
      vertex 77.8948 -6.95449 22.5516
      vertex 75.1881 -20.6783 23.127
    endloop
  endfacet
  facet normal -0.207899 -4.8269e-06 -0.97815
    outer loop
      vertex 87.4685 -23.4455 14.8939
      vertex 83.6409 -17.5559 15.7074
      vertex 84.4143 -13.6348 15.543
    endloop
  endfacet
  facet normal -0.207905 -6.68164e-06 -0.978149
    outer loop
      vertex 84.4143 -13.6348 15.543
      vertex 90.1752 -9.72173 14.3185
      vertex 87.4685 -23.4455 14.8939
    endloop
  endfacet
  facet normal -0.207903 -9.49256e-06 -0.97815
    outer loop
      vertex 82.2477 -13.1881 16.0035
      vertex 90.1752 -9.72173 14.3185
      vertex 84.4143 -13.6348 15.543
    endloop
  endfacet
  facet normal -0.207908 3.77505e-06 -0.978148
    outer loop
      vertex 82.2477 -13.1881 16.0035
      vertex 76.7513 -6.95449 17.1718
      vertex 90.1752 -9.72173 14.3185
    endloop
  endfacet
  facet normal -0.207964 -4.74265e-05 -0.978137
    outer loop
      vertex 76.7513 -6.95449 17.1718
      vertex 82.2477 -13.1881 16.0035
      vertex 81.3279 -13.9967 16.1991
    endloop
  endfacet
  facet normal -0.958851 0.197656 0.203808
    outer loop
      vertex 74.0446 -20.6783 17.7472
      vertex 77.8948 -6.95449 22.5516
      vertex 76.7513 -6.95449 17.1718
    endloop
  endfacet
  facet normal -0.958851 0.197656 0.203808
    outer loop
      vertex 77.8948 -6.95449 22.5516
      vertex 74.0446 -20.6783 17.7472
      vertex 75.1881 -20.6783 23.127
    endloop
  endfacet
  facet normal 0.193341 0.980271 -0.0410954
    outer loop
      vertex 90.1752 -9.72173 14.3185
      vertex 76.7513 -6.95449 17.1718
      vertex 77.8948 -6.95449 22.5516
    endloop
  endfacet
  facet normal -0.207932 -2.72195e-05 -0.978143
    outer loop
      vertex 87.4685 -23.4455 14.8939
      vertex 79.8055 -16.7652 16.5227
      vertex 83.6409 -17.5559 15.7074
    endloop
  endfacet
  facet normal -0.207916 -4.23481e-06 -0.978147
    outer loop
      vertex 79.9308 -16.1303 16.496
      vertex 74.0446 -20.6783 17.7472
      vertex 76.7513 -6.95449 17.1718
    endloop
  endfacet
  facet normal -0.207909 1.48857e-07 -0.978148
    outer loop
      vertex 74.0446 -20.6783 17.7472
      vertex 79.8055 -16.7652 16.5227
      vertex 87.4685 -23.4455 14.8939
    endloop
  endfacet
  facet normal -0.207882 8.3144e-06 -0.978154
    outer loop
      vertex 79.9308 -16.1303 16.496
      vertex 76.7513 -6.95449 17.1718
      vertex 81.3279 -13.9967 16.1991
    endloop
  endfacet
  facet normal -0.207831 -0.000119265 -0.978165
    outer loop
      vertex 74.0446 -20.6783 17.7472
      vertex 79.9308 -16.1303 16.496
      vertex 79.8055 -16.7652 16.5227
    endloop
  endfacet
  facet normal -0.193338 -0.980271 0.0410948
    outer loop
      vertex 74.0446 -20.6783 17.7472
      vertex 88.612 -23.4455 20.2737
      vertex 75.1881 -20.6783 23.127
    endloop
  endfacet
  facet normal -0.193338 -0.980271 0.0410948
    outer loop
      vertex 88.612 -23.4455 20.2737
      vertex 74.0446 -20.6783 17.7472
      vertex 87.4685 -23.4455 14.8939
    endloop
  endfacet
  facet normal 0.193341 0.980271 -0.0410956
    outer loop
      vertex 90.1752 -9.72173 14.3185
      vertex 86.3523 -8.69794 20.7539
      vertex 91.3187 -9.72173 19.6983
    endloop
  endfacet
  facet normal 0.19334 0.980271 -0.0410963
    outer loop
      vertex 86.3523 -8.69794 20.7539
      vertex 90.1752 -9.72173 14.3185
      vertex 77.8948 -6.95449 22.5516
    endloop
  endfacet
  facet normal 0.958851 -0.197655 -0.203808
    outer loop
      vertex 88.6647 -23.1784 20.2625
      vertex 90.1752 -9.72173 14.3185
      vertex 91.3187 -9.72173 19.6983
    endloop
  endfacet
  facet normal 0.958797 -0.197729 -0.203988
    outer loop
      vertex 90.1752 -9.72173 14.3185
      vertex 88.6647 -23.1784 20.2625
      vertex 88.612 -23.4455 20.2737
    endloop
  endfacet
  facet normal 0.958848 -0.197669 -0.203806
    outer loop
      vertex 82.9548 -17.5559 12.4795
      vertex 84.4143 -13.6348 15.543
      vertex 83.6409 -17.5559 15.7074
    endloop
  endfacet
  facet normal 0.958848 -0.197669 -0.203806
    outer loop
      vertex 84.4143 -13.6348 15.543
      vertex 82.9548 -17.5559 12.4795
      vertex 83.7282 -13.6348 12.3151
    endloop
  endfacet
  facet normal 0.207968 4.24183e-05 0.978136
    outer loop
      vertex 80.5789 -12.8441 16.3583
      vertex 81.3279 -13.9967 16.1991
      vertex 82.2477 -13.1881 16.0035
    endloop
  endfacet
  facet normal 0.207888 -1.22621e-05 0.978153
    outer loop
      vertex 81.3279 -13.9967 16.1991
      vertex 80.5789 -12.8441 16.3583
      vertex 79.9308 -16.1303 16.496
    endloop
  endfacet
  facet normal -0.207926 8.28739e-07 -0.978144
    outer loop
      vertex 82.9548 -17.5559 12.4795
      vertex 79.8928 -12.8441 13.1304
      vertex 83.7282 -13.6348 12.3151
    endloop
  endfacet
  facet normal -0.958853 0.197644 0.203807
    outer loop
      vertex 79.8928 -12.8441 13.1304
      vertex 79.9308 -16.1303 16.496
      vertex 80.5789 -12.8441 16.3583
    endloop
  endfacet
  facet normal -0.958843 0.197669 0.203831
    outer loop
      vertex 79.1194 -16.7652 13.2948
      vertex 79.9308 -16.1303 16.496
      vertex 79.8928 -12.8441 13.1304
    endloop
  endfacet
  facet normal -0.958823 0.197798 0.203801
    outer loop
      vertex 79.9308 -16.1303 16.496
      vertex 79.1194 -16.7652 13.2948
      vertex 79.8055 -16.7652 16.5227
    endloop
  endfacet
  facet normal 0.193371 0.980264 -0.0411015
    outer loop
      vertex 83.7282 -13.6348 12.3151
      vertex 82.2477 -13.1881 16.0035
      vertex 84.4143 -13.6348 15.543
    endloop
  endfacet
  facet normal 0.193333 0.980272 -0.0410935
    outer loop
      vertex 82.2477 -13.1881 16.0035
      vertex 79.8928 -12.8441 13.1304
      vertex 80.5789 -12.8441 16.3583
    endloop
  endfacet
  facet normal 0.193352 0.980268 -0.0411095
    outer loop
      vertex 82.2477 -13.1881 16.0035
      vertex 83.7282 -13.6348 12.3151
      vertex 79.8928 -12.8441 13.1304
    endloop
  endfacet
  facet normal -0.207926 8.28739e-07 -0.978144
    outer loop
      vertex 82.9548 -17.5559 12.4795
      vertex 79.1194 -16.7652 13.2948
      vertex 79.8928 -12.8441 13.1304
    endloop
  endfacet
  facet normal -0.193354 -0.980268 0.041098
    outer loop
      vertex 79.1194 -16.7652 13.2948
      vertex 83.6409 -17.5559 15.7074
      vertex 79.8055 -16.7652 16.5227
    endloop
  endfacet
  facet normal -0.193354 -0.980268 0.041098
    outer loop
      vertex 83.6409 -17.5559 15.7074
      vertex 79.1194 -16.7652 13.2948
      vertex 82.9548 -17.5559 12.4795
    endloop
  endfacet
  facet normal -0.915904 0.240688 0.321232
    outer loop
      vertex 78.0563 -22.1389 39.2637
      vertex 70.8517 -41.5259 33.2478
      vertex 76.4696 -35.4744 44.7315
    endloop
  endfacet
  facet normal -0.261922 -0.339283 -0.903484
    outer loop
      vertex 87.7643 -38.7294 27.1829
      vertex 90.2682 -28.4188 22.5851
      vertex 88.2766 -45.1572 29.4482
    endloop
  endfacet
  facet normal -0.262 -0.339258 -0.903471
    outer loop
      vertex 90.2682 -28.4188 22.5851
      vertex 87.7643 -38.7294 27.1829
      vertex 88.8795 -29.3575 23.3403
    endloop
  endfacet
  facet normal -0.261991 -0.339282 -0.903465
    outer loop
      vertex 88.2766 -45.1572 29.4482
      vertex 87.1724 -43.7046 29.2229
      vertex 87.7643 -38.7294 27.1829
    endloop
  endfacet
  facet normal -0.261978 -0.339273 -0.903472
    outer loop
      vertex 88.2766 -45.1572 29.4482
      vertex 77.4014 -41.6904 31.2998
      vertex 87.1724 -43.7046 29.2229
    endloop
  endfacet
  facet normal -0.261972 -0.339251 -0.903482
    outer loop
      vertex 70.8255 -41.5598 33.1575
      vertex 77.4014 -41.6904 31.2998
      vertex 88.2766 -45.1572 29.4482
    endloop
  endfacet
  facet normal -0.26197 -0.339276 -0.903473
    outer loop
      vertex 77.4014 -41.6904 31.2998
      vertex 70.8255 -41.5598 33.1575
      vertex 72.2143 -40.6211 32.4023
    endloop
  endfacet
  facet normal 0.985031 -0.151168 -0.0828389
    outer loop
      vertex 90.3729 -38.3405 41.7763
      vertex 90.2944 -28.3849 22.6755
      vertex 91.9596 -25.005 36.3085
    endloop
  endfacet
  facet normal -0.261977 -0.339289 -0.903466
    outer loop
      vertex 73.9214 -26.274 26.5197
      vertex 90.2682 -28.4188 22.5851
      vertex 88.8795 -29.3575 23.3403
    endloop
  endfacet
  facet normal -0.261974 -0.339212 -0.903496
    outer loop
      vertex 73.9214 -26.274 26.5197
      vertex 72.8172 -24.8214 26.2945
      vertex 90.2682 -28.4188 22.5851
    endloop
  endfacet
  facet normal -0.261974 -0.339271 -0.903474
    outer loop
      vertex 70.8255 -41.5598 33.1575
      vertex 73.9214 -26.274 26.5197
      vertex 72.2143 -40.6211 32.4023
    endloop
  endfacet
  facet normal -0.262036 -0.339254 -0.903462
    outer loop
      vertex 73.9214 -26.274 26.5197
      vertex 70.8255 -41.5598 33.1575
      vertex 72.8172 -24.8214 26.2945
    endloop
  endfacet
  facet normal 0.261976 0.33927 0.903474
    outer loop
      vertex 91.9596 -25.005 36.3085
      vertex 78.0563 -22.1389 39.2637
      vertex 90.3729 -38.3405 41.7763
    endloop
  endfacet
  facet normal 0.261976 0.33927 0.903474
    outer loop
      vertex 78.0563 -22.1389 39.2637
      vertex 76.4696 -35.4744 44.7315
      vertex 90.3729 -38.3405 41.7763
    endloop
  endfacet
  facet normal 0.143043 0.956412 -0.254589
    outer loop
      vertex 90.2944 -28.3849 22.6755
      vertex 72.8434 -24.7875 26.3848
      vertex 78.0563 -22.1389 39.2637
    endloop
  endfacet
  facet normal -0.109452 -0.919711 0.37703
    outer loop
      vertex 88.3028 -45.1233 29.5385
      vertex 70.8255 -41.5598 33.1575
      vertex 88.2766 -45.1572 29.4482
    endloop
  endfacet
  facet normal -0.0739203 -0.866893 0.492984
    outer loop
      vertex 76.4696 -35.4744 44.7315
      vertex 70.8517 -41.5259 33.2478
      vertex 90.3729 -38.3405 41.7763
    endloop
  endfacet
  facet normal 0.143046 0.956412 -0.254586
    outer loop
      vertex 90.2944 -28.3849 22.6755
      vertex 78.0563 -22.1389 39.2637
      vertex 91.9596 -25.005 36.3085
    endloop
  endfacet
  facet normal 0.958805 -0.197712 -0.203967
    outer loop
      vertex 88.2766 -45.1572 29.4482
      vertex 90.2944 -28.3849 22.6755
      vertex 88.3028 -45.1233 29.5385
    endloop
  endfacet
  facet normal 0.958858 -0.197644 -0.203783
    outer loop
      vertex 90.2944 -28.3849 22.6755
      vertex 88.2766 -45.1572 29.4482
      vertex 90.2682 -28.4188 22.5851
    endloop
  endfacet
  facet normal 0.985031 -0.151168 -0.0828392
    outer loop
      vertex 90.3729 -38.3405 41.7763
      vertex 88.3028 -45.1233 29.5385
      vertex 90.2944 -28.3849 22.6755
    endloop
  endfacet
  facet normal -0.958805 0.197717 0.203965
    outer loop
      vertex 72.8172 -24.8214 26.2945
      vertex 70.8255 -41.5598 33.1575
      vertex 72.8434 -24.7875 26.3848
    endloop
  endfacet
  facet normal 0.109551 0.919839 -0.37669
    outer loop
      vertex 90.2682 -28.4188 22.5851
      vertex 72.8434 -24.7875 26.3848
      vertex 90.2944 -28.3849 22.6755
    endloop
  endfacet
  facet normal 0.10945 0.919711 -0.37703
    outer loop
      vertex 72.8434 -24.7875 26.3848
      vertex 90.2682 -28.4188 22.5851
      vertex 72.8172 -24.8214 26.2945
    endloop
  endfacet
  facet normal -0.0739183 -0.866895 0.49298
    outer loop
      vertex 90.3729 -38.3405 41.7763
      vertex 70.8517 -41.5259 33.2478
      vertex 88.3028 -45.1233 29.5385
    endloop
  endfacet
  facet normal -0.109452 -0.919711 0.37703
    outer loop
      vertex 70.8517 -41.5259 33.2478
      vertex 70.8255 -41.5598 33.1575
      vertex 88.3028 -45.1233 29.5385
    endloop
  endfacet
  facet normal -0.958805 0.197717 0.203965
    outer loop
      vertex 72.8434 -24.7875 26.3848
      vertex 70.8255 -41.5598 33.1575
      vertex 70.8517 -41.5259 33.2478
    endloop
  endfacet
  facet normal -0.915905 0.240691 0.321225
    outer loop
      vertex 72.8434 -24.7875 26.3848
      vertex 70.8517 -41.5259 33.2478
      vertex 78.0563 -22.1389 39.2637
    endloop
  endfacet
  facet normal 0.958844 -0.197669 -0.203828
    outer loop
      vertex 87.7643 -38.7294 27.1829
      vertex 88.3162 -30.0869 21.3978
      vertex 88.8795 -29.3575 23.3403
    endloop
  endfacet
  facet normal 0.958853 -0.197651 -0.2038
    outer loop
      vertex 88.3162 -30.0869 21.3978
      vertex 87.7643 -38.7294 27.1829
      vertex 86.6091 -44.4341 27.2804
    endloop
  endfacet
  facet normal 0.958848 -0.19765 -0.203827
    outer loop
      vertex 87.1724 -43.7046 29.2229
      vertex 86.6091 -44.4341 27.2804
      vertex 87.7643 -38.7294 27.1829
    endloop
  endfacet
  facet normal -0.261984 -0.339267 -0.903472
    outer loop
      vertex 86.6091 -44.4341 27.2804
      vertex 87.0524 -34.1036 23.2726
      vertex 88.3162 -30.0869 21.3978
    endloop
  endfacet
  facet normal -0.262025 -0.339262 -0.903463
    outer loop
      vertex 87.0524 -34.1036 23.2726
      vertex 86.6091 -44.4341 27.2804
      vertex 85.9296 -43.5402 27.1418
    endloop
  endfacet
  facet normal -0.261981 -0.339268 -0.903473
    outer loop
      vertex 79.8187 -29.089 23.4871
      vertex 88.3162 -30.0869 21.3978
      vertex 87.0524 -34.1036 23.2726
    endloop
  endfacet
  facet normal -0.261989 -0.33936 -0.903436
    outer loop
      vertex 73.3581 -27.0034 24.5772
      vertex 79.8187 -29.089 23.4871
      vertex 74.0377 -27.8973 24.7159
    endloop
  endfacet
  facet normal -0.261982 -0.339334 -0.903448
    outer loop
      vertex 79.8187 -29.089 23.4871
      vertex 73.3581 -27.0034 24.5772
      vertex 88.3162 -30.0869 21.3978
    endloop
  endfacet
  facet normal -0.109431 -0.919684 0.377102
    outer loop
      vertex 86.6091 -44.4341 27.2804
      vertex 77.4014 -41.6904 31.2998
      vertex 71.651 -41.3506 30.4598
    endloop
  endfacet
  facet normal -0.109425 -0.91968 0.377115
    outer loop
      vertex 77.4014 -41.6904 31.2998
      vertex 86.6091 -44.4341 27.2804
      vertex 87.1724 -43.7046 29.2229
    endloop
  endfacet
  facet normal -0.109433 -0.919678 0.377116
    outer loop
      vertex 72.2143 -40.6211 32.4023
      vertex 71.651 -41.3506 30.4598
      vertex 77.4014 -41.6904 31.2998
    endloop
  endfacet
  facet normal -0.261971 -0.339225 -0.903492
    outer loop
      vertex 86.6091 -44.4341 27.2804
      vertex 78.547 -42.0183 28.711
      vertex 85.9296 -43.5402 27.1418
    endloop
  endfacet
  facet normal -0.261968 -0.33927 -0.903476
    outer loop
      vertex 73.6516 -31.1417 26.0461
      vertex 71.651 -41.3506 30.4598
      vertex 73.3581 -27.0034 24.5772
    endloop
  endfacet
  facet normal -0.261968 -0.33927 -0.903476
    outer loop
      vertex 78.547 -42.0183 28.711
      vertex 71.651 -41.3506 30.4598
      vertex 73.6516 -31.1417 26.0461
    endloop
  endfacet
  facet normal -0.261968 -0.33921 -0.903498
    outer loop
      vertex 71.651 -41.3506 30.4598
      vertex 78.547 -42.0183 28.711
      vertex 86.6091 -44.4341 27.2804
    endloop
  endfacet
  facet normal -0.26186 -0.339274 -0.903506
    outer loop
      vertex 74.0377 -27.8973 24.7159
      vertex 73.6516 -31.1417 26.0461
      vertex 73.3581 -27.0034 24.5772
    endloop
  endfacet
  facet normal -0.958844 0.197662 0.203831
    outer loop
      vertex 71.651 -41.3506 30.4598
      vertex 73.9214 -26.274 26.5197
      vertex 73.3581 -27.0034 24.5772
    endloop
  endfacet
  facet normal -0.958847 0.19766 0.203822
    outer loop
      vertex 73.9214 -26.274 26.5197
      vertex 71.651 -41.3506 30.4598
      vertex 72.2143 -40.6211 32.4023
    endloop
  endfacet
  facet normal 0.109439 0.919694 -0.377077
    outer loop
      vertex 88.3162 -30.0869 21.3978
      vertex 73.9214 -26.274 26.5197
      vertex 88.8795 -29.3575 23.3403
    endloop
  endfacet
  facet normal 0.109439 0.919694 -0.377077
    outer loop
      vertex 73.9214 -26.274 26.5197
      vertex 88.3162 -30.0869 21.3978
      vertex 73.3581 -27.0034 24.5772
    endloop
  endfacet
  facet normal 0.261977 0.339274 0.903472
    outer loop
      vertex 73.6516 -31.1417 26.0461
      vertex 72.5057 -40.7729 29.9951
      vertex 78.547 -42.0183 28.711
    endloop
  endfacet
  facet normal -0.261996 -0.339277 -0.903465
    outer loop
      vertex 84.4887 -45.4061 22.1726
      vertex 78.957 -38.1296 21.0442
      vertex 79.2659 -37.0958 20.5664
    endloop
  endfacet
  facet normal -0.261974 -0.339266 -0.903476
    outer loop
      vertex 79.2659 -37.0958 20.5664
      vertex 86.0207 -32.5304 16.8934
      vertex 84.4887 -45.4061 22.1726
    endloop
  endfacet
  facet normal -0.261965 -0.339259 -0.903481
    outer loop
      vertex 72.5968 -29.7632 19.7467
      vertex 79.2659 -37.0958 20.5664
      vertex 78.1886 -37.1188 20.8874
    endloop
  endfacet
  facet normal -0.261973 -0.339267 -0.903476
    outer loop
      vertex 79.2659 -37.0958 20.5664
      vertex 72.5968 -29.7632 19.7467
      vertex 86.0207 -32.5304 16.8934
    endloop
  endfacet
  facet normal 0.958849 -0.197655 -0.203816
    outer loop
      vertex 85.9296 -43.5402 27.1418
      vertex 84.4887 -45.4061 22.1726
      vertex 86.0207 -32.5304 16.8934
    endloop
  endfacet
  facet normal 0.261982 0.33927 0.903472
    outer loop
      vertex 87.4616 -30.6645 21.8625
      vertex 79.8187 -29.089 23.4871
      vertex 87.0524 -34.1036 23.2726
    endloop
  endfacet
  facet normal -0.958847 0.197669 0.20381
    outer loop
      vertex 72.5968 -29.7632 19.7467
      vertex 73.6516 -31.1417 26.0461
      vertex 74.0377 -27.8973 24.7159
    endloop
  endfacet
  facet normal -0.958853 0.197647 0.203806
    outer loop
      vertex 73.6516 -31.1417 26.0461
      vertex 72.5968 -29.7632 19.7467
      vertex 72.5057 -40.7729 29.9951
    endloop
  endfacet
  facet normal 0.109438 0.919695 -0.377072
    outer loop
      vertex 86.0207 -32.5304 16.8934
      vertex 72.5968 -29.7632 19.7467
      vertex 74.0377 -27.8973 24.7159
    endloop
  endfacet
  facet normal -0.109435 -0.919696 0.377072
    outer loop
      vertex 85.9296 -43.5402 27.1418
      vertex 71.0648 -42.6389 25.026
      vertex 84.4887 -45.4061 22.1726
    endloop
  endfacet
  facet normal -0.109438 -0.919687 0.377094
    outer loop
      vertex 78.547 -42.0183 28.711
      vertex 71.0648 -42.6389 25.026
      vertex 85.9296 -43.5402 27.1418
    endloop
  endfacet
  facet normal -0.109438 -0.919686 0.377095
    outer loop
      vertex 71.0648 -42.6389 25.026
      vertex 78.547 -42.0183 28.711
      vertex 72.5057 -40.7729 29.9951
    endloop
  endfacet
  facet normal 0.109432 0.919694 -0.377078
    outer loop
      vertex 86.0207 -32.5304 16.8934
      vertex 79.8187 -29.089 23.4871
      vertex 87.4616 -30.6645 21.8625
    endloop
  endfacet
  facet normal 0.109436 0.919695 -0.377074
    outer loop
      vertex 79.8187 -29.089 23.4871
      vertex 86.0207 -32.5304 16.8934
      vertex 74.0377 -27.8973 24.7159
    endloop
  endfacet
  facet normal 0.958848 -0.197658 -0.203818
    outer loop
      vertex 87.0524 -34.1036 23.2726
      vertex 86.0207 -32.5304 16.8934
      vertex 87.4616 -30.6645 21.8625
    endloop
  endfacet
  facet normal 0.958848 -0.197657 -0.203818
    outer loop
      vertex 86.0207 -32.5304 16.8934
      vertex 87.0524 -34.1036 23.2726
      vertex 85.9296 -43.5402 27.1418
    endloop
  endfacet
  facet normal -0.26197 -0.33926 -0.903479
    outer loop
      vertex 84.4887 -45.4061 22.1726
      vertex 78.4073 -39.4412 21.6961
      vertex 78.957 -38.1296 21.0442
    endloop
  endfacet
  facet normal -0.26198 -0.33927 -0.903472
    outer loop
      vertex 71.0648 -42.6389 25.026
      vertex 78.4073 -39.4412 21.6961
      vertex 84.4887 -45.4061 22.1726
    endloop
  endfacet
  facet normal -0.261995 -0.339243 -0.903478
    outer loop
      vertex 76.4062 -39.0287 22.1215
      vertex 78.4073 -39.4412 21.6961
      vertex 71.0648 -42.6389 25.026
    endloop
  endfacet
  facet normal -0.261976 -0.339271 -0.903473
    outer loop
      vertex 76.6124 -37.2954 21.4108
      vertex 71.0648 -42.6389 25.026
      vertex 72.5968 -29.7632 19.7467
    endloop
  endfacet
  facet normal -0.261995 -0.33928 -0.903464
    outer loop
      vertex 76.6124 -37.2954 21.4108
      vertex 72.5968 -29.7632 19.7467
      vertex 78.1886 -37.1188 20.8874
    endloop
  endfacet
  facet normal -0.261964 -0.339284 -0.903472
    outer loop
      vertex 71.0648 -42.6389 25.026
      vertex 76.6124 -37.2954 21.4108
      vertex 76.4062 -39.0287 22.1215
    endloop
  endfacet
  facet normal -0.958849 0.197656 0.203815
    outer loop
      vertex 72.5968 -29.7632 19.7467
      vertex 71.0648 -42.6389 25.026
      vertex 72.5057 -40.7729 29.9951
    endloop
  endfacet
  facet normal 0.261969 0.339256 0.903481
    outer loop
      vertex 79.2659 -37.0958 20.5664
      vertex 80.2416 -39.8194 21.3062
      vertex 80.6793 -36.1406 19.7979
    endloop
  endfacet
  facet normal 0.262019 0.339269 0.903461
    outer loop
      vertex 78.957 -38.1296 21.0442
      vertex 80.2416 -39.8194 21.3062
      vertex 79.2659 -37.0958 20.5664
    endloop
  endfacet
  facet normal 0.261991 0.33925 0.903477
    outer loop
      vertex 80.2416 -39.8194 21.3062
      vertex 78.957 -38.1296 21.0442
      vertex 78.4073 -39.4412 21.6961
    endloop
  endfacet
  facet normal -0.109428 -0.919689 0.377091
    outer loop
      vertex 76.4062 -39.0287 22.1215
      vertex 75.5416 -40.1483 19.14
      vertex 79.377 -40.9389 18.3248
    endloop
  endfacet
  facet normal 0.958849 -0.197672 -0.2038
    outer loop
      vertex 80.6793 -36.1406 19.7979
      vertex 79.377 -40.9389 18.3248
      vertex 79.8148 -37.2601 16.8164
    endloop
  endfacet
  facet normal 0.261971 0.339253 0.903481
    outer loop
      vertex 76.8439 -35.3499 20.6131
      vertex 79.2659 -37.0958 20.5664
      vertex 80.6793 -36.1406 19.7979
    endloop
  endfacet
  facet normal 0.261966 0.339246 0.903485
    outer loop
      vertex 79.2659 -37.0958 20.5664
      vertex 76.8439 -35.3499 20.6131
      vertex 78.1886 -37.1188 20.8874
    endloop
  endfacet
  facet normal 0.261998 0.339267 0.903468
    outer loop
      vertex 78.1886 -37.1188 20.8874
      vertex 76.8439 -35.3499 20.6131
      vertex 76.6124 -37.2954 21.4108
    endloop
  endfacet
  facet normal 0.958843 -0.197657 -0.203843
    outer loop
      vertex 80.2416 -39.8194 21.3062
      vertex 79.377 -40.9389 18.3248
      vertex 80.6793 -36.1406 19.7979
    endloop
  endfacet
  facet normal -0.10947 -0.919687 0.377084
    outer loop
      vertex 78.4073 -39.4412 21.6961
      vertex 79.377 -40.9389 18.3248
      vertex 80.2416 -39.8194 21.3062
    endloop
  endfacet
  facet normal -0.109416 -0.919687 0.377099
    outer loop
      vertex 79.377 -40.9389 18.3248
      vertex 78.4073 -39.4412 21.6961
      vertex 76.4062 -39.0287 22.1215
    endloop
  endfacet
  facet normal -0.261965 -0.339272 -0.903476
    outer loop
      vertex 75.5416 -40.1483 19.14
      vertex 79.8148 -37.2601 16.8164
      vertex 79.377 -40.9389 18.3248
    endloop
  endfacet
  facet normal -0.261965 -0.339272 -0.903476
    outer loop
      vertex 79.8148 -37.2601 16.8164
      vertex 75.5416 -40.1483 19.14
      vertex 75.9794 -36.4695 17.6316
    endloop
  endfacet
  facet normal 0.109451 0.919686 -0.377092
    outer loop
      vertex 80.6793 -36.1406 19.7979
      vertex 75.9794 -36.4695 17.6316
      vertex 76.8439 -35.3499 20.6131
    endloop
  endfacet
  facet normal -0.95885 0.19767 0.203795
    outer loop
      vertex 75.9794 -36.4695 17.6316
      vertex 75.5416 -40.1483 19.14
      vertex 76.8439 -35.3499 20.6131
    endloop
  endfacet
  facet normal -0.958847 0.197646 0.203835
    outer loop
      vertex 76.6124 -37.2954 21.4108
      vertex 75.5416 -40.1483 19.14
      vertex 76.4062 -39.0287 22.1215
    endloop
  endfacet
  facet normal -0.958848 0.197664 0.203813
    outer loop
      vertex 75.5416 -40.1483 19.14
      vertex 76.6124 -37.2954 21.4108
      vertex 76.8439 -35.3499 20.6131
    endloop
  endfacet
  facet normal 0.109437 0.9197 -0.377062
    outer loop
      vertex 79.8148 -37.2601 16.8164
      vertex 75.9794 -36.4695 17.6316
      vertex 80.6793 -36.1406 19.7979
    endloop
  endfacet
  facet normal -0.0326058 0.63662 -0.770488
    outer loop
      vertex 123.806 23.3175 35.3183
      vertex 120.667 18.5728 31.5308
      vertex 122.193 22.6053 34.7981
    endloop
  endfacet
  facet normal -0.0325193 0.636588 -0.770519
    outer loop
      vertex 118.673 9.75045 24.3261
      vertex 120.667 18.5728 31.5308
      vertex 123.806 23.3175 35.3183
    endloop
  endfacet
  facet normal -0.0325333 0.636589 -0.770517
    outer loop
      vertex 118.673 9.75045 24.3261
      vertex 117.793 10.9765 25.3762
      vertex 120.667 18.5728 31.5308
    endloop
  endfacet
  facet normal -0.0325424 0.636585 -0.77052
    outer loop
      vertex 118.673 9.75045 24.3261
      vertex 112.606 12.0458 26.4787
      vertex 117.793 10.9765 25.3762
    endloop
  endfacet
  facet normal -0.0325567 0.636564 -0.770537
    outer loop
      vertex 101.222 13.3479 28.0354
      vertex 112.606 12.0458 26.4787
      vertex 118.673 9.75045 24.3261
    endloop
  endfacet
  facet normal -0.0325491 0.636597 -0.770509
    outer loop
      vertex 112.606 12.0458 26.4787
      vertex 101.222 13.3479 28.0354
      vertex 102.835 14.06 28.5556
    endloop
  endfacet
  facet normal -0.0325587 0.636555 -0.770544
    outer loop
      vertex 112.422 24.6196 36.875
      vertex 123.806 23.3175 35.3183
      vertex 122.193 22.6053 34.7981
    endloop
  endfacet
  facet normal -0.0325815 0.636553 -0.770545
    outer loop
      vertex 106.355 26.9149 39.0277
      vertex 112.422 24.6196 36.875
      vertex 107.235 25.6888 37.9776
    endloop
  endfacet
  facet normal -0.0325475 0.636604 -0.770504
    outer loop
      vertex 112.422 24.6196 36.875
      vertex 106.355 26.9149 39.0277
      vertex 123.806 23.3175 35.3183
    endloop
  endfacet
  facet normal -0.0324995 0.636589 -0.770518
    outer loop
      vertex 105.709 21.6562 34.7103
      vertex 106.355 26.9149 39.0277
      vertex 107.235 25.6888 37.9776
    endloop
  endfacet
  facet normal -0.0325546 0.636605 -0.770503
    outer loop
      vertex 101.222 13.3479 28.0354
      vertex 105.709 21.6562 34.7103
      vertex 102.835 14.06 28.5556
    endloop
  endfacet
  facet normal -0.0325036 0.636589 -0.770518
    outer loop
      vertex 105.709 21.6562 34.7103
      vertex 101.222 13.3479 28.0354
      vertex 106.355 26.9149 39.0277
    endloop
  endfacet
  facet normal 0.282086 0.744591 0.604989
    outer loop
      vertex 123.809 23.2538 35.3954
      vertex 106.355 26.9149 39.0277
      vertex 106.358 26.8512 39.1047
    endloop
  endfacet
  facet normal 0.282069 0.744976 0.604523
    outer loop
      vertex 106.355 26.9149 39.0277
      vertex 123.809 23.2538 35.3954
      vertex 123.806 23.3175 35.3183
    endloop
  endfacet
  facet normal 0.954775 -0.279879 -0.100357
    outer loop
      vertex 121.966 13.3917 45.3652
      vertex 117.877 2.58278 36.6076
      vertex 123.809 23.2538 35.3954
    endloop
  endfacet
  facet normal -0.946169 0.111966 0.303692
    outer loop
      vertex 108.063 16.2577 48.3204
      vertex 101.225 13.2842 28.1125
      vertex 103.973 5.44885 39.5628
    endloop
  endfacet
  facet normal -0.275287 -0.822903 -0.497039
    outer loop
      vertex 103.973 5.44885 39.5628
      vertex 101.225 13.2842 28.1125
      vertex 118.676 9.68679 24.4031
    endloop
  endfacet
  facet normal 0.95893 -0.199218 -0.201906
    outer loop
      vertex 123.809 23.2538 35.3954
      vertex 118.673 9.75045 24.3261
      vertex 123.806 23.3175 35.3183
    endloop
  endfacet
  facet normal 0.958926 -0.199139 -0.202
    outer loop
      vertex 118.673 9.75045 24.3261
      vertex 123.809 23.2538 35.3954
      vertex 118.676 9.68679 24.4031
    endloop
  endfacet
  facet normal -0.28207 -0.744975 -0.604523
    outer loop
      vertex 101.222 13.3479 28.0354
      vertex 118.676 9.68679 24.4031
      vertex 101.225 13.2842 28.1125
    endloop
  endfacet
  facet normal -0.282078 -0.74478 -0.60476
    outer loop
      vertex 118.676 9.68679 24.4031
      vertex 101.222 13.3479 28.0354
      vertex 118.673 9.75045 24.3261
    endloop
  endfacet
  facet normal 0.032549 -0.636596 0.77051
    outer loop
      vertex 108.063 16.2577 48.3204
      vertex 117.877 2.58278 36.6076
      vertex 121.966 13.3917 45.3652
    endloop
  endfacet
  facet normal 0.0325424 -0.636599 0.770508
    outer loop
      vertex 117.877 2.58278 36.6076
      vertex 108.063 16.2577 48.3204
      vertex 103.973 5.44885 39.5628
    endloop
  endfacet
  facet normal -0.958924 0.199089 0.202061
    outer loop
      vertex 101.222 13.3479 28.0354
      vertex 106.358 26.8512 39.1047
      vertex 106.355 26.9149 39.0277
    endloop
  endfacet
  facet normal -0.95893 0.199218 0.201906
    outer loop
      vertex 106.358 26.8512 39.1047
      vertex 101.222 13.3479 28.0354
      vertex 101.225 13.2842 28.1125
    endloop
  endfacet
  facet normal -0.946172 0.111916 0.3037
    outer loop
      vertex 106.358 26.8512 39.1047
      vertex 101.225 13.2842 28.1125
      vertex 108.063 16.2577 48.3204
    endloop
  endfacet
  facet normal 0.283873 0.654939 0.700336
    outer loop
      vertex 121.966 13.3917 45.3652
      vertex 106.358 26.8512 39.1047
      vertex 108.063 16.2577 48.3204
    endloop
  endfacet
  facet normal 0.95477 -0.27988 -0.100406
    outer loop
      vertex 123.809 23.2538 35.3954
      vertex 117.877 2.58278 36.6076
      vertex 118.676 9.68679 24.4031
    endloop
  endfacet
  facet normal -0.27527 -0.822917 -0.497026
    outer loop
      vertex 117.877 2.58278 36.6076
      vertex 103.973 5.44885 39.5628
      vertex 118.676 9.68679 24.4031
    endloop
  endfacet
  facet normal 0.283871 0.654938 0.700338
    outer loop
      vertex 123.809 23.2538 35.3954
      vertex 106.358 26.8512 39.1047
      vertex 121.966 13.3917 45.3652
    endloop
  endfacet
  facet normal -0.282045 -0.745435 -0.603968
    outer loop
      vertex 117.793 10.9765 25.3762
      vertex 112.606 12.0458 26.4787
      vertex 117.723 12.3452 23.7196
    endloop
  endfacet
  facet normal -0.958838 0.197682 0.203843
    outer loop
      vertex 107.165 27.0575 36.321
      vertex 105.709 21.6562 34.7103
      vertex 107.235 25.6888 37.9776
    endloop
  endfacet
  facet normal 0.282043 0.745435 0.603969
    outer loop
      vertex 112.422 24.6196 36.875
      vertex 107.165 27.0575 36.321
      vertex 107.235 25.6888 37.9776
    endloop
  endfacet
  facet normal 0.958837 -0.197685 -0.203845
    outer loop
      vertex 122.193 22.6053 34.7981
      vertex 120.667 18.5728 31.5308
      vertex 122.123 23.974 33.1415
    endloop
  endfacet
  facet normal 0.95885 -0.197715 -0.203754
    outer loop
      vertex 120.667 18.5728 31.5308
      vertex 117.723 12.3452 23.7196
      vertex 122.123 23.974 33.1415
    endloop
  endfacet
  facet normal 0.958852 -0.197644 -0.203812
    outer loop
      vertex 117.723 12.3452 23.7196
      vertex 120.667 18.5728 31.5308
      vertex 117.793 10.9765 25.3762
    endloop
  endfacet
  facet normal 0.28205 0.745434 0.603967
    outer loop
      vertex 122.123 23.974 33.1415
      vertex 112.422 24.6196 36.875
      vertex 122.193 22.6053 34.7981
    endloop
  endfacet
  facet normal 0.282047 0.745442 0.603958
    outer loop
      vertex 112.422 24.6196 36.875
      vertex 122.123 23.974 33.1415
      vertex 107.165 27.0575 36.321
    endloop
  endfacet
  facet normal -0.95885 0.19771 0.203758
    outer loop
      vertex 102.765 15.4287 26.899
      vertex 105.709 21.6562 34.7103
      vertex 107.165 27.0575 36.321
    endloop
  endfacet
  facet normal -0.958852 0.197644 0.203812
    outer loop
      vertex 105.709 21.6562 34.7103
      vertex 102.765 15.4287 26.899
      vertex 102.835 14.06 28.5556
    endloop
  endfacet
  facet normal -0.0325426 0.636604 -0.770504
    outer loop
      vertex 102.765 15.4287 26.899
      vertex 112.444 19.7013 30.0203
      vertex 117.723 12.3452 23.7196
    endloop
  endfacet
  facet normal -0.0325408 0.636601 -0.770506
    outer loop
      vertex 112.444 19.7013 30.0203
      vertex 102.765 15.4287 26.899
      vertex 105.665 20.9062 31.3021
    endloop
  endfacet
  facet normal -0.0325538 0.636599 -0.770508
    outer loop
      vertex 112.444 19.7013 30.0203
      vertex 122.123 23.974 33.1415
      vertex 117.723 12.3452 23.7196
    endloop
  endfacet
  facet normal -0.0325463 0.636589 -0.770517
    outer loop
      vertex 111.796 25.4601 34.8055
      vertex 122.123 23.974 33.1415
      vertex 112.444 19.7013 30.0203
    endloop
  endfacet
  facet normal -0.0325323 0.63665 -0.770466
    outer loop
      vertex 107.165 27.0575 36.321
      vertex 111.796 25.4601 34.8055
      vertex 107.706 26.303 35.6747
    endloop
  endfacet
  facet normal -0.0325269 0.636659 -0.770459
    outer loop
      vertex 111.796 25.4601 34.8055
      vertex 107.165 27.0575 36.321
      vertex 122.123 23.974 33.1415
    endloop
  endfacet
  facet normal -0.0326237 0.63661 -0.770496
    outer loop
      vertex 105.665 20.9062 31.3021
      vertex 107.165 27.0575 36.321
      vertex 107.706 26.303 35.6747
    endloop
  endfacet
  facet normal -0.0325287 0.636598 -0.77051
    outer loop
      vertex 107.165 27.0575 36.321
      vertex 105.665 20.9062 31.3021
      vertex 102.765 15.4287 26.899
    endloop
  endfacet
  facet normal -0.282043 -0.745435 -0.603969
    outer loop
      vertex 102.765 15.4287 26.899
      vertex 112.606 12.0458 26.4787
      vertex 102.835 14.06 28.5556
    endloop
  endfacet
  facet normal -0.282043 -0.745438 -0.603965
    outer loop
      vertex 112.606 12.0458 26.4787
      vertex 102.765 15.4287 26.899
      vertex 117.723 12.3452 23.7196
    endloop
  endfacet
  facet normal 0.0325434 -0.636594 0.770513
    outer loop
      vertex 103.758 15.8669 27.2192
      vertex 112.444 19.7013 30.0203
      vertex 105.665 20.9062 31.3021
    endloop
  endfacet
  facet normal 0.0325469 -0.636598 0.770508
    outer loop
      vertex 112.444 19.7013 30.0203
      vertex 103.758 15.8669 27.2192
      vertex 117.182 13.0996 24.3658
    endloop
  endfacet
  facet normal -0.282047 -0.74544 -0.60396
    outer loop
      vertex 103.758 15.8669 27.2192
      vertex 103.579 19.3682 22.9813
      vertex 117.182 13.0996 24.3658
    endloop
  endfacet
  facet normal -0.282043 -0.745434 -0.60397
    outer loop
      vertex 117.182 13.0996 24.3658
      vertex 103.579 19.3682 22.9813
      vertex 117.003 16.6009 20.128
    endloop
  endfacet
  facet normal 0.0325525 -0.636596 0.77051
    outer loop
      vertex 121.13 23.5358 32.8214
      vertex 112.444 19.7013 30.0203
      vertex 117.182 13.0996 24.3658
    endloop
  endfacet
  facet normal 0.0325471 -0.636588 0.770517
    outer loop
      vertex 112.444 19.7013 30.0203
      vertex 121.13 23.5358 32.8214
      vertex 111.796 25.4601 34.8055
    endloop
  endfacet
  facet normal 0.958862 -0.197628 -0.203783
    outer loop
      vertex 121.13 23.5358 32.8214
      vertex 117.003 16.6009 20.128
      vertex 120.951 27.0371 28.5836
    endloop
  endfacet
  facet normal -0.958878 0.197436 0.203894
    outer loop
      vertex 103.579 19.3682 22.9813
      vertex 105.665 20.9062 31.3021
      vertex 107.706 26.303 35.6747
    endloop
  endfacet
  facet normal -0.958836 0.197698 0.203835
    outer loop
      vertex 105.665 20.9062 31.3021
      vertex 103.579 19.3682 22.9813
      vertex 103.758 15.8669 27.2192
    endloop
  endfacet
  facet normal -0.0325487 0.636595 -0.770511
    outer loop
      vertex 117.003 16.6009 20.128
      vertex 114.747 24.2982 26.5828
      vertex 120.951 27.0371 28.5836
    endloop
  endfacet
  facet normal -0.0325204 0.636601 -0.770508
    outer loop
      vertex 117.003 16.6009 20.128
      vertex 113.619 21.3165 24.1669
      vertex 114.747 24.2982 26.5828
    endloop
  endfacet
  facet normal -0.0325365 0.636594 -0.770513
    outer loop
      vertex 117.003 16.6009 20.128
      vertex 111.652 21.7219 24.5849
      vertex 113.619 21.3165 24.1669
    endloop
  endfacet
  facet normal -0.032556 0.636612 -0.770497
    outer loop
      vertex 111.652 21.7219 24.5849
      vertex 103.579 19.3682 22.9813
      vertex 110.913 22.606 25.3466
    endloop
  endfacet
  facet normal -0.0325451 0.636588 -0.770517
    outer loop
      vertex 103.579 19.3682 22.9813
      vertex 111.652 21.7219 24.5849
      vertex 117.003 16.6009 20.128
    endloop
  endfacet
  facet normal 0.958862 -0.197628 -0.203783
    outer loop
      vertex 117.182 13.0996 24.3658
      vertex 117.003 16.6009 20.128
      vertex 121.13 23.5358 32.8214
    endloop
  endfacet
  facet normal -0.958861 0.197629 0.203783
    outer loop
      vertex 107.527 29.8043 31.4369
      vertex 103.579 19.3682 22.9813
      vertex 107.706 26.303 35.6747
    endloop
  endfacet
  facet normal 0.282059 0.74547 0.603918
    outer loop
      vertex 107.527 29.8043 31.4369
      vertex 111.796 25.4601 34.8055
      vertex 121.13 23.5358 32.8214
    endloop
  endfacet
  facet normal 0.281985 0.745446 0.603982
    outer loop
      vertex 111.796 25.4601 34.8055
      vertex 107.527 29.8043 31.4369
      vertex 107.706 26.303 35.6747
    endloop
  endfacet
  facet normal -0.0325466 0.636598 -0.770508
    outer loop
      vertex 110.273 23.4008 26.0303
      vertex 103.579 19.3682 22.9813
      vertex 107.527 29.8043 31.4369
    endloop
  endfacet
  facet normal -0.0325458 0.636598 -0.770509
    outer loop
      vertex 103.579 19.3682 22.9813
      vertex 110.273 23.4008 26.0303
      vertex 110.913 22.606 25.3466
    endloop
  endfacet
  facet normal -0.0325281 0.636609 -0.7705
    outer loop
      vertex 107.527 29.8043 31.4369
      vertex 114.747 24.2982 26.5828
      vertex 110.912 25.0889 27.398
    endloop
  endfacet
  facet normal -0.0325477 0.636594 -0.770512
    outer loop
      vertex 114.747 24.2982 26.5828
      vertex 107.527 29.8043 31.4369
      vertex 120.951 27.0371 28.5836
    endloop
  endfacet
  facet normal -0.0325615 0.636594 -0.770511
    outer loop
      vertex 107.527 29.8043 31.4369
      vertex 110.912 25.0889 27.398
      vertex 110.273 23.4008 26.0303
    endloop
  endfacet
  facet normal 0.282038 0.745435 0.603971
    outer loop
      vertex 120.951 27.0371 28.5836
      vertex 107.527 29.8043 31.4369
      vertex 121.13 23.5358 32.8214
    endloop
  endfacet
  facet normal 0.0325371 -0.636622 0.77049
    outer loop
      vertex 110.913 22.606 25.3466
      vertex 109.783 22.1071 24.9821
      vertex 111.652 21.7219 24.5849
    endloop
  endfacet
  facet normal 0.0325267 -0.636607 0.770502
    outer loop
      vertex 109.783 22.1071 24.9821
      vertex 110.913 22.606 25.3466
      vertex 110.273 23.4008 26.0303
    endloop
  endfacet
  facet normal 0.282056 0.745463 0.603928
    outer loop
      vertex 114.639 26.399 24.0401
      vertex 110.804 27.1896 24.8553
      vertex 114.747 24.2982 26.5828
    endloop
  endfacet
  facet normal 0.958855 -0.197519 -0.203919
    outer loop
      vertex 114.747 24.2982 26.5828
      vertex 113.619 21.3165 24.1669
      vertex 114.639 26.399 24.0401
    endloop
  endfacet
  facet normal -0.958808 0.197647 0.204015
    outer loop
      vertex 110.804 27.1896 24.8553
      vertex 110.273 23.4008 26.0303
      vertex 110.912 25.0889 27.398
    endloop
  endfacet
  facet normal -0.958761 0.197695 0.204192
    outer loop
      vertex 110.273 23.4008 26.0303
      vertex 110.804 27.1896 24.8553
      vertex 109.783 22.1071 24.9821
    endloop
  endfacet
  facet normal 0.282073 0.745474 0.603907
    outer loop
      vertex 114.747 24.2982 26.5828
      vertex 110.804 27.1896 24.8553
      vertex 110.912 25.0889 27.398
    endloop
  endfacet
  facet normal 0.958857 -0.197519 -0.203911
    outer loop
      vertex 113.619 21.3165 24.1669
      vertex 113.511 23.4172 21.6242
      vertex 114.639 26.399 24.0401
    endloop
  endfacet
  facet normal -0.0325534 0.636595 -0.770511
    outer loop
      vertex 113.511 23.4172 21.6242
      vertex 109.676 24.2079 22.4395
      vertex 114.639 26.399 24.0401
    endloop
  endfacet
  facet normal -0.958863 0.197704 0.203703
    outer loop
      vertex 110.804 27.1896 24.8553
      vertex 109.676 24.2079 22.4395
      vertex 109.783 22.1071 24.9821
    endloop
  endfacet
  facet normal -0.0325511 0.636592 -0.770514
    outer loop
      vertex 114.639 26.399 24.0401
      vertex 109.676 24.2079 22.4395
      vertex 110.804 27.1896 24.8553
    endloop
  endfacet
  facet normal -0.282088 -0.745471 -0.603904
    outer loop
      vertex 113.619 21.3165 24.1669
      vertex 109.676 24.2079 22.4395
      vertex 113.511 23.4172 21.6242
    endloop
  endfacet
  facet normal -0.281989 -0.745409 -0.604026
    outer loop
      vertex 111.652 21.7219 24.5849
      vertex 109.676 24.2079 22.4395
      vertex 113.619 21.3165 24.1669
    endloop
  endfacet
  facet normal -0.281995 -0.74541 -0.604021
    outer loop
      vertex 109.676 24.2079 22.4395
      vertex 111.652 21.7219 24.5849
      vertex 109.783 22.1071 24.9821
    endloop
  endfacet
  facet normal -0.933559 0.151177 0.324981
    outer loop
      vertex 103.617 4.34046 38.961
      vertex 95.9195 -5.61509 21.4799
      vertex 99.9434 -8.99505 34.6115
    endloop
  endfacet
  facet normal 0.967384 -0.240674 -0.0790168
    outer loop
      vertex 117.52 1.47439 36.0058
      vertex 113.847 -11.8611 31.6562
      vertex 117.982 7.52586 23.23
    endloop
  endfacet
  facet normal -0.958875 0.197691 0.203661
    outer loop
      vertex 100.53 11.1233 26.9393
      vertex 95.9067 -5.58116 21.3867
      vertex 95.9195 -5.61509 21.4799
    endloop
  endfacet
  facet normal -0.959826 0.200349 0.196456
    outer loop
      vertex 100.518 11.1572 26.8461
      vertex 95.9067 -5.58116 21.3867
      vertex 100.53 11.1233 26.9393
    endloop
  endfacet
  facet normal 0.128151 -0.339259 0.931923
    outer loop
      vertex 117.52 1.47439 36.0058
      vertex 103.617 4.34046 38.961
      vertex 113.847 -11.8611 31.6562
    endloop
  endfacet
  facet normal 0.128153 -0.339258 0.931923
    outer loop
      vertex 103.617 4.34046 38.961
      vertex 99.9434 -8.99505 34.6115
      vertex 113.847 -11.8611 31.6562
    endloop
  endfacet
  facet normal -0.25335 -0.919675 -0.300018
    outer loop
      vertex 95.9195 -5.61509 21.4799
      vertex 95.9067 -5.58116 21.3867
      vertex 113.371 -9.2125 17.7705
    endloop
  endfacet
  facet normal -0.128149 0.33927 -0.93192
    outer loop
      vertex 106.622 8.63536 25.0887
      vertex 117.969 7.55978 23.1368
      vertex 116.393 6.62114 23.0118
    endloop
  endfacet
  facet normal -0.128141 0.33927 -0.931921
    outer loop
      vertex 100.518 11.1572 26.8461
      vertex 106.622 8.63536 25.0887
      vertex 101.435 9.70464 26.1912
    endloop
  endfacet
  facet normal -0.128152 0.339248 -0.931927
    outer loop
      vertex 106.622 8.63536 25.0887
      vertex 100.518 11.1572 26.8461
      vertex 117.969 7.55978 23.1368
    endloop
  endfacet
  facet normal -0.128154 0.339262 -0.931922
    outer loop
      vertex 97.4826 -4.64252 21.5117
      vertex 100.518 11.1572 26.8461
      vertex 101.435 9.70464 26.1912
    endloop
  endfacet
  facet normal -0.128152 0.339261 -0.931922
    outer loop
      vertex 100.518 11.1572 26.8461
      vertex 97.4826 -4.64252 21.5117
      vertex 95.9067 -5.58116 21.3867
    endloop
  endfacet
  facet normal 0.958623 -0.19707 -0.205437
    outer loop
      vertex 117.982 7.52586 23.23
      vertex 113.358 -9.17857 17.6773
      vertex 117.969 7.55978 23.1368
    endloop
  endfacet
  facet normal -0.933558 0.151141 0.325001
    outer loop
      vertex 100.53 11.1233 26.9393
      vertex 95.9195 -5.61509 21.4799
      vertex 103.617 4.34046 38.961
    endloop
  endfacet
  facet normal 0.268027 0.8669 0.420293
    outer loop
      vertex 117.982 7.52586 23.23
      vertex 100.53 11.1233 26.9393
      vertex 103.617 4.34046 38.961
    endloop
  endfacet
  facet normal 0.268047 0.866886 0.420308
    outer loop
      vertex 117.982 7.52586 23.23
      vertex 103.617 4.34046 38.961
      vertex 117.52 1.47439 36.0058
    endloop
  endfacet
  facet normal -0.234222 -0.956412 -0.1744
    outer loop
      vertex 113.847 -11.8611 31.6562
      vertex 95.9195 -5.61509 21.4799
      vertex 113.371 -9.2125 17.7705
    endloop
  endfacet
  facet normal -0.234222 -0.956412 -0.1744
    outer loop
      vertex 99.9434 -8.99505 34.6115
      vertex 95.9195 -5.61509 21.4799
      vertex 113.847 -11.8611 31.6562
    endloop
  endfacet
  facet normal 0.253567 0.919081 0.301653
    outer loop
      vertex 117.982 7.52586 23.23
      vertex 100.518 11.1572 26.8461
      vertex 100.53 11.1233 26.9393
    endloop
  endfacet
  facet normal 0.253279 0.919877 0.299459
    outer loop
      vertex 117.969 7.55978 23.1368
      vertex 100.518 11.1572 26.8461
      vertex 117.982 7.52586 23.23
    endloop
  endfacet
  facet normal -0.253288 -0.919847 -0.299546
    outer loop
      vertex 113.371 -9.2125 17.7705
      vertex 95.9067 -5.58116 21.3867
      vertex 113.358 -9.17857 17.6773
    endloop
  endfacet
  facet normal -0.128144 0.339263 -0.931922
    outer loop
      vertex 113.358 -9.17857 17.6773
      vertex 116.393 6.62114 23.0118
      vertex 117.969 7.55978 23.1368
    endloop
  endfacet
  facet normal -0.128229 0.339274 -0.931907
    outer loop
      vertex 113.358 -9.17857 17.6773
      vertex 112.441 -7.72602 18.3323
      vertex 116.393 6.62114 23.0118
    endloop
  endfacet
  facet normal -0.128122 0.339338 -0.931898
    outer loop
      vertex 113.358 -9.17857 17.6773
      vertex 107.254 -6.65674 19.4348
      vertex 112.441 -7.72602 18.3323
    endloop
  endfacet
  facet normal -0.12814 0.339302 -0.931909
    outer loop
      vertex 95.9067 -5.58116 21.3867
      vertex 107.254 -6.65674 19.4348
      vertex 113.358 -9.17857 17.6773
    endloop
  endfacet
  facet normal -0.128148 0.339255 -0.931925
    outer loop
      vertex 107.254 -6.65674 19.4348
      vertex 95.9067 -5.58116 21.3867
      vertex 97.4826 -4.64252 21.5117
    endloop
  endfacet
  facet normal 0.958621 -0.197063 -0.205455
    outer loop
      vertex 113.371 -9.2125 17.7705
      vertex 113.358 -9.17857 17.6773
      vertex 117.982 7.52586 23.23
    endloop
  endfacet
  facet normal 0.967374 -0.240697 -0.0790726
    outer loop
      vertex 113.847 -11.8611 31.6562
      vertex 113.371 -9.2125 17.7705
      vertex 117.982 7.52586 23.23
    endloop
  endfacet
  facet normal 0.253342 0.919709 0.299921
    outer loop
      vertex 116.117 7.35055 21.0082
      vertex 106.622 8.63536 25.0887
      vertex 116.393 6.62114 23.0118
    endloop
  endfacet
  facet normal 0.253338 0.919714 0.299911
    outer loop
      vertex 106.622 8.63536 25.0887
      vertex 116.117 7.35055 21.0082
      vertex 101.159 10.434 24.1876
    endloop
  endfacet
  facet normal 0.958825 -0.197573 -0.204007
    outer loop
      vertex 116.393 6.62114 23.0118
      vertex 112.165 -6.99661 16.3286
      vertex 116.117 7.35055 21.0082
    endloop
  endfacet
  facet normal 0.958826 -0.197577 -0.203998
    outer loop
      vertex 112.165 -6.99661 16.3286
      vertex 116.393 6.62114 23.0118
      vertex 112.441 -7.72602 18.3323
    endloop
  endfacet
  facet normal -0.253341 -0.919714 -0.299908
    outer loop
      vertex 112.441 -7.72602 18.3323
      vertex 107.254 -6.65674 19.4348
      vertex 112.165 -6.99661 16.3286
    endloop
  endfacet
  facet normal -0.128189 0.339272 -0.931913
    outer loop
      vertex 112.165 -6.99661 16.3286
      vertex 115.014 6.2872 20.7728
      vertex 116.117 7.35055 21.0082
    endloop
  endfacet
  facet normal -0.128302 0.339289 -0.931892
    outer loop
      vertex 112.165 -6.99661 16.3286
      vertex 111.601 -6.10273 16.7317
      vertex 115.014 6.2872 20.7728
    endloop
  endfacet
  facet normal -0.128107 0.339405 -0.931876
    outer loop
      vertex 112.165 -6.99661 16.3286
      vertex 105.809 -4.90876 17.9628
      vertex 111.601 -6.10273 16.7317
    endloop
  endfacet
  facet normal -0.128156 0.33926 -0.931922
    outer loop
      vertex 106.662 1.71872 20.2581
      vertex 97.207 -3.91311 19.5081
      vertex 101.159 10.434 24.1876
    endloop
  endfacet
  facet normal -0.128132 0.339343 -0.931895
    outer loop
      vertex 97.207 -3.91311 19.5081
      vertex 105.809 -4.90876 17.9628
      vertex 112.165 -6.99661 16.3286
    endloop
  endfacet
  facet normal -0.128145 0.339266 -0.931921
    outer loop
      vertex 101.159 10.434 24.1876
      vertex 115.014 6.2872 20.7728
      vertex 106.662 1.71872 20.2581
    endloop
  endfacet
  facet normal -0.128155 0.33924 -0.931929
    outer loop
      vertex 115.014 6.2872 20.7728
      vertex 101.159 10.434 24.1876
      vertex 116.117 7.35055 21.0082
    endloop
  endfacet
  facet normal -0.128149 0.339249 -0.931927
    outer loop
      vertex 97.207 -3.91311 19.5081
      vertex 106.662 1.71872 20.2581
      vertex 105.809 -4.90876 17.9628
    endloop
  endfacet
  facet normal 0.25334 0.919716 0.299901
    outer loop
      vertex 106.622 8.63536 25.0887
      vertex 101.159 10.434 24.1876
      vertex 101.435 9.70464 26.1912
    endloop
  endfacet
  facet normal -0.958826 0.197576 0.204003
    outer loop
      vertex 97.207 -3.91311 19.5081
      vertex 101.435 9.70464 26.1912
      vertex 101.159 10.434 24.1876
    endloop
  endfacet
  facet normal -0.958842 0.197657 0.203848
    outer loop
      vertex 101.435 9.70464 26.1912
      vertex 97.207 -3.91311 19.5081
      vertex 97.4826 -4.64252 21.5117
    endloop
  endfacet
  facet normal -0.253338 -0.919695 -0.299967
    outer loop
      vertex 97.207 -3.91311 19.5081
      vertex 107.254 -6.65674 19.4348
      vertex 97.4826 -4.64252 21.5117
    endloop
  endfacet
  facet normal -0.253343 -0.919712 -0.299911
    outer loop
      vertex 107.254 -6.65674 19.4348
      vertex 97.207 -3.91311 19.5081
      vertex 112.165 -6.99661 16.3286
    endloop
  endfacet
  facet normal 0.128159 -0.339267 0.931919
    outer loop
      vertex 98.1768 -3.33549 19.585
      vertex 106.662 1.71872 20.2581
      vertex 101.724 9.54017 23.7846
    endloop
  endfacet
  facet normal 0.128147 -0.339248 0.931927
    outer loop
      vertex 106.662 1.71872 20.2581
      vertex 98.1768 -3.33549 19.585
      vertex 105.809 -4.90876 17.9628
    endloop
  endfacet
  facet normal 0.958869 -0.198293 -0.203103
    outer loop
      vertex 115.014 6.2872 20.7728
      vertex 110.896 -4.2368 11.6061
      vertex 115.148 6.77293 20.9312
    endloop
  endfacet
  facet normal 0.958847 -0.197646 -0.203836
    outer loop
      vertex 110.896 -4.2368 11.6061
      vertex 115.014 6.2872 20.7728
      vertex 111.601 -6.10273 16.7317
    endloop
  endfacet
  facet normal 0.128141 -0.339258 0.931925
    outer loop
      vertex 115.148 6.77293 20.9312
      vertex 106.662 1.71872 20.2581
      vertex 115.014 6.2872 20.7728
    endloop
  endfacet
  facet normal 0.12815 -0.339273 0.931918
    outer loop
      vertex 106.662 1.71872 20.2581
      vertex 115.148 6.77293 20.9312
      vertex 101.724 9.54017 23.7846
    endloop
  endfacet
  facet normal 0.958843 -0.197656 -0.203843
    outer loop
      vertex 115.148 6.77293 20.9312
      vertex 110.896 -4.2368 11.6061
      vertex 114.443 8.63886 15.8057
    endloop
  endfacet
  facet normal 0.253345 0.919696 0.299961
    outer loop
      vertex 114.443 8.63886 15.8057
      vertex 101.019 11.4061 18.659
      vertex 101.724 9.54017 23.7846
    endloop
  endfacet
  facet normal -0.253345 -0.919696 -0.299961
    outer loop
      vertex 111.601 -6.10273 16.7317
      vertex 97.472 -1.46956 14.4594
      vertex 110.896 -4.2368 11.6061
    endloop
  endfacet
  facet normal -0.253344 -0.919696 -0.299961
    outer loop
      vertex 105.809 -4.90876 17.9628
      vertex 97.472 -1.46956 14.4594
      vertex 111.601 -6.10273 16.7317
    endloop
  endfacet
  facet normal -0.25334 -0.919694 -0.299971
    outer loop
      vertex 97.472 -1.46956 14.4594
      vertex 105.809 -4.90876 17.9628
      vertex 98.1768 -3.33549 19.585
    endloop
  endfacet
  facet normal 0.253347 0.919693 0.299966
    outer loop
      vertex 114.443 8.63886 15.8057
      vertex 101.724 9.54017 23.7846
      vertex 115.148 6.77293 20.9312
    endloop
  endfacet
  facet normal -0.128109 0.339276 -0.931923
    outer loop
      vertex 110.896 -4.2368 11.6061
      vertex 107.368 1.34995 14.125
      vertex 108.382 5.02871 15.3249
    endloop
  endfacet
  facet normal -0.128157 0.339247 -0.931926
    outer loop
      vertex 110.896 -4.2368 11.6061
      vertex 103.533 2.14059 14.9402
      vertex 107.368 1.34995 14.125
    endloop
  endfacet
  facet normal -0.128152 0.339264 -0.931921
    outer loop
      vertex 103.533 2.14059 14.9402
      vertex 97.472 -1.46956 14.4594
      vertex 101.019 11.4061 18.659
    endloop
  endfacet
  facet normal -0.128147 0.339258 -0.931924
    outer loop
      vertex 97.472 -1.46956 14.4594
      vertex 103.533 2.14059 14.9402
      vertex 110.896 -4.2368 11.6061
    endloop
  endfacet
  facet normal -0.128152 0.339264 -0.931921
    outer loop
      vertex 108.382 5.02871 15.3249
      vertex 114.443 8.63886 15.8057
      vertex 110.896 -4.2368 11.6061
    endloop
  endfacet
  facet normal -0.128112 0.339294 -0.931916
    outer loop
      vertex 101.019 11.4061 18.659
      vertex 108.382 5.02871 15.3249
      vertex 104.546 5.81935 16.1401
    endloop
  endfacet
  facet normal -0.128147 0.339258 -0.931924
    outer loop
      vertex 108.382 5.02871 15.3249
      vertex 101.019 11.4061 18.659
      vertex 114.443 8.63886 15.8057
    endloop
  endfacet
  facet normal -0.128172 0.339258 -0.93192
    outer loop
      vertex 101.019 11.4061 18.659
      vertex 104.546 5.81935 16.1401
      vertex 103.533 2.14059 14.9402
    endloop
  endfacet
  facet normal -0.958844 0.197658 0.20384
    outer loop
      vertex 97.472 -1.46956 14.4594
      vertex 101.724 9.54017 23.7846
      vertex 101.019 11.4061 18.659
    endloop
  endfacet
  facet normal -0.958845 0.197682 0.203811
    outer loop
      vertex 101.724 9.54017 23.7846
      vertex 97.472 -1.46956 14.4594
      vertex 98.1768 -3.33549 19.585
    endloop
  endfacet
  facet normal -0.958869 0.197561 0.203812
    outer loop
      vertex 103.11 3.26015 11.8649
      vertex 103.533 2.14059 14.9402
      vertex 104.123 6.93891 13.0648
    endloop
  endfacet
  facet normal -0.253369 -0.919689 -0.299961
    outer loop
      vertex 107.368 1.34995 14.125
      vertex 103.11 3.26015 11.8649
      vertex 106.945 2.46951 11.0497
    endloop
  endfacet
  facet normal -0.128145 0.339261 -0.931923
    outer loop
      vertex 106.945 2.46951 11.0497
      vertex 104.123 6.93891 13.0648
      vertex 107.959 6.14827 12.2495
    endloop
  endfacet
  facet normal -0.128155 0.339255 -0.931924
    outer loop
      vertex 104.123 6.93891 13.0648
      vertex 106.945 2.46951 11.0497
      vertex 103.11 3.26015 11.8649
    endloop
  endfacet
  facet normal -0.253369 -0.919689 -0.299961
    outer loop
      vertex 103.533 2.14059 14.9402
      vertex 103.11 3.26015 11.8649
      vertex 107.368 1.34995 14.125
    endloop
  endfacet
  facet normal 0.253307 0.919704 0.299966
    outer loop
      vertex 107.959 6.14827 12.2495
      vertex 104.546 5.81935 16.1401
      vertex 108.382 5.02871 15.3249
    endloop
  endfacet
  facet normal 0.253316 0.9197 0.299973
    outer loop
      vertex 107.959 6.14827 12.2495
      vertex 104.123 6.93891 13.0648
      vertex 104.546 5.81935 16.1401
    endloop
  endfacet
  facet normal -0.958869 0.197561 0.203812
    outer loop
      vertex 104.123 6.93891 13.0648
      vertex 103.533 2.14059 14.9402
      vertex 104.546 5.81935 16.1401
    endloop
  endfacet
  facet normal 0.958808 -0.197788 -0.20388
    outer loop
      vertex 107.959 6.14827 12.2495
      vertex 108.382 5.02871 15.3249
      vertex 106.945 2.46951 11.0497
    endloop
  endfacet
  facet normal 0.958808 -0.197782 -0.203884
    outer loop
      vertex 107.368 1.34995 14.125
      vertex 106.945 2.46951 11.0497
      vertex 108.382 5.02871 15.3249
    endloop
  endfacet
  facet normal -0.958868 0.197661 0.203723
    outer loop
      vertex 95.3191 -8.08084 21.046
      vertex 91.8003 -25.9217 21.794
      vertex 91.8211 -25.9217 21.8919
    endloop
  endfacet
  facet normal 0.977906 -0.195903 -0.0729498
    outer loop
      vertex 113.549 -13.1261 31.4839
      vertex 110.746 -27.34 32.0798
      vertex 112.791 -11.6782 17.4345
    endloop
  endfacet
  facet normal -0.92304 0.195933 0.33107
    outer loop
      vertex 99.646 -10.26 34.4391
      vertex 95.3399 -8.08084 21.1438
      vertex 96.8426 -24.4739 35.0351
    endloop
  endfacet
  facet normal 0.219087 0.971701 0.0883081
    outer loop
      vertex 113.549 -13.1261 31.4839
      vertex 95.3399 -8.08084 21.1438
      vertex 99.646 -10.26 34.4391
    endloop
  endfacet
  facet normal 0.207915 6.52623e-06 0.978147
    outer loop
      vertex 113.549 -13.1261 31.4839
      vertex 99.646 -10.26 34.4391
      vertex 110.746 -27.34 32.0798
    endloop
  endfacet
  facet normal 0.207916 7.31687e-06 0.978147
    outer loop
      vertex 99.646 -10.26 34.4391
      vertex 96.8426 -24.4739 35.0351
      vertex 110.746 -27.34 32.0798
    endloop
  endfacet
  facet normal -0.19335 -0.980269 0.0410796
    outer loop
      vertex 91.8003 -25.9217 21.794
      vertex 109.272 -29.5192 18.1825
      vertex 91.8211 -25.9217 21.8919
    endloop
  endfacet
  facet normal -0.193264 -0.980269 0.0414983
    outer loop
      vertex 109.272 -29.5192 18.1825
      vertex 91.8003 -25.9217 21.794
      vertex 109.251 -29.5192 18.0847
    endloop
  endfacet
  facet normal 0.958423 -0.19767 -0.205796
    outer loop
      vertex 109.272 -29.5192 18.1825
      vertex 109.251 -29.5192 18.0847
      vertex 112.791 -11.6782 17.4345
    endloop
  endfacet
  facet normal -0.16422 -0.971701 0.169788
    outer loop
      vertex 110.746 -27.34 32.0798
      vertex 96.8426 -24.4739 35.0351
      vertex 109.272 -29.5192 18.1825
    endloop
  endfacet
  facet normal -0.923038 0.195936 0.331073
    outer loop
      vertex 95.3399 -8.08084 21.1438
      vertex 91.8211 -25.9217 21.8919
      vertex 96.8426 -24.4739 35.0351
    endloop
  endfacet
  facet normal -0.958825 0.197662 0.203922
    outer loop
      vertex 95.3191 -8.08084 21.046
      vertex 91.8211 -25.9217 21.8919
      vertex 95.3399 -8.08084 21.1438
    endloop
  endfacet
  facet normal 0.977895 -0.195943 -0.072994
    outer loop
      vertex 110.746 -27.34 32.0798
      vertex 109.272 -29.5192 18.1825
      vertex 112.791 -11.6782 17.4345
    endloop
  endfacet
  facet normal -0.164227 -0.971701 0.169783
    outer loop
      vertex 96.8426 -24.4739 35.0351
      vertex 91.8211 -25.9217 21.8919
      vertex 109.272 -29.5192 18.1825
    endloop
  endfacet
  facet normal 0.193333 0.980271 -0.0411178
    outer loop
      vertex 112.791 -11.6782 17.4345
      vertex 95.3191 -8.08084 21.046
      vertex 95.3399 -8.08084 21.1438
    endloop
  endfacet
  facet normal 0.193254 0.980271 -0.0414964
    outer loop
      vertex 95.3191 -8.08084 21.046
      vertex 112.791 -11.6782 17.4345
      vertex 112.77 -11.6782 17.3367
    endloop
  endfacet
  facet normal 0.219079 0.971701 0.0883215
    outer loop
      vertex 112.791 -11.6782 17.4345
      vertex 95.3399 -8.08084 21.1438
      vertex 113.549 -13.1261 31.4839
    endloop
  endfacet
  facet normal 0.958423 -0.19767 -0.205796
    outer loop
      vertex 112.791 -11.6782 17.4345
      vertex 109.251 -29.5192 18.0847
      vertex 112.77 -11.6782 17.3367
    endloop
  endfacet
  facet normal -0.207904 -2.29898e-06 -0.978149
    outer loop
      vertex 109.251 -29.5192 18.0847
      vertex 111.272 -12.6956 17.6551
      vertex 112.77 -11.6782 17.3367
    endloop
  endfacet
  facet normal -0.207918 -5.17818e-07 -0.978146
    outer loop
      vertex 109.251 -29.5192 18.0847
      vertex 108.256 -27.9879 18.2962
      vertex 111.272 -12.6956 17.6551
    endloop
  endfacet
  facet normal -0.207917 6.56738e-07 -0.978147
    outer loop
      vertex 109.251 -29.5192 18.0847
      vertex 98.4852 -25.9736 20.3731
      vertex 108.256 -27.9879 18.2962
    endloop
  endfacet
  facet normal -0.207909 2.53564e-05 -0.978148
    outer loop
      vertex 91.8003 -25.9217 21.794
      vertex 98.4852 -25.9736 20.3731
      vertex 109.251 -29.5192 18.0847
    endloop
  endfacet
  facet normal -0.207909 5.97772e-05 -0.978148
    outer loop
      vertex 98.4852 -25.9736 20.3731
      vertex 91.8003 -25.9217 21.794
      vertex 93.2981 -24.9044 21.4757
    endloop
  endfacet
  facet normal -0.207911 8.28818e-06 -0.978148
    outer loop
      vertex 101.501 -10.6814 19.732
      vertex 112.77 -11.6782 17.3367
      vertex 111.272 -12.6956 17.6551
    endloop
  endfacet
  facet normal -0.207916 -1.27342e-05 -0.978147
    outer loop
      vertex 95.3191 -8.08084 21.046
      vertex 101.501 -10.6814 19.732
      vertex 96.3142 -9.61215 20.8345
    endloop
  endfacet
  facet normal -0.207912 -1.65127e-06 -0.978148
    outer loop
      vertex 101.501 -10.6814 19.732
      vertex 95.3191 -8.08084 21.046
      vertex 112.77 -11.6782 17.3367
    endloop
  endfacet
  facet normal -0.207903 -3.8183e-06 -0.978149
    outer loop
      vertex 94.344 -19.6014 21.2533
      vertex 95.3191 -8.08084 21.046
      vertex 96.3142 -9.61215 20.8345
    endloop
  endfacet
  facet normal -0.207851 -2.85463e-05 -0.97816
    outer loop
      vertex 91.8003 -25.9217 21.794
      vertex 94.344 -19.6014 21.2533
      vertex 93.2981 -24.9044 21.4757
    endloop
  endfacet
  facet normal -0.207912 -3.06185e-06 -0.978148
    outer loop
      vertex 94.344 -19.6014 21.2533
      vertex 91.8003 -25.9217 21.794
      vertex 95.3191 -8.08084 21.046
    endloop
  endfacet
  facet normal 0.193339 0.980271 -0.0410929
    outer loop
      vertex 110.825 -12.6956 15.552
      vertex 101.501 -10.6814 19.732
      vertex 111.272 -12.6956 17.6551
    endloop
  endfacet
  facet normal 0.193343 0.980271 -0.0410831
    outer loop
      vertex 101.501 -10.6814 19.732
      vertex 110.825 -12.6956 15.552
      vertex 95.8672 -9.61215 18.7315
    endloop
  endfacet
  facet normal 0.958852 -0.197652 -0.203807
    outer loop
      vertex 107.809 -27.9879 16.1932
      vertex 111.272 -12.6956 17.6551
      vertex 108.256 -27.9879 18.2962
    endloop
  endfacet
  facet normal 0.958853 -0.197653 -0.203798
    outer loop
      vertex 111.272 -12.6956 17.6551
      vertex 107.809 -27.9879 16.1932
      vertex 110.825 -12.6956 15.552
    endloop
  endfacet
  facet normal -0.958852 0.197659 0.203798
    outer loop
      vertex 94.344 -19.6014 21.2533
      vertex 92.8511 -24.9044 19.3726
      vertex 93.2981 -24.9044 21.4757
    endloop
  endfacet
  facet normal 0.193346 0.98027 -0.0410963
    outer loop
      vertex 101.501 -10.6814 19.732
      vertex 95.8672 -9.61215 18.7315
      vertex 96.3142 -9.61215 20.8345
    endloop
  endfacet
  facet normal -0.208182 4.73812e-05 -0.97809
    outer loop
      vertex 107.809 -27.9879 16.1932
      vertex 109.904 -13.3217 15.748
      vertex 110.825 -12.6956 15.552
    endloop
  endfacet
  facet normal -0.208048 2.73872e-05 -0.978119
    outer loop
      vertex 107.809 -27.9879 16.1932
      vertex 107.197 -27.0455 16.3234
      vertex 109.904 -13.3217 15.748
    endloop
  endfacet
  facet normal -0.207875 0.000144375 -0.978155
    outer loop
      vertex 107.809 -27.9879 16.1932
      vertex 98.646 -25.2828 18.1409
      vertex 107.197 -27.0455 16.3234
    endloop
  endfacet
  facet normal -0.207905 -1.99173e-06 -0.978149
    outer loop
      vertex 98.646 -25.2828 18.1409
      vertex 92.8511 -24.9044 19.3726
      vertex 97.6796 -21.6247 18.3463
    endloop
  endfacet
  facet normal -0.207901 5.28498e-05 -0.97815
    outer loop
      vertex 92.8511 -24.9044 19.3726
      vertex 98.646 -25.2828 18.1409
      vertex 107.809 -27.9879 16.1932
    endloop
  endfacet
  facet normal -0.207903 -4.02053e-06 -0.978149
    outer loop
      vertex 92.8511 -24.9044 19.3726
      vertex 96.3771 -11.0743 18.6231
      vertex 97.6796 -21.6247 18.3463
    endloop
  endfacet
  facet normal -0.207933 3.87411e-06 -0.978143
    outer loop
      vertex 96.3771 -11.0743 18.6231
      vertex 92.8511 -24.9044 19.3726
      vertex 95.8672 -9.61215 18.7315
    endloop
  endfacet
  facet normal -0.207961 -0.000292319 -0.978137
    outer loop
      vertex 96.4797 -10.5545 18.6013
      vertex 110.825 -12.6956 15.552
      vertex 109.904 -13.3217 15.748
    endloop
  endfacet
  facet normal -0.207918 4.95288e-06 -0.978146
    outer loop
      vertex 96.4797 -10.5545 18.6013
      vertex 95.8672 -9.61215 18.7315
      vertex 110.825 -12.6956 15.552
    endloop
  endfacet
  facet normal -0.207905 1.41869e-05 -0.978149
    outer loop
      vertex 95.8672 -9.61215 18.7315
      vertex 96.4797 -10.5545 18.6013
      vertex 96.3771 -11.0743 18.6231
    endloop
  endfacet
  facet normal -0.95885 0.197661 0.203807
    outer loop
      vertex 95.8672 -9.61215 18.7315
      vertex 94.344 -19.6014 21.2533
      vertex 96.3142 -9.61215 20.8345
    endloop
  endfacet
  facet normal -0.958852 0.197659 0.203799
    outer loop
      vertex 94.344 -19.6014 21.2533
      vertex 95.8672 -9.61215 18.7315
      vertex 92.8511 -24.9044 19.3726
    endloop
  endfacet
  facet normal -0.193334 -0.98027 0.0411375
    outer loop
      vertex 107.809 -27.9879 16.1932
      vertex 98.4852 -25.9736 20.3731
      vertex 92.8511 -24.9044 19.3726
    endloop
  endfacet
  facet normal -0.193352 -0.980268 0.0410975
    outer loop
      vertex 98.4852 -25.9736 20.3731
      vertex 107.809 -27.9879 16.1932
      vertex 108.256 -27.9879 18.2962
    endloop
  endfacet
  facet normal -0.193326 -0.980274 0.0410902
    outer loop
      vertex 93.2981 -24.9044 21.4757
      vertex 92.8511 -24.9044 19.3726
      vertex 98.4852 -25.9736 20.3731
    endloop
  endfacet
  facet normal 0.207911 3.61999e-06 0.978148
    outer loop
      vertex 97.6796 -21.6247 18.3463
      vertex 93.7729 -24.2783 19.1767
      vertex 98.646 -25.2828 18.1409
    endloop
  endfacet
  facet normal 0.20791 4.84853e-06 0.978148
    outer loop
      vertex 93.7729 -24.2783 19.1767
      vertex 97.6796 -21.6247 18.3463
      vertex 96.3771 -11.0743 18.6231
    endloop
  endfacet
  facet normal -0.193325 -0.980273 0.0411221
    outer loop
      vertex 106.053 -27.0455 10.9435
      vertex 98.646 -25.2828 18.1409
      vertex 93.7729 -24.2783 19.1767
    endloop
  endfacet
  facet normal -0.193335 -0.980271 0.0411113
    outer loop
      vertex 98.646 -25.2828 18.1409
      vertex 106.053 -27.0455 10.9435
      vertex 107.197 -27.0455 16.3234
    endloop
  endfacet
  facet normal 0.958829 -0.197676 -0.203889
    outer loop
      vertex 107.197 -27.0455 16.3234
      vertex 106.053 -27.0455 10.9435
      vertex 109.904 -13.3217 15.748
    endloop
  endfacet
  facet normal -0.958818 0.197803 0.203819
    outer loop
      vertex 95.3361 -10.5545 13.2215
      vertex 96.3771 -11.0743 18.6231
      vertex 96.4797 -10.5545 18.6013
    endloop
  endfacet
  facet normal -0.95885 0.197657 0.203811
    outer loop
      vertex 96.3771 -11.0743 18.6231
      vertex 95.3361 -10.5545 13.2215
      vertex 93.7729 -24.2783 19.1767
    endloop
  endfacet
  facet normal 0.193332 0.980272 -0.0410972
    outer loop
      vertex 109.904 -13.3217 15.748
      vertex 95.3361 -10.5545 13.2215
      vertex 96.4797 -10.5545 18.6013
    endloop
  endfacet
  facet normal 0.958829 -0.197676 -0.203889
    outer loop
      vertex 108.76 -13.3217 10.3681
      vertex 109.904 -13.3217 15.748
      vertex 106.053 -27.0455 10.9435
    endloop
  endfacet
  facet normal -0.958851 0.197656 0.203808
    outer loop
      vertex 95.3361 -10.5545 13.2215
      vertex 92.6294 -24.2783 13.7969
      vertex 93.7729 -24.2783 19.1767
    endloop
  endfacet
  facet normal -0.208008 -4.08916e-05 -0.978127
    outer loop
      vertex 106.053 -27.0455 10.9435
      vertex 102.226 -21.1559 11.7571
      vertex 102.63 -19.105 11.6711
    endloop
  endfacet
  facet normal -0.207916 2.71424e-07 -0.978147
    outer loop
      vertex 102.63 -19.105 11.6711
      vertex 108.76 -13.3217 10.3681
      vertex 106.053 -27.0455 10.9435
    endloop
  endfacet
  facet normal -0.207955 4.32137e-05 -0.978138
    outer loop
      vertex 100.695 -18.8 12.0825
      vertex 108.76 -13.3217 10.3681
      vertex 102.63 -19.105 11.6711
    endloop
  endfacet
  facet normal -0.207919 -1.28895e-05 -0.978146
    outer loop
      vertex 108.76 -13.3217 10.3681
      vertex 100.695 -18.8 12.0825
      vertex 95.3361 -10.5545 13.2215
    endloop
  endfacet
  facet normal 0.193334 0.980271 -0.0411112
    outer loop
      vertex 95.3361 -10.5545 13.2215
      vertex 109.904 -13.3217 15.748
      vertex 108.76 -13.3217 10.3681
    endloop
  endfacet
  facet normal -0.207876 4.87472e-05 -0.978155
    outer loop
      vertex 106.053 -27.0455 10.9435
      vertex 100.901 -20.8827 12.0387
      vertex 102.226 -21.1559 11.7571
    endloop
  endfacet
  facet normal -0.207916 5.83175e-06 -0.978147
    outer loop
      vertex 92.6294 -24.2783 13.7969
      vertex 100.695 -18.8 12.0825
      vertex 100.901 -20.8827 12.0387
    endloop
  endfacet
  facet normal -0.207908 -5.91567e-06 -0.978148
    outer loop
      vertex 100.695 -18.8 12.0825
      vertex 92.6294 -24.2783 13.7969
      vertex 95.3361 -10.5545 13.2215
    endloop
  endfacet
  facet normal -0.207918 1.15703e-05 -0.978146
    outer loop
      vertex 92.6294 -24.2783 13.7969
      vertex 100.901 -20.8827 12.0387
      vertex 106.053 -27.0455 10.9435
    endloop
  endfacet
  facet normal -0.193342 -0.98027 0.0410956
    outer loop
      vertex 93.7729 -24.2783 19.1767
      vertex 92.6294 -24.2783 13.7969
      vertex 106.053 -27.0455 10.9435
    endloop
  endfacet
  facet normal 0.207957 -2.68954e-05 0.978138
    outer loop
      vertex 102.999 -17.2348 11.5927
      vertex 100.695 -18.8 12.0825
      vertex 102.63 -19.105 11.6711
    endloop
  endfacet
  facet normal 0.207885 -8.98634e-06 0.978153
    outer loop
      vertex 100.695 -18.8 12.0825
      vertex 98.3903 -20.3652 12.5723
      vertex 100.901 -20.8827 12.0387
    endloop
  endfacet
  facet normal 0.19336 0.980267 -0.0410997
    outer loop
      vertex 102.999 -17.2348 11.5927
      vertex 98.4776 -16.4441 9.18004
      vertex 99.1637 -16.4441 12.4079
    endloop
  endfacet
  facet normal 0.958873 -0.197575 -0.203782
    outer loop
      vertex 102.999 -17.2348 11.5927
      vertex 101.54 -21.1559 8.5292
      vertex 102.313 -17.2348 8.3648
    endloop
  endfacet
  facet normal 0.207915 3.86444e-05 0.978147
    outer loop
      vertex 99.1637 -16.4441 12.4079
      vertex 100.695 -18.8 12.0825
      vertex 102.999 -17.2348 11.5927
    endloop
  endfacet
  facet normal 0.207873 1.01685e-05 0.978156
    outer loop
      vertex 100.695 -18.8 12.0825
      vertex 99.1637 -16.4441 12.4079
      vertex 98.3903 -20.3652 12.5723
    endloop
  endfacet
  facet normal 0.9589 -0.197436 -0.203787
    outer loop
      vertex 101.54 -21.1559 8.5292
      vertex 102.63 -19.105 11.6711
      vertex 102.226 -21.1559 11.7571
    endloop
  endfacet
  facet normal 0.958882 -0.197727 -0.203591
    outer loop
      vertex 102.63 -19.105 11.6711
      vertex 101.54 -21.1559 8.5292
      vertex 102.999 -17.2348 11.5927
    endloop
  endfacet
  facet normal 0.193356 0.980268 -0.0410924
    outer loop
      vertex 102.313 -17.2348 8.3648
      vertex 98.4776 -16.4441 9.18004
      vertex 102.999 -17.2348 11.5927
    endloop
  endfacet
  facet normal -0.207896 -2.65602e-05 -0.978151
    outer loop
      vertex 101.54 -21.1559 8.5292
      vertex 97.7042 -20.3652 9.34444
      vertex 102.313 -17.2348 8.3648
    endloop
  endfacet
  facet normal -0.193319 -0.980275 0.0410911
    outer loop
      vertex 97.7042 -20.3652 9.34444
      vertex 100.901 -20.8827 12.0387
      vertex 98.3903 -20.3652 12.5723
    endloop
  endfacet
  facet normal -0.193333 -0.980272 0.0411085
    outer loop
      vertex 101.54 -21.1559 8.5292
      vertex 100.901 -20.8827 12.0387
      vertex 97.7042 -20.3652 9.34444
    endloop
  endfacet
  facet normal -0.193384 -0.980262 0.0410984
    outer loop
      vertex 100.901 -20.8827 12.0387
      vertex 101.54 -21.1559 8.5292
      vertex 102.226 -21.1559 11.7571
    endloop
  endfacet
  facet normal -0.207912 -2.07148e-06 -0.978147
    outer loop
      vertex 102.313 -17.2348 8.3648
      vertex 97.7042 -20.3652 9.34444
      vertex 98.4776 -16.4441 9.18004
    endloop
  endfacet
  facet normal -0.958848 0.197669 0.203809
    outer loop
      vertex 97.7042 -20.3652 9.34444
      vertex 99.1637 -16.4441 12.4079
      vertex 98.4776 -16.4441 9.18004
    endloop
  endfacet
  facet normal -0.958848 0.197669 0.203809
    outer loop
      vertex 99.1637 -16.4441 12.4079
      vertex 97.7042 -20.3652 9.34444
      vertex 98.3903 -20.3652 12.5723
    endloop
  endfacet
  facet normal 0.261983 0.339269 0.903472
    outer loop
      vertex 96.6411 -25.7389 35.3134
      vertex 95.0544 -39.0744 40.7812
      vertex 110.544 -28.605 32.3582
    endloop
  endfacet
  facet normal -0.915904 0.240688 0.321232
    outer loop
      vertex 96.6411 -25.7389 35.3134
      vertex 89.4365 -45.1259 29.2975
      vertex 95.0544 -39.0744 40.7812
    endloop
  endfacet
  facet normal 0.985039 -0.151116 -0.0828375
    outer loop
      vertex 108.958 -41.9405 37.826
      vertex 108.879 -31.9849 18.7251
      vertex 110.544 -28.605 32.3582
    endloop
  endfacet
  facet normal -0.26207 -0.339243 -0.903457
    outer loop
      vertex 105.757 -47.3046 25.2726
      vertex 108.853 -32.0188 18.6348
      vertex 106.861 -48.7572 25.4978
    endloop
  endfacet
  facet normal -0.261934 -0.339281 -0.903482
    outer loop
      vertex 108.853 -32.0188 18.6348
      vertex 105.757 -47.3046 25.2726
      vertex 107.464 -32.9575 19.39
    endloop
  endfacet
  facet normal -0.261975 -0.339227 -0.90349
    outer loop
      vertex 92.5062 -29.874 22.5694
      vertex 108.853 -32.0188 18.6348
      vertex 107.464 -32.9575 19.39
    endloop
  endfacet
  facet normal -0.261976 -0.339272 -0.903473
    outer loop
      vertex 108.853 -32.0188 18.6348
      vertex 92.5062 -29.874 22.5694
      vertex 91.402 -28.4214 22.3441
    endloop
  endfacet
  facet normal 0.261972 0.339283 0.90347
    outer loop
      vertex 110.544 -28.605 32.3582
      vertex 95.0544 -39.0744 40.7812
      vertex 108.958 -41.9405 37.826
    endloop
  endfacet
  facet normal 0.985035 -0.151138 -0.0828487
    outer loop
      vertex 108.958 -41.9405 37.826
      vertex 106.888 -48.7233 25.5882
      vertex 108.879 -31.9849 18.7251
    endloop
  endfacet
  facet normal 0.143045 0.956413 -0.254583
    outer loop
      vertex 108.879 -31.9849 18.7251
      vertex 91.4282 -28.3875 22.4345
      vertex 110.544 -28.605 32.3582
    endloop
  endfacet
  facet normal 0.109551 0.919839 -0.37669
    outer loop
      vertex 108.853 -32.0188 18.6348
      vertex 91.402 -28.4214 22.3441
      vertex 91.4282 -28.3875 22.4345
    endloop
  endfacet
  facet normal -0.109452 -0.919711 0.37703
    outer loop
      vertex 106.861 -48.7572 25.4978
      vertex 89.4365 -45.1259 29.2975
      vertex 89.4103 -45.1598 29.2072
    endloop
  endfacet
  facet normal -0.109319 -0.919543 0.377479
    outer loop
      vertex 89.4365 -45.1259 29.2975
      vertex 106.861 -48.7572 25.4978
      vertex 106.888 -48.7233 25.5882
    endloop
  endfacet
  facet normal -0.0739169 -0.866895 0.49298
    outer loop
      vertex 108.958 -41.9405 37.826
      vertex 89.4365 -45.1259 29.2975
      vertex 106.888 -48.7233 25.5882
    endloop
  endfacet
  facet normal -0.0739188 -0.866893 0.492983
    outer loop
      vertex 95.0544 -39.0744 40.7812
      vertex 89.4365 -45.1259 29.2975
      vertex 108.958 -41.9405 37.826
    endloop
  endfacet
  facet normal 0.109509 0.919785 -0.376832
    outer loop
      vertex 108.853 -32.0188 18.6348
      vertex 91.4282 -28.3875 22.4345
      vertex 108.879 -31.9849 18.7251
    endloop
  endfacet
  facet normal -0.915905 0.240691 0.321225
    outer loop
      vertex 91.4282 -28.3875 22.4345
      vertex 89.4365 -45.1259 29.2975
      vertex 96.6411 -25.7389 35.3134
    endloop
  endfacet
  facet normal 0.143049 0.95641 -0.254591
    outer loop
      vertex 110.544 -28.605 32.3582
      vertex 91.4282 -28.3875 22.4345
      vertex 96.6411 -25.7389 35.3134
    endloop
  endfacet
  facet normal -0.958858 0.197649 0.203781
    outer loop
      vertex 89.4103 -45.1598 29.2072
      vertex 91.4282 -28.3875 22.4345
      vertex 91.402 -28.4214 22.3441
    endloop
  endfacet
  facet normal -0.958805 0.197717 0.203965
    outer loop
      vertex 91.4282 -28.3875 22.4345
      vertex 89.4103 -45.1598 29.2072
      vertex 89.4365 -45.1259 29.2975
    endloop
  endfacet
  facet normal -0.261974 -0.339178 -0.903509
    outer loop
      vertex 89.4103 -45.1598 29.2072
      vertex 105.757 -47.3046 25.2726
      vertex 106.861 -48.7572 25.4978
    endloop
  endfacet
  facet normal -0.261978 -0.339266 -0.903474
    outer loop
      vertex 105.757 -47.3046 25.2726
      vertex 89.4103 -45.1598 29.2072
      vertex 90.7991 -44.2211 28.452
    endloop
  endfacet
  facet normal -0.261974 -0.339271 -0.903474
    outer loop
      vertex 89.4103 -45.1598 29.2072
      vertex 92.5062 -29.874 22.5694
      vertex 90.7991 -44.2211 28.452
    endloop
  endfacet
  facet normal -0.261975 -0.339271 -0.903474
    outer loop
      vertex 92.5062 -29.874 22.5694
      vertex 89.4103 -45.1598 29.2072
      vertex 91.402 -28.4214 22.3441
    endloop
  endfacet
  facet normal 0.95931 -0.197032 -0.202244
    outer loop
      vertex 108.879 -31.9849 18.7251
      vertex 106.888 -48.7233 25.5882
      vertex 108.853 -32.0188 18.6348
    endloop
  endfacet
  facet normal 0.956824 -0.200252 -0.210682
    outer loop
      vertex 106.888 -48.7233 25.5882
      vertex 106.861 -48.7572 25.4978
      vertex 108.853 -32.0188 18.6348
    endloop
  endfacet
  facet normal 0.109445 0.919698 -0.377063
    outer loop
      vertex 106.901 -33.6869 17.4475
      vertex 92.5062 -29.874 22.5694
      vertex 107.464 -32.9575 19.39
    endloop
  endfacet
  facet normal 0.109441 0.919695 -0.377072
    outer loop
      vertex 92.5062 -29.874 22.5694
      vertex 106.901 -33.6869 17.4475
      vertex 91.943 -30.6034 20.6269
    endloop
  endfacet
  facet normal 0.95888 -0.197612 -0.203712
    outer loop
      vertex 105.194 -48.034 23.3301
      vertex 107.464 -32.9575 19.39
      vertex 105.757 -47.3046 25.2726
    endloop
  endfacet
  facet normal 0.95888 -0.197612 -0.203712
    outer loop
      vertex 107.464 -32.9575 19.39
      vertex 105.194 -48.034 23.3301
      vertex 106.901 -33.6869 17.4475
    endloop
  endfacet
  facet normal -0.26197 -0.339134 -0.903526
    outer loop
      vertex 96.6874 -32.3352 19.9015
      vertex 106.901 -33.6869 17.4475
      vertex 106.046 -34.2645 17.9122
    endloop
  endfacet
  facet normal -0.261975 -0.339262 -0.903477
    outer loop
      vertex 96.6874 -32.3352 19.9015
      vertex 91.943 -30.6034 20.6269
      vertex 106.901 -33.6869 17.4475
    endloop
  endfacet
  facet normal -0.261978 -0.33927 -0.903473
    outer loop
      vertex 91.7234 -39.0534 23.8637
      vertex 91.943 -30.6034 20.6269
      vertex 96.6874 -32.3352 19.9015
    endloop
  endfacet
  facet normal -0.261898 -0.339288 -0.903489
    outer loop
      vertex 90.2358 -44.9506 26.5095
      vertex 91.7234 -39.0534 23.8637
      vertex 91.0905 -44.3729 26.0448
    endloop
  endfacet
  facet normal -0.261941 -0.339274 -0.903482
    outer loop
      vertex 91.7234 -39.0534 23.8637
      vertex 90.2358 -44.9506 26.5095
      vertex 91.943 -30.6034 20.6269
    endloop
  endfacet
  facet normal -0.261828 -0.339303 -0.903504
    outer loop
      vertex 104.514 -47.1402 23.1915
      vertex 106.901 -33.6869 17.4475
      vertex 105.194 -48.034 23.3301
    endloop
  endfacet
  facet normal -0.261846 -0.339298 -0.903501
    outer loop
      vertex 106.901 -33.6869 17.4475
      vertex 104.514 -47.1402 23.1915
      vertex 106.046 -34.2645 17.9122
    endloop
  endfacet
  facet normal -0.261988 -0.339411 -0.903417
    outer loop
      vertex 90.2358 -44.9506 26.5095
      vertex 104.514 -47.1402 23.1915
      vertex 105.194 -48.034 23.3301
    endloop
  endfacet
  facet normal -0.261974 -0.339189 -0.903505
    outer loop
      vertex 104.514 -47.1402 23.1915
      vertex 90.2358 -44.9506 26.5095
      vertex 91.0905 -44.3729 26.0448
    endloop
  endfacet
  facet normal -0.958855 0.197653 0.203789
    outer loop
      vertex 90.2358 -44.9506 26.5095
      vertex 92.5062 -29.874 22.5694
      vertex 91.943 -30.6034 20.6269
    endloop
  endfacet
  facet normal -0.958847 0.19766 0.203822
    outer loop
      vertex 92.5062 -29.874 22.5694
      vertex 90.2358 -44.9506 26.5095
      vertex 90.7991 -44.2211 28.452
    endloop
  endfacet
  facet normal -0.109421 -0.91968 0.377114
    outer loop
      vertex 105.194 -48.034 23.3301
      vertex 90.7991 -44.2211 28.452
      vertex 90.2358 -44.9506 26.5095
    endloop
  endfacet
  facet normal -0.109444 -0.919699 0.377063
    outer loop
      vertex 90.7991 -44.2211 28.452
      vertex 105.194 -48.034 23.3301
      vertex 105.757 -47.3046 25.2726
    endloop
  endfacet
  facet normal 0.958844 -0.197662 -0.203831
    outer loop
      vertex 103.073 -49.0061 18.2223
      vertex 106.046 -34.2645 17.9122
      vertex 104.514 -47.1402 23.1915
    endloop
  endfacet
  facet normal 0.958844 -0.197662 -0.203835
    outer loop
      vertex 106.046 -34.2645 17.9122
      vertex 103.073 -49.0061 18.2223
      vertex 104.605 -36.1304 12.9431
    endloop
  endfacet
  facet normal 0.26197 0.339276 0.903473
    outer loop
      vertex 92.6225 -31.4973 20.7655
      vertex 91.7234 -39.0534 23.8637
      vertex 96.6874 -32.3352 19.9015
    endloop
  endfacet
  facet normal -0.262005 -0.339257 -0.90347
    outer loop
      vertex 104.605 -36.1304 12.9431
      vertex 98.8264 -43.4193 17.3559
      vertex 99.2641 -39.7406 15.8476
    endloop
  endfacet
  facet normal -0.262001 -0.33926 -0.90347
    outer loop
      vertex 98.8264 -43.4193 17.3559
      vertex 104.605 -36.1304 12.9431
      vertex 103.073 -49.0061 18.2223
    endloop
  endfacet
  facet normal -0.261969 -0.339304 -0.903463
    outer loop
      vertex 95.4287 -38.95 16.6628
      vertex 104.605 -36.1304 12.9431
      vertex 99.2641 -39.7406 15.8476
    endloop
  endfacet
  facet normal -0.261983 -0.33927 -0.903471
    outer loop
      vertex 104.605 -36.1304 12.9431
      vertex 95.4287 -38.95 16.6628
      vertex 91.1816 -33.3632 15.7964
    endloop
  endfacet
  facet normal -0.109446 -0.919693 0.377076
    outer loop
      vertex 104.514 -47.1402 23.1915
      vertex 91.0905 -44.3729 26.0448
      vertex 103.073 -49.0061 18.2223
    endloop
  endfacet
  facet normal 0.109429 0.919695 -0.377077
    outer loop
      vertex 96.6874 -32.3352 19.9015
      vertex 91.1816 -33.3632 15.7964
      vertex 92.6225 -31.4973 20.7655
    endloop
  endfacet
  facet normal 0.10944 0.919688 -0.377091
    outer loop
      vertex 91.1816 -33.3632 15.7964
      vertex 96.6874 -32.3352 19.9015
      vertex 106.046 -34.2645 17.9122
    endloop
  endfacet
  facet normal -0.958847 0.197663 0.203816
    outer loop
      vertex 91.1816 -33.3632 15.7964
      vertex 91.7234 -39.0534 23.8637
      vertex 92.6225 -31.4973 20.7655
    endloop
  endfacet
  facet normal -0.958851 0.197654 0.20381
    outer loop
      vertex 89.6496 -46.2389 21.0757
      vertex 91.7234 -39.0534 23.8637
      vertex 91.1816 -33.3632 15.7964
    endloop
  endfacet
  facet normal -0.95885 0.197651 0.203818
    outer loop
      vertex 91.7234 -39.0534 23.8637
      vertex 89.6496 -46.2389 21.0757
      vertex 91.0905 -44.3729 26.0448
    endloop
  endfacet
  facet normal -0.261987 -0.339251 -0.903477
    outer loop
      vertex 89.6496 -46.2389 21.0757
      vertex 98.8264 -43.4193 17.3559
      vertex 103.073 -49.0061 18.2223
    endloop
  endfacet
  facet normal -0.261972 -0.339272 -0.903474
    outer loop
      vertex 94.991 -42.6287 18.1712
      vertex 89.6496 -46.2389 21.0757
      vertex 91.1816 -33.3632 15.7964
    endloop
  endfacet
  facet normal -0.261986 -0.339255 -0.903476
    outer loop
      vertex 98.8264 -43.4193 17.3559
      vertex 89.6496 -46.2389 21.0757
      vertex 94.991 -42.6287 18.1712
    endloop
  endfacet
  facet normal -0.261997 -0.33928 -0.903464
    outer loop
      vertex 91.1816 -33.3632 15.7964
      vertex 95.4287 -38.95 16.6628
      vertex 94.991 -42.6287 18.1712
    endloop
  endfacet
  facet normal -0.109433 -0.919687 0.377094
    outer loop
      vertex 91.0905 -44.3729 26.0448
      vertex 89.6496 -46.2389 21.0757
      vertex 103.073 -49.0061 18.2223
    endloop
  endfacet
  facet normal 0.109439 0.919692 -0.377081
    outer loop
      vertex 106.046 -34.2645 17.9122
      vertex 104.605 -36.1304 12.9431
      vertex 91.1816 -33.3632 15.7964
    endloop
  endfacet
  facet normal -0.958843 0.19768 0.203821
    outer loop
      vertex 94.1264 -43.7483 15.1897
      vertex 94.991 -42.6287 18.1712
      vertex 94.5642 -40.0695 13.6813
    endloop
  endfacet
  facet normal 0.958843 -0.197675 -0.203823
    outer loop
      vertex 98.8264 -43.4193 17.3559
      vertex 97.9618 -44.5389 14.3744
      vertex 98.3996 -40.8601 12.8661
    endloop
  endfacet
  facet normal 0.109437 0.9197 -0.377062
    outer loop
      vertex 94.5642 -40.0695 13.6813
      vertex 95.4287 -38.95 16.6628
      vertex 98.3996 -40.8601 12.8661
    endloop
  endfacet
  facet normal -0.958851 0.197655 0.203808
    outer loop
      vertex 95.4287 -38.95 16.6628
      vertex 94.5642 -40.0695 13.6813
      vertex 94.991 -42.6287 18.1712
    endloop
  endfacet
  facet normal -0.261963 -0.339251 -0.903484
    outer loop
      vertex 97.9618 -44.5389 14.3744
      vertex 94.5642 -40.0695 13.6813
      vertex 98.3996 -40.8601 12.8661
    endloop
  endfacet
  facet normal -0.109419 -0.919691 0.377089
    outer loop
      vertex 98.8264 -43.4193 17.3559
      vertex 94.991 -42.6287 18.1712
      vertex 97.9618 -44.5389 14.3744
    endloop
  endfacet
  facet normal -0.261987 -0.339268 -0.903471
    outer loop
      vertex 97.9618 -44.5389 14.3744
      vertex 94.1264 -43.7483 15.1897
      vertex 94.5642 -40.0695 13.6813
    endloop
  endfacet
  facet normal -0.109419 -0.919691 0.377089
    outer loop
      vertex 94.991 -42.6287 18.1712
      vertex 94.1264 -43.7483 15.1897
      vertex 97.9618 -44.5389 14.3744
    endloop
  endfacet
  facet normal 0.109437 0.9197 -0.377062
    outer loop
      vertex 98.3996 -40.8601 12.8661
      vertex 95.4287 -38.95 16.6628
      vertex 99.2641 -39.7406 15.8476
    endloop
  endfacet
  facet normal 0.958851 -0.19765 -0.203809
    outer loop
      vertex 98.8264 -43.4193 17.3559
      vertex 98.3996 -40.8601 12.8661
      vertex 99.2641 -39.7406 15.8476
    endloop
  endfacet
  facet normal -0.260532 -0.0617407 0.963489
    outer loop
      vertex 7.82043 -41.0626 42.3711
      vertex -4.06754 -48.4991 38.68
      vertex 3.32543 -60.9147 39.8835
    endloop
  endfacet
  facet normal -0.819864 -0.512869 -0.254536
    outer loop
      vertex 6.3733 -62.5894 26.1736
      vertex -2.8801 -46.9995 24.5666
      vertex 6.39935 -62.5832 26.0772
    endloop
  endfacet
  facet normal -0.847064 -0.516529 -0.125217
    outer loop
      vertex 3.32543 -60.9147 39.8835
      vertex -4.06754 -48.4991 38.68
      vertex 6.3733 -62.5894 26.1736
    endloop
  endfacet
  facet normal 0.260519 0.0617316 -0.963493
    outer loop
      vertex 6.39935 -62.5832 26.0772
      vertex 1.60671 -52.0779 25.4544
      vertex 6.80235 -60.8034 26.3002
    endloop
  endfacet
  facet normal 0.260514 0.0617294 -0.963495
    outer loop
      vertex -2.8801 -46.9995 24.5666
      vertex 1.60671 -52.0779 25.4544
      vertex 6.39935 -62.5832 26.0772
    endloop
  endfacet
  facet normal 0.260518 0.0617326 -0.963493
    outer loop
      vertex 1.60671 -52.0779 25.4544
      vertex -2.8801 -46.9995 24.5666
      vertex -1.15147 -47.4459 25.0054
    endloop
  endfacet
  facet normal 0 0.124323 -0.992242
    outer loop
      vertex 11.6383 -39.4452 28.9766
      vertex 12.0414 -37.6654 29.1996
      vertex 11.6384 -39.4452 28.9766
    endloop
  endfacet
  facet normal 0.260525 0.0617644 -0.96349
    outer loop
      vertex -2.8801 -46.9995 24.5666
      vertex 11.6383 -39.4452 28.9766
      vertex -1.15147 -47.4459 25.0054
    endloop
  endfacet
  facet normal 0.260553 0.0617083 -0.963486
    outer loop
      vertex 11.6383 -39.4452 28.9766
      vertex -2.8801 -46.9995 24.5666
      vertex 12.0414 -37.6654 29.1996
    endloop
  endfacet
  facet normal 0.778321 0.500241 0.379441
    outer loop
      vertex 12.0153 -37.6716 29.2959
      vertex 7.82043 -41.0626 42.3711
      vertex 21.2948 -53.2553 30.8065
    endloop
  endfacet
  facet normal 0.471025 -0.856909 0.209388
    outer loop
      vertex 15.2134 -53.4782 43.5746
      vertex 3.32543 -60.9147 39.8835
      vertex 21.2948 -53.2553 30.8065
    endloop
  endfacet
  facet normal -0.509838 0.856252 -0.0830532
    outer loop
      vertex 12.0414 -37.6654 29.1996
      vertex -2.8801 -46.9995 24.5666
      vertex 12.0153 -37.6716 29.2959
    endloop
  endfacet
  facet normal -0.539767 0.840619 0.0448445
    outer loop
      vertex -2.90615 -47.0056 24.663
      vertex -4.06754 -48.4991 38.68
      vertex 12.0153 -37.6716 29.2959
    endloop
  endfacet
  facet normal 0.778321 0.500239 0.379444
    outer loop
      vertex 21.2948 -53.2553 30.8065
      vertex 7.82043 -41.0626 42.3711
      vertex 15.2134 -53.4782 43.5746
    endloop
  endfacet
  facet normal -0.260532 -0.0617407 0.963489
    outer loop
      vertex 7.82043 -41.0626 42.3711
      vertex 3.32543 -60.9147 39.8835
      vertex 15.2134 -53.4782 43.5746
    endloop
  endfacet
  facet normal 0.509927 -0.856231 0.0827278
    outer loop
      vertex 21.2948 -53.2553 30.8065
      vertex 6.3733 -62.5894 26.1736
      vertex 6.39935 -62.5832 26.0772
    endloop
  endfacet
  facet normal 0.471025 -0.856909 0.209388
    outer loop
      vertex 21.2948 -53.2553 30.8065
      vertex 3.32543 -60.9147 39.8835
      vertex 6.3733 -62.5894 26.1736
    endloop
  endfacet
  facet normal -0.509701 0.856285 -0.0835516
    outer loop
      vertex -2.8801 -46.9995 24.5666
      vertex -2.90615 -47.0056 24.663
      vertex 12.0153 -37.6716 29.2959
    endloop
  endfacet
  facet normal -0.539769 0.840618 0.0448386
    outer loop
      vertex 12.0153 -37.6716 29.2959
      vertex -4.06754 -48.4991 38.68
      vertex 7.82043 -41.0626 42.3711
    endloop
  endfacet
  facet normal -0.819999 -0.512898 -0.254042
    outer loop
      vertex 6.3733 -62.5894 26.1736
      vertex -2.90615 -47.0056 24.663
      vertex -2.8801 -46.9995 24.5666
    endloop
  endfacet
  facet normal -0.847065 -0.516527 -0.12522
    outer loop
      vertex 6.3733 -62.5894 26.1736
      vertex -4.06754 -48.4991 38.68
      vertex -2.90615 -47.0056 24.663
    endloop
  endfacet
  facet normal 0.81969 0.512829 0.255176
    outer loop
      vertex 12.0414 -37.6654 29.1996
      vertex 12.0153 -37.6716 29.2959
      vertex 21.2948 -53.2553 30.8065
    endloop
  endfacet
  facet normal 0.260527 0.061755 -0.96349
    outer loop
      vertex 21.3208 -53.2491 30.7102
      vertex 15.157 -55.5771 28.8943
      vertex 19.5922 -52.8027 30.2714
    endloop
  endfacet
  facet normal 0.260529 0.0617502 -0.963489
    outer loop
      vertex 6.39935 -62.5832 26.0772
      vertex 15.157 -55.5771 28.8943
      vertex 21.3208 -53.2491 30.7102
    endloop
  endfacet
  facet normal 0.260548 0.061724 -0.963486
    outer loop
      vertex 15.157 -55.5771 28.8943
      vertex 6.39935 -62.5832 26.0772
      vertex 6.80235 -60.8034 26.3002
    endloop
  endfacet
  facet normal 0.260522 0.0617339 -0.963492
    outer loop
      vertex 11.6384 -39.4452 28.9766
      vertex 21.3208 -53.2491 30.7102
      vertex 19.5922 -52.8027 30.2714
    endloop
  endfacet
  facet normal 0.260519 0.0617316 -0.963493
    outer loop
      vertex 21.3208 -53.2491 30.7102
      vertex 11.6384 -39.4452 28.9766
      vertex 12.0414 -37.6654 29.1996
    endloop
  endfacet
  facet normal 0.819906 0.512876 0.254386
    outer loop
      vertex 21.3208 -53.2491 30.7102
      vertex 12.0414 -37.6654 29.1996
      vertex 21.2948 -53.2553 30.8065
    endloop
  endfacet
  facet normal 0.509972 -0.856219 0.082562
    outer loop
      vertex 21.2948 -53.2553 30.8065
      vertex 6.39935 -62.5832 26.0772
      vertex 21.3208 -53.2491 30.7102
    endloop
  endfacet
  facet normal -0.819858 -0.512866 -0.254563
    outer loop
      vertex 7.36249 -60.6706 24.2287
      vertex 1.60671 -52.0779 25.4544
      vertex -0.591326 -47.3131 22.9339
    endloop
  endfacet
  facet normal -0.819856 -0.512864 -0.25457
    outer loop
      vertex 1.60671 -52.0779 25.4544
      vertex 7.36249 -60.6706 24.2287
      vertex 6.80235 -60.8034 26.3002
    endloop
  endfacet
  facet normal 0.260537 0.0617433 -0.963487
    outer loop
      vertex 13.1985 -50.8742 26.4346
      vertex 12.1985 -39.3125 26.9051
      vertex 20.1523 -52.67 28.1999
    endloop
  endfacet
  facet normal 0.260536 0.0617432 -0.963488
    outer loop
      vertex 7.11452 -43.4329 25.2663
      vertex 12.1985 -39.3125 26.9051
      vertex 13.1985 -50.8742 26.4346
    endloop
  endfacet
  facet normal 0.260565 0.0616871 -0.963484
    outer loop
      vertex -0.591326 -47.3131 22.9339
      vertex 7.11452 -43.4329 25.2663
      vertex 0.47245 -47.5878 23.204
    endloop
  endfacet
  facet normal 0.260541 0.0617361 -0.963487
    outer loop
      vertex 7.11452 -43.4329 25.2663
      vertex -0.591326 -47.3131 22.9339
      vertex 12.1985 -39.3125 26.9051
    endloop
  endfacet
  facet normal 0.509848 -0.856251 0.0830033
    outer loop
      vertex 19.5922 -52.8027 30.2714
      vertex 15.157 -55.5771 28.8943
      vertex 20.1523 -52.67 28.1999
    endloop
  endfacet
  facet normal -0.509849 0.856248 -0.0830285
    outer loop
      vertex 12.1985 -39.3125 26.9051
      vertex -1.15147 -47.4459 25.0054
      vertex 11.6383 -39.4452 28.9766
    endloop
  endfacet
  facet normal -0.509857 0.856248 -0.0829755
    outer loop
      vertex -1.15147 -47.4459 25.0054
      vertex 12.1985 -39.3125 26.9051
      vertex -0.591326 -47.3131 22.9339
    endloop
  endfacet
  facet normal -0.819853 -0.512868 -0.254571
    outer loop
      vertex 1.60671 -52.0779 25.4544
      vertex -1.15147 -47.4459 25.0054
      vertex -0.591326 -47.3131 22.9339
    endloop
  endfacet
  facet normal 0.260537 0.0617447 -0.963487
    outer loop
      vertex 20.1523 -52.67 28.1999
      vertex 9.28705 -58.5266 24.8865
      vertex 13.1985 -50.8742 26.4346
    endloop
  endfacet
  facet normal 0.260546 0.0617277 -0.963486
    outer loop
      vertex 7.36249 -60.6706 24.2287
      vertex 9.28705 -58.5266 24.8865
      vertex 20.1523 -52.67 28.1999
    endloop
  endfacet
  facet normal 0.260468 0.061803 -0.963502
    outer loop
      vertex 9.28705 -58.5266 24.8865
      vertex 7.36249 -60.6706 24.2287
      vertex 7.61049 -59.5753 24.366
    endloop
  endfacet
  facet normal 0.260584 0.061773 -0.963473
    outer loop
      vertex -0.591326 -47.3131 22.9339
      vertex 7.61049 -59.5753 24.366
      vertex 7.36249 -60.6706 24.2287
    endloop
  endfacet
  facet normal 0.260584 0.061773 -0.963473
    outer loop
      vertex 7.61049 -59.5753 24.366
      vertex -0.591326 -47.3131 22.9339
      vertex 0.47245 -47.5878 23.204
    endloop
  endfacet
  facet normal 0.509864 -0.856244 0.0829767
    outer loop
      vertex 7.36249 -60.6706 24.2287
      vertex 15.157 -55.5771 28.8943
      vertex 6.80235 -60.8034 26.3002
    endloop
  endfacet
  facet normal 0.509848 -0.85625 0.0830097
    outer loop
      vertex 15.157 -55.5771 28.8943
      vertex 7.36249 -60.6706 24.2287
      vertex 20.1523 -52.67 28.1999
    endloop
  endfacet
  facet normal 0 0.0586295 -0.99828
    outer loop
      vertex 11.6384 -39.4452 28.9766
      vertex 20.1523 -52.67 28.1999
      vertex 11.6383 -39.4452 28.9766
    endloop
  endfacet
  facet normal 0.819866 0.512867 0.254533
    outer loop
      vertex 20.1523 -52.67 28.1999
      vertex 11.6384 -39.4452 28.9766
      vertex 19.5922 -52.8027 30.2714
    endloop
  endfacet
  facet normal 0.819856 0.512865 0.254569
    outer loop
      vertex 12.1985 -39.3125 26.9051
      vertex 11.6383 -39.4452 28.9766
      vertex 20.1523 -52.67 28.1999
    endloop
  endfacet
  facet normal -0.260532 -0.0617479 0.963489
    outer loop
      vertex 13.1985 -50.8742 26.4346
      vertex 9.28705 -58.5266 24.8865
      vertex 19.0885 -52.3953 27.9298
    endloop
  endfacet
  facet normal -0.819861 -0.512867 -0.254549
    outer loop
      vertex 7.61049 -59.5753 24.366
      vertex 0.47245 -47.5878 23.204
      vertex 9.0434 -59.2358 19.0668
    endloop
  endfacet
  facet normal 0.819861 0.512864 0.254557
    outer loop
      vertex 13.3834 -40.0682 21.4686
      vertex 11.9505 -40.4078 26.7678
      vertex 20.5214 -52.0557 22.6306
    endloop
  endfacet
  facet normal -0.26053 -0.0617381 0.96349
    outer loop
      vertex 11.9505 -40.4078 26.7678
      vertex 13.1985 -50.8742 26.4346
      vertex 19.0885 -52.3953 27.9298
    endloop
  endfacet
  facet normal -0.26053 -0.0617381 0.96349
    outer loop
      vertex 13.1985 -50.8742 26.4346
      vertex 11.9505 -40.4078 26.7678
      vertex 7.11452 -43.4329 25.2663
    endloop
  endfacet
  facet normal 0.260528 0.061737 -0.96349
    outer loop
      vertex 20.5214 -52.0557 22.6306
      vertex 12.9659 -48.8157 20.7952
      vertex 13.3834 -40.0682 21.4686
    endloop
  endfacet
  facet normal 0.260542 0.0617743 -0.963484
    outer loop
      vertex 20.5214 -52.0557 22.6306
      vertex 11.5503 -49.739 20.3532
      vertex 12.9659 -48.8157 20.7952
    endloop
  endfacet
  facet normal 0.260534 0.0617366 -0.963489
    outer loop
      vertex 9.0434 -59.2358 19.0668
      vertex 11.5503 -49.739 20.3532
      vertex 20.5214 -52.0557 22.6306
    endloop
  endfacet
  facet normal 0.260517 0.0617415 -0.963493
    outer loop
      vertex 11.5503 -49.739 20.3532
      vertex 9.0434 -59.2358 19.0668
      vertex 9.59033 -50.7057 19.7613
    endloop
  endfacet
  facet normal 0.260532 0.0617403 -0.963489
    outer loop
      vertex 1.90536 -47.2483 17.9048
      vertex 9.59033 -50.7057 19.7613
      vertex 9.0434 -59.2358 19.0668
    endloop
  endfacet
  facet normal 0.260534 0.0617462 -0.963488
    outer loop
      vertex 9.59033 -50.7057 19.7613
      vertex 1.90536 -47.2483 17.9048
      vertex 8.55396 -48.9652 19.5926
    endloop
  endfacet
  facet normal 0.260556 0.061735 -0.963483
    outer loop
      vertex 11.8334 -46.9138 20.6108
      vertex 13.3834 -40.0682 21.4686
      vertex 12.9659 -48.8157 20.7952
    endloop
  endfacet
  facet normal 0.26053 0.0617296 -0.96349
    outer loop
      vertex 1.90536 -47.2483 17.9048
      vertex 11.8334 -46.9138 20.6108
      vertex 8.55396 -48.9652 19.5926
    endloop
  endfacet
  facet normal 0.26053 0.0617419 -0.96349
    outer loop
      vertex 11.8334 -46.9138 20.6108
      vertex 1.90536 -47.2483 17.9048
      vertex 13.3834 -40.0682 21.4686
    endloop
  endfacet
  facet normal 0.819861 0.512864 0.254557
    outer loop
      vertex 20.5214 -52.0557 22.6306
      vertex 11.9505 -40.4078 26.7678
      vertex 19.0885 -52.3953 27.9298
    endloop
  endfacet
  facet normal -0.819861 -0.512867 -0.254549
    outer loop
      vertex 1.90536 -47.2483 17.9048
      vertex 9.0434 -59.2358 19.0668
      vertex 0.472449 -47.5878 23.204
    endloop
  endfacet
  facet normal 0 -0.3347 0.942325
    outer loop
      vertex 0.47245 -47.5878 23.204
      vertex 0.472449 -47.5878 23.204
      vertex 9.0434 -59.2358 19.0668
    endloop
  endfacet
  facet normal 0.50983 -0.856262 0.083001
    outer loop
      vertex 9.0434 -59.2358 19.0668
      vertex 9.28705 -58.5266 24.8865
      vertex 7.61049 -59.5753 24.366
    endloop
  endfacet
  facet normal 0.509857 -0.856247 0.0829922
    outer loop
      vertex 9.28705 -58.5266 24.8865
      vertex 20.5214 -52.0557 22.6306
      vertex 19.0885 -52.3953 27.9298
    endloop
  endfacet
  facet normal 0.509857 -0.856246 0.0829979
    outer loop
      vertex 9.28705 -58.5266 24.8865
      vertex 9.0434 -59.2358 19.0668
      vertex 20.5214 -52.0557 22.6306
    endloop
  endfacet
  facet normal -0.509853 0.856247 -0.0830083
    outer loop
      vertex 1.90536 -47.2483 17.9048
      vertex 0.47245 -47.5878 23.204
      vertex 13.3834 -40.0682 21.4686
    endloop
  endfacet
  facet normal 0 0.997954 0.0639352
    outer loop
      vertex 0.47245 -47.5878 23.204
      vertex 1.90536 -47.2483 17.9048
      vertex 0.472449 -47.5878 23.204
    endloop
  endfacet
  facet normal -0.509851 0.85625 -0.0829906
    outer loop
      vertex 13.3834 -40.0682 21.4686
      vertex 7.11452 -43.4329 25.2663
      vertex 11.9505 -40.4078 26.7678
    endloop
  endfacet
  facet normal -0.509852 0.856249 -0.0829926
    outer loop
      vertex 7.11452 -43.4329 25.2663
      vertex 13.3834 -40.0682 21.4686
      vertex 0.47245 -47.5878 23.204
    endloop
  endfacet
  facet normal -0.260536 -0.0617246 0.963489
    outer loop
      vertex 11.5503 -49.739 20.3532
      vertex 10.5934 -52.3902 19.9246
      vertex 13.8728 -50.3388 20.9428
    endloop
  endfacet
  facet normal -0.260523 -0.06173 0.963492
    outer loop
      vertex 10.5934 -52.3902 19.9246
      vertex 11.5503 -49.739 20.3532
      vertex 9.59033 -50.7057 19.7613
    endloop
  endfacet
  facet normal 0.26052 0.0617371 -0.963492
    outer loop
      vertex 11.4532 -52.1865 16.7451
      vertex 9.41371 -48.7615 16.4131
      vertex 12.6932 -46.71 17.4313
    endloop
  endfacet
  facet normal -0.260546 -0.0617682 0.963483
    outer loop
      vertex 12.9659 -48.8157 20.7952
      vertex 11.5503 -49.739 20.3532
      vertex 13.8728 -50.3388 20.9428
    endloop
  endfacet
  facet normal -0.509848 0.856252 -0.0829889
    outer loop
      vertex 12.6932 -46.71 17.4313
      vertex 8.55396 -48.9652 19.5926
      vertex 11.8334 -46.9138 20.6108
    endloop
  endfacet
  facet normal -0.509856 0.856246 -0.0830103
    outer loop
      vertex 8.55396 -48.9652 19.5926
      vertex 12.6932 -46.71 17.4313
      vertex 9.41371 -48.7615 16.4131
    endloop
  endfacet
  facet normal 0.819851 0.512869 0.254578
    outer loop
      vertex 12.9659 -48.8157 20.7952
      vertex 12.6932 -46.71 17.4313
      vertex 11.8334 -46.9138 20.6108
    endloop
  endfacet
  facet normal 0.81986 0.512858 0.254571
    outer loop
      vertex 12.9659 -48.8157 20.7952
      vertex 14.7326 -50.135 17.7633
      vertex 12.6932 -46.71 17.4313
    endloop
  endfacet
  facet normal 0.819866 0.512844 0.25458
    outer loop
      vertex 14.7326 -50.135 17.7633
      vertex 12.9659 -48.8157 20.7952
      vertex 13.8728 -50.3388 20.9428
    endloop
  endfacet
  facet normal 0.260528 0.0617351 -0.96349
    outer loop
      vertex 14.7326 -50.135 17.7633
      vertex 11.4532 -52.1865 16.7451
      vertex 12.6932 -46.71 17.4313
    endloop
  endfacet
  facet normal -0.819866 -0.512857 -0.254552
    outer loop
      vertex 9.41371 -48.7615 16.4131
      vertex 9.59033 -50.7057 19.7613
      vertex 8.55396 -48.9652 19.5926
    endloop
  endfacet
  facet normal -0.819852 -0.512874 -0.254563
    outer loop
      vertex 11.4532 -52.1865 16.7451
      vertex 9.59033 -50.7057 19.7613
      vertex 9.41371 -48.7615 16.4131
    endloop
  endfacet
  facet normal -0.819852 -0.512875 -0.254562
    outer loop
      vertex 9.59033 -50.7057 19.7613
      vertex 11.4532 -52.1865 16.7451
      vertex 10.5934 -52.3902 19.9246
    endloop
  endfacet
  facet normal 0.509852 -0.85625 0.0829902
    outer loop
      vertex 10.5934 -52.3902 19.9246
      vertex 14.7326 -50.135 17.7633
      vertex 13.8728 -50.3388 20.9428
    endloop
  endfacet
  facet normal 0.509863 -0.85624 0.0830207
    outer loop
      vertex 14.7326 -50.135 17.7633
      vertex 10.5934 -52.3902 19.9246
      vertex 11.4532 -52.1865 16.7451
    endloop
  endfacet
  facet normal 0.260531 0.0617322 -0.96349
    outer loop
      vertex 5.78223 -63.0894 25.8779
      vertex 0.390486 -66.9281 24.174
      vertex 4.00761 -63.0962 25.3976
    endloop
  endfacet
  facet normal 0.260519 0.06175 -0.963492
    outer loop
      vertex -6.38702 -75.9814 21.7612
      vertex 0.390486 -66.9281 24.174
      vertex 5.78223 -63.0894 25.8779
    endloop
  endfacet
  facet normal 0.260539 0.0617343 -0.963488
    outer loop
      vertex -6.38702 -75.9814 21.7612
      vertex -6.42317 -74.1464 21.869
      vertex 0.390486 -66.9281 24.174
    endloop
  endfacet
  facet normal 0.260512 0.0617342 -0.963495
    outer loop
      vertex -6.38702 -75.9814 21.7612
      vertex -13.5202 -66.981 20.4092
      vertex -6.42317 -74.1464 21.869
    endloop
  endfacet
  facet normal 0.26054 0.0617579 -0.963486
    outer loop
      vertex -19.0624 -63.1839 19.1539
      vertex -13.5202 -66.981 20.4092
      vertex -6.38702 -75.9814 21.7612
    endloop
  endfacet
  facet normal 0.260534 0.0617483 -0.963488
    outer loop
      vertex -13.5202 -66.981 20.4092
      vertex -19.0624 -63.1839 19.1539
      vertex -17.2878 -63.1771 19.6342
    endloop
  endfacet
  facet normal 0.260531 0.0617411 -0.963489
    outer loop
      vertex -3.08944 -55.9307 23.9377
      vertex 5.78223 -63.0894 25.8779
      vertex 4.00761 -63.0962 25.3976
    endloop
  endfacet
  facet normal 0.260521 0.0617342 -0.963492
    outer loop
      vertex -6.89316 -50.2919 23.2705
      vertex -3.08944 -55.9307 23.9377
      vertex -6.85701 -52.1269 23.1627
    endloop
  endfacet
  facet normal 0.260532 0.061742 -0.963489
    outer loop
      vertex -3.08944 -55.9307 23.9377
      vertex -6.89316 -50.2919 23.2705
      vertex 5.78223 -63.0894 25.8779
    endloop
  endfacet
  facet normal 0.260532 0.0617343 -0.96349
    outer loop
      vertex -10.4741 -55.9588 21.9391
      vertex -6.89316 -50.2919 23.2705
      vertex -6.85701 -52.1269 23.1627
    endloop
  endfacet
  facet normal 0.260534 0.0617242 -0.963489
    outer loop
      vertex -19.0624 -63.1839 19.1539
      vertex -10.4741 -55.9588 21.9391
      vertex -17.2878 -63.1771 19.6342
    endloop
  endfacet
  facet normal 0.26052 0.0617421 -0.963492
    outer loop
      vertex -10.4741 -55.9588 21.9391
      vertex -19.0624 -63.1839 19.1539
      vertex -6.89316 -50.2919 23.2705
    endloop
  endfacet
  facet normal -0.697174 -0.710296 -0.0970957
    outer loop
      vertex -10.0859 -74.2345 35.4035
      vertex -20.1844 -64.0386 33.3262
      vertex -19.0885 -63.1901 19.2502
    endloop
  endfacet
  facet normal -0.724733 0.688869 -0.0148998
    outer loop
      vertex -19.0885 -63.1901 19.2502
      vertex -20.1844 -64.0386 33.3262
      vertex -10.4891 -53.7676 36.606
    endloop
  endfacet
  facet normal -0.260525 -0.0617456 0.963491
    outer loop
      vertex -10.4891 -53.7676 36.606
      vertex -20.1844 -64.0386 33.3262
      vertex -0.390607 -63.9634 38.6832
    endloop
  endfacet
  facet normal -0.260525 -0.0617358 0.963491
    outer loop
      vertex -0.390607 -63.9634 38.6832
      vertex -20.1844 -64.0386 33.3262
      vertex -10.0859 -74.2345 35.4035
    endloop
  endfacet
  facet normal 0.628428 0.694007 0.351329
    outer loop
      vertex -6.91921 -50.2981 23.3669
      vertex -10.4891 -53.7676 36.606
      vertex -0.390607 -63.9634 38.6832
    endloop
  endfacet
  facet normal -0.697168 -0.710302 -0.097103
    outer loop
      vertex -10.0859 -74.2345 35.4035
      vertex -19.0885 -63.1901 19.2502
      vertex -6.41307 -75.9876 21.8576
    endloop
  endfacet
  facet normal 0.66863 0.708343 0.22624
    outer loop
      vertex -6.89316 -50.2919 23.2705
      vertex -6.91921 -50.2981 23.3669
      vertex 5.75618 -63.0956 25.9742
    endloop
  endfacet
  facet normal 0.696488 -0.703147 0.143136
    outer loop
      vertex 5.75618 -63.0956 25.9742
      vertex -6.41307 -75.9876 21.8576
      vertex 5.78223 -63.0894 25.8779
    endloop
  endfacet
  facet normal 0.66857 0.70833 0.226458
    outer loop
      vertex 5.78223 -63.0894 25.8779
      vertex -6.89316 -50.2919 23.2705
      vertex 5.75618 -63.0956 25.9742
    endloop
  endfacet
  facet normal -0.668482 -0.70831 -0.22678
    outer loop
      vertex -19.0624 -63.1839 19.1539
      vertex -6.41307 -75.9876 21.8576
      vertex -19.0885 -63.1901 19.2502
    endloop
  endfacet
  facet normal -0.66863 -0.708343 -0.22624
    outer loop
      vertex -6.41307 -75.9876 21.8576
      vertex -19.0624 -63.1839 19.1539
      vertex -6.38702 -75.9814 21.7612
    endloop
  endfacet
  facet normal -0.696526 0.703138 -0.142998
    outer loop
      vertex -6.89316 -50.2919 23.2705
      vertex -19.0624 -63.1839 19.1539
      vertex -6.91921 -50.2981 23.3669
    endloop
  endfacet
  facet normal 0.628426 0.694008 0.351331
    outer loop
      vertex 5.75618 -63.0956 25.9742
      vertex -6.91921 -50.2981 23.3669
      vertex -0.390607 -63.9634 38.6832
    endloop
  endfacet
  facet normal 0.696525 -0.703139 0.142998
    outer loop
      vertex 5.78223 -63.0894 25.8779
      vertex -6.41307 -75.9876 21.8576
      vertex -6.38702 -75.9814 21.7612
    endloop
  endfacet
  facet normal -0.696396 0.70317 -0.143471
    outer loop
      vertex -19.0624 -63.1839 19.1539
      vertex -19.0885 -63.1901 19.2502
      vertex -6.91921 -50.2981 23.3669
    endloop
  endfacet
  facet normal -0.724736 0.688865 -0.0148961
    outer loop
      vertex -6.91921 -50.2981 23.3669
      vertex -19.0885 -63.1901 19.2502
      vertex -10.4891 -53.7676 36.606
    endloop
  endfacet
  facet normal 0.655995 -0.705154 0.269126
    outer loop
      vertex -0.390607 -63.9634 38.6832
      vertex -6.41307 -75.9876 21.8576
      vertex 5.75618 -63.0956 25.9742
    endloop
  endfacet
  facet normal 0.655994 -0.705154 0.269127
    outer loop
      vertex -0.390607 -63.9634 38.6832
      vertex -10.0859 -74.2345 35.4035
      vertex -6.41307 -75.9876 21.8576
    endloop
  endfacet
  facet normal 0.696454 -0.703159 0.143245
    outer loop
      vertex 4.00761 -63.0962 25.3976
      vertex 0.390486 -66.9281 24.174
      vertex 4.56775 -62.9634 23.3261
    endloop
  endfacet
  facet normal 0.66864 0.708342 0.226213
    outer loop
      vertex 4.56775 -62.9634 23.3261
      vertex -3.08944 -55.9307 23.9377
      vertex 4.00761 -63.0962 25.3976
    endloop
  endfacet
  facet normal 0.668643 0.708346 0.22619
    outer loop
      vertex -3.08944 -55.9307 23.9377
      vertex 4.56775 -62.9634 23.3261
      vertex -6.29687 -51.9941 21.0912
    endloop
  endfacet
  facet normal -0.696457 0.703155 -0.143249
    outer loop
      vertex -16.7277 -63.0444 17.5627
      vertex -10.4741 -55.9588 21.9391
      vertex -6.29687 -51.9941 21.0912
    endloop
  endfacet
  facet normal -0.69645 0.703159 -0.143265
    outer loop
      vertex -10.4741 -55.9588 21.9391
      vertex -16.7277 -63.0444 17.5627
      vertex -17.2878 -63.1771 19.6342
    endloop
  endfacet
  facet normal -0.668649 -0.708347 -0.226169
    outer loop
      vertex -17.2878 -63.1771 19.6342
      vertex -16.7277 -63.0444 17.5627
      vertex -13.5202 -66.981 20.4092
    endloop
  endfacet
  facet normal -0.696457 0.703156 -0.143246
    outer loop
      vertex -6.29687 -51.9941 21.0912
      vertex -10.4741 -55.9588 21.9391
      vertex -6.85701 -52.1269 23.1627
    endloop
  endfacet
  facet normal 0.668631 0.708351 0.226211
    outer loop
      vertex -6.29687 -51.9941 21.0912
      vertex -6.85701 -52.1269 23.1627
      vertex -3.08944 -55.9307 23.9377
    endloop
  endfacet
  facet normal 0.260556 0.06178 -0.96348
    outer loop
      vertex -1.45936 -57.985 22.0154
      vertex 4.56775 -62.9634 23.3261
      vertex 3.47568 -62.9676 23.0305
    endloop
  endfacet
  facet normal 0.260509 0.0617187 -0.963497
    outer loop
      vertex -1.45936 -57.985 22.0154
      vertex -6.29687 -51.9941 21.0912
      vertex 4.56775 -62.9634 23.3261
    endloop
  endfacet
  facet normal 0.260529 0.0617359 -0.96349
    outer loop
      vertex -6.07995 -63.0039 20.4444
      vertex -6.29687 -51.9941 21.0912
      vertex -1.45936 -57.985 22.0154
    endloop
  endfacet
  facet normal 0.260524 0.0617358 -0.963492
    outer loop
      vertex -6.29687 -51.9941 21.0912
      vertex -6.07995 -63.0039 20.4444
      vertex -16.7277 -63.0444 17.5627
    endloop
  endfacet
  facet normal 0.696448 -0.703159 0.143277
    outer loop
      vertex -5.86303 -74.0137 19.7975
      vertex 0.390486 -66.9281 24.174
      vertex -6.42317 -74.1464 21.869
    endloop
  endfacet
  facet normal 0.696454 -0.703155 0.143263
    outer loop
      vertex 0.390486 -66.9281 24.174
      vertex -5.86303 -74.0137 19.7975
      vertex 4.56775 -62.9634 23.3261
    endloop
  endfacet
  facet normal 0.260557 0.0617028 -0.963485
    outer loop
      vertex 4.56775 -62.9634 23.3261
      vertex 0.33475 -66.295 21.968
      vertex 3.47568 -62.9676 23.0305
    endloop
  endfacet
  facet normal 0.260531 0.0617385 -0.96349
    outer loop
      vertex -5.86303 -74.0137 19.7975
      vertex 0.33475 -66.295 21.968
      vertex 4.56775 -62.9634 23.3261
    endloop
  endfacet
  facet normal 0.260524 0.0617446 -0.963491
    outer loop
      vertex -5.86303 -74.0137 19.7975
      vertex -6.07995 -63.0039 20.4444
      vertex 0.33475 -66.295 21.968
    endloop
  endfacet
  facet normal 0.260524 0.0617446 -0.963491
    outer loop
      vertex -6.07995 -63.0039 20.4444
      vertex -5.86303 -74.0137 19.7975
      vertex -16.7277 -63.0444 17.5627
    endloop
  endfacet
  facet normal -0.668647 -0.708346 -0.226181
    outer loop
      vertex -13.5202 -66.981 20.4092
      vertex -5.86303 -74.0137 19.7975
      vertex -6.42317 -74.1464 21.869
    endloop
  endfacet
  facet normal -0.668648 -0.708348 -0.226171
    outer loop
      vertex -5.86303 -74.0137 19.7975
      vertex -13.5202 -66.981 20.4092
      vertex -16.7277 -63.0444 17.5627
    endloop
  endfacet
  facet normal -0.260521 -0.0617395 0.963492
    outer loop
      vertex -6.07995 -63.0039 20.4444
      vertex -5.88528 -72.8845 19.8639
      vertex 0.33475 -66.295 21.968
    endloop
  endfacet
  facet normal -0.26053 -0.0617395 0.96349
    outer loop
      vertex -5.88528 -72.8845 19.8639
      vertex -6.07995 -63.0039 20.4444
      vertex -15.6356 -63.0402 17.8582
    endloop
  endfacet
  facet normal -0.696449 0.703159 -0.143271
    outer loop
      vertex -14.2027 -62.7007 12.559
      vertex -15.6356 -63.0402 17.8582
      vertex -4.8417 -52.7838 15.7257
    endloop
  endfacet
  facet normal -0.260525 -0.0617395 0.963491
    outer loop
      vertex -6.27462 -53.1233 21.0249
      vertex -6.07995 -63.0039 20.4444
      vertex -1.45936 -57.985 22.0154
    endloop
  endfacet
  facet normal -0.26053 -0.0617395 0.96349
    outer loop
      vertex -6.07995 -63.0039 20.4444
      vertex -6.27462 -53.1233 21.0249
      vertex -15.6356 -63.0402 17.8582
    endloop
  endfacet
  facet normal -0.696449 0.703158 -0.143273
    outer loop
      vertex -4.8417 -52.7838 15.7257
      vertex -15.6356 -63.0402 17.8582
      vertex -6.27462 -53.1233 21.0249
    endloop
  endfacet
  facet normal -0.668646 -0.708346 -0.226183
    outer loop
      vertex -14.2027 -62.7007 12.559
      vertex -5.88528 -72.8845 19.8639
      vertex -15.6356 -63.0402 17.8582
    endloop
  endfacet
  facet normal -0.668638 -0.708349 -0.226196
    outer loop
      vertex -5.88528 -72.8845 19.8639
      vertex -14.2027 -62.7007 12.559
      vertex -4.45236 -72.5449 14.5647
    endloop
  endfacet
  facet normal 0.668644 0.708344 0.226196
    outer loop
      vertex 3.47568 -62.9676 23.0305
      vertex 4.90859 -62.628 17.7313
      vertex -1.45936 -57.985 22.0154
    endloop
  endfacet
  facet normal 0.668642 0.708347 0.226192
    outer loop
      vertex -1.45936 -57.985 22.0154
      vertex 4.90859 -62.628 17.7313
      vertex -4.8417 -52.7838 15.7257
    endloop
  endfacet
  facet normal 0.668648 0.708343 0.226185
    outer loop
      vertex -1.45936 -57.985 22.0154
      vertex -4.8417 -52.7838 15.7257
      vertex -6.27462 -53.1233 21.0249
    endloop
  endfacet
  facet normal 0.260521 0.0617403 -0.963492
    outer loop
      vertex -4.45236 -72.5449 14.5647
      vertex -3.854 -64.7061 15.2288
      vertex 4.90859 -62.628 17.7313
    endloop
  endfacet
  facet normal 0.26058 0.0617345 -0.963476
    outer loop
      vertex -4.45236 -72.5449 14.5647
      vertex -4.59141 -65.4874 14.9793
      vertex -3.854 -64.7061 15.2288
    endloop
  endfacet
  facet normal 0.260522 0.0617365 -0.963492
    outer loop
      vertex -4.64703 -62.6643 15.1452
      vertex 4.90859 -62.628 17.7313
      vertex -3.854 -64.7061 15.2288
    endloop
  endfacet
  facet normal 0.260522 0.0617401 -0.963492
    outer loop
      vertex 4.90859 -62.628 17.7313
      vertex -4.64703 -62.6643 15.1452
      vertex -4.8417 -52.7838 15.7257
    endloop
  endfacet
  facet normal 0.696454 -0.703156 0.14326
    outer loop
      vertex 4.90859 -62.628 17.7313
      vertex 3.47568 -62.9676 23.0305
      vertex -4.45236 -72.5449 14.5647
    endloop
  endfacet
  facet normal 0.696457 -0.703152 0.143263
    outer loop
      vertex -4.45236 -72.5449 14.5647
      vertex 0.33475 -66.295 21.968
      vertex -5.88528 -72.8845 19.8639
    endloop
  endfacet
  facet normal 0.696441 -0.703165 0.143283
    outer loop
      vertex 0.33475 -66.295 21.968
      vertex -4.45236 -72.5449 14.5647
      vertex 3.47568 -62.9676 23.0305
    endloop
  endfacet
  facet normal 0.260524 0.0617343 -0.963492
    outer loop
      vertex -14.2027 -62.7007 12.559
      vertex -4.59141 -65.4874 14.9793
      vertex -4.45236 -72.5449 14.5647
    endloop
  endfacet
  facet normal 0.26053 0.0617578 -0.963488
    outer loop
      vertex -4.59141 -65.4874 14.9793
      vertex -14.2027 -62.7007 12.559
      vertex -7.37721 -62.6747 14.4063
    endloop
  endfacet
  facet normal 0.260559 0.0617402 -0.963482
    outer loop
      vertex -5.93272 -61.1444 14.8949
      vertex -4.8417 -52.7838 15.7257
      vertex -4.64703 -62.6643 15.1452
    endloop
  endfacet
  facet normal 0.260531 0.061705 -0.963492
    outer loop
      vertex -14.2027 -62.7007 12.559
      vertex -5.93272 -61.1444 14.8949
      vertex -7.37721 -62.6747 14.4063
    endloop
  endfacet
  facet normal 0.260523 0.0617458 -0.963491
    outer loop
      vertex -5.93272 -61.1444 14.8949
      vertex -14.2027 -62.7007 12.559
      vertex -4.8417 -52.7838 15.7257
    endloop
  endfacet
  facet normal -0.260528 -0.0617388 0.96349
    outer loop
      vertex -1.91685 -62.654 15.8841
      vertex -4.64703 -62.6643 15.1452
      vertex -3.854 -64.7061 15.2288
    endloop
  endfacet
  facet normal -0.668648 -0.708336 -0.226206
    outer loop
      vertex -3.73167 -65.2836 11.7998
      vertex -4.59141 -65.4874 14.9793
      vertex -7.37721 -62.6747 14.4063
    endloop
  endfacet
  facet normal 0.696455 -0.703157 0.143251
    outer loop
      vertex -4.59141 -65.4874 14.9793
      vertex -3.73167 -65.2836 11.7998
      vertex -1.05711 -62.4502 12.7046
    endloop
  endfacet
  facet normal -0.260528 -0.0617207 0.963491
    outer loop
      vertex -4.70265 -59.8413 15.311
      vertex -4.64703 -62.6643 15.1452
      vertex -1.91685 -62.654 15.8841
    endloop
  endfacet
  facet normal -0.260538 -0.0617207 0.963489
    outer loop
      vertex -4.64703 -62.6643 15.1452
      vertex -4.70265 -59.8413 15.311
      vertex -5.93272 -61.1444 14.8949
    endloop
  endfacet
  facet normal -0.696442 0.703163 -0.143282
    outer loop
      vertex -6.51747 -62.471 11.2268
      vertex -5.93272 -61.1444 14.8949
      vertex -4.70265 -59.8413 15.311
    endloop
  endfacet
  facet normal -0.696458 0.70315 -0.143274
    outer loop
      vertex -5.93272 -61.1444 14.8949
      vertex -6.51747 -62.471 11.2268
      vertex -7.37721 -62.6747 14.4063
    endloop
  endfacet
  facet normal -0.668642 -0.70835 -0.226183
    outer loop
      vertex -7.37721 -62.6747 14.4063
      vertex -6.51747 -62.471 11.2268
      vertex -3.73167 -65.2836 11.7998
    endloop
  endfacet
  facet normal 0.260525 0.0617547 -0.96349
    outer loop
      vertex -3.73167 -65.2836 11.7998
      vertex -6.51747 -62.471 11.2268
      vertex -1.05711 -62.4502 12.7046
    endloop
  endfacet
  facet normal 0.668638 0.708354 0.226182
    outer loop
      vertex -3.84291 -59.6376 12.1315
      vertex -4.70265 -59.8413 15.311
      vertex -1.05711 -62.4502 12.7046
    endloop
  endfacet
  facet normal 0.668644 0.70834 0.226205
    outer loop
      vertex -1.05711 -62.4502 12.7046
      vertex -4.70265 -59.8413 15.311
      vertex -1.91685 -62.654 15.8841
    endloop
  endfacet
  facet normal 0.696441 -0.703172 0.143246
    outer loop
      vertex -3.854 -64.7061 15.2288
      vertex -1.05711 -62.4502 12.7046
      vertex -1.91685 -62.654 15.8841
    endloop
  endfacet
  facet normal 0.696475 -0.703121 0.14333
    outer loop
      vertex -1.05711 -62.4502 12.7046
      vertex -3.854 -64.7061 15.2288
      vertex -4.59141 -65.4874 14.9793
    endloop
  endfacet
  facet normal 0.260526 0.0617207 -0.963492
    outer loop
      vertex -1.05711 -62.4502 12.7046
      vertex -6.51747 -62.471 11.2268
      vertex -3.84291 -59.6376 12.1315
    endloop
  endfacet
  facet normal -0.696452 0.703156 -0.143272
    outer loop
      vertex -3.84291 -59.6376 12.1315
      vertex -6.51747 -62.471 11.2268
      vertex -4.70265 -59.8413 15.311
    endloop
  endfacet
  facet normal 0.437517 0.844327 0.309339
    outer loop
      vertex -6.88761 -76.6377 21.6875
      vertex -25.1227 -70.8046 31.5573
      vertex -12.9436 -78.1497 34.3798
    endloop
  endfacet
  facet normal -0.476257 -0.860039 -0.183063
    outer loop
      vertex -15.5517 -92.2895 18.3418
      vertex -30.8126 -83.064 14.7027
      vertex -15.5257 -92.2834 18.2455
    endloop
  endfacet
  facet normal -0.506258 -0.860619 -0.0551163
    outer loop
      vertex -19.8463 -90.6196 31.7143
      vertex -32.0254 -83.2745 28.8917
      vertex -30.8386 -83.0701 14.799
    endloop
  endfacet
  facet normal -0.840068 0.50653 -0.194198
    outer loop
      vertex -22.1485 -67.4121 18.0484
      vertex -30.8126 -83.064 14.7027
      vertex -22.1745 -67.4183 18.1447
    endloop
  endfacet
  facet normal 0.437517 0.844327 0.309338
    outer loop
      vertex -22.1745 -67.4183 18.1447
      vertex -25.1227 -70.8046 31.5573
      vertex -6.88761 -76.6377 21.6875
    endloop
  endfacet
  facet normal 0.476033 0.859986 0.183892
    outer loop
      vertex -22.1485 -67.4121 18.0484
      vertex -22.1745 -67.4183 18.1447
      vertex -6.88761 -76.6377 21.6875
    endloop
  endfacet
  facet normal 0.260568 0.061703 -0.963482
    outer loop
      vertex -6.86156 -76.6315 21.5912
      vertex -13.4235 -85.8546 19.2259
      vertex -8.57235 -77.091 21.0991
    endloop
  endfacet
  facet normal 0.260508 0.0617486 -0.963495
    outer loop
      vertex -15.5257 -92.2834 18.2455
      vertex -13.4235 -85.8546 19.2259
      vertex -6.86156 -76.6315 21.5912
    endloop
  endfacet
  facet normal 0.260568 0.0617268 -0.96348
    outer loop
      vertex -15.5257 -92.2834 18.2455
      vertex -15.9987 -90.5068 18.2314
      vertex -13.4235 -85.8546 19.2259
    endloop
  endfacet
  facet normal 0.260512 0.0617116 -0.963496
    outer loop
      vertex -30.8126 -83.064 14.7027
      vertex -15.9987 -90.5068 18.2314
      vertex -15.5257 -92.2834 18.2455
    endloop
  endfacet
  facet normal 0.260512 0.0617116 -0.963496
    outer loop
      vertex -15.9987 -90.5068 18.2314
      vertex -30.8126 -83.064 14.7027
      vertex -29.1018 -82.6045 15.1947
    endloop
  endfacet
  facet normal 0.260547 0.0617824 -0.963482
    outer loop
      vertex -17.1316 -71.929 19.1155
      vertex -6.86156 -76.6315 21.5912
      vertex -8.57235 -77.091 21.0991
    endloop
  endfacet
  facet normal 0.260569 0.061796 -0.963475
    outer loop
      vertex -22.1485 -67.4121 18.0484
      vertex -17.1316 -71.929 19.1155
      vertex -21.6754 -69.1887 18.0624
    endloop
  endfacet
  facet normal 0.260536 0.0617556 -0.963487
    outer loop
      vertex -17.1316 -71.929 19.1155
      vertex -22.1485 -67.4121 18.0484
      vertex -6.86156 -76.6315 21.5912
    endloop
  endfacet
  facet normal 0.260502 0.0617504 -0.963497
    outer loop
      vertex -30.8126 -83.064 14.7027
      vertex -21.6754 -69.1887 18.0624
      vertex -29.1018 -82.6045 15.1947
    endloop
  endfacet
  facet normal 0.260474 0.0617703 -0.963503
    outer loop
      vertex -21.6754 -69.1887 18.0624
      vertex -30.8126 -83.064 14.7027
      vertex -22.1485 -67.4121 18.0484
    endloop
  endfacet
  facet normal -0.839935 0.506564 -0.194686
    outer loop
      vertex -30.8126 -83.064 14.7027
      vertex -30.8386 -83.0701 14.799
      vertex -22.1745 -67.4183 18.1447
    endloop
  endfacet
  facet normal 0.839957 -0.506558 0.194603
    outer loop
      vertex -15.5517 -92.2895 18.3418
      vertex -6.86156 -76.6315 21.5912
      vertex -6.88761 -76.6377 21.6875
    endloop
  endfacet
  facet normal 0.839935 -0.506563 0.194686
    outer loop
      vertex -6.86156 -76.6315 21.5912
      vertex -15.5517 -92.2895 18.3418
      vertex -15.5257 -92.2834 18.2455
    endloop
  endfacet
  facet normal -0.506259 -0.860619 -0.0551154
    outer loop
      vertex -19.8463 -90.6196 31.7143
      vertex -30.8386 -83.0701 14.799
      vertex -15.5517 -92.2895 18.3418
    endloop
  endfacet
  facet normal -0.476257 -0.860039 -0.183063
    outer loop
      vertex -15.5517 -92.2895 18.3418
      vertex -30.8386 -83.0701 14.799
      vertex -30.8126 -83.064 14.7027
    endloop
  endfacet
  facet normal -0.260526 -0.0617445 0.96349
    outer loop
      vertex -32.0254 -83.2745 28.8917
      vertex -12.9436 -78.1497 34.3798
      vertex -25.1227 -70.8046 31.5573
    endloop
  endfacet
  facet normal -0.260528 -0.0617354 0.96349
    outer loop
      vertex -12.9436 -78.1497 34.3798
      vertex -32.0254 -83.2745 28.8917
      vertex -19.8463 -90.6196 31.7143
    endloop
  endfacet
  facet normal -0.866971 0.493989 -0.0658461
    outer loop
      vertex -30.8386 -83.0701 14.799
      vertex -32.0254 -83.2745 28.8917
      vertex -22.1745 -67.4183 18.1447
    endloop
  endfacet
  facet normal -0.866972 0.493988 -0.0658497
    outer loop
      vertex -22.1745 -67.4183 18.1447
      vertex -32.0254 -83.2745 28.8917
      vertex -25.1227 -70.8046 31.5573
    endloop
  endfacet
  facet normal 0.798227 -0.510279 0.320077
    outer loop
      vertex -12.9436 -78.1497 34.3798
      vertex -15.5517 -92.2895 18.3418
      vertex -6.88761 -76.6377 21.6875
    endloop
  endfacet
  facet normal 0.79823 -0.510276 0.320074
    outer loop
      vertex -12.9436 -78.1497 34.3798
      vertex -19.8463 -90.6196 31.7143
      vertex -15.5517 -92.2895 18.3418
    endloop
  endfacet
  facet normal 0.47597 0.859972 0.184121
    outer loop
      vertex -6.86156 -76.6315 21.5912
      vertex -22.1485 -67.4121 18.0484
      vertex -6.88761 -76.6377 21.6875
    endloop
  endfacet
  facet normal 0.260523 0.0617377 -0.963492
    outer loop
      vertex -21.7685 -80.6527 15.0712
      vertex -28.5417 -82.4718 13.1232
      vertex -22.3111 -72.8353 15.4254
    endloop
  endfacet
  facet normal 0.260532 0.0617552 -0.963488
    outer loop
      vertex -20.8242 -70.1492 15.9996
      vertex -8.01221 -76.9583 19.0276
      vertex -9.065 -77.241 18.7248
    endloop
  endfacet
  facet normal 0.260503 0.0616938 -0.9635
    outer loop
      vertex -20.8242 -70.1492 15.9996
      vertex -21.1153 -69.0559 15.9909
      vertex -8.01221 -76.9583 19.0276
    endloop
  endfacet
  facet normal 0.26058 0.0617147 -0.963478
    outer loop
      vertex -22.3111 -72.8353 15.4254
      vertex -21.1153 -69.0559 15.9909
      vertex -20.8242 -70.1492 15.9996
    endloop
  endfacet
  facet normal 0.260531 0.0617322 -0.96349
    outer loop
      vertex -21.1153 -69.0559 15.9909
      vertex -22.3111 -72.8353 15.4254
      vertex -28.5417 -82.4718 13.1232
    endloop
  endfacet
  facet normal 0.476053 0.859991 0.183817
    outer loop
      vertex -8.01221 -76.9583 19.0276
      vertex -17.1316 -71.929 19.1155
      vertex -8.57235 -77.091 21.0991
    endloop
  endfacet
  facet normal 0.476052 0.85999 0.183828
    outer loop
      vertex -17.1316 -71.929 19.1155
      vertex -8.01221 -76.9583 19.0276
      vertex -21.1153 -69.0559 15.9909
    endloop
  endfacet
  facet normal -0.476052 -0.859994 -0.183808
    outer loop
      vertex -28.5417 -82.4718 13.1232
      vertex -15.9987 -90.5068 18.2314
      vertex -29.1018 -82.6045 15.1947
    endloop
  endfacet
  facet normal -0.476052 -0.859994 -0.183808
    outer loop
      vertex -15.9987 -90.5068 18.2314
      vertex -28.5417 -82.4718 13.1232
      vertex -15.4386 -90.3741 16.1599
    endloop
  endfacet
  facet normal -0.839943 0.506561 -0.194657
    outer loop
      vertex -29.1018 -82.6045 15.1947
      vertex -21.1153 -69.0559 15.9909
      vertex -28.5417 -82.4718 13.1232
    endloop
  endfacet
  facet normal -0.839948 0.506562 -0.194634
    outer loop
      vertex -21.1153 -69.0559 15.9909
      vertex -29.1018 -82.6045 15.1947
      vertex -21.6754 -69.1887 18.0624
    endloop
  endfacet
  facet normal 0.839938 -0.506564 0.194671
    outer loop
      vertex -13.4235 -85.8546 19.2259
      vertex -8.01221 -76.9583 19.0276
      vertex -8.57235 -77.091 21.0991
    endloop
  endfacet
  facet normal 0.839938 -0.506564 0.19467
    outer loop
      vertex -8.01221 -76.9583 19.0276
      vertex -13.4235 -85.8546 19.2259
      vertex -15.4386 -90.3741 16.1599
    endloop
  endfacet
  facet normal 0.839945 -0.506559 0.194657
    outer loop
      vertex -13.4235 -85.8546 19.2259
      vertex -15.9987 -90.5068 18.2314
      vertex -15.4386 -90.3741 16.1599
    endloop
  endfacet
  facet normal 0.47604 0.859992 0.183846
    outer loop
      vertex -21.1153 -69.0559 15.9909
      vertex -21.6754 -69.1887 18.0624
      vertex -17.1316 -71.929 19.1155
    endloop
  endfacet
  facet normal 0.26054 0.0617254 -0.963488
    outer loop
      vertex -8.01221 -76.9583 19.0276
      vertex -13.9375 -86.0432 16.8433
      vertex -9.065 -77.241 18.7248
    endloop
  endfacet
  facet normal 0.260523 0.0617374 -0.963492
    outer loop
      vertex -15.4386 -90.3741 16.1599
      vertex -13.9375 -86.0432 16.8433
      vertex -8.01221 -76.9583 19.0276
    endloop
  endfacet
  facet normal 0.26054 0.0617308 -0.963487
    outer loop
      vertex -15.4386 -90.3741 16.1599
      vertex -16.2639 -87.2748 16.1353
      vertex -13.9375 -86.0432 16.8433
    endloop
  endfacet
  facet normal 0.260519 0.0617251 -0.963493
    outer loop
      vertex -28.5417 -82.4718 13.1232
      vertex -16.2639 -87.2748 16.1353
      vertex -15.4386 -90.3741 16.1599
    endloop
  endfacet
  facet normal 0.260523 0.0617365 -0.963492
    outer loop
      vertex -16.2639 -87.2748 16.1353
      vertex -28.5417 -82.4718 13.1232
      vertex -21.7685 -80.6527 15.0712
    endloop
  endfacet
  facet normal -0.260535 -0.061741 0.963488
    outer loop
      vertex -13.9375 -86.0432 16.8433
      vertex -16.2639 -87.2748 16.1353
      vertex -15.7297 -89.2809 16.1512
    endloop
  endfacet
  facet normal -0.47605 -0.859989 -0.183836
    outer loop
      vertex -15.7297 -89.2809 16.1512
      vertex -27.4889 -82.189 13.426
      vertex -14.2968 -88.9413 10.852
    endloop
  endfacet
  facet normal -0.260522 -0.0617357 0.963492
    outer loop
      vertex -27.4889 -82.189 13.426
      vertex -16.2639 -87.2748 16.1353
      vertex -21.7685 -80.6527 15.0712
    endloop
  endfacet
  facet normal -0.260523 -0.0617377 0.963492
    outer loop
      vertex -16.2639 -87.2748 16.1353
      vertex -27.4889 -82.189 13.426
      vertex -15.7297 -89.2809 16.1512
    endloop
  endfacet
  facet normal -0.260522 -0.0617377 0.963492
    outer loop
      vertex -27.4889 -82.189 13.426
      vertex -21.7685 -80.6527 15.0712
      vertex -22.3111 -72.8353 15.4254
    endloop
  endfacet
  facet normal 0.260445 0.0620724 -0.963491
    outer loop
      vertex -16.9002 -79.1645 10.7746
      vertex -7.63208 -76.9014 13.4257
      vertex -16.7185 -79.3417 10.8123
    endloop
  endfacet
  facet normal 0.260528 0.0617307 -0.963491
    outer loop
      vertex -16.9002 -79.1645 10.7746
      vertex -19.3912 -69.8096 10.7004
      vertex -7.63208 -76.9014 13.4257
    endloop
  endfacet
  facet normal 0.260449 0.0620331 -0.963493
    outer loop
      vertex -26.0559 -81.8494 8.12679
      vertex -16.9002 -79.1645 10.7746
      vertex -16.9713 -79.4096 10.7396
    endloop
  endfacet
  facet normal 0.260536 0.0617328 -0.963489
    outer loop
      vertex -16.9002 -79.1645 10.7746
      vertex -26.0559 -81.8494 8.12679
      vertex -19.3912 -69.8096 10.7004
    endloop
  endfacet
  facet normal -0.47605 -0.859987 -0.183845
    outer loop
      vertex -14.2968 -88.9413 10.852
      vertex -27.4889 -82.189 13.426
      vertex -26.0559 -81.8494 8.12679
    endloop
  endfacet
  facet normal -0.839938 0.506565 -0.194671
    outer loop
      vertex -26.0559 -81.8494 8.12679
      vertex -27.4889 -82.189 13.426
      vertex -19.3912 -69.8096 10.7004
    endloop
  endfacet
  facet normal 0.260549 0.061749 -0.963484
    outer loop
      vertex -14.2968 -88.9413 10.852
      vertex -16.1162 -82.1085 10.7979
      vertex -15.3521 -80.7281 11.093
    endloop
  endfacet
  facet normal 0.260557 0.0617511 -0.963482
    outer loop
      vertex -14.2968 -88.9413 10.852
      vertex -17.4761 -81.2884 10.4827
      vertex -16.1162 -82.1085 10.7979
    endloop
  endfacet
  facet normal 0.260526 0.0617379 -0.963491
    outer loop
      vertex -17.4761 -81.2884 10.4827
      vertex -14.2968 -88.9413 10.852
      vertex -26.0559 -81.8494 8.12679
    endloop
  endfacet
  facet normal 0.260524 0.061746 -0.963491
    outer loop
      vertex -15.3521 -80.7281 11.093
      vertex -7.63208 -76.9014 13.4257
      vertex -14.2968 -88.9413 10.852
    endloop
  endfacet
  facet normal 0.260542 0.0617089 -0.963488
    outer loop
      vertex -7.63208 -76.9014 13.4257
      vertex -15.3521 -80.7281 11.093
      vertex -16.7185 -79.3417 10.8123
    endloop
  endfacet
  facet normal 0.260526 0.0617455 -0.96349
    outer loop
      vertex -16.9713 -79.4096 10.7396
      vertex -17.4761 -81.2884 10.4827
      vertex -26.0559 -81.8494 8.12679
    endloop
  endfacet
  facet normal 0.839941 -0.506563 0.194663
    outer loop
      vertex -13.9375 -86.0432 16.8433
      vertex -7.63208 -76.9014 13.4257
      vertex -9.065 -77.241 18.7248
    endloop
  endfacet
  facet normal 0.839941 -0.506563 0.194662
    outer loop
      vertex -13.9375 -86.0432 16.8433
      vertex -14.2968 -88.9413 10.852
      vertex -7.63208 -76.9014 13.4257
    endloop
  endfacet
  facet normal 0.839946 -0.506555 0.194658
    outer loop
      vertex -14.2968 -88.9413 10.852
      vertex -13.9375 -86.0432 16.8433
      vertex -15.7297 -89.2809 16.1512
    endloop
  endfacet
  facet normal -0.839938 0.506565 -0.194671
    outer loop
      vertex -19.3912 -69.8096 10.7004
      vertex -22.3111 -72.8353 15.4254
      vertex -20.8242 -70.1492 15.9996
    endloop
  endfacet
  facet normal -0.839938 0.506565 -0.194671
    outer loop
      vertex -22.3111 -72.8353 15.4254
      vertex -19.3912 -69.8096 10.7004
      vertex -27.4889 -82.189 13.426
    endloop
  endfacet
  facet normal 0.476045 0.859991 0.18384
    outer loop
      vertex -19.3912 -69.8096 10.7004
      vertex -9.065 -77.241 18.7248
      vertex -7.63208 -76.9014 13.4257
    endloop
  endfacet
  facet normal 0.476042 0.859991 0.183843
    outer loop
      vertex -9.065 -77.241 18.7248
      vertex -19.3912 -69.8096 10.7004
      vertex -20.8242 -70.1492 15.9996
    endloop
  endfacet
  facet normal -0.26054 -0.0617072 0.963489
    outer loop
      vertex -14.212 -78.6686 11.5332
      vertex -16.7185 -79.3417 10.8123
      vertex -15.3521 -80.7281 11.093
    endloop
  endfacet
  facet normal -0.260443 -0.0620707 0.963492
    outer loop
      vertex -14.212 -78.6686 11.5332
      vertex -16.9002 -79.1645 10.7746
      vertex -16.7185 -79.3417 10.8123
    endloop
  endfacet
  facet normal -0.260508 -0.0617268 0.963496
    outer loop
      vertex -16.9002 -79.1645 10.7746
      vertex -14.212 -78.6686 11.5332
      vertex -17.5718 -76.6423 10.7546
    endloop
  endfacet
  facet normal -0.839938 0.50656 -0.194684
    outer loop
      vertex -19.476 -80.0823 10.0192
      vertex -16.712 -76.4386 7.57505
      vertex -18.6162 -79.8786 6.83973
    endloop
  endfacet
  facet normal -0.839937 0.506563 -0.194679
    outer loop
      vertex -16.712 -76.4386 7.57505
      vertex -19.476 -80.0823 10.0192
      vertex -17.5718 -76.6423 10.7546
    endloop
  endfacet
  facet normal 0.839945 -0.506558 0.194656
    outer loop
      vertex -16.1162 -82.1085 10.7979
      vertex -15.2565 -81.9048 7.61837
      vertex -13.3523 -78.4648 8.35369
    endloop
  endfacet
  facet normal -0.260559 -0.0617405 0.963482
    outer loop
      vertex -19.476 -80.0823 10.0192
      vertex -16.9002 -79.1645 10.7746
      vertex -17.5718 -76.6423 10.7546
    endloop
  endfacet
  facet normal -0.260459 -0.06203 0.96349
    outer loop
      vertex -16.9002 -79.1645 10.7746
      vertex -19.476 -80.0823 10.0192
      vertex -16.9713 -79.4096 10.7396
    endloop
  endfacet
  facet normal -0.260535 -0.0617425 0.963488
    outer loop
      vertex -16.9713 -79.4096 10.7396
      vertex -19.476 -80.0823 10.0192
      vertex -17.4761 -81.2884 10.4827
    endloop
  endfacet
  facet normal 0.26053 0.0617362 -0.96349
    outer loop
      vertex -15.2565 -81.9048 7.61837
      vertex -18.6162 -79.8786 6.83973
      vertex -13.3523 -78.4648 8.35369
    endloop
  endfacet
  facet normal 0.26053 0.0617362 -0.96349
    outer loop
      vertex -13.3523 -78.4648 8.35369
      vertex -18.6162 -79.8786 6.83973
      vertex -16.712 -76.4386 7.57505
    endloop
  endfacet
  facet normal -0.476047 -0.859991 -0.183831
    outer loop
      vertex -15.2565 -81.9048 7.61837
      vertex -19.476 -80.0823 10.0192
      vertex -18.6162 -79.8786 6.83973
    endloop
  endfacet
  facet normal -0.476044 -0.859996 -0.183821
    outer loop
      vertex -15.2565 -81.9048 7.61837
      vertex -17.4761 -81.2884 10.4827
      vertex -19.476 -80.0823 10.0192
    endloop
  endfacet
  facet normal -0.47603 -0.860005 -0.183809
    outer loop
      vertex -17.4761 -81.2884 10.4827
      vertex -15.2565 -81.9048 7.61837
      vertex -16.1162 -82.1085 10.7979
    endloop
  endfacet
  facet normal 0.476045 0.859991 0.18384
    outer loop
      vertex -16.712 -76.4386 7.57505
      vertex -14.212 -78.6686 11.5332
      vertex -13.3523 -78.4648 8.35369
    endloop
  endfacet
  facet normal 0.476058 0.859986 0.183829
    outer loop
      vertex -14.212 -78.6686 11.5332
      vertex -16.712 -76.4386 7.57505
      vertex -17.5718 -76.6423 10.7546
    endloop
  endfacet
  facet normal 0.839938 -0.506576 0.194638
    outer loop
      vertex -15.3521 -80.7281 11.093
      vertex -13.3523 -78.4648 8.35369
      vertex -14.212 -78.6686 11.5332
    endloop
  endfacet
  facet normal 0.839946 -0.506554 0.194662
    outer loop
      vertex -13.3523 -78.4648 8.35369
      vertex -15.3521 -80.7281 11.093
      vertex -16.1162 -82.1085 10.7979
    endloop
  endfacet
endsolid OpenSCAD_Model
