solid p
 facet normal 0 0 0
  outer loop
   vertex -66.9664 33.1445 1.6491
   vertex -62.4448 34.3219 15.5084
   vertex -63.0866 36.3683 19.1376
  endloop
 endfacet
 facet normal 0 0 0
  outer loop
   vertex -62.0133 34.7140 17.5383
   vertex -63.0866 36.3683 19.1376
   vertex -62.4448 34.3219 15.5084
  endloop
 endfacet
 facet normal 0 0 0
  outer loop
   vertex -63.0866 36.3683 19.1376
   vertex -62.0133 34.7140 17.5383
   vertex -62.6718 35.9690 19.1266
  endloop
 endfacet
 facet normal 0 0 0
  outer loop
   vertex -62.0133 34.7140 17.5383
   vertex -53.9346 27.5593 18.8939
   vertex -62.6718 35.9690 19.1266
  endloop
 endfacet
 facet normal 0 0 0
  outer loop
   vertex -53.3417 26.3674 17.3074
   vertex -53.9346 27.5593 18.8939
   vertex -62.0133 34.7140 17.5383
  endloop
 endfacet
 facet normal 0 0 0
  outer loop
   vertex -53.9346 27.5593 18.8939
   vertex -53.3417 26.3674 17.3074
   vertex -53.7552 27.3653 18.8350
  endloop
 endfacet
 facet normal 0 0 0
  outer loop
   vertex -53.3417 26.3674 17.3074
   vertex -53.1644 26.7800 18.7774
   vertex -53.7552 27.3653 18.8350
  endloop
 endfacet
 facet normal 0 0 0
  outer loop
   vertex -53.3417 26.3674 17.3074
   vertex -52.5257 26.1947 18.8350
   vertex -53.1644 26.7800 18.7774
  endloop
 endfacet
 facet normal 0 0 0
  outer loop
   vertex -51.8204 24.9031 17.2669
   vertex -52.5257 26.1947 18.8350
   vertex -53.3417 26.3674 17.3074
  endloop
 endfacet
 facet normal 0 0 0
  outer loop
   vertex -52.5257 26.1947 18.8350
   vertex -51.8204 24.9031 17.2669
   vertex -52.4506 26.1309 18.8544
  endloop
 endfacet
 facet normal 0 0 0
  outer loop
   vertex -50.4979 24.2514 18.8024
   vertex -52.4506 26.1309 18.8544
   vertex -51.8204 24.9031 17.2669
  endloop
 endfacet
 facet normal 0 0 0
  outer loop
   vertex -66.9664 33.1445 1.6491
   vertex -63.3828 30.6224 3.8977
   vertex -64.9042 32.0867 3.9382
  endloop
 endfacet
 facet normal 0 0 0
  outer loop
   vertex -54.2162 20.8722 1.3097
   vertex -63.3828 30.6224 3.8977
   vertex -66.9664 33.1445 1.6491
  endloop
 endfacet
 facet normal 0 0 0
  outer loop
   vertex -63.3828 30.6224 3.8977
   vertex -54.2162 20.8722 1.3097
   vertex -54.7112 22.2758 3.6668
  endloop
 endfacet
 facet normal 0 0 0
  outer loop
   vertex -54.2162 20.8722 1.3097
   vertex -52.2519 24.5110 15.2371
   vertex -54.7112 22.2758 3.6668
  endloop
 endfacet
 facet normal 0 0 0
  outer loop
   vertex -50.4979 24.2514 18.8024
   vertex -52.2519 24.5110 15.2371
   vertex -54.2162 20.8722 1.3097
  endloop
 endfacet
 facet normal 0 0 0
  outer loop
   vertex -52.2519 24.5110 15.2371
   vertex -50.4979 24.2514 18.8024
   vertex -51.8204 24.9031 17.2669
  endloop
 endfacet
 facet normal 0 0 0
  outer loop
   vertex -62.4448 34.3219 15.5084
   vertex -66.9664 33.1445 1.6491
   vertex -64.9042 32.0867 3.9382
  endloop
 endfacet
 facet normal 0 0 0
  outer loop
   vertex -66.9664 33.1445 1.6491
   vertex -63.0866 36.3683 19.1376
   vertex -63.0847 36.6723 19.9108
  endloop
 endfacet
 facet normal 0 0 0
  outer loop
   vertex -66.9664 33.1445 1.6491
   vertex -63.1169 36.6615 19.0874
   vertex -63.8510 36.4170 0.3548
  endloop
 endfacet
 facet normal 0 0 0
  outer loop
   vertex -63.1169 36.6615 19.0874
   vertex -66.9664 33.1445 1.6491
   vertex -63.0847 36.6723 19.9108
  endloop
 endfacet
 facet normal 0 0 0
  outer loop
   vertex -63.1169 36.6615 19.0874
   vertex -63.0847 36.6723 19.9108
   vertex -63.2481 36.5237 19.1419
  endloop
 endfacet
 facet normal 0 0 0
  outer loop
   vertex -60.1327 39.7962 17.8476
   vertex -63.8510 36.4170 0.3548
   vertex -63.1169 36.6615 19.0874
  endloop
 endfacet
 facet normal 0 0 0
  outer loop
   vertex -59.5716 39.2561 17.8326
   vertex -58.3337 37.7110 16.9056
   vertex -58.7638 37.8574 16.2404
  endloop
 endfacet
 facet normal 0 0 0
  outer loop
   vertex -55.9345 35.7554 17.7358
   vertex -58.3337 37.7110 16.9056
   vertex -59.5716 39.2561 17.8326
  endloop
 endfacet
 facet normal 0 0 0
  outer loop
   vertex -55.9345 35.7554 17.7358
   vertex -48.0577 27.8202 16.6320
   vertex -58.3337 37.7110 16.9056
  endloop
 endfacet
 facet normal 0 0 0
  outer loop
   vertex -48.0577 27.8202 16.6320
   vertex -55.9345 35.7554 17.7358
   vertex -47.3825 27.5239 17.5081
  endloop
 endfacet
 facet normal 0 0 0
  outer loop
   vertex -58.7638 37.8574 16.2404
   vertex -58.3337 37.7110 16.9056
   vertex -58.0558 37.1759 16.2216
  endloop
 endfacet
 facet normal 0 0 0
  outer loop
   vertex -51.2346 24.9330 1.6862
   vertex -50.9329 24.2973 0.8050
   vertex -51.3820 25.0749 1.6902
  endloop
 endfacet
 facet normal 0 0 0
  outer loop
   vertex -48.0577 27.8202 16.6320
   vertex -50.9329 24.2973 0.8050
   vertex -51.2346 24.9330 1.6862
  endloop
 endfacet
 facet normal 0 0 0
  outer loop
   vertex -48.0577 27.8202 16.6320
   vertex -47.3825 27.5239 17.5081
   vertex -50.9329 24.2973 0.8050
  endloop
 endfacet
 facet normal 0 0 0
  outer loop
   vertex -50.9373 24.2932 0.7842
   vertex -51.3820 25.0749 1.6902
   vertex -50.9329 24.2973 0.8050
  endloop
 endfacet
 facet normal 0 0 0
  outer loop
   vertex -63.8510 36.4170 0.3548
   vertex -61.3573 35.7513 4.6737
   vertex -61.7888 35.3592 2.6439
  endloop
 endfacet
 facet normal 0 0 0
  outer loop
   vertex -63.8510 36.4170 0.3548
   vertex -60.1327 39.7962 17.8476
   vertex -61.3573 35.7513 4.6737
  endloop
 endfacet
 facet normal 0 0 0
  outer loop
   vertex -58.8979 37.9864 16.2440
   vertex -60.1327 39.7962 17.8476
   vertex -59.8753 39.5484 17.8407
  endloop
 endfacet
 facet normal 0 0 0
  outer loop
   vertex -58.8979 37.9864 16.2440
   vertex -59.8753 39.5484 17.8407
   vertex -59.5716 39.2561 17.8326
  endloop
 endfacet
 facet normal 0 0 0
  outer loop
   vertex -60.1327 39.7962 17.8476
   vertex -58.8979 37.9864 16.2440
   vertex -61.3573 35.7513 4.6737
  endloop
 endfacet
 facet normal 0 0 0
  outer loop
   vertex -58.8979 37.9864 16.2440
   vertex -59.5716 39.2561 17.8326
   vertex -58.7638 37.8574 16.2404
  endloop
 endfacet
 facet normal 0 0 0
  outer loop
   vertex -54.2726 27.8571 1.7671
   vertex -61.7888 35.3592 2.6439
   vertex -54.3603 28.2092 2.4461
  endloop
 endfacet
 facet normal 0 0 0
  outer loop
   vertex -61.7888 35.3592 2.6439
   vertex -54.2726 27.8571 1.7671
   vertex -63.8510 36.4170 0.3548
  endloop
 endfacet
 facet normal 0 0 0
  outer loop
   vertex -51.0949 24.1500 0.0429
   vertex -54.2726 27.8571 1.7671
   vertex -51.3820 25.0749 1.6902
  endloop
 endfacet
 facet normal 0 0 0
  outer loop
   vertex -54.2726 27.8571 1.7671
   vertex -51.0949 24.1500 0.0429
   vertex -63.8510 36.4170 0.3548
  endloop
 endfacet
 facet normal 0 0 0
  outer loop
   vertex -63.8510 36.4170 0.3548
   vertex -51.0949 24.1500 0.0429
   vertex -50.5245 23.5900 0.0000
  endloop
 endfacet
 facet normal 0 0 0
  outer loop
   vertex -51.3820 25.0749 1.6902
   vertex -50.9373 24.2932 0.7842
   vertex -51.0949 24.1500 0.0429
  endloop
 endfacet
 facet normal 0 0 0
  outer loop
   vertex -52.9403 22.2124 0.7796
   vertex -63.8510 36.4170 0.3548
   vertex -51.0553 24.0837 0.0175
  endloop
 endfacet
 facet normal 0 0 0
  outer loop
   vertex -51.0553 24.0837 0.0175
   vertex -63.8510 36.4170 0.3548
   vertex -50.5245 23.5900 0.0000
  endloop
 endfacet
 facet normal 0 0 0
  outer loop
   vertex -63.8510 36.4170 0.3548
   vertex -52.9403 22.2124 0.7796
   vertex -66.9664 33.1445 1.6491
  endloop
 endfacet
 facet normal 0 0 0
  outer loop
   vertex -54.2162 20.8722 1.3097
   vertex -66.9664 33.1445 1.6491
   vertex -52.9403 22.2124 0.7796
  endloop
 endfacet
 facet normal 0 0 0
  outer loop
   vertex -40.7068 4.8777 20.4413
   vertex -41.6759 5.9967 18.7629
   vertex -41.5994 5.8277 18.7793
  endloop
 endfacet
 facet normal 0 0 0
  outer loop
   vertex -41.5994 5.8277 18.7793
   vertex -42.6972 3.0688 11.0773
   vertex -40.7068 4.8777 20.4413
  endloop
 endfacet
 facet normal 0 0 0
  outer loop
   vertex -44.0587 3.5926 7.2090
   vertex -42.6972 3.0688 11.0773
   vertex -41.5994 5.8277 18.7793
  endloop
 endfacet
 facet normal 0 0 0
  outer loop
   vertex -44.4206 1.5025 2.9693
   vertex -44.0587 3.5926 7.2090
   vertex -44.4902 3.2005 5.1791
  endloop
 endfacet
 facet normal 0 0 0
  outer loop
   vertex -51.3652 16.8379 1.4830
   vertex -45.3581 5.1169 4.9934
   vertex -50.2282 15.8715 3.9510
  endloop
 endfacet
 facet normal 0 0 0
  outer loop
   vertex -44.0587 3.5926 7.2090
   vertex -44.4206 1.5025 2.9693
   vertex -42.6972 3.0688 11.0773
  endloop
 endfacet
 facet normal 0 0 0
  outer loop
   vertex -44.4206 1.5025 2.9693
   vertex -45.3581 5.1169 4.9934
   vertex -51.3652 16.8379 1.4830
  endloop
 endfacet
 facet normal 0 0 0
  outer loop
   vertex -51.3652 16.8379 1.4830
   vertex -50.2282 15.8715 3.9510
   vertex -51.1973 16.9905 2.2726
  endloop
 endfacet
 facet normal 0 0 0
  outer loop
   vertex -44.4206 1.5025 2.9693
   vertex -51.3652 16.8379 1.4830
   vertex -44.4041 1.4661 2.9728
  endloop
 endfacet
 facet normal 0 0 0
  outer loop
   vertex -45.3581 5.1169 4.9934
   vertex -44.4206 1.5025 2.9693
   vertex -44.4902 3.2005 5.1791
  endloop
 endfacet
 facet normal 0 0 0
  outer loop
   vertex -44.2326 1.5389 2.9223
   vertex -51.3652 16.8379 1.4830
   vertex -47.6054 18.4332 0.3756
  endloop
 endfacet
 facet normal 0 0 0
  outer loop
   vertex -44.2326 1.5389 2.9223
   vertex -47.6054 18.4332 0.3756
   vertex -47.5180 19.3357 0.1827
  endloop
 endfacet
 facet normal 0 0 0
  outer loop
   vertex -51.3652 16.8379 1.4830
   vertex -44.2326 1.5389 2.9223
   vertex -44.4041 1.4661 2.9728
  endloop
 endfacet
 facet normal 0 0 0
  outer loop
   vertex -40.7024 4.8818 20.4621
   vertex -40.7024 4.8817 20.4621
   vertex -40.7024 4.8817 20.4621
  endloop
 endfacet
 facet normal 0 0 0
  outer loop
   vertex -40.7024 4.8818 20.4621
   vertex -40.7024 4.8817 20.4620
   vertex -40.7024 4.8817 20.4621
  endloop
 endfacet
 facet normal 0 0 0
  outer loop
   vertex -40.7024 4.8818 20.4621
   vertex -40.7068 4.8777 20.4413
   vertex -40.7024 4.8817 20.4620
  endloop
 endfacet
 facet normal 0 0 0
  outer loop
   vertex -41.9276 7.5874 20.1998
   vertex -40.7068 4.8777 20.4413
   vertex -40.7024 4.8818 20.4621
  endloop
 endfacet
 facet normal 0 0 0
  outer loop
   vertex -47.4139 18.6677 17.5348
   vertex -41.9276 7.5874 20.1998
   vertex -47.6469 20.2171 18.9757
  endloop
 endfacet
 facet normal 0 0 0
  outer loop
   vertex -41.6759 5.9967 18.7629
   vertex -41.9276 7.5874 20.1998
   vertex -42.4672 7.7441 18.5935
  endloop
 endfacet
 facet normal 0 0 0
  outer loop
   vertex -41.9276 7.5874 20.1998
   vertex -41.6759 5.9967 18.7629
   vertex -40.7068 4.8777 20.4413
  endloop
 endfacet
 facet normal 0 0 0
  outer loop
   vertex -41.9276 7.5874 20.1998
   vertex -47.4139 18.6677 17.5348
   vertex -42.4672 7.7441 18.5935
  endloop
 endfacet
 facet normal 0 0 0
  outer loop
   vertex -50.3747 17.7380 6.1425
   vertex -47.4139 18.6677 17.5348
   vertex -47.6469 20.2171 18.9757
  endloop
 endfacet
 facet normal 0 0 0
  outer loop
   vertex -50.3747 17.7380 6.1425
   vertex -49.8733 16.4326 5.9645
   vertex -47.4139 18.6677 17.5348
  endloop
 endfacet
 facet normal 0 0 0
  outer loop
   vertex -50.3747 17.7380 6.1425
   vertex -50.3047 16.0405 3.9346
   vertex -49.8733 16.4326 5.9645
  endloop
 endfacet
 facet normal 0 0 0
  outer loop
   vertex -50.3047 16.0405 3.9346
   vertex -50.3747 17.7380 6.1425
   vertex -51.1973 16.9905 2.2726
  endloop
 endfacet
 facet normal 0 0 0
  outer loop
   vertex -40.7024 4.8817 20.4621
   vertex -40.7024 4.8817 20.4620
   vertex -40.7068 4.8777 20.4413
  endloop
 endfacet
 facet normal 0 0 0
  outer loop
   vertex -50.2282 15.8715 3.9510
   vertex -50.3047 16.0405 3.9346
   vertex -51.1973 16.9905 2.2726
  endloop
 endfacet
 facet normal 0 0 0
  outer loop
   vertex -46.4754 18.1318 1.9884
   vertex -47.5180 19.3357 0.1827
   vertex -46.5595 18.3175 1.9704
  endloop
 endfacet
 facet normal 0 0 0
  outer loop
   vertex -43.4710 21.9889 17.7458
   vertex -43.2380 20.4395 16.3049
   vertex -43.4852 21.1115 16.4337
  endloop
 endfacet
 facet normal 0 0 0
  outer loop
   vertex -43.4852 21.1115 16.4337
   vertex -43.2380 20.4395 16.3049
   vertex -43.5707 20.1372 14.7397
  endloop
 endfacet
 facet normal 0 0 0
  outer loop
   vertex -37.5000 7.7685 17.5330
   vertex -37.9153 9.7205 18.9349
   vertex -36.5178 6.6344 19.2340
  endloop
 endfacet
 facet normal 0 0 0
  outer loop
   vertex -37.9153 9.7205 18.9349
   vertex -37.5000 7.7685 17.5330
   vertex -42.3701 18.5231 16.4906
  endloop
 endfacet
 facet normal 0 0 0
  outer loop
   vertex -37.9153 9.7205 18.9349
   vertex -42.3701 18.5231 16.4906
   vertex -43.4710 21.9889 17.7458
  endloop
 endfacet
 facet normal 0 0 0
  outer loop
   vertex -43.2380 20.4395 16.3049
   vertex -43.4710 21.9889 17.7458
   vertex -42.3701 18.5231 16.4906
  endloop
 endfacet
 facet normal 0 0 0
  outer loop
   vertex -43.4852 21.1115 16.4337
   vertex -46.1213 19.5803 5.2774
   vertex -43.4710 21.9889 17.7458
  endloop
 endfacet
 facet normal 0 0 0
  outer loop
   vertex -46.5595 18.3175 1.9704
   vertex -46.1213 19.5803 5.2774
   vertex -43.4852 21.1115 16.4337
  endloop
 endfacet
 facet normal 0 0 0
  outer loop
   vertex -46.5595 18.3175 1.9704
   vertex -47.5180 19.3357 0.1827
   vertex -46.1213 19.5803 5.2774
  endloop
 endfacet
 facet normal 0 0 0
  outer loop
   vertex -37.4235 7.5995 17.5494
   vertex -36.4029 6.3807 19.2586
   vertex -36.1977 5.9276 19.3025
  endloop
 endfacet
 facet normal 0 0 0
  outer loop
   vertex -36.4029 6.3807 19.2586
   vertex -37.4235 7.5995 17.5494
   vertex -36.5178 6.6344 19.2340
  endloop
 endfacet
 facet normal 0 0 0
  outer loop
   vertex -36.1977 5.9276 19.3025
   vertex -37.8549 7.2074 15.5195
   vertex -37.4235 7.5995 17.5494
  endloop
 endfacet
 facet normal 0 0 0
  outer loop
   vertex -39.9160 2.5484 1.8098
   vertex -37.8549 7.2074 15.5195
   vertex -36.1977 5.9276 19.3025
  endloop
 endfacet
 facet normal 0 0 0
  outer loop
   vertex -40.3143 4.9723 3.9492
   vertex -41.5150 7.1779 3.0501
   vertex -41.9389 8.5599 3.6015
  endloop
 endfacet
 facet normal 0 0 0
  outer loop
   vertex -37.8549 7.2074 15.5195
   vertex -39.9160 2.5484 1.8098
   vertex -40.3143 4.9723 3.9492
  endloop
 endfacet
 facet normal 0 0 0
  outer loop
   vertex -39.9160 2.5484 1.8098
   vertex -41.5150 7.1779 3.0501
   vertex -40.3143 4.9723 3.9492
  endloop
 endfacet
 facet normal 0 0 0
  outer loop
   vertex -47.5180 19.3357 0.1827
   vertex -41.5150 7.1779 3.0501
   vertex -39.9160 2.5484 1.8098
  endloop
 endfacet
 facet normal 0 0 0
  outer loop
   vertex -41.5150 7.1779 3.0501
   vertex -47.5180 19.3357 0.1827
   vertex -46.4754 18.1318 1.9884
  endloop
 endfacet
 facet normal 0 0 0
  outer loop
   vertex -36.5178 6.6344 19.2340
   vertex -37.4235 7.5995 17.5494
   vertex -37.5000 7.7685 17.5330
  endloop
 endfacet
 facet normal 0 0 0
  outer loop
   vertex -47.5180 19.3357 0.1827
   vertex -41.3598 2.8012 2.0678
   vertex -44.2326 1.5389 2.9223
  endloop
 endfacet
 facet normal 0 0 0
  outer loop
   vertex -41.3598 2.8012 2.0678
   vertex -47.5180 19.3357 0.1827
   vertex -39.9160 2.5484 1.8098
  endloop
 endfacet
 facet normal 0 0 0
  outer loop
   vertex -41.3598 2.8012 2.0678
   vertex -39.9160 2.5484 1.8098
   vertex -40.2447 3.2743 1.7394
  endloop
 endfacet
 facet normal 0 0 0
  outer loop
   vertex -39.1589 -16.5233 23.0730
   vertex -39.3022 -15.4383 22.3990
   vertex -39.1823 -16.7287 22.9632
  endloop
 endfacet
 facet normal 0 0 0
  outer loop
   vertex -39.0796 -16.0687 23.4461
   vertex -39.3022 -15.4383 22.3990
   vertex -39.1589 -16.5233 23.0730
  endloop
 endfacet
 facet normal 0 0 0
  outer loop
   vertex -39.0682 -16.0244 23.5000
   vertex -39.3022 -15.4383 22.3990
   vertex -39.0796 -16.0687 23.4461
  endloop
 endfacet
 facet normal 0 0 0
  outer loop
   vertex -39.3022 -15.4383 22.3990
   vertex -39.0682 -16.0244 23.5000
   vertex -39.3094 -15.2554 22.3652
  endloop
 endfacet
 facet normal 0 0 0
  outer loop
   vertex -42.1930 -18.0656 8.7989
   vertex -39.1823 -16.7287 22.9632
   vertex -39.3022 -15.4383 22.3990
  endloop
 endfacet
 facet normal 0 0 0
  outer loop
   vertex -42.1930 -18.0656 8.7989
   vertex -42.6354 -19.8669 6.7178
   vertex -39.1823 -16.7287 22.9632
  endloop
 endfacet
 facet normal 0 0 0
  outer loop
   vertex -42.7320 -4.3446 6.2629
   vertex -42.6354 -19.8669 6.7178
   vertex -42.1930 -18.0656 8.7989
  endloop
 endfacet
 facet normal 0 0 0
  outer loop
   vertex -43.1243 -3.1123 4.4175
   vertex -42.7320 -4.3446 6.2629
   vertex -43.1199 -3.1083 4.4383
  endloop
 endfacet
 facet normal 0 0 0
  outer loop
   vertex -43.2437 -3.2208 3.8558
   vertex -42.7320 -4.3446 6.2629
   vertex -43.1243 -3.1123 4.4175
  endloop
 endfacet
 facet normal 0 0 0
  outer loop
   vertex -43.2877 -3.2608 3.6486
   vertex -42.7320 -4.3446 6.2629
   vertex -43.2437 -3.2208 3.8558
  endloop
 endfacet
 facet normal 0 0 0
  outer loop
   vertex -42.7320 -4.3446 6.2629
   vertex -43.2877 -3.2608 3.6486
   vertex -42.6354 -19.8669 6.7178
  endloop
 endfacet
 facet normal 0 0 0
  outer loop
   vertex -38.9830 -15.6956 23.9007
   vertex -39.3094 -15.2554 22.3652
   vertex -39.0682 -16.0244 23.5000
  endloop
 endfacet
 facet normal 0 0 0
  outer loop
   vertex -38.9514 -15.6161 24.0495
   vertex -39.3094 -15.2554 22.3652
   vertex -38.9830 -15.6956 23.9007
  endloop
 endfacet
 facet normal 0 0 0
  outer loop
   vertex -39.8484 -1.5344 19.8292
   vertex -38.9514 -15.6161 24.0495
   vertex -39.5695 0.1184 21.1413
  endloop
 endfacet
 facet normal 0 0 0
  outer loop
   vertex -38.9514 -15.6161 24.0495
   vertex -39.8484 -1.5344 19.8292
   vertex -39.3094 -15.2554 22.3652
  endloop
 endfacet
 facet normal 0 0 0
  outer loop
   vertex -43.1199 -3.1083 4.4383
   vertex -39.8484 -1.5344 19.8292
   vertex -39.5695 0.1184 21.1413
  endloop
 endfacet
 facet normal 0 0 0
  outer loop
   vertex -39.8484 -1.5344 19.8292
   vertex -43.1199 -3.1083 4.4383
   vertex -42.7392 -4.1616 6.2291
  endloop
 endfacet
 facet normal 0 0 0
  outer loop
   vertex -42.7320 -4.3446 6.2629
   vertex -42.7392 -4.1616 6.2291
   vertex -43.1199 -3.1083 4.4383
  endloop
 endfacet
 facet normal 0 0 0
  outer loop
   vertex -42.4366 -19.8669 6.6756
   vertex -40.9010 -3.2608 3.1413
   vertex -38.7213 -2.4747 2.5261
  endloop
 endfacet
 facet normal 0 0 0
  outer loop
   vertex -42.4366 -19.8669 6.6756
   vertex -43.2877 -3.2608 3.6486
   vertex -40.9010 -3.2608 3.1413
  endloop
 endfacet
 facet normal 0 0 0
  outer loop
   vertex -42.6354 -19.8669 6.7178
   vertex -43.2877 -3.2608 3.6486
   vertex -42.4366 -19.8669 6.6756
  endloop
 endfacet
 facet normal 0 0 0
  outer loop
   vertex -35.2511 -1.5344 18.8520
   vertex -35.7064 -1.9482 16.7102
   vertex -35.6354 -1.1713 17.0439
  endloop
 endfacet
 facet normal 0 0 0
  outer loop
   vertex -35.2511 -1.5344 18.8520
   vertex -34.9766 0.1144 20.1434
   vertex -35.2439 -1.7174 18.8858
  endloop
 endfacet
 facet normal 0 0 0
  outer loop
   vertex -35.6354 -1.1713 17.0439
   vertex -34.9766 0.1144 20.1434
   vertex -35.2511 -1.5344 18.8520
  endloop
 endfacet
 facet normal 0 0 0
  outer loop
   vertex -38.5270 -3.1123 3.4403
   vertex -35.6354 -1.1713 17.0439
   vertex -38.3120 -3.6038 4.4520
  endloop
 endfacet
 facet normal 0 0 0
  outer loop
   vertex -35.6354 -1.1713 17.0439
   vertex -38.5270 -3.1123 3.4403
   vertex -34.9766 0.1144 20.1434
  endloop
 endfacet
 facet normal 0 0 0
  outer loop
   vertex -38.0568 -10.0978 5.6522
   vertex -37.6029 -17.8826 7.7879
   vertex -38.0072 -20.6530 5.8859
  endloop
 endfacet
 facet normal 0 0 0
  outer loop
   vertex -37.6029 -17.8826 7.7879
   vertex -38.0568 -10.0978 5.6522
   vertex -37.9098 -10.0710 6.3441
  endloop
 endfacet
 facet normal 0 0 0
  outer loop
   vertex -38.6476 -3.2219 2.8730
   vertex -38.0568 -10.0978 5.6522
   vertex -38.0072 -20.6530 5.8859
  endloop
 endfacet
 facet normal 0 0 0
  outer loop
   vertex -38.0568 -10.0978 5.6522
   vertex -38.6476 -3.2219 2.8730
   vertex -38.3120 -3.6038 4.4520
  endloop
 endfacet
 facet normal 0 0 0
  outer loop
   vertex -38.5270 -3.1123 3.4403
   vertex -38.3120 -3.6038 4.4520
   vertex -38.6476 -3.2219 2.8730
  endloop
 endfacet
 facet normal 0 0 0
  outer loop
   vertex -38.6476 -3.2219 2.8730
   vertex -38.0072 -20.6530 5.8859
   vertex -38.7213 -2.4747 2.5261
  endloop
 endfacet
 facet normal 0 0 0
  outer loop
   vertex -34.5566 -16.7029 22.1193
   vertex -34.5349 -15.9962 22.2217
   vertex -34.3198 -16.4877 23.2334
  endloop
 endfacet
 facet normal 0 0 0
  outer loop
   vertex -34.5566 -16.7029 22.1193
   vertex -35.0808 -16.4924 19.6531
   vertex -34.5349 -15.9962 22.2217
  endloop
 endfacet
 facet normal 0 0 0
  outer loop
   vertex -35.6278 -17.6765 17.0798
   vertex -35.0808 -16.4924 19.6531
   vertex -34.5566 -16.7029 22.1193
  endloop
 endfacet
 facet normal 0 0 0
  outer loop
   vertex -35.6278 -17.6765 17.0798
   vertex -35.2017 -15.8899 19.0845
   vertex -35.0808 -16.4924 19.6531
  endloop
 endfacet
 facet normal 0 0 0
  outer loop
   vertex -36.8006 -18.7423 11.5623
   vertex -35.2017 -15.8899 19.0845
   vertex -35.6278 -17.6765 17.0798
  endloop
 endfacet
 facet normal 0 0 0
  outer loop
   vertex -36.8006 -18.7423 11.5623
   vertex -37.5957 -18.0656 7.8217
   vertex -35.2017 -15.8899 19.0845
  endloop
 endfacet
 facet normal 0 0 0
  outer loop
   vertex -37.5957 -18.0656 7.8217
   vertex -38.0072 -20.6530 5.8859
   vertex -37.6029 -17.8826 7.7879
  endloop
 endfacet
 facet normal 0 0 0
  outer loop
   vertex -38.0072 -20.6530 5.8859
   vertex -37.5957 -18.0656 7.8217
   vertex -36.8006 -18.7423 11.5623
  endloop
 endfacet
 facet normal 0 0 0
  outer loop
   vertex -34.8807 -7.1931 20.5947
   vertex -34.3198 -16.4877 23.2334
   vertex -34.5349 -15.9962 22.2217
  endloop
 endfacet
 facet normal 0 0 0
  outer loop
   vertex -34.8807 -7.1931 20.5947
   vertex -34.9722 0.1184 20.1642
   vertex -34.3198 -16.4877 23.2334
  endloop
 endfacet
 facet normal 0 0 0
  outer loop
   vertex -35.2439 -1.7174 18.8858
   vertex -34.9722 0.1184 20.1642
   vertex -34.8807 -7.1931 20.5947
  endloop
 endfacet
 facet normal 0 0 0
  outer loop
   vertex -35.2439 -1.7174 18.8858
   vertex -34.8807 -7.1931 20.5947
   vertex -35.0196 -7.4278 19.9413
  endloop
 endfacet
 facet normal 0 0 0
  outer loop
   vertex -34.9722 0.1184 20.1642
   vertex -35.2439 -1.7174 18.8858
   vertex -34.9766 0.1144 20.1434
  endloop
 endfacet
 facet normal 0 0 0
  outer loop
   vertex -38.7213 -2.4747 2.5261
   vertex -38.0431 -19.9050 5.7491
   vertex -39.8817 -19.8669 6.1325
  endloop
 endfacet
 facet normal 0 0 0
  outer loop
   vertex -38.0431 -19.9050 5.7491
   vertex -38.7213 -2.4747 2.5261
   vertex -38.0072 -20.6530 5.8859
  endloop
 endfacet
 facet normal 0 0 0
  outer loop
   vertex -38.7213 -2.4747 2.5261
   vertex -39.8817 -19.8669 6.1325
   vertex -42.4366 -19.8669 6.6756
  endloop
 endfacet
 facet normal 0 0 0
  outer loop
   vertex -45.4225 -36.6056 29.4796
   vertex -45.2171 -35.4715 27.5261
   vertex -45.2803 -35.6405 27.5722
  endloop
 endfacet
 facet normal 0 0 0
  outer loop
   vertex -45.2803 -35.6405 27.5722
   vertex -45.6870 -37.3124 29.6723
   vertex -45.4225 -36.6056 29.4796
  endloop
 endfacet
 facet normal 0 0 0
  outer loop
   vertex -48.1712 -38.2677 13.9721
   vertex -45.6870 -37.3124 29.6723
   vertex -45.2803 -35.6405 27.5722
  endloop
 endfacet
 facet normal 0 0 0
  outer loop
   vertex -45.6870 -37.3124 29.6723
   vertex -49.4053 -40.6916 12.1796
   vertex -45.5236 -37.1639 30.4412
  endloop
 endfacet
 facet normal 0 0 0
  outer loop
   vertex -48.1712 -38.2677 13.9721
   vertex -49.4053 -40.6916 12.1796
   vertex -45.6870 -37.3124 29.6723
  endloop
 endfacet
 facet normal 0 0 0
  outer loop
   vertex -44.0828 -27.3441 10.9929
   vertex -49.4053 -40.6916 12.1796
   vertex -48.1712 -38.2677 13.9721
  endloop
 endfacet
 facet normal 0 0 0
  outer loop
   vertex -43.3940 -24.6303 7.7992
   vertex -44.0828 -27.3441 10.9929
   vertex -43.4288 -25.5967 10.5163
  endloop
 endfacet
 facet normal 0 0 0
  outer loop
   vertex -43.3940 -24.6303 7.7992
   vertex -43.4288 -25.5967 10.5163
   vertex -43.2262 -24.4777 8.5889
  endloop
 endfacet
 facet normal 0 0 0
  outer loop
   vertex -44.0828 -27.3441 10.9929
   vertex -43.3940 -24.6303 7.7992
   vertex -49.4053 -40.6916 12.1796
  endloop
 endfacet
 facet normal 0 0 0
  outer loop
   vertex -49.4053 -40.6916 12.1796
   vertex -43.3940 -24.6303 7.7992
   vertex -43.1223 -23.9043 7.6012
  endloop
 endfacet
 facet normal 0 0 0
  outer loop
   vertex -49.4053 -40.6916 12.1796
   vertex -43.1223 -23.9043 7.6012
   vertex -45.0902 -42.4634 11.6046
  endloop
 endfacet
 facet normal 0 0 0
  outer loop
   vertex -45.4153 -36.5865 29.4744
   vertex -45.2171 -35.4715 27.5261
   vertex -45.4225 -36.6056 29.4796
  endloop
 endfacet
 facet normal 0 0 0
  outer loop
   vertex -45.4153 -36.5865 29.4744
   vertex -44.5631 -33.7241 27.0496
   vertex -45.2171 -35.4715 27.5261
  endloop
 endfacet
 facet normal 0 0 0
  outer loop
   vertex -39.6758 -21.2511 25.2919
   vertex -44.5631 -33.7241 27.0496
   vertex -45.4153 -36.5865 29.4744
  endloop
 endfacet
 facet normal 0 0 0
  outer loop
   vertex -40.4747 -22.8005 24.0704
   vertex -39.6758 -21.2511 25.2919
   vertex -39.7891 -21.3541 24.7588
  endloop
 endfacet
 facet normal 0 0 0
  outer loop
   vertex -39.6758 -21.2511 25.2919
   vertex -40.4747 -22.8005 24.0704
   vertex -44.5631 -33.7241 27.0496
  endloop
 endfacet
 facet normal 0 0 0
  outer loop
   vertex -39.7891 -21.3541 24.7588
   vertex -42.9341 -25.0356 12.5001
   vertex -40.4747 -22.8005 24.0704
  endloop
 endfacet
 facet normal 0 0 0
  outer loop
   vertex -43.2262 -24.4777 8.5889
   vertex -42.9341 -25.0356 12.5001
   vertex -39.7891 -21.3541 24.7588
  endloop
 endfacet
 facet normal 0 0 0
  outer loop
   vertex -42.9341 -25.0356 12.5001
   vertex -43.2262 -24.4777 8.5889
   vertex -43.3656 -25.4277 10.4702
  endloop
 endfacet
 facet normal 0 0 0
  outer loop
   vertex -43.4288 -25.5967 10.5163
   vertex -43.3656 -25.4277 10.4702
   vertex -43.2262 -24.4777 8.5889
  endloop
 endfacet
 facet normal 0 0 0
  outer loop
   vertex -41.3719 -39.0842 29.0974
   vertex -41.0600 -37.9175 27.8433
   vertex -41.1002 -38.3583 28.8994
  endloop
 endfacet
 facet normal 0 0 0
  outer loop
   vertex -41.3719 -39.0842 29.0974
   vertex -44.2368 -40.8047 12.8976
   vertex -41.0600 -37.9175 27.8433
  endloop
 endfacet
 facet normal 0 0 0
  outer loop
   vertex -45.0902 -42.4634 11.6046
   vertex -44.2368 -40.8047 12.8976
   vertex -41.3719 -39.0842 29.0974
  endloop
 endfacet
 facet normal 0 0 0
  outer loop
   vertex -45.0902 -42.4634 11.6046
   vertex -40.7225 -31.4149 10.3367
   vertex -44.2368 -40.8047 12.8976
  endloop
 endfacet
 facet normal 0 0 0
  outer loop
   vertex -40.7225 -31.4149 10.3367
   vertex -38.8072 -25.6761 7.0263
   vertex -39.0505 -27.1995 9.8953
  endloop
 endfacet
 facet normal 0 0 0
  outer loop
   vertex -38.8072 -25.6761 7.0263
   vertex -40.7225 -31.4149 10.3367
   vertex -45.0902 -42.4634 11.6046
  endloop
 endfacet
 facet normal 0 0 0
  outer loop
   vertex -39.2932 -33.1969 26.5559
   vertex -41.1002 -38.3583 28.8994
   vertex -41.0600 -37.9175 27.8433
  endloop
 endfacet
 facet normal 0 0 0
  outer loop
   vertex -39.2932 -33.1969 26.5559
   vertex -35.0889 -22.2969 24.5190
   vertex -41.1002 -38.3583 28.8994
  endloop
 endfacet
 facet normal 0 0 0
  outer loop
   vertex -36.8769 -26.4887 24.0181
   vertex -39.2932 -33.1969 26.5559
   vertex -39.3575 -33.1167 25.8257
  endloop
 endfacet
 facet normal 0 0 0
  outer loop
   vertex -39.2932 -33.1969 26.5559
   vertex -36.8769 -26.4887 24.0181
   vertex -35.0889 -22.2969 24.5190
  endloop
 endfacet
 facet normal 0 0 0
  outer loop
   vertex -36.1596 -24.5723 23.4954
   vertex -35.0889 -22.2969 24.5190
   vertex -36.8769 -26.4887 24.0181
  endloop
 endfacet
 facet normal 0 0 0
  outer loop
   vertex -36.5911 -24.9644 21.4656
   vertex -35.0889 -22.2969 24.5190
   vertex -36.1596 -24.5723 23.4954
  endloop
 endfacet
 facet normal 0 0 0
  outer loop
   vertex -38.8072 -25.6761 7.0263
   vertex -36.5911 -24.9644 21.4656
   vertex -39.0505 -27.1995 9.8953
  endloop
 endfacet
 facet normal 0 0 0
  outer loop
   vertex -36.5911 -24.9644 21.4656
   vertex -38.8072 -25.6761 7.0263
   vertex -35.0889 -22.2969 24.5190
  endloop
 endfacet
 facet normal 0 0 0
  outer loop
   vertex -40.6582 -31.4951 11.0668
   vertex -40.7225 -31.4149 10.3367
   vertex -39.0505 -27.1995 9.8953
  endloop
 endfacet
 facet normal 0 0 0
  outer loop
   vertex -40.0068 -26.0211 7.3479
   vertex -45.0902 -42.4634 11.6046
   vertex -43.1223 -23.9043 7.6012
  endloop
 endfacet
 facet normal 0 0 0
  outer loop
   vertex -45.0902 -42.4634 11.6046
   vertex -40.0068 -26.0211 7.3479
   vertex -39.0789 -26.4021 7.2242
  endloop
 endfacet
 facet normal 0 0 0
  outer loop
   vertex -38.8072 -25.6761 7.0263
   vertex -45.0902 -42.4634 11.6046
   vertex -39.0789 -26.4021 7.2242
  endloop
 endfacet
 facet normal 0 0 0
  outer loop
   vertex -44.7881 -37.6815 29.5526
   vertex -49.4053 -40.6916 12.1796
   vertex -45.0902 -42.4634 11.6046
  endloop
 endfacet
 facet normal 0 0 0
  outer loop
   vertex -49.4053 -40.6916 12.1796
   vertex -44.7881 -37.6815 29.5526
   vertex -45.5236 -37.1639 30.4412
  endloop
 endfacet
 facet normal 0 0 0
  outer loop
   vertex -44.7881 -37.6815 29.5526
   vertex -45.0902 -42.4634 11.6046
   vertex -41.3719 -39.0842 29.0974
  endloop
 endfacet
 facet normal 0 0 0
  outer loop
   vertex -62.1901 40.4818 28.8811
   vertex -58.4153 41.7514 46.6399
   vertex -59.1291 43.6642 28.0029
  endloop
 endfacet
 facet normal 0 0 0
  outer loop
   vertex -49.7410 28.0227 27.1256
   vertex -60.3233 39.0641 30.2510
   vertex -62.1901 40.4818 28.8811
  endloop
 endfacet
 facet normal 0 0 0
  outer loop
   vertex -60.3233 39.0641 30.2510
   vertex -49.7410 28.0227 27.1256
   vertex -50.3711 29.1039 28.8476
  endloop
 endfacet
 facet normal 0 0 0
  outer loop
   vertex -49.7410 28.0227 27.1256
   vertex -49.9330 29.2513 30.9083
   vertex -50.3711 29.1039 28.8476
  endloop
 endfacet
 facet normal 0 0 0
  outer loop
   vertex -46.1321 29.2365 44.1038
   vertex -49.9330 29.2513 30.9083
   vertex -49.7410 28.0227 27.1256
  endloop
 endfacet
 facet normal 0 0 0
  outer loop
   vertex -49.9330 29.2513 30.9083
   vertex -46.1321 29.2365 44.1038
   vertex -47.4362 30.0910 42.6546
  endloop
 endfacet
 facet normal 0 0 0
  outer loop
   vertex -57.8265 39.9039 41.9972
   vertex -62.1901 40.4818 28.8811
   vertex -60.3233 39.0641 30.2510
  endloop
 endfacet
 facet normal 0 0 0
  outer loop
   vertex -62.1901 40.4818 28.8811
   vertex -58.3574 41.4716 45.8278
   vertex -58.4153 41.7514 46.6399
  endloop
 endfacet
 facet normal 0 0 0
  outer loop
   vertex -62.1901 40.4818 28.8811
   vertex -57.8265 39.9039 41.9972
   vertex -58.3574 41.4716 45.8278
  endloop
 endfacet
 facet normal 0 0 0
  outer loop
   vertex -57.3885 40.0512 44.0580
   vertex -58.3574 41.4716 45.8278
   vertex -57.8265 39.9039 41.9972
  endloop
 endfacet
 facet normal 0 0 0
  outer loop
   vertex -57.3885 40.0512 44.0580
   vertex -57.3382 40.4516 45.6840
   vertex -58.3574 41.4716 45.8278
  endloop
 endfacet
 facet normal 0 0 0
  outer loop
   vertex -47.4362 30.0910 42.6546
   vertex -57.3382 40.4516 45.6840
   vertex -57.3885 40.0512 44.0580
  endloop
 endfacet
 facet normal 0 0 0
  outer loop
   vertex -57.3382 40.4516 45.6840
   vertex -47.4362 30.0910 42.6546
   vertex -46.1321 29.2365 44.1038
  endloop
 endfacet
 facet normal 0 0 0
  outer loop
   vertex -42.9409 32.5573 43.1660
   vertex -43.6031 32.9694 42.3514
   vertex -43.7470 33.1135 42.3717
  endloop
 endfacet
 facet normal 0 0 0
  outer loop
   vertex -46.5454 31.3450 26.2088
   vertex -57.6213 42.6863 28.7003
   vertex -46.8283 31.8847 27.1783
  endloop
 endfacet
 facet normal 0 0 0
  outer loop
   vertex -57.6213 42.6863 28.7003
   vertex -46.5454 31.3450 26.2088
   vertex -58.4466 43.2557 27.8871
  endloop
 endfacet
 facet normal 0 0 0
  outer loop
   vertex -43.6031 32.9694 42.3514
   vertex -46.5454 31.3450 26.2088
   vertex -46.8283 31.8847 27.1783
  endloop
 endfacet
 facet normal 0 0 0
  outer loop
   vertex -46.5454 31.3450 26.2088
   vertex -43.6031 32.9694 42.3514
   vertex -42.9409 32.5573 43.1660
  endloop
 endfacet
 facet normal 0 0 0
  outer loop
   vertex -55.2196 45.0737 45.7231
   vertex -59.1291 43.6642 28.0029
   vertex -58.4153 41.7514 46.6399
  endloop
 endfacet
 facet normal 0 0 0
  outer loop
   vertex -59.1291 43.6642 28.0029
   vertex -55.2196 45.0737 45.7231
   vertex -58.9945 43.8040 27.9643
  endloop
 endfacet
 facet normal 0 0 0
  outer loop
   vertex -58.9945 43.8040 27.9643
   vertex -57.7652 42.8303 28.7206
   vertex -58.5436 43.3527 27.9007
  endloop
 endfacet
 facet normal 0 0 0
  outer loop
   vertex -58.9945 43.8040 27.9643
   vertex -55.3856 45.0179 44.9425
   vertex -57.7652 42.8303 28.7206
  endloop
 endfacet
 facet normal 0 0 0
  outer loop
   vertex -55.3856 45.0179 44.9425
   vertex -58.9945 43.8040 27.9643
   vertex -55.2196 45.0737 45.7231
  endloop
 endfacet
 facet normal 0 0 0
  outer loop
   vertex -58.5436 43.3527 27.9007
   vertex -57.7652 42.8303 28.7206
   vertex -58.4466 43.2557 27.8871
  endloop
 endfacet
 facet normal 0 0 0
  outer loop
   vertex -58.4466 43.2557 27.8871
   vertex -57.7652 42.8303 28.7206
   vertex -57.6213 42.6863 28.7003
  endloop
 endfacet
 facet normal 0 0 0
  outer loop
   vertex -55.3856 45.0179 44.9425
   vertex -54.5400 43.9151 43.8937
   vertex -57.7652 42.8303 28.7206
  endloop
 endfacet
 facet normal 0 0 0
  outer loop
   vertex -53.5621 43.1930 44.6854
   vertex -54.5400 43.9151 43.8937
   vertex -55.3856 45.0179 44.9425
  endloop
 endfacet
 facet normal 0 0 0
  outer loop
   vertex -53.5621 43.1930 44.6854
   vertex -43.7470 33.1135 42.3717
   vertex -54.5400 43.9151 43.8937
  endloop
 endfacet
 facet normal 0 0 0
  outer loop
   vertex -42.9364 32.5588 43.1870
   vertex -43.7470 33.1135 42.3717
   vertex -53.5621 43.1930 44.6854
  endloop
 endfacet
 facet normal 0 0 0
  outer loop
   vertex -43.7470 33.1135 42.3717
   vertex -42.9364 32.5588 43.1870
   vertex -42.9409 32.5573 43.1660
  endloop
 endfacet
 facet normal 0 0 0
  outer loop
   vertex -46.0451 22.6022 28.3929
   vertex -46.9889 23.9271 26.8335
   vertex -41.4387 11.6839 28.1943
  endloop
 endfacet
 facet normal 0 0 0
  outer loop
   vertex -46.9889 23.9271 26.8335
   vertex -46.0451 22.6022 28.3929
   vertex -46.9844 23.9286 26.8546
  endloop
 endfacet
 facet normal 0 0 0
  outer loop
   vertex -37.6830 10.7254 41.9659
   vertex -36.8161 9.5706 43.5074
   vertex -37.7554 10.8969 41.9690
  endloop
 endfacet
 facet normal 0 0 0
  outer loop
   vertex -37.6830 10.7254 41.9659
   vertex -37.8694 9.2163 38.5520
   vertex -36.8161 9.5706 43.5074
  endloop
 endfacet
 facet normal 0 0 0
  outer loop
   vertex -40.1798 9.8857 30.2196
   vertex -37.8694 9.2163 38.5520
   vertex -37.6830 10.7254 41.9659
  endloop
 endfacet
 facet normal 0 0 0
  outer loop
   vertex -40.4205 8.3583 26.5502
   vertex -40.1798 9.8857 30.2196
   vertex -40.6179 9.7383 28.1589
  endloop
 endfacet
 facet normal 0 0 0
  outer loop
   vertex -40.4205 8.3583 26.5502
   vertex -41.4387 11.6839 28.1943
   vertex -46.9889 23.9271 26.8335
  endloop
 endfacet
 facet normal 0 0 0
  outer loop
   vertex -40.1798 9.8857 30.2196
   vertex -40.4205 8.3583 26.5502
   vertex -37.8694 9.2163 38.5520
  endloop
 endfacet
 facet normal 0 0 0
  outer loop
   vertex -41.4387 11.6839 28.1943
   vertex -40.4205 8.3583 26.5502
   vertex -40.6179 9.7383 28.1589
  endloop
 endfacet
 facet normal 0 0 0
  outer loop
   vertex -43.3799 25.1409 43.8117
   vertex -43.1826 23.7608 42.2030
   vertex -38.9384 14.6132 43.6202
  endloop
 endfacet
 facet normal 0 0 0
  outer loop
   vertex -38.9384 14.6132 43.6202
   vertex -38.5039 12.6710 42.0013
   vertex -36.8116 9.5721 43.5285
  endloop
 endfacet
 facet normal 0 0 0
  outer loop
   vertex -38.9384 14.6132 43.6202
   vertex -43.1826 23.7608 42.2030
   vertex -38.5039 12.6710 42.0013
  endloop
 endfacet
 facet normal 0 0 0
  outer loop
   vertex -43.3799 25.1409 43.8117
   vertex -43.6206 23.6135 40.1423
   vertex -43.1826 23.7608 42.2030
  endloop
 endfacet
 facet normal 0 0 0
  outer loop
   vertex -46.9844 23.9286 26.8546
   vertex -43.6206 23.6135 40.1423
   vertex -43.3799 25.1409 43.8117
  endloop
 endfacet
 facet normal 0 0 0
  outer loop
   vertex -46.1174 22.7737 28.3960
   vertex -46.9844 23.9286 26.8546
   vertex -46.0451 22.6022 28.3929
  endloop
 endfacet
 facet normal 0 0 0
  outer loop
   vertex -43.6206 23.6135 40.1423
   vertex -46.9844 23.9286 26.8546
   vertex -46.1174 22.7737 28.3960
  endloop
 endfacet
 facet normal 0 0 0
  outer loop
   vertex -37.7554 10.8969 41.9690
   vertex -36.8116 9.5721 43.5285
   vertex -38.5039 12.6710 42.0013
  endloop
 endfacet
 facet normal 0 0 0
  outer loop
   vertex -36.8116 9.5721 43.5285
   vertex -37.7554 10.8969 41.9690
   vertex -36.8161 9.5706 43.5074
  endloop
 endfacet
 facet normal 0 0 0
  outer loop
   vertex -39.0106 26.0648 41.8689
   vertex -39.1606 26.9397 42.7863
   vertex -33.0406 12.4337 42.5223
  endloop
 endfacet
 facet normal 0 0 0
  outer loop
   vertex -33.0464 11.9282 41.6117
   vertex -33.0406 12.4337 42.5223
   vertex -32.5922 11.3709 42.5030
  endloop
 endfacet
 facet normal 0 0 0
  outer loop
   vertex -39.1606 26.9397 42.7863
   vertex -39.0106 26.0648 41.8689
   vertex -39.1688 26.9591 42.7866
  endloop
 endfacet
 facet normal 0 0 0
  outer loop
   vertex -33.0406 12.4337 42.5223
   vertex -33.0464 11.9282 41.6117
   vertex -39.0106 26.0648 41.8689
  endloop
 endfacet
 facet normal 0 0 0
  outer loop
   vertex -34.3991 10.7632 34.0025
   vertex -33.0464 11.9282 41.6117
   vertex -32.5922 11.3709 42.5030
  endloop
 endfacet
 facet normal 0 0 0
  outer loop
   vertex -35.8227 10.9944 28.5508
   vertex -34.3991 10.7632 34.0025
   vertex -34.7828 10.6341 32.1975
  endloop
 endfacet
 facet normal 0 0 0
  outer loop
   vertex -34.3991 10.7632 34.0025
   vertex -35.8227 10.9944 28.5508
   vertex -33.0464 11.9282 41.6117
  endloop
 endfacet
 facet normal 0 0 0
  outer loop
   vertex -35.8227 10.9944 28.5508
   vertex -36.0562 9.3643 24.7308
   vertex -36.3985 11.5371 27.1334
  endloop
 endfacet
 facet normal 0 0 0
  outer loop
   vertex -36.0562 9.3643 24.7308
   vertex -35.8227 10.9944 28.5508
   vertex -34.7828 10.6341 32.1975
  endloop
 endfacet
 facet normal 0 0 0
  outer loop
   vertex -35.9900 11.6745 29.0554
   vertex -35.8227 10.9944 28.5508
   vertex -36.3985 11.5371 27.1334
  endloop
 endfacet
 facet normal 0 0 0
  outer loop
   vertex -36.4709 11.7086 27.1366
   vertex -36.3985 11.5371 27.1334
   vertex -36.0562 9.3643 24.7308
  endloop
 endfacet
 facet normal 0 0 0
  outer loop
   vertex -39.1688 26.9591 42.7866
   vertex -39.0106 26.0648 41.8689
   vertex -39.0901 26.2533 41.8724
  endloop
 endfacet
 facet normal 0 0 0
  outer loop
   vertex -39.0901 26.2533 41.8724
   vertex -39.4462 27.6166 42.7986
   vertex -39.1688 26.9591 42.7866
  endloop
 endfacet
 facet normal 0 0 0
  outer loop
   vertex -39.0901 26.2533 41.8724
   vertex -41.0325 26.3101 33.9800
   vertex -39.4462 27.6166 42.7986
  endloop
 endfacet
 facet normal 0 0 0
  outer loop
   vertex -42.3153 25.1685 26.6993
   vertex -41.0325 26.3101 33.9800
   vertex -39.0901 26.2533 41.8724
  endloop
 endfacet
 facet normal 0 0 0
  outer loop
   vertex -42.3153 25.1685 26.6993
   vertex -42.7695 25.7258 25.8080
   vertex -41.0325 26.3101 33.9800
  endloop
 endfacet
 facet normal 0 0 0
  outer loop
   vertex -40.5528 20.4717 25.7124
   vertex -42.3153 25.1685 26.6993
   vertex -37.5799 13.9442 26.4951
  endloop
 endfacet
 facet normal 0 0 0
  outer loop
   vertex -36.4709 11.7086 27.1366
   vertex -37.5799 13.9442 26.4951
   vertex -37.5890 14.3587 27.1848
  endloop
 endfacet
 facet normal 0 0 0
  outer loop
   vertex -42.3153 25.1685 26.6993
   vertex -40.5528 20.4717 25.7124
   vertex -42.7695 25.7258 25.8080
  endloop
 endfacet
 facet normal 0 0 0
  outer loop
   vertex -37.5799 13.9442 26.4951
   vertex -37.0424 12.0775 25.4322
   vertex -40.5528 20.4717 25.7124
  endloop
 endfacet
 facet normal 0 0 0
  outer loop
   vertex -36.4709 11.7086 27.1366
   vertex -37.0424 12.0775 25.4322
   vertex -37.5799 13.9442 26.4951
  endloop
 endfacet
 facet normal 0 0 0
  outer loop
   vertex -37.0424 12.0775 25.4322
   vertex -36.4709 11.7086 27.1366
   vertex -36.0562 9.3643 24.7308
  endloop
 endfacet
 facet normal 0 0 0
  outer loop
   vertex -36.1099 3.0656 42.1792
   vertex -35.6567 4.7830 44.3111
   vertex -35.7954 4.7363 43.6582
  endloop
 endfacet
 facet normal 0 0 0
  outer loop
   vertex -35.6567 4.7830 44.3111
   vertex -36.1099 3.0656 42.1792
   vertex -35.7361 0.6568 43.9373
  endloop
 endfacet
 facet normal 0 0 0
  outer loop
   vertex -36.1099 3.0656 42.1792
   vertex -35.7954 4.7363 43.6582
   vertex -35.7999 4.7348 43.6372
  endloop
 endfacet
 facet normal 0 0 0
  outer loop
   vertex -35.9074 -10.8642 43.1319
   vertex -35.7361 0.6568 43.9373
   vertex -36.1099 3.0656 42.1792
  endloop
 endfacet
 facet normal 0 0 0
  outer loop
   vertex -35.9074 -10.8642 43.1319
   vertex -37.7291 -12.8552 34.5617
   vertex -35.5504 -12.1225 44.8113
  endloop
 endfacet
 facet normal 0 0 0
  outer loop
   vertex -38.4042 -11.7040 31.3857
   vertex -37.7291 -12.8552 34.5617
   vertex -35.9074 -10.8642 43.1319
  endloop
 endfacet
 facet normal 0 0 0
  outer loop
   vertex -39.1548 -13.3348 27.8542
   vertex -38.4042 -11.7040 31.3857
   vertex -38.8422 -11.8513 29.3249
  endloop
 endfacet
 facet normal 0 0 0
  outer loop
   vertex -38.4042 -11.7040 31.3857
   vertex -39.1548 -13.3348 27.8542
   vertex -37.7291 -12.8552 34.5617
  endloop
 endfacet
 facet normal 0 0 0
  outer loop
   vertex -39.1548 -13.3348 27.8542
   vertex -38.8422 -11.8513 29.3249
   vertex -38.8449 -11.6656 29.3122
  endloop
 endfacet
 facet normal 0 0 0
  outer loop
   vertex -35.7361 0.6568 43.9373
   vertex -35.9074 -10.8642 43.1319
   vertex -35.5504 -12.1225 44.8113
  endloop
 endfacet
 facet normal 0 0 0
  outer loop
   vertex -35.7999 4.7348 43.6372
   vertex -36.1126 3.2513 42.1665
   vertex -36.1099 3.0656 42.1792
  endloop
 endfacet
 facet normal 0 0 0
  outer loop
   vertex -37.6384 4.1165 34.9882
   vertex -36.1126 3.2513 42.1665
   vertex -35.7999 4.7348 43.6372
  endloop
 endfacet
 facet normal 0 0 0
  outer loop
   vertex -37.6384 4.1165 34.9882
   vertex -39.0474 2.2642 28.3595
   vertex -36.1126 3.2513 42.1665
  endloop
 endfacet
 facet normal 0 0 0
  outer loop
   vertex -38.8449 -11.6656 29.3122
   vertex -39.1593 -13.3363 27.8331
   vertex -39.1548 -13.3348 27.8542
  endloop
 endfacet
 facet normal 0 0 0
  outer loop
   vertex -39.0168 0.1574 28.5035
   vertex -39.3293 -1.6456 27.0335
   vertex -39.1593 -13.3363 27.8331
  endloop
 endfacet
 facet normal 0 0 0
  outer loop
   vertex -39.0168 0.1574 28.5035
   vertex -39.4044 3.5225 26.6800
   vertex -39.3293 -1.6456 27.0335
  endloop
 endfacet
 facet normal 0 0 0
  outer loop
   vertex -39.4044 3.5225 26.6800
   vertex -39.0474 2.2642 28.3595
   vertex -37.6384 4.1165 34.9882
  endloop
 endfacet
 facet normal 0 0 0
  outer loop
   vertex -39.1593 -13.3363 27.8331
   vertex -38.8449 -11.6656 29.3122
   vertex -39.0168 0.1574 28.5035
  endloop
 endfacet
 facet normal 0 0 0
  outer loop
   vertex -39.4044 3.5225 26.6800
   vertex -39.0168 0.1574 28.5035
   vertex -39.0474 2.2642 28.3595
  endloop
 endfacet
 facet normal 0 0 0
  outer loop
   vertex -34.6025 2.7095 26.6654
   vertex -34.8026 3.5240 25.7239
   vertex -34.6054 2.9136 26.6515
  endloop
 endfacet
 facet normal 0 0 0
  outer loop
   vertex -31.3802 3.9984 41.8245
   vertex -31.1981 4.7363 42.6811
   vertex -31.2844 -2.5901 42.2752
  endloop
 endfacet
 facet normal 0 0 0
  outer loop
   vertex -30.9528 -12.1435 43.8356
   vertex -31.2844 -2.5901 42.2752
   vertex -31.1981 4.7363 42.6811
  endloop
 endfacet
 facet normal 0 0 0
  outer loop
   vertex -31.3128 -10.6785 42.1420
   vertex -31.2844 -2.5901 42.2752
   vertex -30.9528 -12.1435 43.8356
  endloop
 endfacet
 facet normal 0 0 0
  outer loop
   vertex -31.2844 -2.5901 42.2752
   vertex -31.3128 -10.6785 42.1420
   vertex -31.4281 -2.7440 41.5993
  endloop
 endfacet
 facet normal 0 0 0
  outer loop
   vertex -34.8026 3.5240 25.7239
   vertex -31.3802 3.9984 41.8245
   vertex -34.6054 2.9136 26.6515
  endloop
 endfacet
 facet normal 0 0 0
  outer loop
   vertex -31.3802 3.9984 41.8245
   vertex -34.8026 3.5240 25.7239
   vertex -31.1981 4.7363 42.6811
  endloop
 endfacet
 facet normal 0 0 0
  outer loop
   vertex -30.9415 -12.9205 43.8887
   vertex -31.3101 -10.8642 42.1547
   vertex -30.9528 -12.1435 43.8356
  endloop
 endfacet
 facet normal 0 0 0
  outer loop
   vertex -30.9415 -12.9205 43.8887
   vertex -31.7481 -11.0115 40.0940
   vertex -31.3101 -10.8642 42.1547
  endloop
 endfacet
 facet normal 0 0 0
  outer loop
   vertex -34.5504 -14.1343 26.9105
   vertex -31.7481 -11.0115 40.0940
   vertex -30.9415 -12.9205 43.8887
  endloop
 endfacet
 facet normal 0 0 0
  outer loop
   vertex -34.6213 -9.2568 26.5769
   vertex -34.2755 -9.7445 28.2036
   vertex -34.2449 -11.8513 28.3477
  endloop
 endfacet
 facet normal 0 0 0
  outer loop
   vertex -34.4757 -6.0099 27.2618
   vertex -34.2755 -9.7445 28.2036
   vertex -34.6213 -9.2568 26.5769
  endloop
 endfacet
 facet normal 0 0 0
  outer loop
   vertex -31.7481 -11.0115 40.0940
   vertex -34.5504 -14.1343 26.9105
   vertex -34.2449 -11.8513 28.3477
  endloop
 endfacet
 facet normal 0 0 0
  outer loop
   vertex -34.6213 -9.2568 26.5769
   vertex -34.2449 -11.8513 28.3477
   vertex -34.5504 -14.1343 26.9105
  endloop
 endfacet
 facet normal 0 0 0
  outer loop
   vertex -34.2755 -9.7445 28.2036
   vertex -34.4757 -6.0099 27.2618
   vertex -34.3321 -5.8560 27.9377
  endloop
 endfacet
 facet normal 0 0 0
  outer loop
   vertex -34.8071 3.5225 25.7028
   vertex -34.4757 -6.0099 27.2618
   vertex -34.6213 -9.2568 26.5769
  endloop
 endfacet
 facet normal 0 0 0
  outer loop
   vertex -34.4757 -6.0099 27.2618
   vertex -34.8071 3.5225 25.7028
   vertex -34.6025 2.7095 26.6654
  endloop
 endfacet
 facet normal 0 0 0
  outer loop
   vertex -34.6025 2.7095 26.6654
   vertex -34.8071 3.5225 25.7028
   vertex -34.8026 3.5240 25.7239
  endloop
 endfacet
 facet normal 0 0 0
  outer loop
   vertex -30.9528 -12.1435 43.8356
   vertex -31.3101 -10.8642 42.1547
   vertex -31.3128 -10.6785 42.1420
  endloop
 endfacet
 facet normal 0 0 0
  outer loop
   vertex -41.6185 -30.1771 47.3919
   vertex -41.6168 -29.4281 45.6726
   vertex -42.3810 -31.3737 45.9742
  endloop
 endfacet
 facet normal 0 0 0
  outer loop
   vertex -37.2604 -18.3383 43.9538
   vertex -41.4332 -29.7055 47.3188
   vertex -36.4258 -16.9583 45.3431
  endloop
 endfacet
 facet normal 0 0 0
  outer loop
   vertex -41.4332 -29.7055 47.3188
   vertex -37.2604 -18.3383 43.9538
   vertex -41.6168 -29.4281 45.6726
  endloop
 endfacet
 facet normal 0 0 0
  outer loop
   vertex -36.4258 -16.9583 45.3431
   vertex -39.7572 -19.1781 32.2076
   vertex -37.2604 -18.3383 43.9538
  endloop
 endfacet
 facet normal 0 0 0
  outer loop
   vertex -39.9924 -18.1578 28.5642
   vertex -39.7572 -19.1781 32.2076
   vertex -36.4258 -16.9583 45.3431
  endloop
 endfacet
 facet normal 0 0 0
  outer loop
   vertex -39.7572 -19.1781 32.2076
   vertex -39.9924 -18.1578 28.5642
   vertex -40.1953 -19.3254 30.1468
  endloop
 endfacet
 facet normal 0 0 0
  outer loop
   vertex -40.1953 -19.3254 30.1468
   vertex -39.9924 -18.1578 28.5642
   vertex -40.0053 -18.1900 28.5674
  endloop
 endfacet
 facet normal 0 0 0
  outer loop
   vertex -41.6168 -29.4281 45.6726
   vertex -41.6185 -30.1771 47.3919
   vertex -41.4332 -29.7055 47.3188
  endloop
 endfacet
 facet normal 0 0 0
  outer loop
   vertex -42.3810 -31.3737 45.9742
   vertex -42.6652 -33.2082 48.6509
   vertex -41.6185 -30.1771 47.3919
  endloop
 endfacet
 facet normal 0 0 0
  outer loop
   vertex -44.8778 -32.2135 34.2279
   vertex -42.6652 -33.2082 48.6509
   vertex -42.3810 -31.3737 45.9742
  endloop
 endfacet
 facet normal 0 0 0
  outer loop
   vertex -46.4400 -34.4779 30.8921
   vertex -44.8778 -32.2135 34.2279
   vertex -45.3159 -32.3608 32.1672
  endloop
 endfacet
 facet normal 0 0 0
  outer loop
   vertex -44.8778 -32.2135 34.2279
   vertex -46.4400 -34.4779 30.8921
   vertex -42.6652 -33.2082 48.6509
  endloop
 endfacet
 facet normal 0 0 0
  outer loop
   vertex -44.5516 -30.4153 31.8656
   vertex -46.4400 -34.4779 30.8921
   vertex -45.3159 -32.3608 32.1672
  endloop
 endfacet
 facet normal 0 0 0
  outer loop
   vertex -40.3157 -18.8874 28.4758
   vertex -44.5516 -30.4153 31.8656
   vertex -40.1953 -19.3254 30.1468
  endloop
 endfacet
 facet normal 0 0 0
  outer loop
   vertex -40.2623 -18.7753 28.5098
   vertex -40.1953 -19.3254 30.1468
   vertex -40.0053 -18.1900 28.5674
  endloop
 endfacet
 facet normal 0 0 0
  outer loop
   vertex -40.3157 -18.8874 28.4758
   vertex -40.1953 -19.3254 30.1468
   vertex -40.2623 -18.7753 28.5098
  endloop
 endfacet
 facet normal 0 0 0
  outer loop
   vertex -44.5516 -30.4153 31.8656
   vertex -40.3157 -18.8874 28.4758
   vertex -46.4400 -34.4779 30.8921
  endloop
 endfacet
 facet normal 0 0 0
  outer loop
   vertex -42.1684 -36.2767 30.1127
   vertex -38.2175 -33.7685 45.9778
   vertex -38.5594 -35.0628 47.0910
  endloop
 endfacet
 facet normal 0 0 0
  outer loop
   vertex -38.2175 -33.7685 45.9778
   vertex -42.1684 -36.2767 30.1127
   vertex -41.4427 -34.8533 30.8047
  endloop
 endfacet
 facet normal 0 0 0
  outer loop
   vertex -42.1684 -36.2766 30.1127
   vertex -41.4427 -34.8533 30.8047
   vertex -42.1684 -36.2767 30.1127
  endloop
 endfacet
 facet normal 0 0 0
  outer loop
   vertex -42.1684 -36.2766 30.1127
   vertex -39.4998 -29.9072 30.0381
   vertex -41.4427 -34.8533 30.8047
  endloop
 endfacet
 facet normal 0 0 0
  outer loop
   vertex -36.6862 -22.3208 27.9498
   vertex -39.4998 -29.9072 30.0381
   vertex -42.1684 -36.2766 30.1127
  endloop
 endfacet
 facet normal 0 0 0
  outer loop
   vertex -39.4998 -29.9072 30.0381
   vertex -36.6862 -22.3208 27.9498
   vertex -36.6879 -23.0698 29.6690
  endloop
 endfacet
 facet normal 0 0 0
  outer loop
   vertex -36.6879 -23.0698 29.6690
   vertex -36.6862 -22.3208 27.9498
   vertex -35.9236 -21.1242 29.3675
  endloop
 endfacet
 facet normal 0 0 0
  outer loop
   vertex -35.9236 -21.1242 29.3675
   vertex -36.6862 -22.3208 27.9498
   vertex -35.6610 -19.9365 28.0660
  endloop
 endfacet
 facet normal 0 0 0
  outer loop
   vertex -35.6610 -19.9365 28.0660
   vertex -36.6862 -22.3208 27.9498
   vertex -35.6528 -19.6901 27.5420
  endloop
 endfacet
 facet normal 0 0 0
  outer loop
   vertex -34.5332 -24.3895 44.5242
   vertex -38.5594 -35.0628 47.0910
   vertex -38.2175 -33.7685 45.9778
  endloop
 endfacet
 facet normal 0 0 0
  outer loop
   vertex -38.5594 -35.0628 47.0910
   vertex -34.5332 -24.3895 44.5242
   vertex -32.1542 -18.7571 44.5638
  endloop
 endfacet
 facet normal 0 0 0
  outer loop
   vertex -33.7531 -22.0827 43.4760
   vertex -34.5332 -24.3895 44.5242
   vertex -34.7568 -24.6379 43.8721
  endloop
 endfacet
 facet normal 0 0 0
  outer loop
   vertex -34.5332 -24.3895 44.5242
   vertex -33.7531 -22.0827 43.4760
   vertex -32.1542 -18.7571 44.5638
  endloop
 endfacet
 facet normal 0 0 0
  outer loop
   vertex -32.9888 -20.1371 43.1745
   vertex -32.1542 -18.7571 44.5638
   vertex -33.7531 -22.0827 43.4760
  endloop
 endfacet
 facet normal 0 0 0
  outer loop
   vertex -33.4268 -20.2844 41.1137
   vertex -32.1542 -18.7571 44.5638
   vertex -32.9888 -20.1371 43.1745
  endloop
 endfacet
 facet normal 0 0 0
  outer loop
   vertex -35.6610 -19.9365 28.0660
   vertex -33.4268 -20.2844 41.1137
   vertex -35.9236 -21.1242 29.3675
  endloop
 endfacet
 facet normal 0 0 0
  outer loop
   vertex -33.4268 -20.2844 41.1137
   vertex -35.6610 -19.9365 28.0660
   vertex -32.1542 -18.7571 44.5638
  endloop
 endfacet
 facet normal 0 0 0
  outer loop
   vertex -39.2762 -29.6588 30.6902
   vertex -39.4998 -29.9072 30.0381
   vertex -36.6879 -23.0698 29.6690
  endloop
 endfacet
 facet normal 0 0 0
  outer loop
   vertex -38.5594 -35.0628 47.0910
   vertex -38.3935 -35.0070 47.8716
   vertex -42.1684 -36.2767 30.1127
  endloop
 endfacet
 facet normal 0 0 0
  outer loop
   vertex -46.1712 -34.5911 30.8431
   vertex -42.6652 -33.2082 48.6509
   vertex -46.4400 -34.4779 30.8921
  endloop
 endfacet
 facet normal 0 0 0
  outer loop
   vertex -42.1684 -36.2767 30.1127
   vertex -42.6652 -33.2082 48.6509
   vertex -46.1712 -34.5911 30.8431
  endloop
 endfacet
 facet normal 0 0 0
  outer loop
   vertex -42.6652 -33.2082 48.6509
   vertex -42.1684 -36.2767 30.1127
   vertex -38.3935 -35.0070 47.8716
  endloop
 endfacet
 facet normal 0 0 0
  outer loop
   vertex -44.8465 46.7433 49.7845
   vertex -37.5137 35.3707 49.8873
   vertex -43.6848 45.4039 51.1989
  endloop
 endfacet
 facet normal 0 0 0
  outer loop
   vertex -36.0360 32.4188 47.9119
   vertex -37.5137 35.3707 49.8873
   vertex -44.8465 46.7433 49.7845
  endloop
 endfacet
 facet normal 0 0 0
  outer loop
   vertex -37.5137 35.3707 49.8873
   vertex -36.0360 32.4188 47.9119
   vertex -36.4141 33.5828 49.6535
  endloop
 endfacet
 facet normal 0 0 0
  outer loop
   vertex -33.4722 33.5828 63.4944
   vertex -32.4229 32.4188 64.9105
   vertex -33.5691 33.7404 63.5150
  endloop
 endfacet
 facet normal 0 0 0
  outer loop
   vertex -33.9112 33.5828 61.4286
   vertex -32.4229 32.4188 64.9105
   vertex -33.4722 33.5828 63.4944
  endloop
 endfacet
 facet normal 0 0 0
  outer loop
   vertex -36.0360 32.4188 47.9119
   vertex -33.9112 33.5828 61.4286
   vertex -36.4141 33.5828 49.6535
  endloop
 endfacet
 facet normal 0 0 0
  outer loop
   vertex -33.9112 33.5828 61.4286
   vertex -36.0360 32.4188 47.9119
   vertex -32.4229 32.4188 64.9105
  endloop
 endfacet
 facet normal 0 0 0
  outer loop
   vertex -41.6344 47.4027 66.8905
   vertex -41.2789 45.5615 62.9945
   vertex -40.8398 45.5615 65.0603
  endloop
 endfacet
 facet normal 0 0 0
  outer loop
   vertex -45.2520 47.4027 49.8707
   vertex -41.2789 45.5615 62.9945
   vertex -41.6344 47.4027 66.8905
  endloop
 endfacet
 facet normal 0 0 0
  outer loop
   vertex -41.2789 45.5615 62.9945
   vertex -45.2520 47.4027 49.8707
   vertex -43.7817 45.5615 51.2195
  endloop
 endfacet
 facet normal 0 0 0
  outer loop
   vertex -44.8465 46.7433 49.7845
   vertex -43.7817 45.5615 51.2195
   vertex -45.2520 47.4027 49.8707
  endloop
 endfacet
 facet normal 0 0 0
  outer loop
   vertex -43.7817 45.5615 51.2195
   vertex -44.8465 46.7433 49.7845
   vertex -43.6848 45.4039 51.1989
  endloop
 endfacet
 facet normal 0 0 0
  outer loop
   vertex -39.7401 43.7736 64.8266
   vertex -41.6344 47.4027 66.8905
   vertex -40.8398 45.5615 65.0603
  endloop
 endfacet
 facet normal 0 0 0
  outer loop
   vertex -41.6344 47.4027 66.8905
   vertex -39.7401 43.7736 64.8266
   vertex -32.4184 32.4188 64.9317
  endloop
 endfacet
 facet normal 0 0 0
  outer loop
   vertex -33.5691 33.7404 63.5150
   vertex -32.4184 32.4188 64.9317
   vertex -39.7401 43.7736 64.8266
  endloop
 endfacet
 facet normal 0 0 0
  outer loop
   vertex -32.4184 32.4188 64.9317
   vertex -33.5691 33.7404 63.5150
   vertex -32.4229 32.4188 64.9105
  endloop
 endfacet
 facet normal 0 0 0
  outer loop
   vertex -41.4681 47.4027 67.6731
   vertex -45.2520 47.4027 49.8707
   vertex -41.6344 47.4027 66.8905
  endloop
 endfacet
 facet normal 0 0 0
  outer loop
   vertex -43.2843 48.6677 49.4525
   vertex -37.9064 49.7993 66.0982
   vertex -41.3602 49.9046 49.0435
  endloop
 endfacet
 facet normal 0 0 0
  outer loop
   vertex -37.9064 49.7993 66.0982
   vertex -43.2843 48.6677 49.4525
   vertex -45.0882 47.5081 49.8359
  endloop
 endfacet
 facet normal 0 0 0
  outer loop
   vertex -37.7426 49.9045 66.0634
   vertex -41.3602 49.9046 49.0435
   vertex -37.9064 49.7993 66.0982
  endloop
 endfacet
 facet normal 0 0 0
  outer loop
   vertex -41.3602 49.9046 49.0435
   vertex -37.5762 49.9046 66.8458
   vertex -41.5265 49.9046 48.2610
  endloop
 endfacet
 facet normal 0 0 0
  outer loop
   vertex -37.5762 49.9046 66.8458
   vertex -41.3602 49.9046 49.0435
   vertex -37.7426 49.9045 66.0634
  endloop
 endfacet
 facet normal 0 0 0
  outer loop
   vertex -28.5265 34.9207 64.1044
   vertex -29.0703 35.4921 63.2743
   vertex -31.1265 38.8351 63.7114
  endloop
 endfacet
 facet normal 0 0 0
  outer loop
   vertex -30.9698 34.9207 52.6097
   vertex -29.0703 35.4921 63.2743
   vertex -28.5265 34.9207 64.1044
  endloop
 endfacet
 facet normal 0 0 0
  outer loop
   vertex -30.9698 34.9207 52.6097
   vertex -32.3033 35.4921 48.0641
   vertex -29.0703 35.4921 63.2743
  endloop
 endfacet
 facet normal 0 0 0
  outer loop
   vertex -32.3033 35.4921 48.0641
   vertex -32.1442 34.9207 47.0846
   vertex -35.5856 40.5159 47.8161
  endloop
 endfacet
 facet normal 0 0 0
  outer loop
   vertex -32.1442 34.9207 47.0846
   vertex -32.3033 35.4921 48.0641
   vertex -30.9698 34.9207 52.6097
  endloop
 endfacet
 facet normal 0 0 0
  outer loop
   vertex -31.1265 38.8351 63.7114
   vertex -37.7426 49.9046 66.0633
   vertex -28.5265 34.9207 64.1044
  endloop
 endfacet
 facet normal 0 0 0
  outer loop
   vertex -37.7426 49.9046 66.0633
   vertex -31.1265 38.8351 63.7114
   vertex -36.9479 48.0633 64.2331
  endloop
 endfacet
 facet normal 0 0 0
  outer loop
   vertex -36.9479 48.0633 64.2331
   vertex -31.1265 38.8351 63.7114
   vertex -31.4514 39.1267 63.0648
  endloop
 endfacet
 facet normal 0 0 0
  outer loop
   vertex -39.4508 48.0633 52.4581
   vertex -37.7426 49.9046 66.0633
   vertex -36.9479 48.0633 64.2331
  endloop
 endfacet
 facet normal 0 0 0
  outer loop
   vertex -41.5265 49.9046 48.2610
   vertex -39.4508 48.0633 52.4581
   vertex -39.8899 48.0633 50.3923
  endloop
 endfacet
 facet normal 0 0 0
  outer loop
   vertex -38.3437 45.3129 49.3480
   vertex -38.7902 46.2755 50.1585
   vertex -38.0188 45.0213 49.9946
  endloop
 endfacet
 facet normal 0 0 0
  outer loop
   vertex -41.5265 49.9046 48.2610
   vertex -38.7902 46.2755 50.1585
   vertex -38.3437 45.3129 49.3480
  endloop
 endfacet
 facet normal 0 0 0
  outer loop
   vertex -39.4508 48.0633 52.4581
   vertex -41.5265 49.9046 48.2610
   vertex -37.7426 49.9046 66.0633
  endloop
 endfacet
 facet normal 0 0 0
  outer loop
   vertex -38.7902 46.2755 50.1585
   vertex -41.5265 49.9046 48.2610
   vertex -39.8899 48.0633 50.3923
  endloop
 endfacet
 facet normal 0 0 0
  outer loop
   vertex -35.5856 40.5159 47.8161
   vertex -38.3437 45.3129 49.3480
   vertex -32.3033 35.4921 48.0641
  endloop
 endfacet
 facet normal 0 0 0
  outer loop
   vertex -38.3437 45.3129 49.3480
   vertex -35.5856 40.5159 47.8161
   vertex -41.5265 49.9046 48.2610
  endloop
 endfacet
 facet normal 0 0 0
  outer loop
   vertex -41.5265 49.9046 48.2610
   vertex -37.5762 49.9046 66.8458
   vertex -37.7426 49.9046 66.0633
  endloop
 endfacet
 facet normal 0 0 0
  outer loop
   vertex -45.2520 47.4027 49.8707
   vertex -41.6344 47.4027 66.8906
   vertex -45.0882 47.5081 49.8359
  endloop
 endfacet
 facet normal 0 0 0
  outer loop
   vertex -41.6344 47.4027 66.8906
   vertex -45.2520 47.4027 49.8707
   vertex -41.4681 47.4027 67.6731
  endloop
 endfacet
 facet normal 0 0 0
  outer loop
   vertex -45.0882 47.5081 49.8359
   vertex -41.6344 47.4027 66.8906
   vertex -37.9064 49.7993 66.0982
  endloop
 endfacet
 facet normal 0 0 0
  outer loop
   vertex -24.9500 13.7743 47.8459
   vertex -22.1734 14.4229 61.8083
   vertex -21.7982 13.7743 62.6742
  endloop
 endfacet
 facet normal 0 0 0
  outer loop
   vertex -22.1734 14.4229 61.8083
   vertex -24.9500 13.7743 47.8459
   vertex -25.1238 14.4229 47.9276
  endloop
 endfacet
 facet normal 0 0 0
  outer loop
   vertex -26.3311 29.1678 62.6921
   vertex -26.3771 30.0130 63.6475
   vertex -24.1308 22.0469 63.1701
  endloop
 endfacet
 facet normal 0 0 0
  outer loop
   vertex -26.3771 30.0130 63.6475
   vertex -26.3311 29.1678 62.6921
   vertex -26.3816 30.0130 63.6264
  endloop
 endfacet
 facet normal 0 0 0
  outer loop
   vertex -22.1734 14.4229 61.8083
   vertex -24.1308 22.0469 63.1701
   vertex -21.7982 13.7743 62.6742
  endloop
 endfacet
 facet normal 0 0 0
  outer loop
   vertex -24.1308 22.0469 63.1701
   vertex -22.1734 14.4229 61.8083
   vertex -26.3311 29.1678 62.6921
  endloop
 endfacet
 facet normal 0 0 0
  outer loop
   vertex -25.1238 14.4229 47.9276
   vertex -25.4505 15.0955 47.3231
   vertex -25.1933 15.0955 48.5329
  endloop
 endfacet
 facet normal 0 0 0
  outer loop
   vertex -24.9500 13.7743 47.8459
   vertex -25.4505 15.0955 47.3231
   vertex -25.1238 14.4229 47.9276
  endloop
 endfacet
 facet normal 0 0 0
  outer loop
   vertex -25.4505 15.0955 47.3231
   vertex -24.9500 13.7743 47.8459
   vertex -25.3654 13.0056 44.8258
  endloop
 endfacet
 facet normal 0 0 0
  outer loop
   vertex -25.5009 15.2744 47.3338
   vertex -25.4505 15.0955 47.3231
   vertex -25.3654 13.0056 44.8258
  endloop
 endfacet
 facet normal 0 0 0
  outer loop
   vertex -26.9260 13.7937 62.1029
   vertex -26.2156 12.4725 63.6132
   vertex -28.4064 20.2421 64.0789
  endloop
 endfacet
 facet normal 0 0 0
  outer loop
   vertex -30.7598 27.3900 62.9178
   vertex -28.4064 20.2421 64.0789
   vertex -30.7944 28.7112 64.5865
  endloop
 endfacet
 facet normal 0 0 0
  outer loop
   vertex -26.9260 13.7937 62.1029
   vertex -28.4064 20.2421 64.0789
   vertex -30.7598 27.3900 62.9178
  endloop
 endfacet
 facet normal 0 0 0
  outer loop
   vertex -30.7944 28.7112 64.5865
   vertex -31.1989 27.3900 60.8520
   vertex -30.7598 27.3900 62.9178
  endloop
 endfacet
 facet normal 0 0 0
  outer loop
   vertex -34.4121 28.7112 47.5667
   vertex -31.1989 27.3900 60.8520
   vertex -30.7944 28.7112 64.5865
  endloop
 endfacet
 facet normal 0 0 0
  outer loop
   vertex -34.4121 28.7112 47.5667
   vertex -30.4401 15.8230 48.3837
   vertex -33.7017 27.3900 49.0770
  endloop
 endfacet
 facet normal 0 0 0
  outer loop
   vertex -31.1989 27.3900 60.8520
   vertex -34.4121 28.7112 47.5667
   vertex -33.7017 27.3900 49.0770
  endloop
 endfacet
 facet normal 0 0 0
  outer loop
   vertex -27.3650 13.7937 60.0371
   vertex -26.2156 12.4725 63.6132
   vertex -26.9260 13.7937 62.1029
  endloop
 endfacet
 facet normal 0 0 0
  outer loop
   vertex -29.8332 12.4725 46.5934
   vertex -27.3650 13.7937 60.0371
   vertex -29.8679 13.7937 48.2621
  endloop
 endfacet
 facet normal 0 0 0
  outer loop
   vertex -29.8332 12.4725 46.5934
   vertex -30.4401 15.8230 48.3837
   vertex -34.4121 28.7112 47.5667
  endloop
 endfacet
 facet normal 0 0 0
  outer loop
   vertex -27.3650 13.7937 60.0371
   vertex -29.8332 12.4725 46.5934
   vertex -26.2156 12.4725 63.6132
  endloop
 endfacet
 facet normal 0 0 0
  outer loop
   vertex -30.4401 15.8230 48.3837
   vertex -29.8332 12.4725 46.5934
   vertex -29.8679 13.7937 48.2621
  endloop
 endfacet
 facet normal 0 0 0
  outer loop
   vertex -26.3816 30.0130 63.6264
   vertex -26.3311 29.1678 62.6921
   vertex -26.3865 29.3644 62.7038
  endloop
 endfacet
 facet normal 0 0 0
  outer loop
   vertex -26.6630 29.3644 61.4028
   vertex -26.3816 30.0130 63.6264
   vertex -26.3865 29.3644 62.7038
  endloop
 endfacet
 facet normal 0 0 0
  outer loop
   vertex -28.8452 28.6918 50.2038
   vertex -26.6630 29.3644 61.4028
   vertex -26.5940 28.6918 60.7949
  endloop
 endfacet
 facet normal 0 0 0
  outer loop
   vertex -30.1518 30.0130 45.8883
   vertex -26.6630 29.3644 61.4028
   vertex -28.8452 28.6918 50.2038
  endloop
 endfacet
 facet normal 0 0 0
  outer loop
   vertex -30.1518 30.0130 45.8883
   vertex -28.8452 28.6918 50.2038
   vertex -29.2843 28.6918 48.1380
  endloop
 endfacet
 facet normal 0 0 0
  outer loop
   vertex -25.3654 13.0056 44.8258
   vertex -28.7121 26.6625 48.0164
   vertex -25.5009 15.2744 47.3338
  endloop
 endfacet
 facet normal 0 0 0
  outer loop
   vertex -26.6630 29.3644 61.4028
   vertex -30.1518 30.0130 45.8883
   vertex -26.3816 30.0130 63.6264
  endloop
 endfacet
 facet normal 0 0 0
  outer loop
   vertex -30.1518 30.0130 45.8883
   vertex -28.7121 26.6625 48.0164
   vertex -30.1610 30.0130 45.8452
  endloop
 endfacet
 facet normal 0 0 0
  outer loop
   vertex -28.7121 26.6625 48.0164
   vertex -30.1518 30.0130 45.8883
   vertex -29.2843 28.6918 48.1380
  endloop
 endfacet
 facet normal 0 0 0
  outer loop
   vertex -28.7121 26.6625 48.0164
   vertex -25.3654 13.0056 44.8258
   vertex -30.1610 30.0130 45.8452
  endloop
 endfacet
 facet normal 0 0 0
  outer loop
   vertex -25.6597 8.4500 63.4951
   vertex -25.9976 7.0750 61.9056
   vertex -25.6597 -8.4500 63.4951
  endloop
 endfacet
 facet normal 0 0 0
  outer loop
   vertex -25.6597 8.4500 63.4951
   vertex -28.9395 7.0750 48.0647
   vertex -25.9976 7.0750 61.9056
  endloop
 endfacet
 facet normal 0 0 0
  outer loop
   vertex -28.9395 7.0750 48.0647
   vertex -29.2774 8.4500 46.4752
   vertex -28.9395 -7.0750 48.0647
  endloop
 endfacet
 facet normal 0 0 0
  outer loop
   vertex -29.2774 8.4500 46.4752
   vertex -28.9395 7.0750 48.0647
   vertex -25.6597 8.4500 63.4951
  endloop
 endfacet
 facet normal 0 0 0
  outer loop
   vertex -25.9976 -7.0750 61.9056
   vertex -25.6597 -8.4500 63.4951
   vertex -25.9976 7.0750 61.9056
  endloop
 endfacet
 facet normal 0 0 0
  outer loop
   vertex -28.9395 -7.0750 48.0647
   vertex -25.6597 -8.4500 63.4951
   vertex -25.9976 -7.0750 61.9056
  endloop
 endfacet
 facet normal 0 0 0
  outer loop
   vertex -28.9395 -7.0750 48.0647
   vertex -29.2774 -8.4500 46.4752
   vertex -25.6597 -8.4500 63.4951
  endloop
 endfacet
 facet normal 0 0 0
  outer loop
   vertex -29.2774 -8.4500 46.4752
   vertex -28.9395 -7.0750 48.0647
   vertex -29.2774 8.4500 46.4752
  endloop
 endfacet
 facet normal 0 0 0
  outer loop
   vertex -22.1937 7.0750 57.1957
   vertex -24.3422 7.0750 47.0876
   vertex -22.1937 7.7750 57.1957
  endloop
 endfacet
 facet normal 0 0 0
  outer loop
   vertex -21.2548 -7.7750 61.6131
   vertex -21.0624 -8.4500 62.5179
   vertex -21.0624 -9.2500 62.5179
  endloop
 endfacet
 facet normal 0 0 0
  outer loop
   vertex -21.0624 -8.4500 62.5179
   vertex -21.2548 -7.7750 61.6131
   vertex -21.0624 8.4500 62.5179
  endloop
 endfacet
 facet normal 0 0 0
  outer loop
   vertex -21.2548 7.7750 61.6131
   vertex -21.0624 8.4500 62.5179
   vertex -21.2548 -7.7750 61.6131
  endloop
 endfacet
 facet normal 0 0 0
  outer loop
   vertex -21.0624 -9.2500 62.5179
   vertex -22.1937 -7.7750 57.1957
   vertex -21.2548 -7.7750 61.6131
  endloop
 endfacet
 facet normal 0 0 0
  outer loop
   vertex -22.1937 -7.7750 57.1957
   vertex -24.3422 -7.0750 47.0876
   vertex -22.1937 -7.0750 57.1957
  endloop
 endfacet
 facet normal 0 0 0
  outer loop
   vertex -24.8464 -9.2500 44.7155
   vertex -22.1937 -7.7750 57.1957
   vertex -21.0624 -9.2500 62.5179
  endloop
 endfacet
 facet normal 0 0 0
  outer loop
   vertex -24.3422 -7.0750 47.0876
   vertex -24.8464 -9.2500 44.7155
   vertex -24.3422 7.0750 47.0876
  endloop
 endfacet
 facet normal 0 0 0
  outer loop
   vertex -22.1937 -7.7750 57.1957
   vertex -24.8464 -9.2500 44.7155
   vertex -24.3422 -7.0750 47.0876
  endloop
 endfacet
 facet normal 0 0 0
  outer loop
   vertex -21.0624 8.4500 62.5179
   vertex -21.2548 7.7750 61.6131
   vertex -21.0624 9.2500 62.5179
  endloop
 endfacet
 facet normal 0 0 0
  outer loop
   vertex -22.1937 7.7750 57.1957
   vertex -21.0624 9.2500 62.5179
   vertex -21.2548 7.7750 61.6131
  endloop
 endfacet
 facet normal 0 0 0
  outer loop
   vertex -24.8464 9.2500 44.7155
   vertex -22.1937 7.7750 57.1957
   vertex -24.3422 7.0750 47.0876
  endloop
 endfacet
 facet normal 0 0 0
  outer loop
   vertex -22.1937 7.7750 57.1957
   vertex -24.8464 9.2500 44.7155
   vertex -21.0624 9.2500 62.5179
  endloop
 endfacet
 facet normal 0 0 0
  outer loop
   vertex -24.8464 9.2500 44.7155
   vertex -24.3422 7.0750 47.0876
   vertex -24.8464 -9.2500 44.7155
  endloop
 endfacet
 facet normal 0 0 0
  outer loop
   vertex -28.4064 -20.2421 64.0789
   vertex -26.9260 -13.7937 62.1029
   vertex -30.7598 -27.3900 62.9178
  endloop
 endfacet
 facet normal 0 0 0
  outer loop
   vertex -26.2156 -12.4725 63.6132
   vertex -27.3650 -13.7937 60.0371
   vertex -26.9260 -13.7937 62.1029
  endloop
 endfacet
 facet normal 0 0 0
  outer loop
   vertex -29.8332 -12.4725 46.5934
   vertex -27.3650 -13.7937 60.0371
   vertex -26.2156 -12.4725 63.6132
  endloop
 endfacet
 facet normal 0 0 0
  outer loop
   vertex -30.4401 -15.8230 48.3837
   vertex -29.8332 -12.4725 46.5934
   vertex -34.4121 -28.7112 47.5667
  endloop
 endfacet
 facet normal 0 0 0
  outer loop
   vertex -27.3650 -13.7937 60.0371
   vertex -29.8332 -12.4725 46.5934
   vertex -29.8679 -13.7937 48.2621
  endloop
 endfacet
 facet normal 0 0 0
  outer loop
   vertex -26.2156 -12.4725 63.6132
   vertex -26.9260 -13.7937 62.1029
   vertex -28.4064 -20.2421 64.0789
  endloop
 endfacet
 facet normal 0 0 0
  outer loop
   vertex -28.4064 -20.2421 64.0789
   vertex -30.7598 -27.3900 62.9178
   vertex -30.7944 -28.7112 64.5865
  endloop
 endfacet
 facet normal 0 0 0
  outer loop
   vertex -31.1989 -27.3900 60.8520
   vertex -30.7944 -28.7112 64.5865
   vertex -30.7598 -27.3900 62.9178
  endloop
 endfacet
 facet normal 0 0 0
  outer loop
   vertex -34.4121 -28.7112 47.5667
   vertex -31.1989 -27.3900 60.8520
   vertex -33.7017 -27.3900 49.0770
  endloop
 endfacet
 facet normal 0 0 0
  outer loop
   vertex -29.8332 -12.4725 46.5934
   vertex -30.4401 -15.8230 48.3837
   vertex -29.8679 -13.7937 48.2621
  endloop
 endfacet
 facet normal 0 0 0
  outer loop
   vertex -30.4401 -15.8230 48.3837
   vertex -34.4121 -28.7112 47.5667
   vertex -33.7017 -27.3900 49.0770
  endloop
 endfacet
 facet normal 0 0 0
  outer loop
   vertex -31.1989 -27.3900 60.8520
   vertex -34.4121 -28.7112 47.5667
   vertex -30.7944 -28.7112 64.5865
  endloop
 endfacet
 facet normal 0 0 0
  outer loop
   vertex -25.5009 -15.2744 47.3338
   vertex -25.3654 -13.0056 44.8258
   vertex -25.4505 -15.0955 47.3231
  endloop
 endfacet
 facet normal 0 0 0
  outer loop
   vertex -25.4505 -15.0955 47.3231
   vertex -25.1238 -14.4229 47.9276
   vertex -25.1933 -15.0955 48.5329
  endloop
 endfacet
 facet normal 0 0 0
  outer loop
   vertex -25.4505 -15.0955 47.3231
   vertex -24.9500 -13.7743 47.8459
   vertex -25.1238 -14.4229 47.9276
  endloop
 endfacet
 facet normal 0 0 0
  outer loop
   vertex -24.9500 -13.7743 47.8459
   vertex -25.4505 -15.0955 47.3231
   vertex -25.3654 -13.0056 44.8258
  endloop
 endfacet
 facet normal 0 0 0
  outer loop
   vertex -26.3311 -29.1678 62.6921
   vertex -26.3771 -30.0130 63.6475
   vertex -26.3816 -30.0130 63.6264
  endloop
 endfacet
 facet normal 0 0 0
  outer loop
   vertex -26.3771 -30.0130 63.6475
   vertex -26.3311 -29.1678 62.6921
   vertex -24.1308 -22.0469 63.1701
  endloop
 endfacet
 facet normal 0 0 0
  outer loop
   vertex -22.1734 -14.4229 61.8083
   vertex -24.1308 -22.0469 63.1701
   vertex -26.3311 -29.1678 62.6921
  endloop
 endfacet
 facet normal 0 0 0
  outer loop
   vertex -24.1308 -22.0469 63.1701
   vertex -22.1734 -14.4229 61.8083
   vertex -21.7982 -13.7743 62.6742
  endloop
 endfacet
 facet normal 0 0 0
  outer loop
   vertex -24.9500 -13.7743 47.8459
   vertex -22.1734 -14.4229 61.8083
   vertex -25.1238 -14.4229 47.9276
  endloop
 endfacet
 facet normal 0 0 0
  outer loop
   vertex -22.1734 -14.4229 61.8083
   vertex -24.9500 -13.7743 47.8459
   vertex -21.7982 -13.7743 62.6742
  endloop
 endfacet
 facet normal 0 0 0
  outer loop
   vertex -26.3816 -30.0130 63.6264
   vertex -26.6630 -29.3644 61.4028
   vertex -26.3865 -29.3644 62.7038
  endloop
 endfacet
 facet normal 0 0 0
  outer loop
   vertex -26.6630 -29.3644 61.4028
   vertex -28.8452 -28.6918 50.2038
   vertex -26.5940 -28.6918 60.7949
  endloop
 endfacet
 facet normal 0 0 0
  outer loop
   vertex -30.1610 -30.0130 45.8452
   vertex -26.6630 -29.3644 61.4028
   vertex -26.3816 -30.0130 63.6264
  endloop
 endfacet
 facet normal 0 0 0
  outer loop
   vertex -26.6630 -29.3644 61.4028
   vertex -30.1610 -30.0130 45.8452
   vertex -28.8452 -28.6918 50.2038
  endloop
 endfacet
 facet normal 0 0 0
  outer loop
   vertex -30.1610 -30.0130 45.8452
   vertex -28.7121 -26.6625 48.0164
   vertex -29.2843 -28.6918 48.1380
  endloop
 endfacet
 facet normal 0 0 0
  outer loop
   vertex -28.8452 -28.6918 50.2038
   vertex -30.1610 -30.0130 45.8452
   vertex -29.2843 -28.6918 48.1380
  endloop
 endfacet
 facet normal 0 0 0
  outer loop
   vertex -25.3654 -13.0056 44.8258
   vertex -28.7121 -26.6625 48.0164
   vertex -30.1610 -30.0130 45.8452
  endloop
 endfacet
 facet normal 0 0 0
  outer loop
   vertex -28.7121 -26.6625 48.0164
   vertex -25.3654 -13.0056 44.8258
   vertex -25.5009 -15.2744 47.3338
  endloop
 endfacet
 facet normal 0 0 0
  outer loop
   vertex -26.3816 -30.0130 63.6264
   vertex -26.3865 -29.3644 62.7038
   vertex -26.3311 -29.1678 62.6921
  endloop
 endfacet
 facet normal 0 0 0
  outer loop
   vertex -25.3654 -13.0056 44.8258
   vertex -30.1610 -30.0130 45.8452
   vertex -30.3778 -30.7817 45.8912
  endloop
 endfacet
 facet normal 0 0 0
  outer loop
   vertex -41.2179 -46.7255 66.8020
   vertex -39.7401 -43.7736 64.8266
   vertex -40.8398 -45.5615 65.0603
  endloop
 endfacet
 facet normal 0 0 0
  outer loop
   vertex -35.2528 -36.7124 64.5821
   vertex -39.7401 -43.7736 64.8266
   vertex -35.1654 -36.7700 65.1674
  endloop
 endfacet
 facet normal 0 0 0
  outer loop
   vertex -35.2626 -36.5416 64.0193
   vertex -39.7401 -43.7736 64.8266
   vertex -35.2528 -36.7124 64.5821
  endloop
 endfacet
 facet normal 0 0 0
  outer loop
   vertex -39.7401 -43.7736 64.8266
   vertex -35.2626 -36.5416 64.0193
   vertex -35.2432 -36.4622 63.8708
  endloop
 endfacet
 facet normal 0 0 0
  outer loop
   vertex -39.7401 -43.7736 64.8266
   vertex -35.0747 -36.7376 65.4963
   vertex -35.1654 -36.7700 65.1674
  endloop
 endfacet
 facet normal 0 0 0
  outer loop
   vertex -39.7401 -43.7736 64.8266
   vertex -41.2179 -46.7255 66.8020
   vertex -35.0747 -36.7376 65.4963
  endloop
 endfacet
 facet normal 0 0 0
  outer loop
   vertex -41.2179 -46.7255 66.8020
   vertex -40.8398 -45.5615 65.0603
   vertex -41.6344 -47.4027 66.8905
  endloop
 endfacet
 facet normal 0 0 0
  outer loop
   vertex -41.2789 -45.5615 62.9945
   vertex -41.6344 -47.4027 66.8905
   vertex -40.8398 -45.5615 65.0603
  endloop
 endfacet
 facet normal 0 0 0
  outer loop
   vertex -45.4184 -47.4027 49.0882
   vertex -41.2789 -45.5615 62.9945
   vertex -43.7817 -45.5615 51.2195
  endloop
 endfacet
 facet normal 0 0 0
  outer loop
   vertex -41.2789 -45.5615 62.9945
   vertex -45.4184 -47.4027 49.0882
   vertex -41.6344 -47.4027 66.8905
  endloop
 endfacet
 facet normal 0 0 0
  outer loop
   vertex -45.4184 -47.4027 49.0882
   vertex -43.7817 -45.5615 51.2195
   vertex -43.6848 -45.4039 51.1989
  endloop
 endfacet
 facet normal 0 0 0
  outer loop
   vertex -41.5265 -49.9046 48.2610
   vertex -37.9064 -49.7993 66.0981
   vertex -45.4184 -47.4027 49.0882
  endloop
 endfacet
 facet normal 0 0 0
  outer loop
   vertex -37.9064 -49.7993 66.0981
   vertex -41.5265 -49.9046 48.2610
   vertex -37.7426 -49.9046 66.0633
  endloop
 endfacet
 facet normal 0 0 0
  outer loop
   vertex -33.4860 -33.1847 62.2250
   vertex -33.9112 -33.5828 61.4286
   vertex -33.7503 -33.5828 62.1858
  endloop
 endfacet
 facet normal 0 0 0
  outer loop
   vertex -33.0880 -32.6219 62.3958
   vertex -33.9112 -33.5828 61.4286
   vertex -33.4860 -33.1847 62.2250
  endloop
 endfacet
 facet normal 0 0 0
  outer loop
   vertex -32.9343 -32.4188 62.5043
   vertex -33.9112 -33.5828 61.4286
   vertex -33.0880 -32.6219 62.3958
  endloop
 endfacet
 facet normal 0 0 0
  outer loop
   vertex -32.9343 -32.4188 62.5043
   vertex -36.4141 -33.5828 49.6535
   vertex -33.9112 -33.5828 61.4286
  endloop
 endfacet
 facet normal 0 0 0
  outer loop
   vertex -36.0360 -32.4188 47.9119
   vertex -36.4141 -33.5828 49.6535
   vertex -32.9343 -32.4188 62.5043
  endloop
 endfacet
 facet normal 0 0 0
  outer loop
   vertex -37.7204 -34.9977 47.7868
   vertex -36.4141 -33.5828 49.6535
   vertex -36.0360 -32.4188 47.9119
  endloop
 endfacet
 facet normal 0 0 0
  outer loop
   vertex -36.4141 -33.5828 49.6535
   vertex -37.7204 -34.9977 47.7868
   vertex -37.5137 -35.3707 49.8873
  endloop
 endfacet
 facet normal 0 0 0
  outer loop
   vertex -37.8027 -35.0207 47.4695
   vertex -37.5137 -35.3707 49.8873
   vertex -37.7204 -34.9977 47.7868
  endloop
 endfacet
 facet normal 0 0 0
  outer loop
   vertex -37.5137 -35.3707 49.8873
   vertex -37.8027 -35.0207 47.4695
   vertex -45.4184 -47.4027 49.0882
  endloop
 endfacet
 facet normal 0 0 0
  outer loop
   vertex -37.5137 -35.3707 49.8873
   vertex -45.4184 -47.4027 49.0882
   vertex -43.6848 -45.4039 51.1989
  endloop
 endfacet
 facet normal 0 0 0
  outer loop
   vertex -41.6344 -47.4027 66.8905
   vertex -45.4184 -47.4027 49.0882
   vertex -37.9064 -49.7993 66.0981
  endloop
 endfacet
 facet normal 0 0 0
  outer loop
   vertex -41.5265 -49.9046 48.2610
   vertex -37.8027 -35.0207 47.4695
   vertex -36.8197 -35.0128 47.2606
  endloop
 endfacet
 facet normal 0 0 0
  outer loop
   vertex -37.8027 -35.0207 47.4695
   vertex -41.5265 -49.9046 48.2610
   vertex -45.4184 -47.4027 49.0882
  endloop
 endfacet
 facet normal 0 0 0
  outer loop
   vertex -36.0100 -35.0063 47.0885
   vertex -41.5265 -49.9046 48.2610
   vertex -36.8197 -35.0128 47.2606
  endloop
 endfacet
 facet normal 0 0 0
  outer loop
   vertex -32.3105 -34.9207 46.3021
   vertex -41.5265 -49.9046 48.2610
   vertex -36.0100 -35.0063 47.0885
  endloop
 endfacet
 facet normal 0 0 0
  outer loop
   vertex -41.5265 -49.9046 48.2610
   vertex -32.3105 -34.9207 46.3021
   vertex -31.8939 -34.2434 46.2136
  endloop
 endfacet
 facet normal 0 0 0
  outer loop
   vertex -31.1265 -38.8351 63.7114
   vertex -37.7426 -49.9046 66.0633
   vertex -36.9479 -48.0633 64.2331
  endloop
 endfacet
 facet normal 0 0 0
  outer loop
   vertex -37.7426 -49.9046 66.0633
   vertex -39.4508 -48.0633 52.4581
   vertex -36.9479 -48.0633 64.2331
  endloop
 endfacet
 facet normal 0 0 0
  outer loop
   vertex -41.5265 -49.9046 48.2610
   vertex -39.4508 -48.0633 52.4581
   vertex -37.7426 -49.9046 66.0633
  endloop
 endfacet
 facet normal 0 0 0
  outer loop
   vertex -38.7902 -46.2755 50.1585
   vertex -38.3437 -45.3129 49.3480
   vertex -38.0188 -45.0213 49.9946
  endloop
 endfacet
 facet normal 0 0 0
  outer loop
   vertex -41.5265 -49.9046 48.2610
   vertex -38.7902 -46.2755 50.1585
   vertex -39.8899 -48.0633 50.3923
  endloop
 endfacet
 facet normal 0 0 0
  outer loop
   vertex -39.4508 -48.0633 52.4581
   vertex -41.5265 -49.9046 48.2610
   vertex -39.8899 -48.0633 50.3923
  endloop
 endfacet
 facet normal 0 0 0
  outer loop
   vertex -38.7902 -46.2755 50.1585
   vertex -41.5265 -49.9046 48.2610
   vertex -38.3437 -45.3129 49.3480
  endloop
 endfacet
 facet normal 0 0 0
  outer loop
   vertex -32.3105 -34.9207 46.3021
   vertex -38.3437 -45.3129 49.3480
   vertex -41.5265 -49.9046 48.2610
  endloop
 endfacet
 facet normal 0 0 0
  outer loop
   vertex -38.3437 -45.3129 49.3480
   vertex -32.3105 -34.9207 46.3021
   vertex -32.3033 -35.4921 48.0641
  endloop
 endfacet
 facet normal 0 0 0
  outer loop
   vertex -32.3033 -35.4921 48.0641
   vertex -32.3105 -34.9207 46.3021
   vertex -32.2241 -34.9207 46.7084
  endloop
 endfacet
 facet normal 0 0 0
  outer loop
   vertex -32.3105 -34.9207 46.3021
   vertex -41.5265 -49.9046 48.2610
   vertex -31.8939 -34.2434 46.2136
  endloop
 endfacet
 facet normal 0 0 0
  outer loop
   vertex -37.7426 -49.9046 66.0633
   vertex -31.1265 -38.8351 63.7114
   vertex -29.5812 -36.6355 64.3286
  endloop
 endfacet
 facet normal 0 0 0
  outer loop
   vertex -29.5812 -36.6355 64.3286
   vertex -31.1265 -38.8351 63.7114
   vertex -29.5867 -36.5416 64.0193
  endloop
 endfacet
 facet normal 0 0 0
  outer loop
   vertex -31.1265 -38.8351 63.7114
   vertex -36.9479 -48.0633 64.2331
   vertex -31.4514 -39.1267 63.0648
  endloop
 endfacet
 facet normal 0 0 0
  outer loop
   vertex -31.1265 -38.8351 63.7114
   vertex -29.5187 -36.2644 63.5007
   vertex -29.5867 -36.5416 64.0193
  endloop
 endfacet
 facet normal 0 0 0
  outer loop
   vertex -29.5187 -36.2644 63.5007
   vertex -31.1265 -38.8351 63.7114
   vertex -29.4744 -36.1492 63.3602
  endloop
 endfacet
 facet normal 0 0 0
  outer loop
   vertex -29.1625 -35.4367 62.6730
   vertex -30.9698 -34.9207 52.6097
   vertex -28.8894 -34.9207 62.3972
  endloop
 endfacet
 facet normal 0 0 0
  outer loop
   vertex -29.1885 -35.4921 62.7184
   vertex -30.9698 -34.9207 52.6097
   vertex -29.1625 -35.4367 62.6730
  endloop
 endfacet
 facet normal 0 0 0
  outer loop
   vertex -32.3033 -35.4921 48.0641
   vertex -30.9698 -34.9207 52.6097
   vertex -29.1885 -35.4921 62.7184
  endloop
 endfacet
 facet normal 0 0 0
  outer loop
   vertex -30.9698 -34.9207 52.6097
   vertex -32.3033 -35.4921 48.0641
   vertex -32.2241 -34.9207 46.7084
  endloop
 endfacet
 facet normal 0 0 0
  outer loop
   vertex -28.7300 -35.2515 64.1477
   vertex -28.5892 -34.9721 63.9653
   vertex -28.6406 -35.1062 64.1287
  endloop
 endfacet
 facet normal 0 0 0
  outer loop
   vertex -28.7300 -34.9207 63.1472
   vertex -28.5892 -34.9721 63.9653
   vertex -28.7300 -35.2515 64.1477
  endloop
 endfacet
 facet normal 0 0 0
  outer loop
   vertex -28.5892 -34.9721 63.9653
   vertex -28.7300 -34.9207 63.1472
   vertex -28.5651 -34.9207 63.9231
  endloop
 endfacet
 facet normal 0 0 0
  outer loop
   vertex -34.6925 31.6817 71.0533
   vertex -34.1319 30.4634 69.2617
   vertex -34.5859 31.5314 71.0266
  endloop
 endfacet
 facet normal 0 0 0
  outer loop
   vertex -38.5372 40.8787 86.5878
   vertex -40.2079 43.6680 88.6794
   vertex -39.6398 42.4333 86.8637
  endloop
 endfacet
 facet normal 0 0 0
  outer loop
   vertex -40.2079 43.6680 88.6794
   vertex -38.5372 40.8787 86.5878
   vertex -36.7888 38.8472 87.8236
  endloop
 endfacet
 facet normal 0 0 0
  outer loop
   vertex -31.6449 31.1610 84.8626
   vertex -36.7888 38.8472 87.8236
   vertex -38.5372 40.8787 86.5878
  endloop
 endfacet
 facet normal 0 0 0
  outer loop
   vertex -36.7888 38.8472 87.8236
   vertex -31.6449 31.1610 84.8626
   vertex -30.5199 30.0085 86.2545
  endloop
 endfacet
 facet normal 0 0 0
  outer loop
   vertex -32.0839 31.2163 82.7975
   vertex -30.5199 30.0085 86.2545
   vertex -31.6449 31.1610 84.8626
  endloop
 endfacet
 facet normal 0 0 0
  outer loop
   vertex -32.0839 31.2163 82.7975
   vertex -33.1179 30.3357 74.0319
   vertex -30.5199 30.0085 86.2545
  endloop
 endfacet
 facet normal 0 0 0
  outer loop
   vertex -34.5859 31.5314 71.0266
   vertex -33.1179 30.3357 74.0319
   vertex -32.0839 31.2163 82.7975
  endloop
 endfacet
 facet normal 0 0 0
  outer loop
   vertex -33.1179 30.3357 74.0319
   vertex -34.5859 31.5314 71.0266
   vertex -33.6567 30.4036 71.4972
  endloop
 endfacet
 facet normal 0 0 0
  outer loop
   vertex -33.6567 30.4036 71.4972
   vertex -34.5859 31.5314 71.0266
   vertex -34.1319 30.4634 69.2617
  endloop
 endfacet
 facet normal 0 0 0
  outer loop
   vertex -40.6539 44.2968 88.7911
   vertex -39.7464 42.5836 86.8904
   vertex -40.2079 43.6680 88.6794
  endloop
 endfacet
 facet normal 0 0 0
  outer loop
   vertex -40.6539 44.2968 88.7911
   vertex -42.2484 42.8987 75.1195
   vertex -39.7464 42.5836 86.8904
  endloop
 endfacet
 facet normal 0 0 0
  outer loop
   vertex -44.4366 44.7733 70.9949
   vertex -42.2484 42.8987 75.1195
   vertex -40.6539 44.2968 88.7911
  endloop
 endfacet
 facet normal 0 0 0
  outer loop
   vertex -37.9975 35.9080 70.2070
   vertex -35.7950 33.2363 71.3292
   vertex -42.6873 42.9540 73.0544
  endloop
 endfacet
 facet normal 0 0 0
  outer loop
   vertex -42.2484 42.8987 75.1195
   vertex -44.4366 44.7733 70.9949
   vertex -42.6873 42.9540 73.0544
  endloop
 endfacet
 facet normal 0 0 0
  outer loop
   vertex -37.9975 35.9080 70.2070
   vertex -42.6873 42.9540 73.0544
   vertex -44.4366 44.7733 70.9949
  endloop
 endfacet
 facet normal 0 0 0
  outer loop
   vertex -37.3450 34.9881 70.0437
   vertex -35.7950 33.2363 71.3292
   vertex -37.9975 35.9080 70.2070
  endloop
 endfacet
 facet normal 0 0 0
  outer loop
   vertex -35.7950 33.2363 71.3292
   vertex -37.3450 34.9881 70.0437
   vertex -34.6925 31.6817 71.0533
  endloop
 endfacet
 facet normal 0 0 0
  outer loop
   vertex -34.1364 30.4640 69.2406
   vertex -34.6925 31.6817 71.0533
   vertex -37.3450 34.9881 70.0437
  endloop
 endfacet
 facet normal 0 0 0
  outer loop
   vertex -34.6925 31.6817 71.0533
   vertex -34.1364 30.4640 69.2406
   vertex -34.1319 30.4634 69.2617
  endloop
 endfacet
 facet normal 0 0 0
  outer loop
   vertex -40.2079 43.6680 88.6794
   vertex -39.7464 42.5836 86.8904
   vertex -39.6398 42.4333 86.8637
  endloop
 endfacet
 facet normal 0 0 0
  outer loop
   vertex -40.6539 44.2968 88.7911
   vertex -44.2703 44.7523 71.7772
   vertex -44.4366 44.7733 70.9949
  endloop
 endfacet
 facet normal 0 0 0
  outer loop
   vertex -40.6539 44.2968 88.7911
   vertex -44.1134 44.8690 71.7469
   vertex -44.2703 44.7523 71.7772
  endloop
 endfacet
 facet normal 0 0 0
  outer loop
   vertex -38.3020 46.0453 88.3380
   vertex -44.1134 44.8690 71.7469
   vertex -40.6539 44.2968 88.7911
  endloop
 endfacet
 facet normal 0 0 0
  outer loop
   vertex -44.1134 44.8690 71.7469
   vertex -38.3020 46.0453 88.3380
   vertex -36.7601 47.0471 88.8552
  endloop
 endfacet
 facet normal 0 0 0
  outer loop
   vertex -36.7601 47.0471 88.8552
   vertex -33.0411 41.3432 86.1479
   vertex -36.0188 45.3548 86.1723
  endloop
 endfacet
 facet normal 0 0 0
  outer loop
   vertex -28.9349 35.9661 86.7118
   vertex -27.3711 33.3488 84.7286
   vertex -33.0411 41.3432 86.1479
  endloop
 endfacet
 facet normal 0 0 0
  outer loop
   vertex -30.4088 33.2352 68.5225
   vertex -27.3711 33.3488 84.7286
   vertex -26.6560 32.7625 86.1781
  endloop
 endfacet
 facet normal 0 0 0
  outer loop
   vertex -27.3711 33.3488 84.7286
   vertex -30.4088 33.2352 68.5225
   vertex -30.6030 33.7559 69.5237
  endloop
 endfacet
 facet normal 0 0 0
  outer loop
   vertex -27.3711 33.3488 84.7286
   vertex -28.9349 35.9661 86.7118
   vertex -26.6560 32.7625 86.1781
  endloop
 endfacet
 facet normal 0 0 0
  outer loop
   vertex -33.0411 41.3432 86.1479
   vertex -36.7601 47.0471 88.8552
   vertex -28.9349 35.9661 86.7118
  endloop
 endfacet
 facet normal 0 0 0
  outer loop
   vertex -36.4577 45.4101 84.1072
   vertex -36.7601 47.0471 88.8552
   vertex -36.0188 45.3548 86.1723
  endloop
 endfacet
 facet normal 0 0 0
  outer loop
   vertex -40.5428 47.5236 71.0591
   vertex -36.4577 45.4101 84.1072
   vertex -38.9597 45.7252 72.3363
  endloop
 endfacet
 facet normal 0 0 0
  outer loop
   vertex -36.4577 45.4101 84.1072
   vertex -40.5428 47.5236 71.0591
   vertex -36.7601 47.0471 88.8552
  endloop
 endfacet
 facet normal 0 0 0
  outer loop
   vertex -37.7506 44.0204 72.0336
   vertex -40.5428 47.5236 71.0591
   vertex -38.9597 45.7252 72.3363
  endloop
 endfacet
 facet normal 0 0 0
  outer loop
   vertex -33.8360 38.3143 70.3329
   vertex -37.7506 44.0204 72.0336
   vertex -33.8002 38.4506 71.0448
  endloop
 endfacet
 facet normal 0 0 0
  outer loop
   vertex -37.7506 44.0204 72.0336
   vertex -33.8360 38.3143 70.3329
   vertex -40.5428 47.5236 71.0591
  endloop
 endfacet
 facet normal 0 0 0
  outer loop
   vertex -30.4088 33.2352 68.5225
   vertex -33.8360 38.3143 70.3329
   vertex -30.6030 33.7559 69.5237
  endloop
 endfacet
 facet normal 0 0 0
  outer loop
   vertex -33.8360 38.3143 70.3329
   vertex -30.4088 33.2352 68.5225
   vertex -40.5428 47.5236 71.0591
  endloop
 endfacet
 facet normal 0 0 0
  outer loop
   vertex -36.0188 45.3548 86.1723
   vertex -33.0411 41.3432 86.1479
   vertex -33.0769 41.2068 85.4359
  endloop
 endfacet
 facet normal 0 0 0
  outer loop
   vertex -36.7601 47.0471 88.8552
   vertex -40.5428 47.5236 71.0591
   vertex -44.1134 44.8690 71.7469
  endloop
 endfacet
 facet normal 0 0 0
  outer loop
   vertex -32.3726 26.6290 68.0477
   vertex -31.4238 25.0845 70.1819
   vertex -32.2227 26.6101 68.7528
  endloop
 endfacet
 facet normal 0 0 0
  outer loop
   vertex -24.3181 11.4437 82.7774
   vertex -23.5747 10.0950 84.2230
   vertex -24.3736 11.6206 82.7939
  endloop
 endfacet
 facet normal 0 0 0
  outer loop
   vertex -24.3181 11.4437 82.7774
   vertex -25.7289 10.3663 74.0884
   vertex -23.5747 10.0950 84.2230
  endloop
 endfacet
 facet normal 0 0 0
  outer loop
   vertex -27.2590 11.8141 68.9414
   vertex -25.7289 10.3663 74.0884
   vertex -24.3181 11.4437 82.7774
  endloop
 endfacet
 facet normal 0 0 0
  outer loop
   vertex -25.7289 10.3663 74.0884
   vertex -27.2590 11.8141 68.9414
   vertex -26.7925 10.5003 69.0845
  endloop
 endfacet
 facet normal 0 0 0
  outer loop
   vertex -29.8120 18.9151 68.0122
   vertex -31.4238 25.0845 70.1819
   vertex -30.5669 21.3203 68.2371
  endloop
 endfacet
 facet normal 0 0 0
  outer loop
   vertex -27.2590 11.8141 68.9414
   vertex -26.9907 10.5253 68.1520
   vertex -26.7925 10.5003 69.0845
  endloop
 endfacet
 facet normal 0 0 0
  outer loop
   vertex -31.4238 25.0845 70.1819
   vertex -29.8120 18.9151 68.0122
   vertex -27.2590 11.8141 68.9414
  endloop
 endfacet
 facet normal 0 0 0
  outer loop
   vertex -27.1866 10.5500 67.2303
   vertex -27.2590 11.8141 68.9414
   vertex -29.8120 18.9151 68.0122
  endloop
 endfacet
 facet normal 0 0 0
  outer loop
   vertex -27.2590 11.8141 68.9414
   vertex -27.1866 10.5500 67.2303
   vertex -26.9907 10.5253 68.1520
  endloop
 endfacet
 facet normal 0 0 0
  outer loop
   vertex -31.4238 25.0845 70.1819
   vertex -32.3726 26.6290 68.0477
   vertex -30.5669 21.3203 68.2371
  endloop
 endfacet
 facet normal 0 0 0
  outer loop
   vertex -27.9085 22.8839 83.8468
   vertex -26.3568 18.9733 85.0742
   vertex -28.6108 26.1552 85.7455
  endloop
 endfacet
 facet normal 0 0 0
  outer loop
   vertex -24.3736 11.6206 82.7939
   vertex -26.3568 18.9733 85.0742
   vertex -27.9085 22.8839 83.8468
  endloop
 endfacet
 facet normal 0 0 0
  outer loop
   vertex -26.3568 18.9733 85.0742
   vertex -24.3736 11.6206 82.7939
   vertex -23.5702 10.0944 84.2441
  endloop
 endfacet
 facet normal 0 0 0
  outer loop
   vertex -27.9085 22.8839 83.8468
   vertex -28.6108 26.1552 85.7455
   vertex -28.5384 24.8910 84.0344
  endloop
 endfacet
 facet normal 0 0 0
  outer loop
   vertex -28.6108 26.1552 85.7455
   vertex -31.0404 25.2061 72.2635
   vertex -28.5384 24.8910 84.0344
  endloop
 endfacet
 facet normal 0 0 0
  outer loop
   vertex -32.2227 26.6101 68.7528
   vertex -31.0404 25.2061 72.2635
   vertex -28.6108 26.1552 85.7455
  endloop
 endfacet
 facet normal 0 0 0
  outer loop
   vertex -31.4794 25.2614 70.1984
   vertex -32.2227 26.6101 68.7528
   vertex -31.4238 25.0845 70.1819
  endloop
 endfacet
 facet normal 0 0 0
  outer loop
   vertex -31.0404 25.2061 72.2635
   vertex -32.2227 26.6101 68.7528
   vertex -31.4794 25.2614 70.1984
  endloop
 endfacet
 facet normal 0 0 0
  outer loop
   vertex -23.5747 10.0950 84.2230
   vertex -23.5702 10.0944 84.2441
   vertex -24.3736 11.6206 82.7939
  endloop
 endfacet
 facet normal 0 0 0
  outer loop
   vertex -19.9952 13.0781 81.9023
   vertex -20.5095 15.7505 83.7450
   vertex -18.7869 10.7707 84.0637
  endloop
 endfacet
 facet normal 0 0 0
  outer loop
   vertex -22.3376 20.5416 82.6000
   vertex -20.5095 15.7505 83.7450
   vertex -20.5695 14.9083 82.0733
  endloop
 endfacet
 facet normal 0 0 0
  outer loop
   vertex -20.5095 15.7505 83.7450
   vertex -22.3376 20.5416 82.6000
   vertex -22.1852 20.5013 83.2824
  endloop
 endfacet
 facet normal 0 0 0
  outer loop
   vertex -20.5095 15.7505 83.7450
   vertex -19.9952 13.0781 81.9023
   vertex -20.5695 14.9083 82.0733
  endloop
 endfacet
 facet normal 0 0 0
  outer loop
   vertex -22.1852 20.5013 83.2824
   vertex -23.5088 25.3070 84.6384
   vertex -20.5095 15.7505 83.7450
  endloop
 endfacet
 facet normal 0 0 0
  outer loop
   vertex -23.5088 25.3070 84.6384
   vertex -22.1852 20.5013 83.2824
   vertex -24.2233 26.9954 83.8895
  endloop
 endfacet
 facet normal 0 0 0
  outer loop
   vertex -24.2233 26.9954 83.8895
   vertex -24.2324 27.6127 84.8539
   vertex -23.5088 25.3070 84.6384
  endloop
 endfacet
 facet normal 0 0 0
  outer loop
   vertex -24.2233 26.9954 83.8895
   vertex -25.0940 27.7212 80.8004
   vertex -24.2324 27.6127 84.8539
  endloop
 endfacet
 facet normal 0 0 0
  outer loop
   vertex -25.5861 27.1671 77.4781
   vertex -25.0940 27.7212 80.8004
   vertex -24.2233 26.9954 83.8895
  endloop
 endfacet
 facet normal 0 0 0
  outer loop
   vertex -27.1010 26.7190 69.3068
   vertex -25.5861 27.1671 77.4781
   vertex -25.3786 26.5020 77.4099
  endloop
 endfacet
 facet normal 0 0 0
  outer loop
   vertex -28.0738 28.7852 67.9070
   vertex -25.5861 27.1671 77.4781
   vertex -27.1010 26.7190 69.3068
  endloop
 endfacet
 facet normal 0 0 0
  outer loop
   vertex -25.5861 27.1671 77.4781
   vertex -28.0738 28.7852 67.9070
   vertex -25.0940 27.7212 80.8004
  endloop
 endfacet
 facet normal 0 0 0
  outer loop
   vertex -27.8551 28.0882 67.8419
   vertex -27.1010 26.7190 69.3068
   vertex -27.0454 26.5420 69.2903
  endloop
 endfacet
 facet normal 0 0 0
  outer loop
   vertex -27.1010 26.7190 69.3068
   vertex -27.8551 28.0882 67.8419
   vertex -28.0738 28.7852 67.9070
  endloop
 endfacet
 facet normal 0 0 0
  outer loop
   vertex -18.7869 10.7707 84.0637
   vertex -19.9396 12.9012 81.8857
   vertex -19.9952 13.0781 81.9023
  endloop
 endfacet
 facet normal 0 0 0
  outer loop
   vertex -22.0405 11.2896 68.9350
   vertex -19.9396 12.9012 81.8857
   vertex -18.7869 10.7707 84.0637
  endloop
 endfacet
 facet normal 0 0 0
  outer loop
   vertex -22.0405 11.2896 68.9350
   vertex -22.7465 13.2548 68.6804
   vertex -19.9396 12.9012 81.8857
  endloop
 endfacet
 facet normal 0 0 0
  outer loop
   vertex -22.0405 11.2896 68.9350
   vertex -22.6279 12.6009 68.1938
   vertex -22.7465 13.2548 68.6804
  endloop
 endfacet
 facet normal 0 0 0
  outer loop
   vertex -22.0405 11.2896 68.9350
   vertex -22.8173 12.6247 67.3031
   vertex -22.6279 12.6009 68.1938
  endloop
 endfacet
 facet normal 0 0 0
  outer loop
   vertex -23.0642 13.4114 67.3766
   vertex -22.6052 11.3607 66.2782
   vertex -24.0129 15.8460 66.6975
  endloop
 endfacet
 facet normal 0 0 0
  outer loop
   vertex -22.6052 11.3607 66.2782
   vertex -22.8173 12.6247 67.3031
   vertex -22.0405 11.2896 68.9350
  endloop
 endfacet
 facet normal 0 0 0
  outer loop
   vertex -24.0129 15.8460 66.6975
   vertex -27.0454 26.5420 69.2903
   vertex -23.0554 13.8286 68.1018
  endloop
 endfacet
 facet normal 0 0 0
  outer loop
   vertex -24.0129 15.8460 66.6975
   vertex -23.0554 13.8286 68.1018
   vertex -23.0642 13.4114 67.3766
  endloop
 endfacet
 facet normal 0 0 0
  outer loop
   vertex -22.6052 11.3607 66.2782
   vertex -23.0642 13.4114 67.3766
   vertex -22.8173 12.6247 67.3031
  endloop
 endfacet
 facet normal 0 0 0
  outer loop
   vertex -27.0454 26.5420 69.2903
   vertex -24.0129 15.8460 66.6975
   vertex -27.8551 28.0882 67.8419
  endloop
 endfacet
 facet normal 0 0 0
  outer loop
   vertex -26.2904 -9.1013 68.1756
   vertex -26.6321 -10.6199 66.5678
   vertex -26.2914 -9.2874 68.1708
  endloop
 endfacet
 facet normal 0 0 0
  outer loop
   vertex -23.2745 4.3012 82.3643
   vertex -22.9282 5.8194 83.9932
   vertex -22.9327 5.8199 83.9721
  endloop
 endfacet
 facet normal 0 0 0
  outer loop
   vertex -22.9282 5.8194 83.9932
   vertex -23.2745 4.3012 82.3643
   vertex -22.9511 1.6257 83.8858
  endloop
 endfacet
 facet normal 0 0 0
  outer loop
   vertex -23.3504 -9.6578 82.0068
   vertex -22.9511 1.6257 83.8858
   vertex -23.2745 4.3012 82.3643
  endloop
 endfacet
 facet normal 0 0 0
  outer loop
   vertex -22.9511 1.6257 83.8858
   vertex -23.3504 -9.6578 82.0068
   vertex -23.0014 -7.6184 83.6491
  endloop
 endfacet
 facet normal 0 0 0
  outer loop
   vertex -23.0014 -7.6184 83.6491
   vertex -23.3504 -9.6578 82.0068
   vertex -23.0202 -11.0749 83.5606
  endloop
 endfacet
 facet normal 0 0 0
  outer loop
   vertex -26.2914 -9.2874 68.1708
   vertex -23.0202 -11.0749 83.5606
   vertex -23.3504 -9.6578 82.0068
  endloop
 endfacet
 facet normal 0 0 0
  outer loop
   vertex -23.0202 -11.0749 83.5606
   vertex -26.2914 -9.2874 68.1708
   vertex -26.6321 -10.6199 66.5678
  endloop
 endfacet
 facet normal 0 0 0
  outer loop
   vertex -23.9389 5.9467 79.2386
   vertex -23.2735 4.4874 82.3691
   vertex -22.9327 5.8199 83.9721
  endloop
 endfacet
 facet normal 0 0 0
  outer loop
   vertex -23.9389 5.9467 79.2386
   vertex -26.2144 4.8578 68.5331
   vertex -23.2735 4.4874 82.3691
  endloop
 endfacet
 facet normal 0 0 0
  outer loop
   vertex -26.5447 6.2749 66.9793
   vertex -26.2144 4.8578 68.5331
   vertex -23.9389 5.9467 79.2386
  endloop
 endfacet
 facet normal 0 0 0
  outer loop
   vertex -26.6114 -5.9825 66.6654
   vertex -26.2144 4.8578 68.5331
   vertex -26.5447 6.2749 66.9793
  endloop
 endfacet
 facet normal 0 0 0
  outer loop
   vertex -26.2144 4.8578 68.5331
   vertex -26.6114 -5.9825 66.6654
   vertex -26.2904 -9.1013 68.1756
  endloop
 endfacet
 facet normal 0 0 0
  outer loop
   vertex -26.7784 -10.6015 65.8795
   vertex -26.2904 -9.1013 68.1756
   vertex -26.6114 -5.9825 66.6654
  endloop
 endfacet
 facet normal 0 0 0
  outer loop
   vertex -26.2904 -9.1013 68.1756
   vertex -26.7065 -10.6106 66.2179
   vertex -26.6321 -10.6199 66.5678
  endloop
 endfacet
 facet normal 0 0 0
  outer loop
   vertex -26.2904 -9.1013 68.1756
   vertex -26.7784 -10.6015 65.8795
   vertex -26.7065 -10.6106 66.2179
  endloop
 endfacet
 facet normal 0 0 0
  outer loop
   vertex -22.9327 5.8199 83.9721
   vertex -23.2735 4.4874 82.3691
   vertex -23.2745 4.3012 82.3643
  endloop
 endfacet
 facet normal 0 0 0
  outer loop
   vertex -18.3354 5.8199 82.9949
   vertex -18.5280 4.9643 82.0890
   vertex -18.5269 5.1688 82.0943
  endloop
 endfacet
 facet normal 0 0 0
  outer loop
   vertex -18.5269 5.1688 82.0943
   vertex -18.3354 5.8199 82.9949
   vertex -18.5269 5.1688 82.0943
  endloop
 endfacet
 facet normal 0 0 0
  outer loop
   vertex -21.7588 5.5759 66.8893
   vertex -18.3354 5.8199 82.9949
   vertex -18.5269 5.1688 82.0943
  endloop
 endfacet
 facet normal 0 0 0
  outer loop
   vertex -21.7588 5.5759 66.8893
   vertex -21.9474 6.2749 66.0021
   vertex -18.3354 5.8199 82.9949
  endloop
 endfacet
 facet normal 0 0 0
  outer loop
   vertex -21.7588 5.5759 66.8893
   vertex -21.9474 6.2749 66.0021
   vertex -21.7588 5.5759 66.8893
  endloop
 endfacet
 facet normal 0 0 0
  outer loop
   vertex -21.9662 2.8185 65.9136
   vertex -21.7588 5.5759 66.8893
   vertex -21.7803 1.6188 66.7880
  endloop
 endfacet
 facet normal 0 0 0
  outer loop
   vertex -21.6931 -9.1013 67.1984
   vertex -21.7803 1.6188 66.7880
   vertex -21.6389 0.8441 67.4531
  endloop
 endfacet
 facet normal 0 0 0
  outer loop
   vertex -22.0393 -10.6194 65.5695
   vertex -21.7803 1.6188 66.7880
   vertex -21.6931 -9.1013 67.1984
  endloop
 endfacet
 facet normal 0 0 0
  outer loop
   vertex -21.7588 5.5759 66.8893
   vertex -21.9662 2.8185 65.9136
   vertex -21.9474 6.2749 66.0021
  endloop
 endfacet
 facet normal 0 0 0
  outer loop
   vertex -21.7803 1.6188 66.7880
   vertex -22.0393 -10.6194 65.5695
   vertex -21.9662 2.8185 65.9136
  endloop
 endfacet
 facet normal 0 0 0
  outer loop
   vertex -22.0393 -10.6194 65.5695
   vertex -21.6931 -9.1013 67.1984
   vertex -22.0394 -10.6404 65.5690
  endloop
 endfacet
 facet normal 0 0 0
  outer loop
   vertex -18.5841 -5.3459 81.8250
   vertex -18.3309 5.8194 83.0160
   vertex -18.4229 -11.0749 82.5834
  endloop
 endfacet
 facet normal 0 0 0
  outer loop
   vertex -18.5280 4.9643 82.0890
   vertex -18.3309 5.8194 83.0160
   vertex -18.5841 -5.3459 81.8250
  endloop
 endfacet
 facet normal 0 0 0
  outer loop
   vertex -18.3309 5.8194 83.0160
   vertex -18.5280 4.9643 82.0890
   vertex -18.3354 5.8199 82.9949
  endloop
 endfacet
 facet normal 0 0 0
  outer loop
   vertex -18.7531 -9.6578 81.0296
   vertex -18.5841 -5.3459 81.8250
   vertex -18.4229 -11.0749 82.5834
  endloop
 endfacet
 facet normal 0 0 0
  outer loop
   vertex -18.5841 -5.3459 81.8250
   vertex -18.7531 -9.6578 81.0296
   vertex -18.7294 -5.2937 81.1414
  endloop
 endfacet
 facet normal 0 0 0
  outer loop
   vertex -21.0287 -10.7467 70.3241
   vertex -18.7531 -9.6578 81.0296
   vertex -18.4229 -11.0749 82.5834
  endloop
 endfacet
 facet normal 0 0 0
  outer loop
   vertex -21.6941 -9.2874 67.1936
   vertex -21.0287 -10.7467 70.3241
   vertex -21.2181 -10.7228 69.4327
  endloop
 endfacet
 facet normal 0 0 0
  outer loop
   vertex -21.0287 -10.7467 70.3241
   vertex -21.6941 -9.2874 67.1936
   vertex -18.7531 -9.6578 81.0296
  endloop
 endfacet
 facet normal 0 0 0
  outer loop
   vertex -22.0429 -11.2844 65.5525
   vertex -21.6941 -9.2874 67.1936
   vertex -21.2181 -10.7228 69.4327
  endloop
 endfacet
 facet normal 0 0 0
  outer loop
   vertex -21.6941 -9.2874 67.1936
   vertex -22.0429 -11.2844 65.5525
   vertex -22.0394 -10.6404 65.5690
  endloop
 endfacet
 facet normal 0 0 0
  outer loop
   vertex -21.6931 -9.1013 67.1984
   vertex -21.6941 -9.2874 67.1936
   vertex -22.0394 -10.6404 65.5690
  endloop
 endfacet
 facet normal 0 0 0
  outer loop
   vertex -28.9287 -31.4101 84.2500
   vertex -28.8376 -30.0614 82.6269
   vertex -29.1387 -31.3837 83.2622
  endloop
 endfacet
 facet normal 0 0 0
  outer loop
   vertex -28.8376 -30.0614 82.6269
   vertex -28.9287 -31.4101 84.2500
   vertex -28.7802 -29.8845 82.6195
  endloop
 endfacet
 facet normal 0 0 0
  outer loop
   vertex -28.8376 -30.0614 82.6269
   vertex -29.5220 -31.3354 81.4588
   vertex -29.1387 -31.3837 83.2622
  endloop
 endfacet
 facet normal 0 0 0
  outer loop
   vertex -29.2766 -30.0061 80.5619
   vertex -29.5220 -31.3354 81.4588
   vertex -28.8376 -30.0614 82.6269
  endloop
 endfacet
 facet normal 0 0 0
  outer loop
   vertex -31.7786 -29.6910 68.7909
   vertex -29.5220 -31.3354 81.4588
   vertex -29.2766 -30.0061 80.5619
  endloop
 endfacet
 facet normal 0 0 0
  outer loop
   vertex -31.7786 -29.6910 68.7909
   vertex -32.5407 -30.9552 67.2572
   vertex -29.5220 -31.3354 81.4588
  endloop
 endfacet
 facet normal 0 0 0
  outer loop
   vertex -27.4692 -16.4206 68.2301
   vertex -32.5407 -30.9552 67.2572
   vertex -31.7786 -29.6910 68.7909
  endloop
 endfacet
 facet normal 0 0 0
  outer loop
   vertex -27.3251 -14.8944 66.5785
   vertex -27.4692 -16.4206 68.2301
   vertex -27.3206 -14.8950 66.5996
  endloop
 endfacet
 facet normal 0 0 0
  outer loop
   vertex -27.4692 -16.4206 68.2301
   vertex -27.3251 -14.8944 66.5785
   vertex -32.5407 -30.9552 67.2572
  endloop
 endfacet
 facet normal 0 0 0
  outer loop
   vertex -23.7087 -15.3500 83.5924
   vertex -25.1226 -18.6212 82.1435
   vertex -28.7802 -29.8845 82.6195
  endloop
 endfacet
 facet normal 0 0 0
  outer loop
   vertex -23.7087 -15.3500 83.5924
   vertex -24.4708 -16.6141 82.0587
   vertex -25.1226 -18.6212 82.1435
  endloop
 endfacet
 facet normal 0 0 0
  outer loop
   vertex -23.7087 -15.3500 83.5924
   vertex -24.9098 -16.5588 79.9936
   vertex -24.4708 -16.6141 82.0587
  endloop
 endfacet
 facet normal 0 0 0
  outer loop
   vertex -27.3206 -14.8950 66.5996
   vertex -24.9098 -16.5588 79.9936
   vertex -23.7087 -15.3500 83.5924
  endloop
 endfacet
 facet normal 0 0 0
  outer loop
   vertex -24.9098 -16.5588 79.9936
   vertex -27.3206 -14.8950 66.5996
   vertex -27.4117 -16.2437 68.2227
  endloop
 endfacet
 facet normal 0 0 0
  outer loop
   vertex -28.7802 -29.8845 82.6195
   vertex -28.9242 -31.4107 84.2711
   vertex -23.7087 -15.3500 83.5924
  endloop
 endfacet
 facet normal 0 0 0
  outer loop
   vertex -28.9242 -31.4107 84.2711
   vertex -28.7802 -29.8845 82.6195
   vertex -28.9287 -31.4101 84.2500
  endloop
 endfacet
 facet normal 0 0 0
  outer loop
   vertex -27.4692 -16.4206 68.2301
   vertex -27.4117 -16.2437 68.2227
   vertex -27.3206 -14.8950 66.5996
  endloop
 endfacet
 facet normal 0 0 0
  outer loop
   vertex -24.6127 -32.8618 83.0650
   vertex -24.5456 -32.2025 82.3732
   vertex -24.5458 -32.6577 83.0593
  endloop
 endfacet
 facet normal 0 0 0
  outer loop
   vertex -28.0955 -32.4231 66.6795
   vertex -24.5456 -32.2025 82.3732
   vertex -24.6127 -32.8618 83.0650
  endloop
 endfacet
 facet normal 0 0 0
  outer loop
   vertex -24.5456 -32.2025 82.3732
   vertex -28.0955 -32.4231 66.6795
   vertex -27.7775 -31.7954 67.1683
  endloop
 endfacet
 facet normal 0 0 0
  outer loop
   vertex -28.2086 -32.5067 66.2949
   vertex -27.7775 -31.7954 67.1683
   vertex -28.0955 -32.4231 66.6795
  endloop
 endfacet
 facet normal 0 0 0
  outer loop
   vertex -28.2126 -32.5679 66.3695
   vertex -28.0955 -32.4231 66.6795
   vertex -28.2179 -32.6031 66.3983
  endloop
 endfacet
 facet normal 0 0 0
  outer loop
   vertex -24.5458 -32.6577 83.0593
   vertex -24.5456 -32.2025 82.3732
   vertex -24.4825 -32.0081 82.3650
  endloop
 endfacet
 facet normal 0 0 0
  outer loop
   vertex -23.9237 -19.9279 66.6667
   vertex -23.1067 -17.8781 67.2638
   vertex -23.9092 -20.3495 67.3683
  endloop
 endfacet
 facet normal 0 0 0
  outer loop
   vertex -28.2086 -32.5067 66.2949
   vertex -28.0955 -32.4231 66.6795
   vertex -28.2126 -32.5679 66.3695
  endloop
 endfacet
 facet normal 0 0 0
  outer loop
   vertex -27.7775 -31.7954 67.1683
   vertex -28.2086 -32.5067 66.2949
   vertex -23.9237 -19.9279 66.6667
  endloop
 endfacet
 facet normal 0 0 0
  outer loop
   vertex -22.9626 -16.3519 65.6122
   vertex -23.9237 -19.9279 66.6667
   vertex -28.2086 -32.5067 66.2949
  endloop
 endfacet
 facet normal 0 0 0
  outer loop
   vertex -22.9626 -16.3519 65.6122
   vertex -23.1067 -17.8781 67.2638
   vertex -23.9237 -19.9279 66.6667
  endloop
 endfacet
 facet normal 0 0 0
  outer loop
   vertex -23.1067 -17.8781 67.2638
   vertex -22.9626 -16.3519 65.6122
   vertex -22.9561 -16.3319 65.6113
  endloop
 endfacet
 facet normal 0 0 0
  outer loop
   vertex -23.1067 -17.8781 67.2638
   vertex -22.9561 -16.3319 65.6113
   vertex -23.0492 -17.7012 67.2563
  endloop
 endfacet
 facet normal 0 0 0
  outer loop
   vertex -21.8116 -23.7834 82.0174
   vertex -24.5458 -32.6577 83.0593
   vertex -24.4825 -32.0081 82.3650
  endloop
 endfacet
 facet normal 0 0 0
  outer loop
   vertex -24.5458 -32.6577 83.0593
   vertex -21.8116 -23.7834 82.0174
   vertex -19.0993 -16.0472 82.5939
  endloop
 endfacet
 facet normal 0 0 0
  outer loop
   vertex -20.1083 -18.0716 81.0924
   vertex -19.0993 -16.0472 82.5939
   vertex -21.8116 -23.7834 82.0174
  endloop
 endfacet
 facet normal 0 0 0
  outer loop
   vertex -20.1083 -18.0716 81.0924
   vertex -21.8116 -23.7834 82.0174
   vertex -21.9872 -23.8578 81.3369
  endloop
 endfacet
 facet normal 0 0 0
  outer loop
   vertex -22.6103 -17.7565 69.3214
   vertex -19.0993 -16.0472 82.5939
   vertex -20.1083 -18.0716 81.0924
  endloop
 endfacet
 facet normal 0 0 0
  outer loop
   vertex -22.7157 -15.5917 65.5801
   vertex -22.6103 -17.7565 69.3214
   vertex -23.0492 -17.7012 67.2563
  endloop
 endfacet
 facet normal 0 0 0
  outer loop
   vertex -22.9051 -16.1748 65.6047
   vertex -23.0492 -17.7012 67.2563
   vertex -22.9561 -16.3319 65.6113
  endloop
 endfacet
 facet normal 0 0 0
  outer loop
   vertex -22.7157 -15.5917 65.5801
   vertex -23.0492 -17.7012 67.2563
   vertex -22.9051 -16.1748 65.6047
  endloop
 endfacet
 facet normal 0 0 0
  outer loop
   vertex -22.6103 -17.7565 69.3214
   vertex -22.7157 -15.5917 65.5801
   vertex -19.0993 -16.0472 82.5939
  endloop
 endfacet
 facet normal 0 0 0
  outer loop
   vertex -34.9546 -35.4512 67.6499
   vertex -36.1811 -37.6659 69.5132
   vertex -34.9533 -35.9610 69.2979
  endloop
 endfacet
 facet normal 0 0 0
  outer loop
   vertex -36.1811 -37.6659 69.5132
   vertex -43.9699 -47.9701 69.2310
   vertex -44.7813 -49.0968 69.3733
  endloop
 endfacet
 facet normal 0 0 0
  outer loop
   vertex -30.7090 -35.2850 85.3649
   vertex -32.0124 -36.3314 83.1339
   vertex -40.2382 -47.7540 84.5765
  endloop
 endfacet
 facet normal 0 0 0
  outer loop
   vertex -32.5750 -35.0499 76.5864
   vertex -32.0124 -36.3314 83.1339
   vertex -30.8753 -35.2640 84.5827
  endloop
 endfacet
 facet normal 0 0 0
  outer loop
   vertex -32.5750 -35.0499 76.5864
   vertex -34.9533 -35.9610 69.2979
   vertex -32.0124 -36.3314 83.1339
  endloop
 endfacet
 facet normal 0 0 0
  outer loop
   vertex -34.4067 -34.8192 67.9690
   vertex -34.9533 -35.9610 69.2979
   vertex -32.5750 -35.0499 76.5864
  endloop
 endfacet
 facet normal 0 0 0
  outer loop
   vertex -34.4877 -34.9180 67.9390
   vertex -34.9533 -35.9610 69.2979
   vertex -34.4067 -34.8192 67.9690
  endloop
 endfacet
 facet normal 0 0 0
  outer loop
   vertex -34.9410 -35.4367 67.6618
   vertex -34.9533 -35.9610 69.2979
   vertex -34.4877 -34.9180 67.9390
  endloop
 endfacet
 facet normal 0 0 0
  outer loop
   vertex -34.9546 -35.4512 67.6499
   vertex -34.9533 -35.9610 69.2979
   vertex -34.9410 -35.4367 67.6618
  endloop
 endfacet
 facet normal 0 0 0
  outer loop
   vertex -36.1811 -37.6659 69.5132
   vertex -34.9546 -35.4512 67.6499
   vertex -43.9699 -47.9701 69.2310
  endloop
 endfacet
 facet normal 0 0 0
  outer loop
   vertex -32.0124 -36.3314 83.1339
   vertex -30.7090 -35.2850 85.3649
   vertex -30.8753 -35.2640 84.5827
  endloop
 endfacet
 facet normal 0 0 0
  outer loop
   vertex -30.7090 -35.2850 85.3649
   vertex -40.2382 -47.7540 84.5765
   vertex -40.9986 -49.5733 87.1694
  endloop
 endfacet
 facet normal 0 0 0
  outer loop
   vertex -42.7402 -47.4389 72.8056
   vertex -40.9986 -49.5733 87.1694
   vertex -40.2382 -47.7540 84.5765
  endloop
 endfacet
 facet normal 0 0 0
  outer loop
   vertex -44.7813 -49.0968 69.3733
   vertex -42.7402 -47.4389 72.8056
   vertex -43.1791 -47.3836 70.7405
  endloop
 endfacet
 facet normal 0 0 0
  outer loop
   vertex -44.7813 -49.0968 69.3733
   vertex -43.1791 -47.3836 70.7405
   vertex -36.1811 -37.6659 69.5132
  endloop
 endfacet
 facet normal 0 0 0
  outer loop
   vertex -42.7402 -47.4389 72.8056
   vertex -44.7813 -49.0968 69.3733
   vertex -40.9986 -49.5733 87.1694
  endloop
 endfacet
 facet normal 0 0 0
  outer loop
   vertex -40.9986 -49.5733 87.1694
   vertex -44.7813 -49.0968 69.3733
   vertex -44.9475 -49.0759 68.5910
  endloop
 endfacet
 facet normal 0 0 0
  outer loop
   vertex -31.3642 -38.8825 68.4568
   vertex -30.7821 -37.5627 66.7065
   vertex -31.2559 -38.7322 68.4378
  endloop
 endfacet
 facet normal 0 0 0
  outer loop
   vertex -29.0690 -39.0077 78.7262
   vertex -28.8670 -37.8225 75.7762
   vertex -28.7280 -38.4343 78.3450
  endloop
 endfacet
 facet normal 0 0 0
  outer loop
   vertex -31.2559 -38.7322 68.4378
   vertex -28.8670 -37.8225 75.7762
   vertex -29.0690 -39.0077 78.7262
  endloop
 endfacet
 facet normal 0 0 0
  outer loop
   vertex -30.3662 -36.9852 66.6336
   vertex -31.2559 -38.7322 68.4378
   vertex -30.7821 -37.5627 66.7065
  endloop
 endfacet
 facet normal 0 0 0
  outer loop
   vertex -31.2559 -38.7322 68.4378
   vertex -30.3662 -36.9852 66.6336
   vertex -28.8670 -37.8225 75.7762
  endloop
 endfacet
 facet normal 0 0 0
  outer loop
   vertex -33.7283 -46.8400 83.9331
   vertex -30.4362 -42.8116 85.1054
   vertex -37.3012 -52.3445 86.3093
  endloop
 endfacet
 facet normal 0 0 0
  outer loop
   vertex -30.4362 -42.8116 85.1054
   vertex -33.7283 -46.8400 83.9331
   vertex -30.4561 -42.7818 84.9240
  endloop
 endfacet
 facet normal 0 0 0
  outer loop
   vertex -30.4561 -42.7818 84.9240
   vertex -33.7283 -46.8400 83.9331
   vertex -30.4713 -42.7590 84.7850
  endloop
 endfacet
 facet normal 0 0 0
  outer loop
   vertex -30.4713 -42.7590 84.7850
   vertex -33.7283 -46.8400 83.9331
   vertex -30.5427 -42.6524 84.1347
  endloop
 endfacet
 facet normal 0 0 0
  outer loop
   vertex -36.4326 -50.3749 83.6974
   vertex -33.7283 -46.8400 83.9331
   vertex -37.3012 -52.3445 86.3093
  endloop
 endfacet
 facet normal 0 0 0
  outer loop
   vertex -33.7283 -46.8400 83.9331
   vertex -36.4326 -50.3749 83.6974
   vertex -32.9747 -45.5733 83.0910
  endloop
 endfacet
 facet normal 0 0 0
  outer loop
   vertex -27.7626 -38.5559 82.8869
   vertex -30.5427 -42.6524 84.1347
   vertex -33.7283 -46.8400 83.9331
  endloop
 endfacet
 facet normal 0 0 0
  outer loop
   vertex -30.5427 -42.6524 84.1347
   vertex -27.7626 -38.5559 82.8869
   vertex -27.2342 -38.0281 83.4578
  endloop
 endfacet
 facet normal 0 0 0
  outer loop
   vertex -27.7626 -38.5559 82.8869
   vertex -27.7019 -37.9692 81.2576
   vertex -27.2342 -38.0281 83.4578
  endloop
 endfacet
 facet normal 0 0 0
  outer loop
   vertex -28.7280 -38.4343 78.3450
   vertex -27.7019 -37.9692 81.2576
   vertex -27.7626 -38.5559 82.8869
  endloop
 endfacet
 facet normal 0 0 0
  outer loop
   vertex -27.7019 -37.9692 81.2576
   vertex -28.7280 -38.4343 78.3450
   vertex -28.8670 -37.8225 75.7762
  endloop
 endfacet
 facet normal 0 0 0
  outer loop
   vertex -40.9986 -49.5733 87.1694
   vertex -41.2501 -51.8471 67.7309
   vertex -37.3012 -52.3445 86.3093
  endloop
 endfacet
 facet normal 0 0 0
  outer loop
   vertex -37.3012 -52.3445 86.3093
   vertex -36.9798 -50.4700 81.6513
   vertex -36.5408 -50.5252 83.7164
  endloop
 endfacet
 facet normal 0 0 0
  outer loop
   vertex -41.0839 -51.8680 68.5132
   vertex -36.9798 -50.4700 81.6513
   vertex -37.3012 -52.3445 86.3093
  endloop
 endfacet
 facet normal 0 0 0
  outer loop
   vertex -40.7917 -51.4624 68.4619
   vertex -39.4817 -50.1548 69.8804
   vertex -41.0839 -51.8680 68.5132
  endloop
 endfacet
 facet normal 0 0 0
  outer loop
   vertex -36.9798 -50.4700 81.6513
   vertex -41.0839 -51.8680 68.5132
   vertex -39.4817 -50.1548 69.8804
  endloop
 endfacet
 facet normal 0 0 0
  outer loop
   vertex -41.0839 -51.8680 68.5132
   vertex -37.3012 -52.3445 86.3093
   vertex -41.2501 -51.8471 67.7309
  endloop
 endfacet
 facet normal 0 0 0
  outer loop
   vertex -37.3012 -52.3445 86.3093
   vertex -36.5408 -50.5252 83.7164
   vertex -36.4326 -50.3749 83.6974
  endloop
 endfacet
 facet normal 0 0 0
  outer loop
   vertex -39.6182 -49.8327 68.2561
   vertex -39.4817 -50.1548 69.8804
   vertex -40.7917 -51.4624 68.4619
  endloop
 endfacet
 facet normal 0 0 0
  outer loop
   vertex -39.4817 -50.1548 69.8804
   vertex -39.6182 -49.8327 68.2561
   vertex -38.2540 -48.4499 69.6651
  endloop
 endfacet
 facet normal 0 0 0
  outer loop
   vertex -38.2540 -48.4499 69.6651
   vertex -39.6182 -49.8327 68.2561
   vertex -31.3642 -38.8825 68.4568
  endloop
 endfacet
 facet normal 0 0 0
  outer loop
   vertex -31.3642 -38.8825 68.4568
   vertex -39.6182 -49.8327 68.2561
   vertex -30.7821 -37.5627 66.7065
  endloop
 endfacet
 facet normal 0 0 0
  outer loop
   vertex -44.9475 -49.0759 68.5910
   vertex -41.2501 -51.8471 67.7309
   vertex -40.9986 -49.5733 87.1694
  endloop
 endfacet
 facet normal 0 0 0
  outer loop
   vertex -30.5492 -35.4049 85.3277
   vertex -30.8769 -41.7424 85.2277
   vertex -29.7518 -36.0026 85.1422
  endloop
 endfacet
 facet normal 0 0 0
  outer loop
   vertex -30.5492 -35.4049 85.3277
   vertex -30.8922 -41.7847 85.2298
   vertex -30.8769 -41.7424 85.2277
  endloop
 endfacet
 facet normal 0 0 0
  outer loop
   vertex -30.5492 -35.4049 85.3277
   vertex -31.1623 -42.5331 85.2672
   vertex -30.8922 -41.7847 85.2298
  endloop
 endfacet
 facet normal 0 0 0
  outer loop
   vertex -31.1623 -42.5331 85.2672
   vertex -37.3012 -52.3445 86.3093
   vertex -30.4362 -42.8116 85.1054
  endloop
 endfacet
 facet normal 0 0 0
  outer loop
   vertex -37.3012 -52.3445 86.3093
   vertex -31.1623 -42.5331 85.2672
   vertex -30.5492 -35.4049 85.3277
  endloop
 endfacet
 facet normal 0 0 0
  outer loop
   vertex -40.9986 -49.5733 87.1694
   vertex -30.7090 -35.2851 85.3649
   vertex -30.7090 -35.2850 85.3649
  endloop
 endfacet
 facet normal 0 0 0
  outer loop
   vertex -40.9986 -49.5733 87.1694
   vertex -30.5492 -35.4049 85.3277
   vertex -30.7090 -35.2851 85.3649
  endloop
 endfacet
 facet normal 0 0 0
  outer loop
   vertex -30.5492 -35.4049 85.3277
   vertex -40.9986 -49.5733 87.1694
   vertex -37.3012 -52.3445 86.3093
  endloop
 endfacet
 facet normal 0 0 0
  outer loop
   vertex -41.4935 32.0744 101.8665
   vertex -38.4101 28.3995 102.9827
   vertex -39.5732 29.8350 103.5258
  endloop
 endfacet
 facet normal 0 0 0
  outer loop
   vertex -31.0054 19.1727 97.8120
   vertex -38.4101 28.3995 102.9827
   vertex -41.4935 32.0744 101.8665
  endloop
 endfacet
 facet normal 0 0 0
  outer loop
   vertex -38.4101 28.3995 102.9827
   vertex -31.0054 19.1727 97.8120
   vertex -31.1395 19.4258 99.5875
  endloop
 endfacet
 facet normal 0 0 0
  outer loop
   vertex -30.7090 19.0084 101.6125
   vertex -28.4328 16.7580 111.4858
   vertex -28.5884 16.9517 111.5893
  endloop
 endfacet
 facet normal 0 0 0
  outer loop
   vertex -30.7090 19.0084 101.6125
   vertex -27.9750 16.1953 111.3150
   vertex -28.4328 16.7580 111.4858
  endloop
 endfacet
 facet normal 0 0 0
  outer loop
   vertex -30.7090 19.0084 101.6125
   vertex -27.7398 15.9091 111.2869
   vertex -27.9750 16.1953 111.3150
  endloop
 endfacet
 facet normal 0 0 0
  outer loop
   vertex -30.6402 18.7220 97.6415
   vertex -30.7090 19.0084 101.6125
   vertex -31.1395 19.4258 99.5875
  endloop
 endfacet
 facet normal 0 0 0
  outer loop
   vertex -30.6402 18.7220 97.6415
   vertex -31.1395 19.4258 99.5875
   vertex -31.0054 19.1727 97.8120
  endloop
 endfacet
 facet normal 0 0 0
  outer loop
   vertex -30.7090 19.0084 101.6125
   vertex -30.6402 18.7220 97.6415
   vertex -27.7398 15.9091 111.2869
  endloop
 endfacet
 facet normal 0 0 0
  outer loop
   vertex -37.7842 28.4770 119.3174
   vertex -41.3305 31.9163 102.6336
   vertex -41.4935 32.0744 101.8665
  endloop
 endfacet
 facet normal 0 0 0
  outer loop
   vertex -37.7842 28.4770 119.3174
   vertex -37.7091 34.9083 102.4806
   vertex -41.3305 31.9163 102.6336
  endloop
 endfacet
 facet normal 0 0 0
  outer loop
   vertex -34.1628 31.4690 119.1644
   vertex -37.7091 34.9083 102.4806
   vertex -37.7842 28.4770 119.3174
  endloop
 endfacet
 facet normal 0 0 0
  outer loop
   vertex -37.7842 28.4770 119.3174
   vertex -36.8017 27.1769 117.1464
   vertex -34.5392 24.4720 117.8024
  endloop
 endfacet
 facet normal 0 0 0
  outer loop
   vertex -37.7842 28.4770 119.3174
   vertex -39.2552 29.5563 105.6034
   vertex -36.8017 27.1769 117.1464
  endloop
 endfacet
 facet normal 0 0 0
  outer loop
   vertex -41.4935 32.0744 101.8665
   vertex -39.2552 29.5563 105.6034
   vertex -37.7842 28.4770 119.3174
  endloop
 endfacet
 facet normal 0 0 0
  outer loop
   vertex -39.6856 29.9738 103.5783
   vertex -41.4935 32.0744 101.8665
   vertex -39.5732 29.8350 103.5258
  endloop
 endfacet
 facet normal 0 0 0
  outer loop
   vertex -39.2552 29.5563 105.6034
   vertex -41.4935 32.0744 101.8665
   vertex -39.6856 29.9738 103.5783
  endloop
 endfacet
 facet normal 0 0 0
  outer loop
   vertex -29.8314 18.5739 113.8911
   vertex -34.5392 24.4720 117.8024
   vertex -36.8017 27.1769 117.1464
  endloop
 endfacet
 facet normal 0 0 0
  outer loop
   vertex -34.5392 24.4720 117.8024
   vertex -29.6086 18.3816 115.4054
   vertex -29.5714 18.3405 115.4824
  endloop
 endfacet
 facet normal 0 0 0
  outer loop
   vertex -34.5392 24.4720 117.8024
   vertex -29.7734 18.5524 114.8424
   vertex -29.6086 18.3816 115.4054
  endloop
 endfacet
 facet normal 0 0 0
  outer loop
   vertex -34.5392 24.4720 117.8024
   vertex -29.8458 18.6100 114.2574
   vertex -29.7734 18.5524 114.8424
  endloop
 endfacet
 facet normal 0 0 0
  outer loop
   vertex -34.5392 24.4720 117.8024
   vertex -29.8314 18.5739 113.8911
   vertex -29.8458 18.6100 114.2574
  endloop
 endfacet
 facet normal 0 0 0
  outer loop
   vertex -33.1979 29.4281 102.0868
   vertex -28.7936 23.9922 100.0301
   vertex -33.0562 29.2155 101.2829
  endloop
 endfacet
 facet normal 0 0 0
  outer loop
   vertex -33.6108 30.5864 114.9684
   vertex -35.5196 32.4376 105.9878
   vertex -35.9506 32.9674 106.1462
  endloop
 endfacet
 facet normal 0 0 0
  outer loop
   vertex -33.6923 30.8884 118.9454
   vertex -33.0679 30.0301 116.9404
   vertex -33.1803 30.1689 116.9934
  endloop
 endfacet
 facet normal 0 0 0
  outer loop
   vertex -33.1803 30.1689 116.9934
   vertex -34.1628 31.4690 119.1644
   vertex -33.6923 30.8884 118.9454
  endloop
 endfacet
 facet normal 0 0 0
  outer loop
   vertex -33.6108 30.5864 114.9684
   vertex -34.1628 31.4690 119.1644
   vertex -33.1803 30.1689 116.9934
  endloop
 endfacet
 facet normal 0 0 0
  outer loop
   vertex -35.9506 32.9674 106.1462
   vertex -34.1628 31.4690 119.1644
   vertex -33.6108 30.5864 114.9684
  endloop
 endfacet
 facet normal 0 0 0
  outer loop
   vertex -37.7091 34.9083 102.4806
   vertex -35.9506 32.9674 106.1462
   vertex -36.6297 33.6260 102.9516
  endloop
 endfacet
 facet normal 0 0 0
  outer loop
   vertex -35.9506 32.9674 106.1462
   vertex -37.7091 34.9083 102.4806
   vertex -34.1628 31.4690 119.1644
  endloop
 endfacet
 facet normal 0 0 0
  outer loop
   vertex -33.0562 29.2155 101.2829
   vertex -37.7091 34.9083 102.4806
   vertex -36.6297 33.6260 102.9516
  endloop
 endfacet
 facet normal 0 0 0
  outer loop
   vertex -27.4668 22.2670 97.6977
   vertex -33.0562 29.2155 101.2829
   vertex -28.7936 23.9922 100.0301
  endloop
 endfacet
 facet normal 0 0 0
  outer loop
   vertex -27.4668 22.2670 97.6977
   vertex -28.7936 23.9922 100.0301
   vertex -27.6305 22.5566 99.4870
  endloop
 endfacet
 facet normal 0 0 0
  outer loop
   vertex -33.0562 29.2155 101.2829
   vertex -27.4668 22.2670 97.6977
   vertex -37.7091 34.9083 102.4806
  endloop
 endfacet
 facet normal 0 0 0
  outer loop
   vertex -27.4668 22.2670 97.6977
   vertex -27.6305 22.5566 99.4870
   vertex -27.0061 21.6984 97.4826
  endloop
 endfacet
 facet normal 0 0 0
  outer loop
   vertex -33.6923 30.8884 118.9454
   vertex -31.9048 28.5946 116.3974
   vertex -33.0679 30.0301 116.9404
  endloop
 endfacet
 facet normal 0 0 0
  outer loop
   vertex -23.7409 18.6060 114.2979
   vertex -31.9048 28.5946 116.3974
   vertex -33.6923 30.8884 118.9454
  endloop
 endfacet
 facet normal 0 0 0
  outer loop
   vertex -24.6341 19.6209 113.0022
   vertex -23.7409 18.6060 114.2979
   vertex -23.7459 18.6100 114.2574
  endloop
 endfacet
 facet normal 0 0 0
  outer loop
   vertex -24.6341 19.6209 113.0022
   vertex -23.7459 18.6100 114.2574
   vertex -23.7230 18.5524 113.6721
  endloop
 endfacet
 facet normal 0 0 0
  outer loop
   vertex -24.6341 19.6209 113.0022
   vertex -23.7230 18.5524 113.6721
   vertex -23.6057 18.3816 113.1094
  endloop
 endfacet
 facet normal 0 0 0
  outer loop
   vertex -23.7409 18.6060 114.2979
   vertex -24.6341 19.6209 113.0022
   vertex -31.9048 28.5946 116.3974
  endloop
 endfacet
 facet normal 0 0 0
  outer loop
   vertex -23.3986 18.1044 112.5907
   vertex -24.6341 19.6209 113.0022
   vertex -23.6057 18.3816 113.1094
  endloop
 endfacet
 facet normal 0 0 0
  outer loop
   vertex -25.0646 20.0384 110.9772
   vertex -23.3986 18.1044 112.5907
   vertex -23.3346 18.0218 112.4901
  endloop
 endfacet
 facet normal 0 0 0
  outer loop
   vertex -23.3986 18.1044 112.5907
   vertex -25.0646 20.0384 110.9772
   vertex -24.6341 19.6209 113.0022
  endloop
 endfacet
 facet normal 0 0 0
  outer loop
   vertex -26.5372 21.1196 97.2636
   vertex -25.0646 20.0384 110.9772
   vertex -23.3346 18.0218 112.4901
  endloop
 endfacet
 facet normal 0 0 0
  outer loop
   vertex -25.0646 20.0384 110.9772
   vertex -26.5372 21.1196 97.2636
   vertex -27.5181 22.4178 99.4345
  endloop
 endfacet
 facet normal 0 0 0
  outer loop
   vertex -27.5181 22.4178 99.4345
   vertex -26.5372 21.1196 97.2636
   vertex -27.0061 21.6984 97.4826
  endloop
 endfacet
 facet normal 0 0 0
  outer loop
   vertex -27.6305 22.5566 99.4870
   vertex -27.5181 22.4178 99.4345
   vertex -27.0061 21.6984 97.4826
  endloop
 endfacet
 facet normal 0 0 0
  outer loop
   vertex -28.6711 14.9598 95.6557
   vertex -27.7168 13.0527 97.5462
   vertex -28.5119 14.8055 96.4043
  endloop
 endfacet
 facet normal 0 0 0
  outer loop
   vertex -28.6711 14.9598 95.6557
   vertex -24.1616 2.1527 94.5435
   vertex -27.7168 13.0527 97.5462
  endloop
 endfacet
 facet normal 0 0 0
  outer loop
   vertex -24.0532 1.1260 92.6141
   vertex -24.1616 2.1527 94.5435
   vertex -28.6711 14.9598 95.6557
  endloop
 endfacet
 facet normal 0 0 0
  outer loop
   vertex -24.1616 2.1527 94.5435
   vertex -24.0532 1.1260 92.6141
   vertex -23.5281 0.2104 94.0085
  endloop
 endfacet
 facet normal 0 0 0
  outer loop
   vertex -20.6442 -2.5865 107.5762
   vertex -19.9050 -4.1680 108.7653
   vertex -20.7000 -2.4153 107.6234
  endloop
 endfacet
 facet normal 0 0 0
  outer loop
   vertex -21.0746 -2.1691 105.5512
   vertex -19.9050 -4.1680 108.7653
   vertex -20.6442 -2.5865 107.5762
  endloop
 endfacet
 facet normal 0 0 0
  outer loop
   vertex -23.4468 -0.7330 92.1020
   vertex -21.0746 -2.1691 105.5512
   vertex -23.5281 0.2104 94.0085
  endloop
 endfacet
 facet normal 0 0 0
  outer loop
   vertex -21.0746 -2.1691 105.5512
   vertex -23.4468 -0.7330 92.1020
   vertex -19.9050 -4.1680 108.7653
  endloop
 endfacet
 facet normal 0 0 0
  outer loop
   vertex -23.4468 -0.7330 92.1020
   vertex -23.5281 0.2104 94.0085
   vertex -24.0532 1.1260 92.6141
  endloop
 endfacet
 facet normal 0 0 0
  outer loop
   vertex -24.9700 11.3705 113.0676
   vertex -25.3192 10.8445 109.1361
   vertex -24.8888 10.4271 111.1611
  endloop
 endfacet
 facet normal 0 0 0
  outer loop
   vertex -28.5119 14.8055 96.4043
   vertex -25.3192 10.8445 109.1361
   vertex -24.9700 11.3705 113.0676
  endloop
 endfacet
 facet normal 0 0 0
  outer loop
   vertex -27.7727 13.2240 97.5934
   vertex -28.5119 14.8055 96.4043
   vertex -27.7168 13.0527 97.5462
  endloop
 endfacet
 facet normal 0 0 0
  outer loop
   vertex -25.3192 10.8445 109.1361
   vertex -28.5119 14.8055 96.4043
   vertex -27.7727 13.2240 97.5934
  endloop
 endfacet
 facet normal 0 0 0
  outer loop
   vertex -24.8888 10.4271 111.1611
   vertex -20.6891 -1.7546 109.4520
   vertex -24.9700 11.3705 113.0676
  endloop
 endfacet
 facet normal 0 0 0
  outer loop
   vertex -20.6891 -1.7546 109.4520
   vertex -19.9050 -4.1680 108.7653
   vertex -19.7755 -4.2935 109.3741
  endloop
 endfacet
 facet normal 0 0 0
  outer loop
   vertex -21.2777 -0.6442 108.1113
   vertex -20.6891 -1.7546 109.4520
   vertex -24.8888 10.4271 111.1611
  endloop
 endfacet
 facet normal 0 0 0
  outer loop
   vertex -20.7000 -2.4153 107.6234
   vertex -20.6891 -1.7546 109.4520
   vertex -21.2777 -0.6442 108.1113
  endloop
 endfacet
 facet normal 0 0 0
  outer loop
   vertex -20.6891 -1.7546 109.4520
   vertex -20.7000 -2.4153 107.6234
   vertex -19.9050 -4.1680 108.7653
  endloop
 endfacet
 facet normal 0 0 0
  outer loop
   vertex -15.6478 -2.1874 108.2912
   vertex -19.8550 10.3162 110.7983
   vertex -20.5963 12.9843 112.4706
  endloop
 endfacet
 facet normal 0 0 0
  outer loop
   vertex -15.9115 -1.7741 107.4678
   vertex -15.6478 -2.1874 108.2912
   vertex -15.5205 -2.5778 108.1837
  endloop
 endfacet
 facet normal 0 0 0
  outer loop
   vertex -15.6478 -2.1874 108.2912
   vertex -15.9115 -1.7741 107.4678
   vertex -19.8550 10.3162 110.7983
  endloop
 endfacet
 facet normal 0 0 0
  outer loop
   vertex -15.5205 -2.5778 108.1837
   vertex -19.0808 1.2995 92.5576
   vertex -15.9115 -1.7741 107.4678
  endloop
 endfacet
 facet normal 0 0 0
  outer loop
   vertex -19.0808 1.2995 92.5576
   vertex -15.5205 -2.5778 108.1837
   vertex -19.0624 0.8572 91.5204
  endloop
 endfacet
 facet normal 0 0 0
  outer loop
   vertex -19.8550 10.3162 110.7983
   vertex -20.4529 11.8504 110.5116
   vertex -20.5963 12.9843 112.4706
  endloop
 endfacet
 facet normal 0 0 0
  outer loop
   vertex -20.4529 11.8504 110.5116
   vertex -19.8550 10.3162 110.7983
   vertex -19.8951 10.1402 110.0405
  endloop
 endfacet
 facet normal 0 0 0
  outer loop
   vertex -19.1421 1.4876 92.6095
   vertex -19.0808 1.2995 92.5576
   vertex -19.0624 0.8572 91.5204
  endloop
 endfacet
 facet normal 0 0 0
  outer loop
   vertex -20.5963 12.9843 112.4706
   vertex -20.4529 11.8504 110.5116
   vertex -20.5087 12.0216 110.5588
  endloop
 endfacet
 facet normal 0 0 0
  outer loop
   vertex -21.1119 13.4711 110.0099
   vertex -20.5963 12.9843 112.4706
   vertex -20.5087 12.0216 110.5588
  endloop
 endfacet
 facet normal 0 0 0
  outer loop
   vertex -20.5963 12.9843 112.4706
   vertex -21.1119 13.4711 110.0099
   vertex -20.7729 13.5256 112.6197
  endloop
 endfacet
 facet normal 0 0 0
  outer loop
   vertex -22.9622 14.4010 99.0161
   vertex -21.1119 13.4711 110.0099
   vertex -20.5087 12.0216 110.5588
  endloop
 endfacet
 facet normal 0 0 0
  outer loop
   vertex -24.1363 16.4043 95.7813
   vertex -22.9622 14.4010 99.0161
   vertex -23.3927 14.8185 96.9911
  endloop
 endfacet
 facet normal 0 0 0
  outer loop
   vertex -23.3297 14.3266 96.1463
   vertex -23.3927 14.8185 96.9911
   vertex -23.1255 13.9994 96.7654
  endloop
 endfacet
 facet normal 0 0 0
  outer loop
   vertex -22.9622 14.4010 99.0161
   vertex -24.1363 16.4043 95.7813
   vertex -21.1119 13.4711 110.0099
  endloop
 endfacet
 facet normal 0 0 0
  outer loop
   vertex -23.3297 14.3266 96.1463
   vertex -24.1363 16.4043 95.7813
   vertex -23.3927 14.8185 96.9911
  endloop
 endfacet
 facet normal 0 0 0
  outer loop
   vertex -19.6961 2.7907 92.0311
   vertex -23.3297 14.3266 96.1463
   vertex -19.1421 1.4876 92.6095
  endloop
 endfacet
 facet normal 0 0 0
  outer loop
   vertex -23.3297 14.3266 96.1463
   vertex -19.6961 2.7907 92.0311
   vertex -24.1363 16.4043 95.7813
  endloop
 endfacet
 facet normal 0 0 0
  outer loop
   vertex -19.0668 0.8615 91.4997
   vertex -19.1421 1.4876 92.6095
   vertex -19.0624 0.8572 91.5204
  endloop
 endfacet
 facet normal 0 0 0
  outer loop
   vertex -19.0668 0.8615 91.4997
   vertex -19.0624 0.8572 91.5204
   vertex -19.0668 0.8615 91.4997
  endloop
 endfacet
 facet normal 0 0 0
  outer loop
   vertex -19.1421 1.4876 92.6095
   vertex -19.0668 0.8615 91.4997
   vertex -19.6961 2.7907 92.0311
  endloop
 endfacet
 facet normal 0 0 0
  outer loop
   vertex -23.1454 -20.7370 89.6091
   vertex -23.5287 -21.7679 87.8058
   vertex -23.1669 -22.1187 89.5077
  endloop
 endfacet
 facet normal 0 0 0
  outer loop
   vertex -23.5287 -21.7679 87.8058
   vertex -23.1454 -20.7370 89.6091
   vertex -23.1377 -20.5545 89.6451
  endloop
 endfacet
 facet normal 0 0 0
  outer loop
   vertex -19.6876 -9.8455 105.8766
   vertex -19.2835 -8.6448 107.7777
   vertex -19.2966 -8.6321 107.7158
  endloop
 endfacet
 facet normal 0 0 0
  outer loop
   vertex -20.1747 -21.4636 103.5851
   vertex -19.2835 -8.6448 107.7777
   vertex -19.6876 -9.8455 105.8766
  endloop
 endfacet
 facet normal 0 0 0
  outer loop
   vertex -19.2835 -8.6448 107.7777
   vertex -20.1747 -21.4636 103.5851
   vertex -19.9105 -23.3835 104.8279
  endloop
 endfacet
 facet normal 0 0 0
  outer loop
   vertex -20.2615 -23.5339 103.1768
   vertex -19.9105 -23.3835 104.8279
   vertex -20.1747 -21.4636 103.5851
  endloop
 endfacet
 facet normal 0 0 0
  outer loop
   vertex -19.9105 -23.3835 104.8279
   vertex -20.2615 -23.5339 103.1768
   vertex -19.9868 -25.2029 104.4691
  endloop
 endfacet
 facet normal 0 0 0
  outer loop
   vertex -22.7150 -21.1544 91.6341
   vertex -19.9868 -25.2029 104.4691
   vertex -20.2615 -23.5339 103.1768
  endloop
 endfacet
 facet normal 0 0 0
  outer loop
   vertex -23.1669 -22.1187 89.5077
   vertex -22.7150 -21.1544 91.6341
   vertex -23.1454 -20.7370 89.6091
  endloop
 endfacet
 facet normal 0 0 0
  outer loop
   vertex -22.7150 -21.1544 91.6341
   vertex -23.1669 -22.1187 89.5077
   vertex -19.9868 -25.2029 104.4691
  endloop
 endfacet
 facet normal 0 0 0
  outer loop
   vertex -22.8385 -5.1971 91.0525
   vertex -23.1606 -12.8788 89.5375
   vertex -23.0586 -18.6667 90.0174
  endloop
 endfacet
 facet normal 0 0 0
  outer loop
   vertex -23.5331 -21.7636 87.7851
   vertex -23.0586 -18.6667 90.0174
   vertex -23.1606 -12.8788 89.5375
  endloop
 endfacet
 facet normal 0 0 0
  outer loop
   vertex -23.0586 -18.6667 90.0174
   vertex -23.5331 -21.7636 87.7851
   vertex -23.1377 -20.5545 89.6451
  endloop
 endfacet
 facet normal 0 0 0
  outer loop
   vertex -23.1377 -20.5545 89.6451
   vertex -23.5331 -21.7636 87.7851
   vertex -23.5287 -21.7679 87.8058
  endloop
 endfacet
 facet normal 0 0 0
  outer loop
   vertex -19.2966 -8.6321 107.7158
   vertex -22.1334 -7.2836 94.3699
   vertex -19.6799 -9.6630 105.9126
  endloop
 endfacet
 facet normal 0 0 0
  outer loop
   vertex -22.8385 -5.1971 91.0525
   vertex -22.1334 -7.2836 94.3699
   vertex -19.2966 -8.6321 107.7158
  endloop
 endfacet
 facet normal 0 0 0
  outer loop
   vertex -22.1334 -7.2836 94.3699
   vertex -22.8385 -5.1971 91.0525
   vertex -22.5638 -6.8662 92.3448
  endloop
 endfacet
 facet normal 0 0 0
  outer loop
   vertex -22.5638 -6.8662 92.3448
   vertex -22.8385 -5.1971 91.0525
   vertex -23.0586 -18.6667 90.0174
  endloop
 endfacet
 facet normal 0 0 0
  outer loop
   vertex -19.2966 -8.6321 107.7158
   vertex -19.6799 -9.6630 105.9126
   vertex -19.6876 -9.8455 105.8766
  endloop
 endfacet
 facet normal 0 0 0
  outer loop
   vertex -15.4224 -25.9871 103.3372
   vertex -15.6642 -23.5339 102.1996
   vertex -15.6565 -23.3513 102.2356
  endloop
 endfacet
 facet normal 0 0 0
  outer loop
   vertex -15.4224 -25.9871 103.3372
   vertex -16.0946 -23.1164 100.1746
   vertex -15.6642 -23.5339 102.1996
  endloop
 endfacet
 facet normal 0 0 0
  outer loop
   vertex -18.9687 -22.5479 86.6532
   vertex -16.0946 -23.1164 100.1746
   vertex -15.4224 -25.9871 103.3372
  endloop
 endfacet
 facet normal 0 0 0
  outer loop
   vertex -16.0946 -23.1164 100.1746
   vertex -18.9687 -22.5479 86.6532
   vertex -18.5481 -20.7370 88.6319
  endloop
 endfacet
 facet normal 0 0 0
  outer loop
   vertex -18.9687 -22.5479 86.6532
   vertex -15.4224 -25.9871 103.3372
   vertex -19.1317 -22.3897 85.8862
  endloop
 endfacet
 facet normal 0 0 0
  outer loop
   vertex -15.3904 -25.2236 103.4878
   vertex -15.4224 -25.9871 103.3372
   vertex -15.6565 -23.3513 102.2356
  endloop
 endfacet
 facet normal 0 0 0
  outer loop
   vertex -18.0533 -8.9364 90.9593
   vertex -18.0033 -6.8438 91.1947
   vertex -17.9742 -7.0487 91.3316
  endloop
 endfacet
 facet normal 0 0 0
  outer loop
   vertex -18.0533 -8.9364 90.9593
   vertex -18.0979 -6.4578 90.7497
   vertex -18.0033 -6.8438 91.1947
  endloop
 endfacet
 facet normal 0 0 0
  outer loop
   vertex -18.2412 -5.1971 90.0754
   vertex -18.0979 -6.4578 90.7497
   vertex -18.0533 -8.9364 90.9593
  endloop
 endfacet
 facet normal 0 0 0
  outer loop
   vertex -18.0979 -6.4578 90.7497
   vertex -18.2412 -5.1971 90.0754
   vertex -18.2403 -5.1764 90.0794
  endloop
 endfacet
 facet normal 0 0 0
  outer loop
   vertex -18.9687 -22.5479 86.6532
   vertex -18.0533 -8.9364 90.9593
   vertex -18.5481 -20.7370 88.6319
  endloop
 endfacet
 facet normal 0 0 0
  outer loop
   vertex -18.0533 -8.9364 90.9593
   vertex -18.9687 -22.5479 86.6532
   vertex -18.2412 -5.1971 90.0754
  endloop
 endfacet
 facet normal 0 0 0
  outer loop
   vertex -18.0888 -6.2422 90.7922
   vertex -18.0979 -6.4578 90.7497
   vertex -18.2403 -5.1764 90.0794
  endloop
 endfacet
 facet normal 0 0 0
  outer loop
   vertex -14.6949 -8.6364 106.7594
   vertex -15.0826 -9.6630 104.9354
   vertex -14.9842 -8.3558 105.3985
  endloop
 endfacet
 facet normal 0 0 0
  outer loop
   vertex -14.6949 -8.6364 106.7594
   vertex -15.1694 -11.7333 104.5271
   vertex -15.0826 -9.6630 104.9354
  endloop
 endfacet
 facet normal 0 0 0
  outer loop
   vertex -15.3904 -25.2236 103.4878
   vertex -15.1694 -11.7333 104.5271
   vertex -14.6949 -8.6364 106.7594
  endloop
 endfacet
 facet normal 0 0 0
  outer loop
   vertex -15.1694 -11.7333 104.5271
   vertex -15.3904 -25.2236 103.4878
   vertex -15.6565 -23.3513 102.2356
  endloop
 endfacet
 facet normal 0 0 0
  outer loop
   vertex -15.5131 -9.2456 102.9103
   vertex -14.9842 -8.3558 105.3985
   vertex -15.0826 -9.6630 104.9354
  endloop
 endfacet
 facet normal 0 0 0
  outer loop
   vertex -17.9846 -6.1345 91.2825
   vertex -15.5131 -9.2456 102.9103
   vertex -17.9414 -6.8905 91.4858
  endloop
 endfacet
 facet normal 0 0 0
  outer loop
   vertex -18.2099 -4.4502 90.2227
   vertex -15.5131 -9.2456 102.9103
   vertex -17.9846 -6.1345 91.2825
  endloop
 endfacet
 facet normal 0 0 0
  outer loop
   vertex -18.2099 -4.4502 90.2227
   vertex -17.9846 -6.1345 91.2825
   vertex -18.0804 -6.0416 90.8318
  endloop
 endfacet
 facet normal 0 0 0
  outer loop
   vertex -15.5131 -9.2456 102.9103
   vertex -18.2099 -4.4502 90.2227
   vertex -14.9842 -8.3558 105.3985
  endloop
 endfacet
 facet normal 0 0 0
  outer loop
   vertex -18.2403 -5.1764 90.0794
   vertex -18.0804 -6.0416 90.8318
   vertex -18.0888 -6.2422 90.7922
  endloop
 endfacet
 facet normal 0 0 0
  outer loop
   vertex -18.0804 -6.0416 90.8318
   vertex -18.2403 -5.1764 90.0794
   vertex -18.2099 -4.4502 90.2227
  endloop
 endfacet
 facet normal 0 0 0
  outer loop
   vertex -17.9742 -7.0487 91.3316
   vertex -18.0033 -6.8438 91.1947
   vertex -17.9711 -6.9752 91.3461
  endloop
 endfacet
 facet normal 0 0 0
  outer loop
   vertex -30.8922 -41.7847 85.2298
   vertex -30.0387 -40.8271 86.9329
   vertex -29.9685 -40.6558 86.9533
  endloop
 endfacet
 facet normal 0 0 0
  outer loop
   vertex -30.0387 -40.8271 86.9329
   vertex -30.8922 -41.7847 85.2298
   vertex -31.1623 -42.5331 85.2672
  endloop
 endfacet
 facet normal 0 0 0
  outer loop
   vertex -21.8892 -30.7816 102.0287
   vertex -21.8417 -30.8344 102.2607
   vertex -21.8392 -30.7205 102.1219
  endloop
 endfacet
 facet normal 0 0 0
  outer loop
   vertex -21.8892 -30.7816 102.0287
   vertex -21.7954 -31.1116 102.7793
   vertex -21.8417 -30.8344 102.2607
  endloop
 endfacet
 facet normal 0 0 0
  outer loop
   vertex -27.1548 -43.6240 100.5007
   vertex -21.6405 -31.3041 103.5629
   vertex -21.6964 -31.2824 103.3421
  endloop
 endfacet
 facet normal 0 0 0
  outer loop
   vertex -27.1548 -43.6240 100.5007
   vertex -21.6964 -31.2824 103.3421
   vertex -21.7954 -31.1116 102.7793
  endloop
 endfacet
 facet normal 0 0 0
  outer loop
   vertex -27.1548 -43.6240 100.5007
   vertex -21.7954 -31.1116 102.7793
   vertex -21.8892 -30.7816 102.0287
  endloop
 endfacet
 facet normal 0 0 0
  outer loop
   vertex -21.6405 -31.3041 103.5629
   vertex -27.1548 -43.6240 100.5007
   vertex -27.6023 -45.8443 101.8328
  endloop
 endfacet
 facet normal 0 0 0
  outer loop
   vertex -27.6023 -45.8443 101.8328
   vertex -27.1548 -43.6240 100.5007
   vertex -27.6438 -45.9455 101.8208
  endloop
 endfacet
 facet normal 0 0 0
  outer loop
   vertex -29.6083 -41.2445 88.9580
   vertex -27.6438 -45.9455 101.8208
   vertex -27.1548 -43.6240 100.5007
  endloop
 endfacet
 facet normal 0 0 0
  outer loop
   vertex -31.1623 -42.5331 85.2672
   vertex -29.6083 -41.2445 88.9580
   vertex -30.0387 -40.8271 86.9329
  endloop
 endfacet
 facet normal 0 0 0
  outer loop
   vertex -29.6083 -41.2445 88.9580
   vertex -31.1623 -42.5331 85.2672
   vertex -27.6438 -45.9455 101.8208
  endloop
 endfacet
 facet normal 0 0 0
  outer loop
   vertex -31.1623 -42.5331 85.2672
   vertex -27.4807 -46.1036 102.5879
   vertex -27.6438 -45.9455 101.8208
  endloop
 endfacet
 facet normal 0 0 0
  outer loop
   vertex -27.1067 -43.9426 83.1384
   vertex -24.1291 -47.2653 100.8017
   vertex -27.4807 -46.1036 102.5879
  endloop
 endfacet
 facet normal 0 0 0
  outer loop
   vertex -24.1291 -47.2653 100.8017
   vertex -27.1067 -43.9426 83.1384
   vertex -23.3974 -47.5400 100.5895
  endloop
 endfacet
 facet normal 0 0 0
  outer loop
   vertex -22.7410 -27.9487 95.4221
   vertex -21.6565 -29.4880 101.1558
   vertex -21.5469 -29.1068 101.0401
  endloop
 endfacet
 facet normal 0 0 0
  outer loop
   vertex -22.7410 -27.9487 95.4221
   vertex -21.7709 -30.0067 101.4330
   vertex -21.6565 -29.4880 101.1558
  endloop
 endfacet
 facet normal 0 0 0
  outer loop
   vertex -22.7410 -27.9487 95.4221
   vertex -21.8335 -30.4613 101.8061
   vertex -21.7709 -30.0067 101.4330
  endloop
 endfacet
 facet normal 0 0 0
  outer loop
   vertex -22.7410 -27.9487 95.4221
   vertex -21.8364 -30.5934 101.9671
   vertex -21.8335 -30.4613 101.8061
  endloop
 endfacet
 facet normal 0 0 0
  outer loop
   vertex -22.7410 -27.9487 95.4221
   vertex -24.2724 -28.2309 90.5064
   vertex -21.8364 -30.5934 101.9671
  endloop
 endfacet
 facet normal 0 0 0
  outer loop
   vertex -24.5156 -26.2277 87.0737
   vertex -24.2724 -28.2309 90.5064
   vertex -22.7410 -27.9487 95.4221
  endloop
 endfacet
 facet normal 0 0 0
  outer loop
   vertex -24.2724 -28.2309 90.5064
   vertex -24.5156 -26.2277 87.0737
   vertex -24.7029 -27.8135 88.4814
  endloop
 endfacet
 facet normal 0 0 0
  outer loop
   vertex -24.5156 -26.2277 87.0737
   vertex -29.2423 -38.8848 87.1640
   vertex -24.7029 -27.8135 88.4814
  endloop
 endfacet
 facet normal 0 0 0
  outer loop
   vertex -30.8769 -41.7424 85.2277
   vertex -29.2423 -38.8848 87.1640
   vertex -24.5156 -26.2277 87.0737
  endloop
 endfacet
 facet normal 0 0 0
  outer loop
   vertex -29.2423 -38.8848 87.1640
   vertex -30.8769 -41.7424 85.2277
   vertex -29.9685 -40.6558 86.9533
  endloop
 endfacet
 facet normal 0 0 0
  outer loop
   vertex -29.9685 -40.6558 86.9533
   vertex -30.8769 -41.7424 85.2277
   vertex -30.8922 -41.7847 85.2298
  endloop
 endfacet
 facet normal 0 0 0
  outer loop
   vertex -21.8378 -30.6563 102.0436
   vertex -21.8892 -30.7816 102.0287
   vertex -21.8392 -30.7205 102.1219
  endloop
 endfacet
 facet normal 0 0 0
  outer loop
   vertex -30.4561 -42.7818 84.9240
   vertex -27.8542 -43.7588 84.1695
   vertex -30.4362 -42.8116 85.1054
  endloop
 endfacet
 facet normal 0 0 0
  outer loop
   vertex -30.4362 -42.8116 85.1054
   vertex -27.4807 -46.1036 102.5879
   vertex -31.1623 -42.5331 85.2672
  endloop
 endfacet
 facet normal 0 0 0
  outer loop
   vertex -27.8542 -43.7588 84.1695
   vertex -27.4807 -46.1036 102.5879
   vertex -30.4362 -42.8116 85.1054
  endloop
 endfacet
 facet normal 0 0 0
  outer loop
   vertex -27.4807 -46.1036 102.5879
   vertex -27.8542 -43.7588 84.1695
   vertex -27.1067 -43.9426 83.1384
  endloop
 endfacet
 facet normal 0 0 0
  outer loop
   vertex -19.2532 -30.5750 92.9113
   vertex -20.4565 -29.4080 87.2501
   vertex -19.0128 -29.9083 92.8768
  endloop
 endfacet
 facet normal 0 0 0
  outer loop
   vertex -23.0297 -46.0006 99.8640
   vertex -16.7229 -31.2615 102.5264
   vertex -23.3974 -47.5400 100.5895
  endloop
 endfacet
 facet normal 0 0 0
  outer loop
   vertex -16.7229 -31.2615 102.5264
   vertex -23.0297 -46.0006 99.8640
   vertex -17.1660 -31.6995 101.5656
  endloop
 endfacet
 facet normal 0 0 0
  outer loop
   vertex -23.3974 -47.5400 100.5895
   vertex -24.3521 -44.7181 93.6426
   vertex -23.0297 -46.0006 99.8640
  endloop
 endfacet
 facet normal 0 0 0
  outer loop
   vertex -24.3521 -44.7181 93.6426
   vertex -25.7923 -42.4216 85.7016
   vertex -24.1118 -44.0515 93.6081
  endloop
 endfacet
 facet normal 0 0 0
  outer loop
   vertex -27.1067 -43.9426 83.1384
   vertex -24.3521 -44.7181 93.6426
   vertex -23.3974 -47.5400 100.5895
  endloop
 endfacet
 facet normal 0 0 0
  outer loop
   vertex -21.2529 -31.3503 87.0190
   vertex -22.9011 -33.9063 84.6450
   vertex -20.3541 -27.7399 85.4431
  endloop
 endfacet
 facet normal 0 0 0
  outer loop
   vertex -25.7923 -42.4216 85.7016
   vertex -27.1067 -43.9426 83.1384
   vertex -22.9011 -33.9063 84.6450
  endloop
 endfacet
 facet normal 0 0 0
  outer loop
   vertex -24.3521 -44.7181 93.6426
   vertex -27.1067 -43.9426 83.1384
   vertex -25.7923 -42.4216 85.7016
  endloop
 endfacet
 facet normal 0 0 0
  outer loop
   vertex -19.0128 -29.9083 92.8768
   vertex -16.7229 -31.2615 102.5264
   vertex -17.1660 -31.6995 101.5656
  endloop
 endfacet
 facet normal 0 0 0
  outer loop
   vertex -22.9011 -33.9063 84.6450
   vertex -21.2529 -31.3503 87.0190
   vertex -25.7923 -42.4216 85.7016
  endloop
 endfacet
 facet normal 0 0 0
  outer loop
   vertex -19.0128 -29.9083 92.8768
   vertex -20.3541 -27.7399 85.4431
   vertex -16.7229 -31.2615 102.5264
  endloop
 endfacet
 facet normal 0 0 0
  outer loop
   vertex -20.4565 -29.4080 87.2501
   vertex -20.3541 -27.7399 85.4431
   vertex -19.0128 -29.9083 92.8768
  endloop
 endfacet
 facet normal 0 0 0
  outer loop
   vertex -21.2529 -31.3503 87.0190
   vertex -20.3541 -27.7399 85.4431
   vertex -20.4565 -29.4080 87.2501
  endloop
 endfacet
 facet normal 0 0 0
  outer loop
   vertex -27.3016 15.9646 118.2244
   vertex -26.9983 15.5477 117.2514
   vertex -27.1891 15.8258 118.1724
  endloop
 endfacet
 facet normal 0 0 0
  outer loop
   vertex -31.5759 22.0026 135.1354
   vertex -33.6708 24.7189 138.6694
   vertex -32.7390 23.4381 135.6784
  endloop
 endfacet
 facet normal 0 0 0
  outer loop
   vertex -31.5759 22.0026 135.1354
   vertex -22.9805 11.5246 133.6774
   vertex -33.6708 24.7189 138.6694
  endloop
 endfacet
 facet normal 0 0 0
  outer loop
   vertex -24.3052 13.0289 131.7404
   vertex -22.9805 11.5246 133.6774
   vertex -31.5759 22.0026 135.1354
  endloop
 endfacet
 facet normal 0 0 0
  outer loop
   vertex -24.3052 13.0289 131.7404
   vertex -24.9925 13.4759 124.2114
   vertex -22.9805 11.5246 133.6774
  endloop
 endfacet
 facet normal 0 0 0
  outer loop
   vertex -26.7587 15.4084 120.1974
   vertex -24.9925 13.4759 124.2114
   vertex -24.3052 13.0289 131.7404
  endloop
 endfacet
 facet normal 0 0 0
  outer loop
   vertex -26.4892 14.9274 117.1704
   vertex -26.7587 15.4084 120.1974
   vertex -27.1891 15.8258 118.1724
  endloop
 endfacet
 facet normal 0 0 0
  outer loop
   vertex -26.5684 15.0247 117.1994
   vertex -27.1891 15.8258 118.1724
   vertex -26.9983 15.5477 117.2514
  endloop
 endfacet
 facet normal 0 0 0
  outer loop
   vertex -26.4892 14.9274 117.1704
   vertex -27.1891 15.8258 118.1724
   vertex -26.5684 15.0247 117.1994
  endloop
 endfacet
 facet normal 0 0 0
  outer loop
   vertex -26.7587 15.4084 120.1974
   vertex -26.4892 14.9274 117.1704
   vertex -24.9925 13.4759 124.2114
  endloop
 endfacet
 facet normal 0 0 0
  outer loop
   vertex -22.9805 11.5246 133.6774
   vertex -22.8760 11.3956 133.6284
   vertex -33.6708 24.7189 138.6694
  endloop
 endfacet
 facet normal 0 0 0
  outer loop
   vertex -33.6708 24.7189 138.6694
   vertex -22.8412 11.4894 133.6404
   vertex -19.3004 14.4149 133.4914
  endloop
 endfacet
 facet normal 0 0 0
  outer loop
   vertex -22.8412 11.4894 133.6404
   vertex -33.6708 24.7189 138.6694
   vertex -22.8760 11.3956 133.6284
  endloop
 endfacet
 facet normal 0 0 0
  outer loop
   vertex -19.3004 14.4149 133.4914
   vertex -30.0494 27.7109 138.5164
   vertex -33.6708 24.7189 138.6694
  endloop
 endfacet
 facet normal 0 0 0
  outer loop
   vertex -30.0494 27.7109 138.5164
   vertex -19.3004 14.4149 133.4914
   vertex -18.8760 13.9203 133.2984
  endloop
 endfacet
 facet normal 0 0 0
  outer loop
   vertex -33.6708 24.7189 138.6694
   vertex -33.2818 23.9943 133.7054
   vertex -32.8514 23.5769 135.7304
  endloop
 endfacet
 facet normal 0 0 0
  outer loop
   vertex -37.3801 28.3163 121.2184
   vertex -33.2818 23.9943 133.7054
   vertex -33.6708 24.7189 138.6694
  endloop
 endfacet
 facet normal 0 0 0
  outer loop
   vertex -33.2818 23.9943 133.7054
   vertex -37.3801 28.3163 121.2184
   vertex -35.7353 26.3738 122.1634
  endloop
 endfacet
 facet normal 0 0 0
  outer loop
   vertex -36.9194 27.7477 121.0034
   vertex -35.7353 26.3738 122.1634
   vertex -37.3801 28.3163 121.2184
  endloop
 endfacet
 facet normal 0 0 0
  outer loop
   vertex -36.3719 27.0719 120.7474
   vertex -35.7353 26.3738 122.1634
   vertex -36.9194 27.7477 121.0034
  endloop
 endfacet
 facet normal 0 0 0
  outer loop
   vertex -32.8289 22.6991 119.0934
   vertex -35.7353 26.3738 122.1634
   vertex -36.3719 27.0719 120.7474
  endloop
 endfacet
 facet normal 0 0 0
  outer loop
   vertex -32.8289 22.6991 119.0934
   vertex -28.4647 17.4001 118.7684
   vertex -35.7353 26.3738 122.1634
  endloop
 endfacet
 facet normal 0 0 0
  outer loop
   vertex -28.1785 16.9593 116.9214
   vertex -28.4647 17.4001 118.7684
   vertex -32.8289 22.6991 119.0934
  endloop
 endfacet
 facet normal 0 0 0
  outer loop
   vertex -28.0077 16.7580 117.0294
   vertex -28.4647 17.4001 118.7684
   vertex -28.1785 16.9593 116.9214
  endloop
 endfacet
 facet normal 0 0 0
  outer loop
   vertex -27.3016 15.9646 118.2244
   vertex -27.5355 16.1953 117.1994
   vertex -27.0495 15.6100 117.2574
  endloop
 endfacet
 facet normal 0 0 0
  outer loop
   vertex -27.3016 15.9646 118.2244
   vertex -28.0077 16.7580 117.0294
   vertex -27.5355 16.1953 117.1994
  endloop
 endfacet
 facet normal 0 0 0
  outer loop
   vertex -28.4647 17.4001 118.7684
   vertex -28.0077 16.7580 117.0294
   vertex -27.3016 15.9646 118.2244
  endloop
 endfacet
 facet normal 0 0 0
  outer loop
   vertex -33.6708 24.7189 138.6694
   vertex -32.8514 23.5769 135.7304
   vertex -32.7390 23.4381 135.6784
  endloop
 endfacet
 facet normal 0 0 0
  outer loop
   vertex -27.3016 15.9646 118.2244
   vertex -27.0495 15.6100 117.2574
   vertex -26.9983 15.5477 117.2514
  endloop
 endfacet
 facet normal 0 0 0
  outer loop
   vertex -30.0494 27.7109 138.5164
   vertex -24.6326 20.9323 134.1684
   vertex -29.5101 26.9524 136.4464
  endloop
 endfacet
 facet normal 0 0 0
  outer loop
   vertex -18.8760 13.9203 133.2984
   vertex -24.6326 20.9323 134.1684
   vertex -30.0494 27.7109 138.5164
  endloop
 endfacet
 facet normal 0 0 0
  outer loop
   vertex -19.4568 14.6113 133.0654
   vertex -24.6326 20.9323 134.1684
   vertex -18.8760 13.9203 133.2984
  endloop
 endfacet
 facet normal 0 0 0
  outer loop
   vertex -21.9594 17.5953 132.1824
   vertex -24.6326 20.9323 134.1684
   vertex -19.4568 14.6113 133.0654
  endloop
 endfacet
 facet normal 0 0 0
  outer loop
   vertex -20.7963 16.1597 131.6394
   vertex -19.4568 14.6113 133.0654
   vertex -19.5222 14.6748 132.7574
  endloop
 endfacet
 facet normal 0 0 0
  outer loop
   vertex -20.7963 16.1597 131.6394
   vertex -19.5222 14.6748 132.7574
   vertex -19.5266 14.6790 132.7364
  endloop
 endfacet
 facet normal 0 0 0
  outer loop
   vertex -24.6326 20.9323 134.1684
   vertex -21.9594 17.5953 132.1824
   vertex -24.7916 21.0909 133.5054
  endloop
 endfacet
 facet normal 0 0 0
  outer loop
   vertex -19.4568 14.6113 133.0654
   vertex -20.7963 16.1597 131.6394
   vertex -21.9594 17.5953 132.1824
  endloop
 endfacet
 facet normal 0 0 0
  outer loop
   vertex -33.7587 31.3083 121.0654
   vertex -29.5101 26.9524 136.4464
   vertex -32.6794 30.0260 121.5364
  endloop
 endfacet
 facet normal 0 0 0
  outer loop
   vertex -29.5101 26.9524 136.4464
   vertex -33.7587 31.3083 121.0654
   vertex -30.0494 27.7109 138.5164
  endloop
 endfacet
 facet normal 0 0 0
  outer loop
   vertex -33.2883 30.7277 120.8454
   vertex -32.6794 30.0260 121.5364
   vertex -32.5558 29.8735 121.4784
  endloop
 endfacet
 facet normal 0 0 0
  outer loop
   vertex -32.6794 30.0260 121.5364
   vertex -33.2883 30.7277 120.8454
   vertex -33.7587 31.3083 121.0654
  endloop
 endfacet
 facet normal 0 0 0
  outer loop
   vertex -33.6708 24.7189 138.6694
   vertex -33.7587 31.3083 121.0654
   vertex -37.3801 28.3163 121.2184
  endloop
 endfacet
 facet normal 0 0 0
  outer loop
   vertex -33.7587 31.3083 121.0654
   vertex -33.6708 24.7189 138.6694
   vertex -30.0494 27.7109 138.5164
  endloop
 endfacet
 facet normal 0 0 0
  outer loop
   vertex -19.5266 14.6790 132.7364
   vertex -20.6838 16.0209 131.5874
   vertex -20.7963 16.1597 131.6394
  endloop
 endfacet
 facet normal 0 0 0
  outer loop
   vertex -19.5266 14.6790 132.7364
   vertex -21.1143 16.4384 129.5624
   vertex -20.6838 16.0209 131.5874
  endloop
 endfacet
 facet normal 0 0 0
  outer loop
   vertex -21.8362 17.0267 123.9794
   vertex -21.1143 16.4384 129.5624
   vertex -19.5266 14.6790 132.7364
  endloop
 endfacet
 facet normal 0 0 0
  outer loop
   vertex -21.1143 16.4384 129.5624
   vertex -21.8362 17.0267 123.9794
   vertex -22.2470 17.5369 124.2334
  endloop
 endfacet
 facet normal 0 0 0
  outer loop
   vertex -23.0685 18.1140 116.0734
   vertex -21.8362 17.0267 123.9794
   vertex -19.5266 14.6790 132.7364
  endloop
 endfacet
 facet normal 0 0 0
  outer loop
   vertex -21.8362 17.0267 123.9794
   vertex -23.0685 18.1140 116.0734
   vertex -23.2876 18.4344 117.1504
  endloop
 endfacet
 facet normal 0 0 0
  outer loop
   vertex -32.5558 29.8735 121.4784
   vertex -33.2756 30.7120 120.8394
   vertex -33.2883 30.7277 120.8454
  endloop
 endfacet
 facet normal 0 0 0
  outer loop
   vertex -23.2876 18.4344 117.1504
   vertex -33.2756 30.7120 120.8394
   vertex -32.5558 29.8735 121.4784
  endloop
 endfacet
 facet normal 0 0 0
  outer loop
   vertex -33.2756 30.7120 120.8394
   vertex -23.2876 18.4344 117.1504
   vertex -23.0685 18.1140 116.0734
  endloop
 endfacet
 facet normal 0 0 0
  outer loop
   vertex -19.6336 -3.2184 112.6405
   vertex -19.4921 -4.3373 110.7075
   vertex -19.5778 -3.3896 112.5933
  endloop
 endfacet
 facet normal 0 0 0
  outer loop
   vertex -20.8567 7.6123 132.4194
   vertex -17.3274 -4.2442 126.6964
   vertex -15.7872 -7.9304 128.1374
  endloop
 endfacet
 facet normal 0 0 0
  outer loop
   vertex -15.7872 -7.9304 128.1374
   vertex -17.3274 -4.2442 126.6964
   vertex -15.8364 -7.8827 127.9064
  endloop
 endfacet
 facet normal 0 0 0
  outer loop
   vertex -16.6939 -6.1865 126.1614
   vertex -15.8364 -7.8827 127.9064
   vertex -17.3274 -4.2442 126.6964
  endloop
 endfacet
 facet normal 0 0 0
  outer loop
   vertex -17.1243 -5.7691 124.1364
   vertex -15.8364 -7.8827 127.9064
   vertex -16.6939 -6.1865 126.1614
  endloop
 endfacet
 facet normal 0 0 0
  outer loop
   vertex -17.1243 -5.7691 124.1364
   vertex -17.5138 -6.2559 120.0144
   vertex -15.8364 -7.8827 127.9064
  endloop
 endfacet
 facet normal 0 0 0
  outer loop
   vertex -19.5778 -3.3896 112.5933
   vertex -17.5138 -6.2559 120.0144
   vertex -17.1243 -5.7691 124.1364
  endloop
 endfacet
 facet normal 0 0 0
  outer loop
   vertex -17.5138 -6.2559 120.0144
   vertex -19.5778 -3.3896 112.5933
   vertex -19.4921 -4.3373 110.7075
  endloop
 endfacet
 facet normal 0 0 0
  outer loop
   vertex -20.8826 6.6559 129.6984
   vertex -20.8567 7.6123 132.4194
   vertex -21.0241 7.7747 131.6314
  endloop
 endfacet
 facet normal 0 0 0
  outer loop
   vertex -17.3274 -4.2442 126.6964
   vertex -20.8567 7.6123 132.4194
   vertex -20.8826 6.6559 129.6984
  endloop
 endfacet
 facet normal 0 0 0
  outer loop
   vertex -20.8567 7.6123 132.4194
   vertex -15.7872 -7.9304 128.1374
   vertex -15.7849 -7.9374 128.1364
  endloop
 endfacet
 facet normal 0 0 0
  outer loop
   vertex -16.7166 9.9426 132.0194
   vertex -14.6107 -7.5022 127.9764
   vertex -11.4072 -6.3359 127.5354
  endloop
 endfacet
 facet normal 0 0 0
  outer loop
   vertex -14.6107 -7.5022 127.9764
   vertex -16.7166 9.9426 132.0194
   vertex -15.5973 -7.8691 128.1104
  endloop
 endfacet
 facet normal 0 0 0
  outer loop
   vertex -21.6020 8.3351 128.9134
   vertex -20.9385 6.8271 129.7464
   vertex -21.0241 7.7747 131.6314
  endloop
 endfacet
 facet normal 0 0 0
  outer loop
   vertex -22.1614 8.8776 126.2814
   vertex -20.9385 6.8271 129.7464
   vertex -21.6020 8.3351 128.9134
  endloop
 endfacet
 facet normal 0 0 0
  outer loop
   vertex -22.1614 8.8776 126.2814
   vertex -23.3919 9.2065 118.2034
   vertex -20.9385 6.8271 129.7464
  endloop
 endfacet
 facet normal 0 0 0
  outer loop
   vertex -24.5660 11.2097 114.9684
   vertex -23.3919 9.2065 118.2034
   vertex -22.1614 8.8776 126.2814
  endloop
 endfacet
 facet normal 0 0 0
  outer loop
   vertex -23.3919 9.2065 118.2034
   vertex -24.5660 11.2097 114.9684
   vertex -23.8224 9.6240 116.1784
  endloop
 endfacet
 facet normal 0 0 0
  outer loop
   vertex -24.5660 11.2097 114.9684
   vertex -19.6336 -3.2184 112.6405
   vertex -23.8224 9.6240 116.1784
  endloop
 endfacet
 facet normal 0 0 0
  outer loop
   vertex -19.4965 -4.3330 110.6868
   vertex -19.6336 -3.2184 112.6405
   vertex -24.5660 11.2097 114.9684
  endloop
 endfacet
 facet normal 0 0 0
  outer loop
   vertex -19.6336 -3.2184 112.6405
   vertex -19.4965 -4.3330 110.6868
   vertex -19.4921 -4.3373 110.7075
  endloop
 endfacet
 facet normal 0 0 0
  outer loop
   vertex -21.0241 7.7747 131.6314
   vertex -20.9385 6.8271 129.7464
   vertex -20.8826 6.6559 129.6984
  endloop
 endfacet
 facet normal 0 0 0
  outer loop
   vertex -16.5729 9.4203 131.6824
   vertex -16.6257 8.9270 129.9924
   vertex -16.6628 9.4357 131.0694
  endloop
 endfacet
 facet normal 0 0 0
  outer loop
   vertex -11.4072 -6.3359 127.5354
   vertex -16.5729 9.4203 131.6824
   vertex -16.7166 9.9426 132.0194
  endloop
 endfacet
 facet normal 0 0 0
  outer loop
   vertex -13.5342 -0.5513 127.3814
   vertex -16.5729 9.4203 131.6824
   vertex -11.4072 -6.3359 127.5354
  endloop
 endfacet
 facet normal 0 0 0
  outer loop
   vertex -16.5729 9.4203 131.6824
   vertex -13.5342 -0.5513 127.3814
   vertex -16.6257 8.9270 129.9924
  endloop
 endfacet
 facet normal 0 0 0
  outer loop
   vertex -12.3139 -4.5920 125.5584
   vertex -13.5342 -0.5513 127.3814
   vertex -11.4072 -6.3359 127.5354
  endloop
 endfacet
 facet normal 0 0 0
  outer loop
   vertex -13.5342 -0.5513 127.3814
   vertex -12.3139 -4.5920 125.5584
   vertex -13.5645 -0.7577 126.6154
  endloop
 endfacet
 facet normal 0 0 0
  outer loop
   vertex -11.4072 -6.3359 127.5354
   vertex -13.9007 -3.0531 118.0934
   vertex -12.3139 -4.5920 125.5584
  endloop
 endfacet
 facet normal 0 0 0
  outer loop
   vertex -11.4072 -6.3359 127.5354
   vertex -13.9571 -3.4385 116.6624
   vertex -13.9007 -3.0531 118.0934
  endloop
 endfacet
 facet normal 0 0 0
  outer loop
   vertex -15.1165 -2.7385 110.0845
   vertex -13.9571 -3.4385 116.6624
   vertex -11.4072 -6.3359 127.5354
  endloop
 endfacet
 facet normal 0 0 0
  outer loop
   vertex -13.9571 -3.4385 116.6624
   vertex -15.1165 -2.7385 110.0845
   vertex -15.1305 -2.3005 111.1425
  endloop
 endfacet
 facet normal 0 0 0
  outer loop
   vertex -15.1305 -2.3005 111.1425
   vertex -15.1165 -2.7385 110.0845
   vertex -15.1305 -2.3005 111.1424
  endloop
 endfacet
 facet normal 0 0 0
  outer loop
   vertex -16.6257 8.9270 129.9924
   vertex -19.5206 12.2791 117.8144
   vertex -16.6628 9.4357 131.0694
  endloop
 endfacet
 facet normal 0 0 0
  outer loop
   vertex -19.7950 12.0006 115.0824
   vertex -19.5206 12.2791 117.8144
   vertex -16.6257 8.9270 129.9924
  endloop
 endfacet
 facet normal 0 0 0
  outer loop
   vertex -19.7950 12.0006 115.0824
   vertex -20.5890 13.6981 113.8017
   vertex -19.5206 12.2791 117.8144
  endloop
 endfacet
 facet normal 0 0 0
  outer loop
   vertex -19.7950 12.0006 115.0824
   vertex -16.9167 2.7807 111.6049
   vertex -20.5890 13.6981 113.8017
  endloop
 endfacet
 facet normal 0 0 0
  outer loop
   vertex -15.1305 -2.3005 111.1424
   vertex -16.9167 2.7807 111.6049
   vertex -19.7950 12.0006 115.0824
  endloop
 endfacet
 facet normal 0 0 0
  outer loop
   vertex -16.9167 2.7807 111.6049
   vertex -15.1305 -2.3005 111.1424
   vertex -15.1165 -2.7385 110.0845
  endloop
 endfacet
 facet normal 0 0 0
  outer loop
   vertex -19.8696 7.9717 132.2834
   vertex -15.5973 -7.8691 128.1104
   vertex -16.7166 9.9426 132.0194
  endloop
 endfacet
 facet normal 0 0 0
  outer loop
   vertex -20.8567 7.6123 132.4194
   vertex -15.5973 -7.8691 128.1104
   vertex -19.8696 7.9717 132.2834
  endloop
 endfacet
 facet normal 0 0 0
  outer loop
   vertex -15.5973 -7.8691 128.1104
   vertex -20.8567 7.6123 132.4194
   vertex -15.7849 -7.9374 128.1364
  endloop
 endfacet
 facet normal 0 0 0
  outer loop
   vertex -18.9848 -11.1015 109.1828
   vertex -18.6212 -10.6487 110.8936
   vertex -18.8838 -8.8013 109.6581
  endloop
 endfacet
 facet normal 0 0 0
  outer loop
   vertex -18.9848 -11.1015 109.1828
   vertex -18.8838 -8.8013 109.6581
   vertex -18.8882 -8.7971 109.6373
  endloop
 endfacet
 facet normal 0 0 0
  outer loop
   vertex -18.6212 -10.6487 110.8936
   vertex -18.9848 -11.1015 109.1828
   vertex -18.7003 -12.5364 110.5213
  endloop
 endfacet
 facet normal 0 0 0
  outer loop
   vertex -18.9848 -11.1015 109.1828
   vertex -19.1951 -24.3370 108.1939
   vertex -18.7003 -12.5364 110.5213
  endloop
 endfacet
 facet normal 0 0 0
  outer loop
   vertex -19.1951 -24.3370 108.1939
   vertex -18.9848 -11.1015 109.1828
   vertex -19.5828 -25.3636 106.3699
  endloop
 endfacet
 facet normal 0 0 0
  outer loop
   vertex -16.3112 -27.1339 121.7614
   vertex -16.0409 -28.7986 123.0334
   vertex -16.3035 -26.9513 121.7974
  endloop
 endfacet
 facet normal 0 0 0
  outer loop
   vertex -16.7416 -26.7164 119.7364
   vertex -16.0409 -28.7986 123.0334
   vertex -16.3112 -27.1339 121.7614
  endloop
 endfacet
 facet normal 0 0 0
  outer loop
   vertex -19.5828 -25.3636 106.3699
   vertex -16.7416 -26.7164 119.7364
   vertex -19.1951 -24.3370 108.1939
  endloop
 endfacet
 facet normal 0 0 0
  outer loop
   vertex -16.7416 -26.7164 119.7364
   vertex -19.5828 -25.3636 106.3699
   vertex -16.0409 -28.7986 123.0334
  endloop
 endfacet
 facet normal 0 0 0
  outer loop
   vertex -12.9753 -28.9611 123.2054
   vertex -15.1788 -12.3945 127.0884
   vertex -15.8734 -28.9611 123.8214
  endloop
 endfacet
 facet normal 0 0 0
  outer loop
   vertex -15.1788 -12.3945 127.0884
   vertex -12.9753 -28.9611 123.2054
   vertex -10.5815 -12.3945 126.1114
  endloop
 endfacet
 facet normal 0 0 0
  outer loop
   vertex -11.3478 -29.0184 122.8474
   vertex -10.5815 -12.3945 126.1114
   vertex -12.9753 -28.9611 123.2054
  endloop
 endfacet
 facet normal 0 0 0
  outer loop
   vertex -10.5815 -12.3945 126.1114
   vertex -11.3090 -29.7453 122.6894
   vertex -10.5487 -11.6103 126.2664
  endloop
 endfacet
 facet normal 0 0 0
  outer loop
   vertex -11.3090 -29.7453 122.6894
   vertex -10.5815 -12.3945 126.1114
   vertex -11.3478 -29.0184 122.8474
  endloop
 endfacet
 facet normal 0 0 0
  outer loop
   vertex -15.7533 -11.8374 124.3864
   vertex -15.7296 -13.2630 124.4974
   vertex -15.2055 -12.3686 126.9624
  endloop
 endfacet
 facet normal 0 0 0
  outer loop
   vertex -15.7533 -11.8374 124.3864
   vertex -16.1600 -12.8456 122.4724
   vertex -15.7296 -13.2630 124.4974
  endloop
 endfacet
 facet normal 0 0 0
  outer loop
   vertex -18.8838 -8.8013 109.6581
   vertex -16.1600 -12.8456 122.4724
   vertex -15.7533 -11.8374 124.3864
  endloop
 endfacet
 facet normal 0 0 0
  outer loop
   vertex -18.6135 -10.4661 110.9296
   vertex -18.8838 -8.8013 109.6581
   vertex -18.6212 -10.6487 110.8936
  endloop
 endfacet
 facet normal 0 0 0
  outer loop
   vertex -16.1600 -12.8456 122.4724
   vertex -18.8838 -8.8013 109.6581
   vertex -18.6135 -10.4661 110.9296
  endloop
 endfacet
 facet normal 0 0 0
  outer loop
   vertex -15.8164 -15.3333 124.0894
   vertex -15.2055 -12.3686 126.9624
   vertex -15.7296 -13.2630 124.4974
  endloop
 endfacet
 facet normal 0 0 0
  outer loop
   vertex -15.2055 -12.3686 126.9624
   vertex -15.8164 -15.3333 124.0894
   vertex -15.1788 -12.3945 127.0884
  endloop
 endfacet
 facet normal 0 0 0
  outer loop
   vertex -15.8164 -15.3333 124.0894
   vertex -15.8734 -28.9611 123.8214
   vertex -15.1788 -12.3945 127.0884
  endloop
 endfacet
 facet normal 0 0 0
  outer loop
   vertex -16.3035 -26.9513 121.7974
   vertex -15.8734 -28.9611 123.8214
   vertex -15.8164 -15.3333 124.0894
  endloop
 endfacet
 facet normal 0 0 0
  outer loop
   vertex -15.8734 -28.9611 123.8214
   vertex -16.3035 -26.9513 121.7974
   vertex -16.0409 -28.7986 123.0334
  endloop
 endfacet
 facet normal 0 0 0
  outer loop
   vertex -11.6271 -25.0636 121.1924
   vertex -10.5487 -11.6103 126.2664
   vertex -11.3090 -29.7453 122.6894
  endloop
 endfacet
 facet normal 0 0 0
  outer loop
   vertex -10.5487 -11.6103 126.2664
   vertex -11.6271 -25.0636 121.1924
   vertex -11.1399 -13.4455 123.4844
  endloop
 endfacet
 facet normal 0 0 0
  outer loop
   vertex -11.3090 -29.7453 122.6894
   vertex -11.7139 -27.1339 120.7844
   vertex -11.6271 -25.0636 121.1924
  endloop
 endfacet
 facet normal 0 0 0
  outer loop
   vertex -11.3090 -29.7453 122.6894
   vertex -14.1673 -24.7544 109.2417
   vertex -11.7139 -27.1339 120.7844
  endloop
 endfacet
 facet normal 0 0 0
  outer loop
   vertex -15.0273 -26.1392 105.1959
   vertex -14.1673 -24.7544 109.2417
   vertex -11.3090 -29.7453 122.6894
  endloop
 endfacet
 facet normal 0 0 0
  outer loop
   vertex -14.1673 -24.7544 109.2417
   vertex -15.0273 -26.1392 105.1959
   vertex -14.5978 -24.3370 107.2167
  endloop
 endfacet
 facet normal 0 0 0
  outer loop
   vertex -14.5978 -24.3370 107.2167
   vertex -15.0273 -26.1392 105.1959
   vertex -14.9971 -25.4175 105.3383
  endloop
 endfacet
 facet normal 0 0 0
  outer loop
   vertex -14.5901 -24.1545 107.2527
   vertex -14.5978 -24.3370 107.2167
   vertex -14.9971 -25.4175 105.3383
  endloop
 endfacet
 facet normal 0 0 0
  outer loop
   vertex -10.5487 -11.6103 126.2664
   vertex -11.1399 -13.4455 123.4844
   vertex -11.1323 -13.2630 123.5204
  endloop
 endfacet
 facet normal 0 0 0
  outer loop
   vertex -13.5858 -10.8836 111.9775
   vertex -10.5487 -11.6103 126.2664
   vertex -11.1323 -13.2630 123.5204
  endloop
 endfacet
 facet normal 0 0 0
  outer loop
   vertex -14.0528 -9.0280 109.7803
   vertex -13.5858 -10.8836 111.9775
   vertex -14.0162 -10.4661 109.9525
  endloop
 endfacet
 facet normal 0 0 0
  outer loop
   vertex -13.5858 -10.8836 111.9775
   vertex -14.0528 -9.0280 109.7803
   vertex -10.5487 -11.6103 126.2664
  endloop
 endfacet
 facet normal 0 0 0
  outer loop
   vertex -14.0162 -10.4661 109.9525
   vertex -14.1691 -8.9152 109.2333
   vertex -14.0528 -9.0280 109.7803
  endloop
 endfacet
 facet normal 0 0 0
  outer loop
   vertex -14.0162 -10.4661 109.9525
   vertex -14.2909 -8.7971 108.6602
   vertex -14.1691 -8.9152 109.2333
  endloop
 endfacet
 facet normal 0 0 0
  outer loop
   vertex -14.7752 -20.3491 106.3818
   vertex -14.0162 -10.4661 109.9525
   vertex -14.5110 -22.2667 107.6250
  endloop
 endfacet
 facet normal 0 0 0
  outer loop
   vertex -14.9971 -25.4175 105.3383
   vertex -14.5110 -22.2667 107.6250
   vertex -14.5901 -24.1545 107.2527
  endloop
 endfacet
 facet normal 0 0 0
  outer loop
   vertex -14.0162 -10.4661 109.9525
   vertex -14.7752 -20.3491 106.3818
   vertex -14.2909 -8.7971 108.6602
  endloop
 endfacet
 facet normal 0 0 0
  outer loop
   vertex -14.5110 -22.2667 107.6250
   vertex -14.9971 -25.4175 105.3383
   vertex -14.7752 -20.3491 106.3818
  endloop
 endfacet
 facet normal 0 0 0
  outer loop
   vertex -20.6900 -30.4613 106.0487
   vertex -20.8228 -31.5847 107.0458
   vertex -20.6436 -30.3856 106.1109
  endloop
 endfacet
 facet normal 0 0 0
  outer loop
   vertex -20.9619 -30.8344 105.5941
   vertex -20.8228 -31.5847 107.0458
   vertex -20.6900 -30.4613 106.0487
  endloop
 endfacet
 facet normal 0 0 0
  outer loop
   vertex -20.9910 -30.8660 105.5350
   vertex -20.8228 -31.5847 107.0458
   vertex -20.9619 -30.8344 105.5941
  endloop
 endfacet
 facet normal 0 0 0
  outer loop
   vertex -20.8228 -31.5847 107.0458
   vertex -20.9910 -30.8660 105.5350
   vertex -21.5489 -33.3558 106.8351
  endloop
 endfacet
 facet normal 0 0 0
  outer loop
   vertex -26.9381 -45.3705 103.8092
   vertex -21.5489 -33.3558 106.8351
   vertex -20.9910 -30.8660 105.5350
  endloop
 endfacet
 facet normal 0 0 0
  outer loop
   vertex -21.5489 -33.3558 106.8351
   vertex -26.9381 -45.3705 103.8092
   vertex -26.0884 -44.4271 105.5177
  endloop
 endfacet
 facet normal 0 0 0
  outer loop
   vertex -23.2045 -47.2240 119.0854
   vertex -23.5304 -49.7036 121.1724
   vertex -23.1342 -47.0527 119.1054
  endloop
 endfacet
 facet normal 0 0 0
  outer loop
   vertex -25.6579 -44.8445 107.5428
   vertex -23.5304 -49.7036 121.1724
   vertex -23.2045 -47.2240 119.0854
  endloop
 endfacet
 facet normal 0 0 0
  outer loop
   vertex -27.2397 -46.1062 103.7216
   vertex -25.6579 -44.8445 107.5428
   vertex -26.0884 -44.4271 105.5177
  endloop
 endfacet
 facet normal 0 0 0
  outer loop
   vertex -27.2397 -46.1062 103.7216
   vertex -26.0884 -44.4271 105.5177
   vertex -26.9381 -45.3705 103.8092
  endloop
 endfacet
 facet normal 0 0 0
  outer loop
   vertex -25.6579 -44.8445 107.5428
   vertex -27.2397 -46.1062 103.7216
   vertex -23.5304 -49.7036 121.1724
  endloop
 endfacet
 facet normal 0 0 0
  outer loop
   vertex -19.2840 -51.2981 119.9414
   vertex -12.6095 -35.0196 121.8784
   vertex -12.3079 -34.2839 121.9654
  endloop
 endfacet
 facet normal 0 0 0
  outer loop
   vertex -17.8072 -46.4978 118.8184
   vertex -12.6095 -35.0196 121.8784
   vertex -19.2840 -51.2981 119.9414
  endloop
 endfacet
 facet normal 0 0 0
  outer loop
   vertex -12.6095 -35.0196 121.8784
   vertex -17.8072 -46.4978 118.8184
   vertex -13.2156 -35.2995 120.1504
  endloop
 endfacet
 facet normal 0 0 0
  outer loop
   vertex -18.9581 -48.8185 117.8544
   vertex -17.8072 -46.4978 118.8184
   vertex -19.2840 -51.2981 119.9414
  endloop
 endfacet
 facet normal 0 0 0
  outer loop
   vertex -17.8072 -46.4978 118.8184
   vertex -18.1617 -46.8762 118.0854
   vertex -17.9589 -46.3816 118.1444
  endloop
 endfacet
 facet normal 0 0 0
  outer loop
   vertex -17.8072 -46.4978 118.8184
   vertex -18.9581 -48.8185 117.8544
   vertex -18.1617 -46.8762 118.0854
  endloop
 endfacet
 facet normal 0 0 0
  outer loop
   vertex -19.2840 -51.2981 119.9414
   vertex -19.3885 -48.4010 115.8294
   vertex -18.9581 -48.8185 117.8544
  endloop
 endfacet
 facet normal 0 0 0
  outer loop
   vertex -22.9934 -47.7007 102.4903
   vertex -19.3885 -48.4010 115.8294
   vertex -19.2840 -51.2981 119.9414
  endloop
 endfacet
 facet normal 0 0 0
  outer loop
   vertex -19.3885 -48.4010 115.8294
   vertex -22.9934 -47.7007 102.4903
   vertex -21.8420 -46.0216 104.2864
  endloop
 endfacet
 facet normal 0 0 0
  outer loop
   vertex -15.0625 -33.5083 111.4617
   vertex -12.6095 -35.0196 121.8784
   vertex -13.2156 -35.2995 120.1504
  endloop
 endfacet
 facet normal 0 0 0
  outer loop
   vertex -16.0758 -33.4254 107.8599
   vertex -15.0625 -33.5083 111.4617
   vertex -15.3666 -34.1132 111.1962
  endloop
 endfacet
 facet normal 0 0 0
  outer loop
   vertex -16.3189 -31.4222 104.4272
   vertex -16.0758 -33.4254 107.8599
   vertex -16.5062 -33.0080 105.8349
  endloop
 endfacet
 facet normal 0 0 0
  outer loop
   vertex -15.0625 -33.5083 111.4617
   vertex -16.3189 -31.4222 104.4272
   vertex -12.6095 -35.0196 121.8784
  endloop
 endfacet
 facet normal 0 0 0
  outer loop
   vertex -16.0758 -33.4254 107.8599
   vertex -16.3189 -31.4222 104.4272
   vertex -15.0625 -33.5083 111.4617
  endloop
 endfacet
 facet normal 0 0 0
  outer loop
   vertex -21.0456 -44.0793 104.5176
   vertex -16.3189 -31.4222 104.4272
   vertex -16.5062 -33.0080 105.8349
  endloop
 endfacet
 facet normal 0 0 0
  outer loop
   vertex -22.9934 -47.7007 102.4903
   vertex -21.0456 -44.0793 104.5176
   vertex -21.8420 -46.0216 104.2864
  endloop
 endfacet
 facet normal 0 0 0
  outer loop
   vertex -21.0456 -44.0793 104.5176
   vertex -22.9934 -47.7007 102.4903
   vertex -16.3189 -31.4222 104.4272
  endloop
 endfacet
 facet normal 0 0 0
  outer loop
   vertex -18.6650 -36.1527 120.4024
   vertex -16.8559 -33.4251 123.1094
   vertex -16.8940 -33.3882 122.9304
  endloop
 endfacet
 facet normal 0 0 0
  outer loop
   vertex -18.6650 -36.1527 120.4024
   vertex -16.8940 -33.3882 122.9304
   vertex -17.8686 -34.2104 120.6344
  endloop
 endfacet
 facet normal 0 0 0
  outer loop
   vertex -16.8940 -33.3882 122.9304
   vertex -18.2991 -33.7929 118.6084
   vertex -17.8686 -34.2104 120.6344
  endloop
 endfacet
 facet normal 0 0 0
  outer loop
   vertex -20.4008 -29.9872 106.4322
   vertex -18.2991 -33.7929 118.6084
   vertex -16.8940 -33.3882 122.9304
  endloop
 endfacet
 facet normal 0 0 0
  outer loop
   vertex -18.2991 -33.7929 118.6084
   vertex -20.4008 -29.9872 106.4322
   vertex -20.7525 -31.4135 107.0662
  endloop
 endfacet
 facet normal 0 0 0
  outer loop
   vertex -20.4111 -30.0067 106.4218
   vertex -20.7525 -31.4135 107.0662
   vertex -20.4008 -29.9872 106.4322
  endloop
 endfacet
 facet normal 0 0 0
  outer loop
   vertex -20.6436 -30.3856 106.1109
   vertex -20.7525 -31.4135 107.0662
   vertex -20.4111 -30.0067 106.4218
  endloop
 endfacet
 facet normal 0 0 0
  outer loop
   vertex -20.7525 -31.4135 107.0662
   vertex -20.6436 -30.3856 106.1109
   vertex -20.8228 -31.5847 107.0458
  endloop
 endfacet
 facet normal 0 0 0
  outer loop
   vertex -16.8559 -33.4251 123.1094
   vertex -18.6650 -36.1527 120.4024
   vertex -23.5304 -49.7036 121.1724
  endloop
 endfacet
 facet normal 0 0 0
  outer loop
   vertex -23.5304 -49.7036 121.1724
   vertex -18.6650 -36.1527 120.4024
   vertex -23.1342 -47.0527 119.1054
  endloop
 endfacet
 facet normal 0 0 0
  outer loop
   vertex -14.6398 -34.2573 122.4674
   vertex -23.5304 -49.7036 121.1724
   vertex -12.7384 -34.8754 121.9354
  endloop
 endfacet
 facet normal 0 0 0
  outer loop
   vertex -23.5304 -49.7036 121.1724
   vertex -14.6398 -34.2573 122.4674
   vertex -16.8559 -33.4251 123.1094
  endloop
 endfacet
 facet normal 0 0 0
  outer loop
   vertex -19.2840 -51.2981 119.9414
   vertex -12.7384 -34.8754 121.9354
   vertex -23.5304 -49.7036 121.1724
  endloop
 endfacet
 facet normal 0 0 0
  outer loop
   vertex -12.5879 -34.9319 121.8914
   vertex -19.2840 -51.2981 119.9414
   vertex -12.3079 -34.2839 121.9654
  endloop
 endfacet
 facet normal 0 0 0
  outer loop
   vertex -12.7384 -34.8754 121.9354
   vertex -19.2840 -51.2981 119.9414
   vertex -12.5879 -34.9319 121.8914
  endloop
 endfacet
 facet normal 0 0 0
  outer loop
   vertex -19.2840 -51.2981 119.9414
   vertex -27.2397 -46.1062 103.7216
   vertex -22.9934 -47.7007 102.4903
  endloop
 endfacet
 facet normal 0 0 0
  outer loop
   vertex -27.2397 -46.1062 103.7216
   vertex -19.2840 -51.2981 119.9414
   vertex -23.5304 -49.7036 121.1724
  endloop
 endfacet
 facet normal 0 0 0
  outer loop
   vertex -62.1901 40.4818 28.8811
   vertex -63.2481 36.5237 19.1419
   vertex -63.0847 36.6723 19.9108
  endloop
 endfacet
 facet normal 0 0 0
  outer loop
   vertex -62.6718 35.9690 19.1266
   vertex -54.7051 28.4467 19.2830
   vertex -54.7963 28.5752 19.3884
  endloop
 endfacet
 facet normal 0 0 0
  outer loop
   vertex -62.6718 35.9690 19.1266
   vertex -54.2755 27.9281 19.0058
   vertex -54.7051 28.4467 19.2830
  endloop
 endfacet
 facet normal 0 0 0
  outer loop
   vertex -54.2755 27.9281 19.0058
   vertex -62.6718 35.9690 19.1266
   vertex -53.9346 27.5593 18.8939
  endloop
 endfacet
 facet normal 0 0 0
  outer loop
   vertex -50.4979 24.2514 18.8024
   vertex -51.8636 25.6320 19.0058
   vertex -52.4506 26.1309 18.8544
  endloop
 endfacet
 facet normal 0 0 0
  outer loop
   vertex -50.4979 24.2514 18.8024
   vertex -51.2036 25.1133 19.2830
   vertex -51.8636 25.6320 19.0058
  endloop
 endfacet
 facet normal 0 0 0
  outer loop
   vertex -51.2036 25.1133 19.2830
   vertex -50.4979 24.2514 18.8024
   vertex -50.7994 24.8228 19.5214
  endloop
 endfacet
 facet normal 0 0 0
  outer loop
   vertex -50.7994 24.8228 19.5214
   vertex -50.4979 24.2514 18.8024
   vertex -50.3419 24.3933 19.5366
  endloop
 endfacet
 facet normal 0 0 0
  outer loop
   vertex -55.0575 29.7224 21.1921
   vertex -63.0847 36.6723 19.9108
   vertex -55.1856 29.5516 20.6294
  endloop
 endfacet
 facet normal 0 0 0
  outer loop
   vertex -63.0847 36.6723 19.9108
   vertex -55.1773 29.2744 20.1107
   vertex -55.1856 29.5516 20.6294
  endloop
 endfacet
 facet normal 0 0 0
  outer loop
   vertex -55.1773 29.2744 20.1107
   vertex -63.0847 36.6723 19.9108
   vertex -55.0458 28.9347 19.6968
  endloop
 endfacet
 facet normal 0 0 0
  outer loop
   vertex -54.7979 29.7800 21.7774
   vertex -63.0847 36.6723 19.9108
   vertex -55.0575 29.7224 21.1921
  endloop
 endfacet
 facet normal 0 0 0
  outer loop
   vertex -63.0847 36.6723 19.9108
   vertex -54.7979 29.7800 21.7774
   vertex -62.1901 40.4818 28.8811
  endloop
 endfacet
 facet normal 0 0 0
  outer loop
   vertex -54.4168 29.7224 22.3627
   vertex -62.1901 40.4818 28.8811
   vertex -54.7979 29.7800 21.7774
  endloop
 endfacet
 facet normal 0 0 0
  outer loop
   vertex -62.1901 40.4818 28.8811
   vertex -54.4168 29.7224 22.3627
   vertex -54.0555 29.5960 22.7794
  endloop
 endfacet
 facet normal 0 0 0
  outer loop
   vertex -50.3345 24.4000 19.5713
   vertex -50.5608 24.6587 19.6561
   vertex -50.6983 24.7502 19.5810
  endloop
 endfacet
 facet normal 0 0 0
  outer loop
   vertex -50.5608 24.6587 19.6561
   vertex -50.3345 24.4000 19.5713
   vertex -50.2940 24.5037 19.8450
  endloop
 endfacet
 facet normal 0 0 0
  outer loop
   vertex -63.2481 36.5237 19.1419
   vertex -60.1327 39.7962 17.8476
   vertex -63.1169 36.6615 19.0874
  endloop
 endfacet
 facet normal 0 0 0
  outer loop
   vertex -59.1604 43.7482 27.1837
   vertex -60.1327 39.7962 17.8476
   vertex -62.3560 40.4259 28.1005
  endloop
 endfacet
 facet normal 0 0 0
  outer loop
   vertex -62.1901 40.4818 28.8811
   vertex -59.1604 43.7482 27.1837
   vertex -62.3560 40.4259 28.1005
  endloop
 endfacet
 facet normal 0 0 0
  outer loop
   vertex -46.7113 31.2892 25.4282
   vertex -60.1327 39.7962 17.8476
   vertex -58.5978 43.1851 27.1044
  endloop
 endfacet
 facet normal 0 0 0
  outer loop
   vertex -60.1327 39.7962 17.8476
   vertex -46.7113 31.2892 25.4282
   vertex -46.1486 30.7261 25.3489
  endloop
 endfacet
 facet normal 0 0 0
  outer loop
   vertex -58.9945 43.8040 27.9643
   vertex -58.5978 43.1851 27.1044
   vertex -59.1604 43.7482 27.1837
  endloop
 endfacet
 facet normal 0 0 0
  outer loop
   vertex -62.3560 40.4259 28.1005
   vertex -60.1327 39.7962 17.8476
   vertex -63.2481 36.5237 19.1419
  endloop
 endfacet
 facet normal 0 0 0
  outer loop
   vertex -62.3560 40.4259 28.1005
   vertex -63.2481 36.5237 19.1419
   vertex -62.1901 40.4818 28.8811
  endloop
 endfacet
 facet normal 0 0 0
  outer loop
   vertex -53.9198 29.5516 22.9254
   vertex -62.1901 40.4818 28.8811
   vertex -54.0555 29.5960 22.7794
  endloop
 endfacet
 facet normal 0 0 0
  outer loop
   vertex -53.3079 29.2744 23.4441
   vertex -62.1901 40.4818 28.8811
   vertex -53.9198 29.5516 22.9254
  endloop
 endfacet
 facet normal 0 0 0
  outer loop
   vertex -52.6306 28.9013 23.8987
   vertex -62.1901 40.4818 28.8811
   vertex -53.3079 29.2744 23.4441
  endloop
 endfacet
 facet normal 0 0 0
  outer loop
   vertex -49.7410 28.0227 27.1256
   vertex -52.6306 28.9013 23.8987
   vertex -51.9139 28.4467 24.2718
  endloop
 endfacet
 facet normal 0 0 0
  outer loop
   vertex -49.7410 28.0227 27.1256
   vertex -51.9139 28.4467 24.2718
   vertex -51.1853 27.9281 24.5490
  endloop
 endfacet
 facet normal 0 0 0
  outer loop
   vertex -49.7410 28.0227 27.1256
   vertex -51.1853 27.9281 24.5490
   vertex -50.4729 27.3653 24.7198
  endloop
 endfacet
 facet normal 0 0 0
  outer loop
   vertex -49.7410 28.0227 27.1256
   vertex -50.4729 27.3653 24.7198
   vertex -49.9177 26.8795 24.7676
  endloop
 endfacet
 facet normal 0 0 0
  outer loop
   vertex -52.6306 28.9013 23.8987
   vertex -49.7410 28.0227 27.1256
   vertex -62.1901 40.4818 28.8811
  endloop
 endfacet
 facet normal 0 0 0
  outer loop
   vertex -62.6718 35.9690 19.1266
   vertex -55.0458 28.9347 19.6968
   vertex -63.0847 36.6723 19.9108
  endloop
 endfacet
 facet normal 0 0 0
  outer loop
   vertex -62.6718 35.9690 19.1266
   vertex -55.0276 28.9013 19.6561
   vertex -55.0458 28.9347 19.6968
  endloop
 endfacet
 facet normal 0 0 0
  outer loop
   vertex -55.0276 28.9013 19.6561
   vertex -62.6718 35.9690 19.1266
   vertex -54.7963 28.5752 19.3884
  endloop
 endfacet
 facet normal 0 0 0
  outer loop
   vertex -50.3419 24.3933 19.5366
   vertex -50.6983 24.7502 19.5810
   vertex -50.7994 24.8228 19.5214
  endloop
 endfacet
 facet normal 0 0 0
  outer loop
   vertex -50.3419 24.3933 19.5366
   vertex -50.3345 24.4000 19.5713
   vertex -50.6983 24.7502 19.5810
  endloop
 endfacet
 facet normal 0 0 0
  outer loop
   vertex -63.0866 36.3683 19.1376
   vertex -62.6718 35.9690 19.1266
   vertex -63.0847 36.6723 19.9108
  endloop
 endfacet
 facet normal 0 0 0
  outer loop
   vertex -58.5978 43.1851 27.1044
   vertex -60.1327 39.7962 17.8476
   vertex -59.1604 43.7482 27.1837
  endloop
 endfacet
 facet normal 0 0 0
  outer loop
   vertex -58.9945 43.8040 27.9643
   vertex -59.1604 43.7482 27.1837
   vertex -62.1901 40.4818 28.8811
  endloop
 endfacet
 facet normal 0 0 0
  outer loop
   vertex -46.5454 31.3450 26.2088
   vertex -58.5978 43.1851 27.1044
   vertex -58.9945 43.8040 27.9643
  endloop
 endfacet
 facet normal 0 0 0
  outer loop
   vertex -58.5978 43.1851 27.1044
   vertex -46.5454 31.3450 26.2088
   vertex -46.7113 31.2892 25.4282
  endloop
 endfacet
 facet normal 0 0 0
  outer loop
   vertex -47.5723 28.9013 19.6561
   vertex -47.3825 27.5240 17.5083
   vertex -47.3825 27.5239 17.5081
  endloop
 endfacet
 facet normal 0 0 0
  outer loop
   vertex -47.3121 28.4467 19.2830
   vertex -47.3825 27.5240 17.5083
   vertex -47.5723 28.9013 19.6561
  endloop
 endfacet
 facet normal 0 0 0
  outer loop
   vertex -47.3825 27.5240 17.5083
   vertex -47.3121 28.4467 19.2830
   vertex -47.1245 28.1935 19.1477
  endloop
 endfacet
 facet normal 0 0 0
  outer loop
   vertex -59.5564 39.2415 17.8322
   vertex -47.6859 29.5516 20.6293
   vertex -47.6985 29.2744 20.1107
  endloop
 endfacet
 facet normal 0 0 0
  outer loop
   vertex -59.5564 39.2415 17.8322
   vertex -47.5350 29.7224 21.1921
   vertex -47.6859 29.5516 20.6293
  endloop
 endfacet
 facet normal 0 0 0
  outer loop
   vertex -59.5564 39.2415 17.8322
   vertex -47.2515 29.7800 21.7774
   vertex -47.5350 29.7224 21.1921
  endloop
 endfacet
 facet normal 0 0 0
  outer loop
   vertex -46.1486 30.7261 25.3489
   vertex -47.2515 29.7800 21.7774
   vertex -59.5564 39.2415 17.8322
  endloop
 endfacet
 facet normal 0 0 0
  outer loop
   vertex -47.2515 29.7800 21.7774
   vertex -46.1486 30.7261 25.3489
   vertex -46.8463 29.7224 22.3627
  endloop
 endfacet
 facet normal 0 0 0
  outer loop
   vertex -46.8463 29.7224 22.3627
   vertex -46.1486 30.7261 25.3489
   vertex -46.5709 29.6304 22.6659
  endloop
 endfacet
 facet normal 0 0 0
  outer loop
   vertex -47.5723 28.9013 19.6561
   vertex -59.5564 39.2415 17.8322
   vertex -47.6985 29.2744 20.1107
  endloop
 endfacet
 facet normal 0 0 0
  outer loop
   vertex -47.3825 27.5239 17.5081
   vertex -59.5564 39.2415 17.8322
   vertex -47.5723 28.9013 19.6561
  endloop
 endfacet
 facet normal 0 0 0
  outer loop
   vertex -58.4466 43.2557 27.8871
   vertex -46.5454 31.3450 26.2088
   vertex -58.9945 43.8040 27.9643
  endloop
 endfacet
 facet normal 0 0 0
  outer loop
   vertex -58.4466 43.2557 27.8871
   vertex -58.9945 43.8040 27.9643
   vertex -58.5436 43.3527 27.9007
  endloop
 endfacet
 facet normal 0 0 0
  outer loop
   vertex -62.1901 40.4818 28.8811
   vertex -59.1291 43.6642 28.0029
   vertex -58.9945 43.8040 27.9643
  endloop
 endfacet
 facet normal 0 0 0
  outer loop
   vertex -59.8753 39.5484 17.8407
   vertex -59.5564 39.2415 17.8322
   vertex -59.5716 39.2561 17.8326
  endloop
 endfacet
 facet normal 0 0 0
  outer loop
   vertex -59.5716 39.2561 17.8326
   vertex -59.5564 39.2415 17.8322
   vertex -55.9345 35.7554 17.7358
  endloop
 endfacet
 facet normal 0 0 0
  outer loop
   vertex -47.3825 27.5239 17.5081
   vertex -55.9345 35.7554 17.7358
   vertex -59.5564 39.2415 17.8322
  endloop
 endfacet
 facet normal 0 0 0
  outer loop
   vertex -46.1486 30.7261 25.3489
   vertex -59.8753 39.5484 17.8407
   vertex -60.1327 39.7962 17.8476
  endloop
 endfacet
 facet normal 0 0 0
  outer loop
   vertex -59.8753 39.5484 17.8407
   vertex -46.1486 30.7261 25.3489
   vertex -59.5564 39.2415 17.8322
  endloop
 endfacet
 facet normal 0 0 0
  outer loop
   vertex -50.4979 24.2514 18.8024
   vertex -50.3747 17.7380 6.1425
   vertex -47.6469 20.2171 18.9757
  endloop
 endfacet
 facet normal 0 0 0
  outer loop
   vertex -54.2162 20.8722 1.3097
   vertex -50.3747 17.7380 6.1425
   vertex -50.4979 24.2514 18.8024
  endloop
 endfacet
 facet normal 0 0 0
  outer loop
   vertex -50.3747 17.7380 6.1425
   vertex -54.2162 20.8722 1.3097
   vertex -51.1973 16.9905 2.2726
  endloop
 endfacet
 facet normal 0 0 0
  outer loop
   vertex -51.1973 16.9905 2.2726
   vertex -54.2162 20.8722 1.3097
   vertex -51.3652 16.8379 1.4830
  endloop
 endfacet
 facet normal 0 0 0
  outer loop
   vertex -51.0553 24.0837 0.0175
   vertex -50.5245 23.5900 0.0000
   vertex -47.5180 19.3357 0.1827
  endloop
 endfacet
 facet normal 0 0 0
  outer loop
   vertex -50.3419 24.3933 19.5366
   vertex -47.5044 20.3952 19.7433
   vertex -50.3345 24.4000 19.5713
  endloop
 endfacet
 facet normal 0 0 0
  outer loop
   vertex -50.4979 24.2514 18.8024
   vertex -47.5044 20.3952 19.7433
   vertex -50.3419 24.3933 19.5366
  endloop
 endfacet
 facet normal 0 0 0
  outer loop
   vertex -47.5044 20.3952 19.7433
   vertex -50.4979 24.2514 18.8024
   vertex -47.5054 20.3939 19.7378
  endloop
 endfacet
 facet normal 0 0 0
  outer loop
   vertex -47.5180 19.3357 0.1827
   vertex -52.9403 22.2124 0.7796
   vertex -51.0553 24.0837 0.0175
  endloop
 endfacet
 facet normal 0 0 0
  outer loop
   vertex -52.9403 22.2124 0.7796
   vertex -47.5180 19.3357 0.1827
   vertex -54.2162 20.8722 1.3097
  endloop
 endfacet
 facet normal 0 0 0
  outer loop
   vertex -46.8062 26.9692 17.4927
   vertex -50.5245 23.5900 0.0000
   vertex -50.9373 24.2932 0.7842
  endloop
 endfacet
 facet normal 0 0 0
  outer loop
   vertex -47.3825 27.5239 17.5081
   vertex -50.9373 24.2932 0.7842
   vertex -50.9329 24.2973 0.8050
  endloop
 endfacet
 facet normal 0 0 0
  outer loop
   vertex -50.4979 24.2514 18.8024
   vertex -47.6469 20.2171 18.9757
   vertex -47.5054 20.3939 19.7378
  endloop
 endfacet
 facet normal 0 0 0
  outer loop
   vertex -50.9373 24.2932 0.7842
   vertex -50.5245 23.5900 0.0000
   vertex -51.0949 24.1500 0.0429
  endloop
 endfacet
 facet normal 0 0 0
  outer loop
   vertex -51.3652 16.8379 1.4830
   vertex -47.5180 19.3357 0.1827
   vertex -47.6054 18.4332 0.3756
  endloop
 endfacet
 facet normal 0 0 0
  outer loop
   vertex -54.2162 20.8722 1.3097
   vertex -47.5180 19.3357 0.1827
   vertex -51.6939 17.5639 1.4126
  endloop
 endfacet
 facet normal 0 0 0
  outer loop
   vertex -46.8062 26.9692 17.4927
   vertex -50.9373 24.2932 0.7842
   vertex -47.3825 27.5239 17.5081
  endloop
 endfacet
 facet normal 0 0 0
  outer loop
   vertex -43.5453 22.1529 17.7299
   vertex -47.5180 19.3357 0.1827
   vertex -43.7997 22.7149 17.6754
  endloop
 endfacet
 facet normal 0 0 0
  outer loop
   vertex -43.5396 22.1403 17.7311
   vertex -47.5180 19.3357 0.1827
   vertex -43.5453 22.1529 17.7299
  endloop
 endfacet
 facet normal 0 0 0
  outer loop
   vertex -47.5180 19.3357 0.1827
   vertex -43.5396 22.1403 17.7311
   vertex -43.4847 22.0196 17.7434
  endloop
 endfacet
 facet normal 0 0 0
  outer loop
   vertex -47.5180 19.3357 0.1827
   vertex -50.5245 23.5900 0.0000
   vertex -46.8062 26.9692 17.4927
  endloop
 endfacet
 facet normal 0 0 0
  outer loop
   vertex -51.6939 17.5639 1.4126
   vertex -47.5180 19.3357 0.1827
   vertex -51.3652 16.8379 1.4830
  endloop
 endfacet
 facet normal 0 0 0
  outer loop
   vertex -51.3652 16.8379 1.4830
   vertex -54.2162 20.8722 1.3097
   vertex -51.6939 17.5639 1.4126
  endloop
 endfacet
 facet normal 0 0 0
  outer loop
   vertex -46.1213 19.5803 5.2774
   vertex -43.4847 22.0196 17.7434
   vertex -43.4709 21.9890 17.7463
  endloop
 endfacet
 facet normal 0 0 0
  outer loop
   vertex -43.4847 22.0196 17.7434
   vertex -46.1213 19.5803 5.2774
   vertex -47.5180 19.3357 0.1827
  endloop
 endfacet
 facet normal 0 0 0
  outer loop
   vertex -46.1213 19.5803 5.2774
   vertex -43.4709 21.9890 17.7463
   vertex -43.4710 21.9889 17.7458
  endloop
 endfacet
 facet normal 0 0 0
  outer loop
   vertex -47.5180 19.3357 0.1827
   vertex -43.7998 22.7149 17.6754
   vertex -43.7997 22.7149 17.6754
  endloop
 endfacet
 facet normal 0 0 0
  outer loop
   vertex -43.7998 22.7149 17.6754
   vertex -47.5180 19.3357 0.1827
   vertex -46.8062 26.9692 17.4927
  endloop
 endfacet
 facet normal 0 0 0
  outer loop
   vertex -43.7998 22.7149 17.6754
   vertex -46.8062 26.9692 17.4927
   vertex -43.7997 22.7149 17.6754
  endloop
 endfacet
 facet normal 0 0 0
  outer loop
   vertex -49.7410 28.0227 27.1256
   vertex -49.9177 26.8795 24.7676
   vertex -49.8451 26.7800 24.7774
  endloop
 endfacet
 facet normal 0 0 0
  outer loop
   vertex -49.4654 26.1947 24.7198
   vertex -49.7410 28.0227 27.1256
   vertex -49.8451 26.7800 24.7774
  endloop
 endfacet
 facet normal 0 0 0
  outer loop
   vertex -49.1474 25.6320 24.5490
   vertex -49.7410 28.0227 27.1256
   vertex -49.4654 26.1947 24.7198
  endloop
 endfacet
 facet normal 0 0 0
  outer loop
   vertex -48.9034 25.1133 24.2718
   vertex -49.7410 28.0227 27.1256
   vertex -49.1474 25.6320 24.5490
  endloop
 endfacet
 facet normal 0 0 0
  outer loop
   vertex -49.7410 28.0227 27.1256
   vertex -48.9034 25.1133 24.2718
   vertex -48.7818 24.7694 23.9896
  endloop
 endfacet
 facet normal 0 0 0
  outer loop
   vertex -48.6715 24.2856 23.4441
   vertex -47.4998 20.4210 19.7980
   vertex -48.7308 24.5963 23.8228
  endloop
 endfacet
 facet normal 0 0 0
  outer loop
   vertex -48.6926 24.0084 22.9254
   vertex -47.4998 20.4210 19.7980
   vertex -48.6715 24.2856 23.4441
  endloop
 endfacet
 facet normal 0 0 0
  outer loop
   vertex -48.8052 23.8376 22.3627
   vertex -47.4998 20.4210 19.7980
   vertex -48.6926 24.0084 22.9254
  endloop
 endfacet
 facet normal 0 0 0
  outer loop
   vertex -49.0049 23.7800 21.7774
   vertex -47.4998 20.4210 19.7980
   vertex -48.8052 23.8376 22.3627
  endloop
 endfacet
 facet normal 0 0 0
  outer loop
   vertex -49.2840 23.8376 21.1921
   vertex -47.4998 20.4210 19.7980
   vertex -49.0049 23.7800 21.7774
  endloop
 endfacet
 facet normal 0 0 0
  outer loop
   vertex -49.6318 24.0084 20.6293
   vertex -47.4998 20.4210 19.7980
   vertex -49.2840 23.8376 21.1921
  endloop
 endfacet
 facet normal 0 0 0
  outer loop
   vertex -50.0350 24.2856 20.1107
   vertex -47.4998 20.4210 19.7980
   vertex -49.6318 24.0084 20.6293
  endloop
 endfacet
 facet normal 0 0 0
  outer loop
   vertex -50.3345 24.4000 19.5713
   vertex -50.0350 24.2856 20.1107
   vertex -50.2940 24.5037 19.8450
  endloop
 endfacet
 facet normal 0 0 0
  outer loop
   vertex -50.0350 24.2856 20.1107
   vertex -50.3345 24.4000 19.5713
   vertex -47.4998 20.4210 19.7980
  endloop
 endfacet
 facet normal 0 0 0
  outer loop
   vertex -47.4998 20.4210 19.7980
   vertex -50.3345 24.4000 19.5713
   vertex -47.5044 20.3952 19.7433
  endloop
 endfacet
 facet normal 0 0 0
  outer loop
   vertex -44.4103 27.1117 23.4447
   vertex -43.2464 26.4070 25.0408
   vertex -44.1638 26.7800 23.4774
  endloop
 endfacet
 facet normal 0 0 0
  outer loop
   vertex -44.1638 26.7800 23.4774
   vertex -43.2464 26.4070 25.0408
   vertex -43.9956 26.5253 23.4523
  endloop
 endfacet
 facet normal 0 0 0
  outer loop
   vertex -45.5500 28.9623 23.8244
   vertex -46.1486 30.7261 25.3489
   vertex -43.2464 26.4070 25.0408
  endloop
 endfacet
 facet normal 0 0 0
  outer loop
   vertex -45.9285 29.2744 23.4441
   vertex -46.1486 30.7261 25.3489
   vertex -45.5500 28.9623 23.8244
  endloop
 endfacet
 facet normal 0 0 0
  outer loop
   vertex -46.3406 29.5516 22.9254
   vertex -46.1486 30.7261 25.3489
   vertex -45.9285 29.2744 23.4441
  endloop
 endfacet
 facet normal 0 0 0
  outer loop
   vertex -46.1486 30.7261 25.3489
   vertex -46.3406 29.5516 22.9254
   vertex -46.3532 29.5577 22.9056
  endloop
 endfacet
 facet normal 0 0 0
  outer loop
   vertex -44.6747 27.4306 23.3480
   vertex -43.2464 26.4070 25.0408
   vertex -44.4103 27.1117 23.4447
  endloop
 endfacet
 facet normal 0 0 0
  outer loop
   vertex -43.2464 26.4070 25.0408
   vertex -44.6747 27.4306 23.3480
   vertex -45.5500 28.9623 23.8244
  endloop
 endfacet
 facet normal 0 0 0
  outer loop
   vertex -44.9468 27.7245 23.1909
   vertex -45.5500 28.9623 23.8244
   vertex -44.6747 27.4306 23.3480
  endloop
 endfacet
 facet normal 0 0 0
  outer loop
   vertex -45.2163 27.9821 22.9795
   vertex -45.5500 28.9623 23.8244
   vertex -44.9468 27.7245 23.1909
  endloop
 endfacet
 facet normal 0 0 0
  outer loop
   vertex -45.4727 28.1935 22.7219
   vertex -45.5500 28.9623 23.8244
   vertex -45.2163 27.9821 22.9795
  endloop
 endfacet
 facet normal 0 0 0
  outer loop
   vertex -45.5500 28.9623 23.8244
   vertex -45.4727 28.1935 22.7219
   vertex -45.5500 28.2455 22.6246
  endloop
 endfacet
 facet normal 0 0 0
  outer loop
   vertex -46.5213 27.3653 18.8350
   vertex -46.8062 26.9692 17.4927
   vertex -46.6866 27.6528 18.9223
  endloop
 endfacet
 facet normal 0 0 0
  outer loop
   vertex -46.8062 26.9692 17.4927
   vertex -46.5213 27.3653 18.8350
   vertex -46.1960 26.8729 18.7865
  endloop
 endfacet
 facet normal 0 0 0
  outer loop
   vertex -46.3532 29.5577 22.9056
   vertex -46.5708 29.6304 22.6659
   vertex -46.1486 30.7261 25.3489
  endloop
 endfacet
 facet normal 0 0 0
  outer loop
   vertex -46.9279 27.9281 19.0058
   vertex -47.3825 27.5239 17.5081
   vertex -47.1245 28.1935 19.1476
  endloop
 endfacet
 facet normal 0 0 0
  outer loop
   vertex -46.9279 27.9281 19.0058
   vertex -46.8062 26.9692 17.4927
   vertex -47.3825 27.5239 17.5081
  endloop
 endfacet
 facet normal 0 0 0
  outer loop
   vertex -46.8062 26.9692 17.4927
   vertex -46.9279 27.9281 19.0058
   vertex -46.6866 27.6528 18.9223
  endloop
 endfacet
 facet normal 0 0 0
  outer loop
   vertex -46.5708 29.6304 22.6659
   vertex -46.5709 29.6304 22.6659
   vertex -46.1486 30.7261 25.3489
  endloop
 endfacet
 facet normal 0 0 0
  outer loop
   vertex -47.1245 28.1935 19.1476
   vertex -47.3825 27.5240 17.5083
   vertex -47.1245 28.1935 19.1477
  endloop
 endfacet
 facet normal 0 0 0
  outer loop
   vertex -47.3825 27.5240 17.5083
   vertex -47.1245 28.1935 19.1476
   vertex -47.3825 27.5239 17.5081
  endloop
 endfacet
 facet normal 0 0 0
  outer loop
   vertex -48.7818 24.7694 23.9896
   vertex -46.9889 23.9271 26.8335
   vertex -49.7410 28.0227 27.1256
  endloop
 endfacet
 facet normal 0 0 0
  outer loop
   vertex -46.9889 23.9271 26.8335
   vertex -48.7818 24.7694 23.9896
   vertex -47.0103 23.8068 26.5829
  endloop
 endfacet
 facet normal 0 0 0
  outer loop
   vertex -47.0103 23.8068 26.5829
   vertex -48.7818 24.7694 23.9896
   vertex -47.0114 23.7992 26.5678
  endloop
 endfacet
 facet normal 0 0 0
  outer loop
   vertex -48.7425 24.6587 23.8987
   vertex -47.0114 23.7992 26.5678
   vertex -48.7818 24.7694 23.9896
  endloop
 endfacet
 facet normal 0 0 0
  outer loop
   vertex -48.7308 24.5963 23.8228
   vertex -47.0114 23.7992 26.5678
   vertex -48.7425 24.6587 23.8987
  endloop
 endfacet
 facet normal 0 0 0
  outer loop
   vertex -47.0114 23.7992 26.5678
   vertex -48.7308 24.5963 23.8228
   vertex -47.4998 20.4210 19.7980
  endloop
 endfacet
 facet normal 0 0 0
  outer loop
   vertex -43.6363 22.8634 18.4444
   vertex -43.7997 22.7149 17.6754
   vertex -43.2464 26.4070 25.0408
  endloop
 endfacet
 facet normal 0 0 0
  outer loop
   vertex -43.0805 26.4628 25.8214
   vertex -43.2464 26.4070 25.0408
   vertex -46.1486 30.7261 25.3489
  endloop
 endfacet
 facet normal 0 0 0
  outer loop
   vertex -43.2464 26.4070 25.0408
   vertex -43.9457 26.4483 23.4447
   vertex -43.9956 26.5253 23.4523
  endloop
 endfacet
 facet normal 0 0 0
  outer loop
   vertex -43.2464 26.4070 25.0408
   vertex -43.7668 26.1294 23.3480
   vertex -43.9457 26.4483 23.4447
  endloop
 endfacet
 facet normal 0 0 0
  outer loop
   vertex -43.2464 26.4070 25.0408
   vertex -43.6304 25.8355 23.1909
   vertex -43.7668 26.1294 23.3480
  endloop
 endfacet
 facet normal 0 0 0
  outer loop
   vertex -43.2464 26.4070 25.0408
   vertex -43.5419 25.5779 22.9795
   vertex -43.6304 25.8355 23.1909
  endloop
 endfacet
 facet normal 0 0 0
  outer loop
   vertex -43.2464 26.4070 25.0408
   vertex -43.5046 25.3665 22.7219
   vertex -43.5419 25.5779 22.9795
  endloop
 endfacet
 facet normal 0 0 0
  outer loop
   vertex -43.2464 26.4070 25.0408
   vertex -43.5199 25.2094 22.4280
   vertex -43.5046 25.3665 22.7219
  endloop
 endfacet
 facet normal 0 0 0
  outer loop
   vertex -45.3474 26.4483 20.1101
   vertex -45.5500 26.0003 18.8940
   vertex -45.5500 26.7259 20.0827
  endloop
 endfacet
 facet normal 0 0 0
  outer loop
   vertex -45.0871 26.1294 20.2068
   vertex -45.5500 26.0003 18.8940
   vertex -45.3474 26.4483 20.1101
  endloop
 endfacet
 facet normal 0 0 0
  outer loop
   vertex -44.8187 25.8355 20.3639
   vertex -45.5500 26.0003 18.8940
   vertex -45.0871 26.1294 20.2068
  endloop
 endfacet
 facet normal 0 0 0
  outer loop
   vertex -44.5524 25.5779 20.5753
   vertex -45.5500 26.0003 18.8940
   vertex -44.8187 25.8355 20.3639
  endloop
 endfacet
 facet normal 0 0 0
  outer loop
   vertex -43.7997 22.7149 17.6754
   vertex -44.5524 25.5779 20.5753
   vertex -44.2986 25.3665 20.8329
  endloop
 endfacet
 facet normal 0 0 0
  outer loop
   vertex -43.7997 22.7149 17.6754
   vertex -44.2986 25.3665 20.8329
   vertex -44.0668 25.2094 21.1268
  endloop
 endfacet
 facet normal 0 0 0
  outer loop
   vertex -45.5500 26.0003 18.8940
   vertex -46.8062 26.9692 17.4927
   vertex -45.7087 26.1947 18.8350
  endloop
 endfacet
 facet normal 0 0 0
  outer loop
   vertex -46.8062 26.9692 17.4927
   vertex -45.5500 26.0003 18.8940
   vertex -43.7997 22.7149 17.6754
  endloop
 endfacet
 facet normal 0 0 0
  outer loop
   vertex -44.5524 25.5779 20.5753
   vertex -43.7997 22.7149 17.6754
   vertex -45.5500 26.0003 18.8940
  endloop
 endfacet
 facet normal 0 0 0
  outer loop
   vertex -43.8662 25.1127 21.4458
   vertex -43.7997 22.7149 17.6754
   vertex -44.0668 25.2094 21.1268
  endloop
 endfacet
 facet normal 0 0 0
  outer loop
   vertex -43.7043 25.0800 21.7774
   vertex -43.7997 22.7149 17.6754
   vertex -43.8662 25.1127 21.4458
  endloop
 endfacet
 facet normal 0 0 0
  outer loop
   vertex -43.5874 25.1127 22.1090
   vertex -43.7997 22.7149 17.6754
   vertex -43.7043 25.0800 21.7774
  endloop
 endfacet
 facet normal 0 0 0
  outer loop
   vertex -43.5199 25.2094 22.4280
   vertex -43.7997 22.7149 17.6754
   vertex -43.5874 25.1127 22.1090
  endloop
 endfacet
 facet normal 0 0 0
  outer loop
   vertex -43.7997 22.7149 17.6754
   vertex -43.5199 25.2094 22.4280
   vertex -43.2464 26.4070 25.0408
  endloop
 endfacet
 facet normal 0 0 0
  outer loop
   vertex -45.7087 26.1947 18.8350
   vertex -46.8062 26.9692 17.4927
   vertex -46.1359 26.7800 18.7774
  endloop
 endfacet
 facet normal 0 0 0
  outer loop
   vertex -46.1359 26.7800 18.7774
   vertex -46.8062 26.9692 17.4927
   vertex -46.1960 26.8729 18.7865
  endloop
 endfacet
 facet normal 0 0 0
  outer loop
   vertex -43.0805 26.4628 25.8214
   vertex -42.9355 25.6700 25.0274
   vertex -43.2464 26.4070 25.0408
  endloop
 endfacet
 facet normal 0 0 0
  outer loop
   vertex -42.9355 25.6700 25.0274
   vertex -43.6363 22.8634 18.4444
   vertex -43.2464 26.4070 25.0408
  endloop
 endfacet
 facet normal 0 0 0
  outer loop
   vertex -47.0103 23.8068 26.5829
   vertex -40.6903 5.1021 20.8340
   vertex -46.9889 23.9271 26.8335
  endloop
 endfacet
 facet normal 0 0 0
  outer loop
   vertex -40.6903 5.1021 20.8340
   vertex -47.0103 23.8068 26.5829
   vertex -40.6906 5.0944 20.8214
  endloop
 endfacet
 facet normal 0 0 0
  outer loop
   vertex -36.0562 9.3643 24.7308
   vertex -43.7997 22.7149 17.6754
   vertex -43.6363 22.8634 18.4444
  endloop
 endfacet
 facet normal 0 0 0
  outer loop
   vertex -43.4710 21.9889 17.7458
   vertex -36.5178 6.6344 19.2340
   vertex -37.9153 9.7205 18.9349
  endloop
 endfacet
 facet normal 0 0 0
  outer loop
   vertex -36.5178 6.6344 19.2340
   vertex -43.4710 21.9889 17.7458
   vertex -36.1977 5.9276 19.3025
  endloop
 endfacet
 facet normal 0 0 0
  outer loop
   vertex -36.5178 6.6344 19.2340
   vertex -36.1977 5.9276 19.3025
   vertex -36.4029 6.3807 19.2586
  endloop
 endfacet
 facet normal 0 0 0
  outer loop
   vertex -43.5453 22.1529 17.7299
   vertex -43.7997 22.7149 17.6754
   vertex -43.5396 22.1403 17.7311
  endloop
 endfacet
 facet normal 0 0 0
  outer loop
   vertex -36.0562 9.3643 24.7308
   vertex -43.4710 21.9889 17.7458
   vertex -43.4709 21.9890 17.7463
  endloop
 endfacet
 facet normal 0 0 0
  outer loop
   vertex -43.4710 21.9889 17.7458
   vertex -36.0562 9.3643 24.7308
   vertex -36.1977 5.9276 19.3025
  endloop
 endfacet
 facet normal 0 0 0
  outer loop
   vertex -43.4847 22.0196 17.7434
   vertex -36.0562 9.3643 24.7308
   vertex -43.4709 21.9890 17.7463
  endloop
 endfacet
 facet normal 0 0 0
  outer loop
   vertex -43.5396 22.1403 17.7311
   vertex -36.0562 9.3643 24.7308
   vertex -43.4847 22.0196 17.7434
  endloop
 endfacet
 facet normal 0 0 0
  outer loop
   vertex -36.0562 9.3643 24.7308
   vertex -43.5396 22.1403 17.7311
   vertex -43.7997 22.7149 17.6754
  endloop
 endfacet
 facet normal 0 0 0
  outer loop
   vertex -47.0114 23.7992 26.5678
   vertex -40.6906 5.0944 20.8214
   vertex -47.0103 23.8068 26.5829
  endloop
 endfacet
 facet normal 0 0 0
  outer loop
   vertex -40.7024 4.8818 20.4621
   vertex -40.6906 5.0944 20.8214
   vertex -47.0114 23.7992 26.5678
  endloop
 endfacet
 facet normal 0 0 0
  outer loop
   vertex -40.6906 5.0944 20.8214
   vertex -40.7024 4.8818 20.4621
   vertex -40.7024 4.8817 20.4621
  endloop
 endfacet
 facet normal 0 0 0
  outer loop
   vertex -35.8903 9.4201 25.5114
   vertex -36.0343 6.0761 20.0714
   vertex -36.0562 9.3643 24.7308
  endloop
 endfacet
 facet normal 0 0 0
  outer loop
   vertex -46.9889 23.9271 26.8335
   vertex -40.5518 8.1378 25.7740
   vertex -40.4205 8.3583 26.5502
  endloop
 endfacet
 facet normal 0 0 0
  outer loop
   vertex -40.5518 8.1378 25.7740
   vertex -46.9889 23.9271 26.8335
   vertex -40.6903 5.1021 20.8340
  endloop
 endfacet
 facet normal 0 0 0
  outer loop
   vertex -36.0562 9.3643 24.7308
   vertex -43.6363 22.8634 18.4444
   vertex -42.9355 25.6700 25.0274
  endloop
 endfacet
 facet normal 0 0 0
  outer loop
   vertex -47.0114 23.7992 26.5678
   vertex -41.9276 7.5874 20.1998
   vertex -40.7024 4.8818 20.4621
  endloop
 endfacet
 facet normal 0 0 0
  outer loop
   vertex -47.4998 20.4210 19.7980
   vertex -41.9276 7.5874 20.1998
   vertex -47.0114 23.7992 26.5678
  endloop
 endfacet
 facet normal 0 0 0
  outer loop
   vertex -47.5044 20.3952 19.7433
   vertex -41.9276 7.5874 20.1998
   vertex -47.4998 20.4210 19.7980
  endloop
 endfacet
 facet normal 0 0 0
  outer loop
   vertex -47.5054 20.3939 19.7378
   vertex -41.9276 7.5874 20.1998
   vertex -47.5044 20.3952 19.7433
  endloop
 endfacet
 facet normal 0 0 0
  outer loop
   vertex -47.6469 20.2171 18.9757
   vertex -41.9276 7.5874 20.1998
   vertex -47.5054 20.3939 19.7378
  endloop
 endfacet
 facet normal 0 0 0
  outer loop
   vertex -42.9355 25.6700 25.0274
   vertex -40.5528 20.4717 25.7124
   vertex -37.0424 12.0775 25.4322
  endloop
 endfacet
 facet normal 0 0 0
  outer loop
   vertex -40.5528 20.4717 25.7124
   vertex -42.9355 25.6700 25.0274
   vertex -42.7695 25.7258 25.8080
  endloop
 endfacet
 facet normal 0 0 0
  outer loop
   vertex -37.0424 12.0775 25.4322
   vertex -36.0562 9.3643 24.7308
   vertex -42.9355 25.6700 25.0274
  endloop
 endfacet
 facet normal 0 0 0
  outer loop
   vertex -36.0343 6.0761 20.0714
   vertex -36.1977 5.9276 19.3025
   vertex -36.0562 9.3643 24.7308
  endloop
 endfacet
 facet normal 0 0 0
  outer loop
   vertex -43.3186 -2.4747 3.5033
   vertex -38.7213 -2.4747 2.5261
   vertex -43.2877 -3.2608 3.6486
  endloop
 endfacet
 facet normal 0 0 0
  outer loop
   vertex -43.2877 -3.2608 3.6486
   vertex -44.4206 1.5025 2.9693
   vertex -43.3186 -2.4747 3.5033
  endloop
 endfacet
 facet normal 0 0 0
  outer loop
   vertex -40.7068 4.8777 20.4413
   vertex -40.7024 4.8817 20.4621
   vertex -40.7024 4.8817 20.4621
  endloop
 endfacet
 facet normal 0 0 0
  outer loop
   vertex -40.7024 4.8817 20.4621
   vertex -40.7068 4.8777 20.4413
   vertex -40.0675 2.2123 20.8427
  endloop
 endfacet
 facet normal 0 0 0
  outer loop
   vertex -42.6972 3.0688 11.0773
   vertex -40.0675 2.2123 20.8427
   vertex -40.7068 4.8777 20.4413
  endloop
 endfacet
 facet normal 0 0 0
  outer loop
   vertex -40.0675 2.2123 20.8427
   vertex -42.6972 3.0688 11.0773
   vertex -39.6172 0.3189 21.1127
  endloop
 endfacet
 facet normal 0 0 0
  outer loop
   vertex -39.6172 0.3189 21.1127
   vertex -42.6972 3.0688 11.0773
   vertex -44.4206 1.5025 2.9693
  endloop
 endfacet
 facet normal 0 0 0
  outer loop
   vertex -43.3186 -2.4747 3.5033
   vertex -40.2447 3.2743 1.7394
   vertex -38.7213 -2.4747 2.5261
  endloop
 endfacet
 facet normal 0 0 0
  outer loop
   vertex -35.0030 0.9045 20.0189
   vertex -39.9160 2.5484 1.8098
   vertex -36.1977 5.9276 19.3025
  endloop
 endfacet
 facet normal 0 0 0
  outer loop
   vertex -43.3186 -2.4747 3.5033
   vertex -41.3598 2.8012 2.0678
   vertex -40.2447 3.2743 1.7394
  endloop
 endfacet
 facet normal 0 0 0
  outer loop
   vertex -44.2326 1.5389 2.9223
   vertex -43.3186 -2.4747 3.5033
   vertex -44.4041 1.4661 2.9728
  endloop
 endfacet
 facet normal 0 0 0
  outer loop
   vertex -41.3598 2.8012 2.0678
   vertex -43.3186 -2.4747 3.5033
   vertex -44.2326 1.5389 2.9223
  endloop
 endfacet
 facet normal 0 0 0
  outer loop
   vertex -44.4206 1.5025 2.9693
   vertex -44.4041 1.4661 2.9728
   vertex -43.3186 -2.4747 3.5033
  endloop
 endfacet
 facet normal 0 0 0
  outer loop
   vertex -38.5579 -2.3262 3.2951
   vertex -34.9722 0.1184 20.1642
   vertex -38.5270 -3.1123 3.4403
  endloop
 endfacet
 facet normal 0 0 0
  outer loop
   vertex -34.9722 0.1184 20.1642
   vertex -38.5579 -2.3262 3.2951
   vertex -35.0030 0.9045 20.0189
  endloop
 endfacet
 facet normal 0 0 0
  outer loop
   vertex -39.6172 0.3189 21.1127
   vertex -39.5695 0.1184 21.1413
   vertex -39.5695 0.1184 21.1414
  endloop
 endfacet
 facet normal 0 0 0
  outer loop
   vertex -39.6172 0.3189 21.1127
   vertex -43.1243 -3.1123 4.4175
   vertex -39.5695 0.1184 21.1413
  endloop
 endfacet
 facet normal 0 0 0
  outer loop
   vertex -43.1243 -3.1123 4.4175
   vertex -39.6172 0.3189 21.1127
   vertex -44.4206 1.5025 2.9693
  endloop
 endfacet
 facet normal 0 0 0
  outer loop
   vertex -44.4206 1.5025 2.9693
   vertex -43.2437 -3.2208 3.8558
   vertex -43.1243 -3.1123 4.4175
  endloop
 endfacet
 facet normal 0 0 0
  outer loop
   vertex -43.2437 -3.2208 3.8558
   vertex -44.4206 1.5025 2.9693
   vertex -43.2877 -3.2608 3.6486
  endloop
 endfacet
 facet normal 0 0 0
  outer loop
   vertex -38.7213 -2.4747 2.5261
   vertex -40.2447 3.2743 1.7394
   vertex -39.9160 2.5484 1.8098
  endloop
 endfacet
 facet normal 0 0 0
  outer loop
   vertex -34.9766 0.1144 20.1434
   vertex -38.5270 -3.1123 3.4403
   vertex -34.9722 0.1184 20.1642
  endloop
 endfacet
 facet normal 0 0 0
  outer loop
   vertex -38.5579 -2.3262 3.2951
   vertex -39.9160 2.5484 1.8098
   vertex -35.0030 0.9045 20.0189
  endloop
 endfacet
 facet normal 0 0 0
  outer loop
   vertex -43.2877 -3.2608 3.6486
   vertex -38.7213 -2.4747 2.5261
   vertex -40.9010 -3.2608 3.1413
  endloop
 endfacet
 facet normal 0 0 0
  outer loop
   vertex -34.8087 0.2669 20.9331
   vertex -35.0030 0.9045 20.0189
   vertex -34.8396 1.0530 20.7878
  endloop
 endfacet
 facet normal 0 0 0
  outer loop
   vertex -34.8396 1.0530 20.7878
   vertex -35.0030 0.9045 20.0189
   vertex -36.0343 6.0761 20.0714
  endloop
 endfacet
 facet normal 0 0 0
  outer loop
   vertex -38.6476 -3.2219 2.8730
   vertex -38.5579 -2.3262 3.2951
   vertex -38.5270 -3.1123 3.4403
  endloop
 endfacet
 facet normal 0 0 0
  outer loop
   vertex -38.5579 -2.3262 3.2951
   vertex -38.6476 -3.2219 2.8730
   vertex -38.7213 -2.4747 2.5261
  endloop
 endfacet
 facet normal 0 0 0
  outer loop
   vertex -38.7213 -2.4747 2.5261
   vertex -39.9160 2.5484 1.8098
   vertex -38.5579 -2.3262 3.2951
  endloop
 endfacet
 facet normal 0 0 0
  outer loop
   vertex -43.1199 -3.1083 4.4383
   vertex -39.5695 0.1184 21.1413
   vertex -43.1243 -3.1123 4.4175
  endloop
 endfacet
 facet normal 0 0 0
  outer loop
   vertex -40.0675 2.2123 20.8427
   vertex -40.7024 4.8817 20.4620
   vertex -40.7024 4.8817 20.4621
  endloop
 endfacet
 facet normal 0 0 0
  outer loop
   vertex -40.4205 8.3583 26.5502
   vertex -40.5518 8.1378 25.7740
   vertex -39.5703 3.4667 25.8994
  endloop
 endfacet
 facet normal 0 0 0
  outer loop
   vertex -36.0343 6.0761 20.0714
   vertex -35.8903 9.4201 25.5114
   vertex -34.8396 1.0530 20.7878
  endloop
 endfacet
 facet normal 0 0 0
  outer loop
   vertex -39.9724 6.2255 26.6075
   vertex -40.4205 8.3583 26.5502
   vertex -39.5703 3.4667 25.8994
  endloop
 endfacet
 facet normal 0 0 0
  outer loop
   vertex -40.7024 4.8817 20.4621
   vertex -40.7024 4.8817 20.4620
   vertex -40.7024 4.8817 20.4621
  endloop
 endfacet
 facet normal 0 0 0
  outer loop
   vertex -40.7024 4.8817 20.4621
   vertex -39.5703 3.4666 25.8993
   vertex -39.5703 3.4667 25.8994
  endloop
 endfacet
 facet normal 0 0 0
  outer loop
   vertex -39.5885 0.2816 21.2482
   vertex -39.6172 0.3189 21.1127
   vertex -39.5695 0.1184 21.1414
  endloop
 endfacet
 facet normal 0 0 0
  outer loop
   vertex -39.5703 3.4666 25.8993
   vertex -40.0675 2.2123 20.8427
   vertex -39.5885 0.2816 21.2482
  endloop
 endfacet
 facet normal 0 0 0
  outer loop
   vertex -39.5885 0.2816 21.2482
   vertex -40.0675 2.2123 20.8427
   vertex -39.6172 0.3189 21.1127
  endloop
 endfacet
 facet normal 0 0 0
  outer loop
   vertex -39.5703 3.4666 25.8993
   vertex -40.7024 4.8817 20.4621
   vertex -40.0675 2.2123 20.8427
  endloop
 endfacet
 facet normal 0 0 0
  outer loop
   vertex -40.0675 2.2123 20.8427
   vertex -40.7024 4.8817 20.4621
   vertex -40.7024 4.8817 20.4620
  endloop
 endfacet
 facet normal 0 0 0
  outer loop
   vertex -35.8431 9.1959 25.5174
   vertex -34.8396 1.0530 20.7878
   vertex -35.8903 9.4201 25.5114
  endloop
 endfacet
 facet normal 0 0 0
  outer loop
   vertex -34.8187 4.3205 25.6483
   vertex -34.8396 1.0530 20.7878
   vertex -35.8431 9.1959 25.5174
  endloop
 endfacet
 facet normal 0 0 0
  outer loop
   vertex -40.6903 5.1021 20.8340
   vertex -39.5703 3.4667 25.8994
   vertex -40.5518 8.1378 25.7740
  endloop
 endfacet
 facet normal 0 0 0
  outer loop
   vertex -40.6906 5.0944 20.8214
   vertex -39.5703 3.4667 25.8994
   vertex -40.6903 5.1021 20.8340
  endloop
 endfacet
 facet normal 0 0 0
  outer loop
   vertex -40.7024 4.8817 20.4621
   vertex -39.5703 3.4667 25.8994
   vertex -40.6906 5.0944 20.8214
  endloop
 endfacet
 facet normal 0 0 0
  outer loop
   vertex -39.5703 3.4667 25.8994
   vertex -40.7024 4.8817 20.4621
   vertex -40.7024 4.8817 20.4621
  endloop
 endfacet
 facet normal 0 0 0
  outer loop
   vertex -35.0030 0.9045 20.0189
   vertex -36.1977 5.9276 19.3025
   vertex -36.0343 6.0761 20.0714
  endloop
 endfacet
 facet normal 0 0 0
  outer loop
   vertex -34.8396 1.0530 20.7878
   vertex -34.8187 4.3205 25.6483
   vertex -34.1564 -16.3392 24.0023
  endloop
 endfacet
 facet normal 0 0 0
  outer loop
   vertex -34.8187 4.3205 25.6483
   vertex -34.8396 1.0530 20.7878
   vertex -34.8187 4.3205 25.6483
  endloop
 endfacet
 facet normal 0 0 0
  outer loop
   vertex -34.3198 -16.4877 23.2334
   vertex -34.8087 0.2669 20.9331
   vertex -34.1564 -16.3392 24.0023
  endloop
 endfacet
 facet normal 0 0 0
  outer loop
   vertex -34.3198 -16.4877 23.2334
   vertex -34.1255 -17.1253 24.1476
   vertex -34.2889 -17.2738 23.3787
  endloop
 endfacet
 facet normal 0 0 0
  outer loop
   vertex -34.1255 -17.1253 24.1476
   vertex -34.3198 -16.4877 23.2334
   vertex -34.1564 -16.3392 24.0023
  endloop
 endfacet
 facet normal 0 0 0
  outer loop
   vertex -34.1255 -17.1253 24.1476
   vertex -34.1564 -16.3392 24.0023
   vertex -34.8187 4.3205 25.6483
  endloop
 endfacet
 facet normal 0 0 0
  outer loop
   vertex -39.3232 -13.6864 26.9031
   vertex -39.0581 -15.2476 24.9821
   vertex -39.1035 -15.2019 25.4465
  endloop
 endfacet
 facet normal 0 0 0
  outer loop
   vertex -39.3232 -13.6864 26.9031
   vertex -38.9966 -15.4184 24.4193
   vertex -39.0581 -15.2476 24.9821
  endloop
 endfacet
 facet normal 0 0 0
  outer loop
   vertex -39.5695 0.1184 21.1413
   vertex -38.9966 -15.4184 24.4193
   vertex -39.3232 -13.6864 26.9031
  endloop
 endfacet
 facet normal 0 0 0
  outer loop
   vertex -39.5695 0.1184 21.1413
   vertex -39.3232 -13.6864 26.9031
   vertex -39.5885 0.2816 21.2482
  endloop
 endfacet
 facet normal 0 0 0
  outer loop
   vertex -39.5695 0.1184 21.1413
   vertex -39.5885 0.2816 21.2482
   vertex -39.5695 0.1184 21.1414
  endloop
 endfacet
 facet normal 0 0 0
  outer loop
   vertex -38.9966 -15.4184 24.4193
   vertex -39.5695 0.1184 21.1413
   vertex -38.9514 -15.6161 24.0495
  endloop
 endfacet
 facet normal 0 0 0
  outer loop
   vertex -39.3293 -1.6456 27.0335
   vertex -39.4044 3.5225 26.6800
   vertex -39.1593 -13.3363 27.8331
  endloop
 endfacet
 facet normal 0 0 0
  outer loop
   vertex -34.8087 0.2669 20.9331
   vertex -34.8396 1.0530 20.7878
   vertex -34.1564 -16.3392 24.0023
  endloop
 endfacet
 facet normal 0 0 0
  outer loop
   vertex -34.3198 -16.4877 23.2334
   vertex -34.9722 0.1184 20.1642
   vertex -35.0030 0.9045 20.0189
  endloop
 endfacet
 facet normal 0 0 0
  outer loop
   vertex -34.3198 -16.4877 23.2334
   vertex -35.0030 0.9045 20.0189
   vertex -34.8087 0.2669 20.9331
  endloop
 endfacet
 facet normal 0 0 0
  outer loop
   vertex -39.4044 3.5225 26.6800
   vertex -39.3178 -13.3896 27.0878
   vertex -39.1593 -13.3363 27.8331
  endloop
 endfacet
 facet normal 0 0 0
  outer loop
   vertex -34.1255 -17.1253 24.1476
   vertex -34.6213 -9.2568 26.5769
   vertex -34.5504 -14.1343 26.9105
  endloop
 endfacet
 facet normal 0 0 0
  outer loop
   vertex -34.6213 -9.2568 26.5769
   vertex -34.1255 -17.1253 24.1476
   vertex -34.8071 3.5225 25.7028
  endloop
 endfacet
 facet normal 0 0 0
  outer loop
   vertex -34.8071 3.5225 25.7028
   vertex -34.1255 -17.1253 24.1476
   vertex -34.8187 4.3205 25.6483
  endloop
 endfacet
 facet normal 0 0 0
  outer loop
   vertex -39.5703 3.4666 25.8993
   vertex -39.3253 -13.3921 27.0525
   vertex -39.5703 3.4667 25.8994
  endloop
 endfacet
 facet normal 0 0 0
  outer loop
   vertex -39.5885 0.2816 21.2482
   vertex -39.3253 -13.3921 27.0525
   vertex -39.5703 3.4666 25.8993
  endloop
 endfacet
 facet normal 0 0 0
  outer loop
   vertex -39.3253 -13.3921 27.0525
   vertex -39.5885 0.2816 21.2482
   vertex -39.3232 -13.6864 26.9031
  endloop
 endfacet
 facet normal 0 0 0
  outer loop
   vertex -39.4146 3.5190 26.6320
   vertex -39.3178 -13.3896 27.0878
   vertex -39.4044 3.5225 26.6800
  endloop
 endfacet
 facet normal 0 0 0
  outer loop
   vertex -39.5703 3.4667 25.8994
   vertex -39.3178 -13.3896 27.0878
   vertex -39.4146 3.5190 26.6320
  endloop
 endfacet
 facet normal 0 0 0
  outer loop
   vertex -39.3178 -13.3896 27.0878
   vertex -39.5703 3.4667 25.8994
   vertex -39.3253 -13.3921 27.0525
  endloop
 endfacet
 facet normal 0 0 0
  outer loop
   vertex -34.3198 -16.4877 23.2334
   vertex -36.8006 -18.7423 11.5623
   vertex -35.6278 -17.6765 17.0798
  endloop
 endfacet
 facet normal 0 0 0
  outer loop
   vertex -34.2889 -17.2738 23.3787
   vertex -38.0072 -20.6530 5.8859
   vertex -34.3198 -16.4877 23.2334
  endloop
 endfacet
 facet normal 0 0 0
  outer loop
   vertex -34.3198 -16.4877 23.2334
   vertex -35.6278 -17.6765 17.0798
   vertex -34.5566 -16.7029 22.1193
  endloop
 endfacet
 facet normal 0 0 0
  outer loop
   vertex -42.6354 -19.8669 6.7178
   vertex -39.5417 -18.1900 22.5674
   vertex -39.4153 -17.6047 22.6250
  endloop
 endfacet
 facet normal 0 0 0
  outer loop
   vertex -42.6354 -19.8669 6.7178
   vertex -39.4153 -17.6047 22.6250
   vertex -39.2737 -17.0420 22.7958
  endloop
 endfacet
 facet normal 0 0 0
  outer loop
   vertex -42.6354 -19.8669 6.7178
   vertex -39.2737 -17.0420 22.7958
   vertex -39.1823 -16.7287 22.9632
  endloop
 endfacet
 facet normal 0 0 0
  outer loop
   vertex -39.5417 -18.1900 22.5674
   vertex -42.6354 -19.8669 6.7178
   vertex -43.2262 -24.4777 8.5889
  endloop
 endfacet
 facet normal 0 0 0
  outer loop
   vertex -43.2262 -24.4777 8.5889
   vertex -42.6354 -19.8669 6.7178
   vertex -43.3940 -24.6303 7.7992
  endloop
 endfacet
 facet normal 0 0 0
  outer loop
   vertex -43.3940 -24.6303 7.7992
   vertex -42.6354 -19.8669 6.7178
   vertex -42.6354 -19.8669 6.7178
  endloop
 endfacet
 facet normal 0 0 0
  outer loop
   vertex -39.7061 -21.1324 24.9821
   vertex -39.6758 -21.2511 25.2919
   vertex -39.6614 -21.1609 25.2715
  endloop
 endfacet
 facet normal 0 0 0
  outer loop
   vertex -39.7061 -21.1324 24.9821
   vertex -39.7891 -21.3541 24.7588
   vertex -39.6758 -21.2511 25.2919
  endloop
 endfacet
 facet normal 0 0 0
  outer loop
   vertex -39.7702 -20.9616 24.4193
   vertex -39.7891 -21.3541 24.7588
   vertex -39.7061 -21.1324 24.9821
  endloop
 endfacet
 facet normal 0 0 0
  outer loop
   vertex -39.8054 -20.6844 23.9007
   vertex -39.7891 -21.3541 24.7588
   vertex -39.7702 -20.9616 24.4193
  endloop
 endfacet
 facet normal 0 0 0
  outer loop
   vertex -39.8054 -20.6844 23.9007
   vertex -43.2262 -24.4777 8.5889
   vertex -39.7891 -21.3541 24.7588
  endloop
 endfacet
 facet normal 0 0 0
  outer loop
   vertex -39.8104 -20.3113 23.4461
   vertex -43.2262 -24.4777 8.5889
   vertex -39.8054 -20.6844 23.9007
  endloop
 endfacet
 facet normal 0 0 0
  outer loop
   vertex -39.7850 -19.8567 23.0730
   vertex -43.2262 -24.4777 8.5889
   vertex -39.8104 -20.3113 23.4461
  endloop
 endfacet
 facet normal 0 0 0
  outer loop
   vertex -39.7302 -19.3381 22.7958
   vertex -43.2262 -24.4777 8.5889
   vertex -39.7850 -19.8567 23.0730
  endloop
 endfacet
 facet normal 0 0 0
  outer loop
   vertex -39.6480 -18.7753 22.6250
   vertex -43.2262 -24.4777 8.5889
   vertex -39.7302 -19.3381 22.7958
  endloop
 endfacet
 facet normal 0 0 0
  outer loop
   vertex -43.2262 -24.4777 8.5889
   vertex -39.6480 -18.7753 22.6250
   vertex -39.5417 -18.1900 22.5674
  endloop
 endfacet
 facet normal 0 0 0
  outer loop
   vertex -42.6354 -19.8669 6.7178
   vertex -42.4366 -19.8669 6.6756
   vertex -42.6354 -19.8669 6.7178
  endloop
 endfacet
 facet normal 0 0 0
  outer loop
   vertex -39.8817 -19.8669 6.1325
   vertex -42.6354 -19.8669 6.7178
   vertex -42.4366 -19.8669 6.6756
  endloop
 endfacet
 facet normal 0 0 0
  outer loop
   vertex -43.1223 -23.9043 7.6012
   vertex -42.6354 -19.8669 6.7178
   vertex -38.8072 -25.6761 7.0263
  endloop
 endfacet
 facet normal 0 0 0
  outer loop
   vertex -38.8072 -25.6761 7.0263
   vertex -39.8817 -19.8669 6.1325
   vertex -38.0431 -19.9050 5.7491
  endloop
 endfacet
 facet normal 0 0 0
  outer loop
   vertex -39.8817 -19.8669 6.1325
   vertex -38.8072 -25.6761 7.0263
   vertex -42.6354 -19.8669 6.7178
  endloop
 endfacet
 facet normal 0 0 0
  outer loop
   vertex -34.3198 -16.4877 23.2334
   vertex -38.0072 -20.6530 5.8859
   vertex -36.8006 -18.7423 11.5623
  endloop
 endfacet
 facet normal 0 0 0
  outer loop
   vertex -35.0553 -22.0854 24.4710
   vertex -38.0072 -20.6530 5.8859
   vertex -34.2889 -17.2738 23.3787
  endloop
 endfacet
 facet normal 0 0 0
  outer loop
   vertex -38.8072 -25.6761 7.0263
   vertex -38.0431 -19.9050 5.7491
   vertex -38.0072 -20.6530 5.8859
  endloop
 endfacet
 facet normal 0 0 0
  outer loop
   vertex -43.1223 -23.9043 7.6012
   vertex -38.8072 -25.6761 7.0263
   vertex -39.0789 -26.4021 7.2242
  endloop
 endfacet
 facet normal 0 0 0
  outer loop
   vertex -38.8072 -25.6761 7.0263
   vertex -35.0553 -22.0854 24.4710
   vertex -35.0889 -22.2969 24.5190
  endloop
 endfacet
 facet normal 0 0 0
  outer loop
   vertex -35.0553 -22.0854 24.4710
   vertex -38.8072 -25.6761 7.0263
   vertex -38.0072 -20.6530 5.8859
  endloop
 endfacet
 facet normal 0 0 0
  outer loop
   vertex -43.1223 -23.9043 7.6012
   vertex -39.0789 -26.4021 7.2242
   vertex -40.0068 -26.0211 7.3479
  endloop
 endfacet
 facet normal 0 0 0
  outer loop
   vertex -43.3940 -24.6303 7.7992
   vertex -42.6354 -19.8669 6.7178
   vertex -43.1223 -23.9043 7.6012
  endloop
 endfacet
 facet normal 0 0 0
  outer loop
   vertex -39.6648 -21.1618 25.2813
   vertex -39.6614 -21.1609 25.2715
   vertex -39.6758 -21.2511 25.2919
  endloop
 endfacet
 facet normal 0 0 0
  outer loop
   vertex -39.3232 -13.6864 26.9031
   vertex -39.7540 -15.7603 27.3129
   vertex -39.3253 -13.3921 27.0525
  endloop
 endfacet
 facet normal 0 0 0
  outer loop
   vertex -39.7540 -15.7603 27.3129
   vertex -39.3232 -13.6864 26.9031
   vertex -39.7204 -15.6956 27.2341
  endloop
 endfacet
 facet normal 0 0 0
  outer loop
   vertex -39.3232 -13.6864 26.9031
   vertex -39.5217 -15.4184 26.7154
   vertex -39.7204 -15.6956 27.2341
  endloop
 endfacet
 facet normal 0 0 0
  outer loop
   vertex -39.3232 -13.6864 26.9031
   vertex -39.3252 -15.2476 26.1527
   vertex -39.5217 -15.4184 26.7154
  endloop
 endfacet
 facet normal 0 0 0
  outer loop
   vertex -39.3232 -13.6864 26.9031
   vertex -39.1386 -15.1900 25.5674
   vertex -39.3252 -15.2476 26.1527
  endloop
 endfacet
 facet normal 0 0 0
  outer loop
   vertex -39.1386 -15.1900 25.5674
   vertex -39.3232 -13.6864 26.9031
   vertex -39.1035 -15.2019 25.4465
  endloop
 endfacet
 facet normal 0 0 0
  outer loop
   vertex -35.0889 -22.2969 24.5190
   vertex -34.2889 -17.2738 23.3787
   vertex -34.9255 -22.1484 25.2879
  endloop
 endfacet
 facet normal 0 0 0
  outer loop
   vertex -35.0889 -22.2969 24.5190
   vertex -35.0553 -22.0854 24.4710
   vertex -34.2889 -17.2738 23.3787
  endloop
 endfacet
 facet normal 0 0 0
  outer loop
   vertex -39.7882 -16.8101 28.2151
   vertex -39.1593 -13.3363 27.8331
   vertex -39.7604 -16.5233 28.0618
  endloop
 endfacet
 facet normal 0 0 0
  outer loop
   vertex -39.1593 -13.3363 27.8331
   vertex -39.7421 -16.0687 27.6887
   vertex -39.7604 -16.5233 28.0618
  endloop
 endfacet
 facet normal 0 0 0
  outer loop
   vertex -39.1593 -13.3363 27.8331
   vertex -39.7540 -15.7603 27.3129
   vertex -39.7421 -16.0687 27.6887
  endloop
 endfacet
 facet normal 0 0 0
  outer loop
   vertex -39.3178 -13.3896 27.0878
   vertex -39.7540 -15.7603 27.3129
   vertex -39.1593 -13.3363 27.8331
  endloop
 endfacet
 facet normal 0 0 0
  outer loop
   vertex -39.7540 -15.7603 27.3129
   vertex -39.3178 -13.3896 27.0878
   vertex -39.3253 -13.3921 27.0525
  endloop
 endfacet
 facet normal 0 0 0
  outer loop
   vertex -34.9255 -22.1484 25.2879
   vertex -34.5354 -19.6035 24.6229
   vertex -34.5286 -19.6566 24.7222
  endloop
 endfacet
 facet normal 0 0 0
  outer loop
   vertex -34.9255 -22.1484 25.2879
   vertex -34.5382 -19.3921 24.3653
   vertex -34.5354 -19.6035 24.6229
  endloop
 endfacet
 facet normal 0 0 0
  outer loop
   vertex -34.9255 -22.1484 25.2879
   vertex -34.5238 -19.1345 24.1539
   vertex -34.5382 -19.3921 24.3653
  endloop
 endfacet
 facet normal 0 0 0
  outer loop
   vertex -34.9255 -22.1484 25.2879
   vertex -34.4928 -18.8406 23.9968
   vertex -34.5238 -19.1345 24.1539
  endloop
 endfacet
 facet normal 0 0 0
  outer loop
   vertex -34.4462 -18.5217 23.9001
   vertex -34.2889 -17.2738 23.3787
   vertex -34.3860 -18.1900 23.8674
  endloop
 endfacet
 facet normal 0 0 0
  outer loop
   vertex -34.4928 -18.8406 23.9968
   vertex -34.2889 -17.2738 23.3787
   vertex -34.4462 -18.5217 23.9001
  endloop
 endfacet
 facet normal 0 0 0
  outer loop
   vertex -34.2889 -17.2738 23.3787
   vertex -34.4928 -18.8406 23.9968
   vertex -34.9255 -22.1484 25.2879
  endloop
 endfacet
 facet normal 0 0 0
  outer loop
   vertex -34.1483 -17.2455 24.1539
   vertex -34.1255 -17.1253 24.1476
   vertex -34.1415 -17.2255 24.1703
  endloop
 endfacet
 facet normal 0 0 0
  outer loop
   vertex -34.2889 -17.2738 23.3787
   vertex -34.1483 -17.2455 24.1539
   vertex -34.2341 -17.5394 23.9968
  endloop
 endfacet
 facet normal 0 0 0
  outer loop
   vertex -34.1483 -17.2455 24.1539
   vertex -34.2889 -17.2738 23.3787
   vertex -34.1255 -17.1253 24.1476
  endloop
 endfacet
 facet normal 0 0 0
  outer loop
   vertex -34.3143 -17.8583 23.9001
   vertex -34.2889 -17.2738 23.3787
   vertex -34.2341 -17.5394 23.9968
  endloop
 endfacet
 facet normal 0 0 0
  outer loop
   vertex -34.2889 -17.2738 23.3787
   vertex -34.3143 -17.8583 23.9001
   vertex -34.3860 -18.1900 23.8674
  endloop
 endfacet
 facet normal 0 0 0
  outer loop
   vertex -34.9255 -22.1484 25.2879
   vertex -34.7733 -19.8900 25.5674
   vertex -34.8190 -19.8721 25.7488
  endloop
 endfacet
 facet normal 0 0 0
  outer loop
   vertex -34.9255 -22.1484 25.2879
   vertex -34.6832 -19.8573 25.2357
   vertex -34.7733 -19.8900 25.5674
  endloop
 endfacet
 facet normal 0 0 0
  outer loop
   vertex -34.9255 -22.1484 25.2879
   vertex -34.5900 -19.7606 24.9168
   vertex -34.6832 -19.8573 25.2357
  endloop
 endfacet
 facet normal 0 0 0
  outer loop
   vertex -34.5900 -19.7606 24.9168
   vertex -34.9255 -22.1484 25.2879
   vertex -34.5286 -19.6566 24.7222
  endloop
 endfacet
 facet normal 0 0 0
  outer loop
   vertex -34.6171 -16.6194 26.2180
   vertex -34.5504 -14.1343 26.9105
   vertex -34.6710 -16.7108 26.3889
  endloop
 endfacet
 facet normal 0 0 0
  outer loop
   vertex -34.5240 -16.5227 25.8991
   vertex -34.5504 -14.1343 26.9105
   vertex -34.6171 -16.6194 26.2180
  endloop
 endfacet
 facet normal 0 0 0
  outer loop
   vertex -34.4339 -16.4900 25.5674
   vertex -34.5504 -14.1343 26.9105
   vertex -34.5240 -16.5227 25.8991
  endloop
 endfacet
 facet normal 0 0 0
  outer loop
   vertex -34.3503 -16.5227 25.2357
   vertex -34.5504 -14.1343 26.9105
   vertex -34.4339 -16.4900 25.5674
  endloop
 endfacet
 facet normal 0 0 0
  outer loop
   vertex -34.2764 -16.6194 24.9168
   vertex -34.5504 -14.1343 26.9105
   vertex -34.3503 -16.5227 25.2357
  endloop
 endfacet
 facet normal 0 0 0
  outer loop
   vertex -34.2152 -16.7765 24.6229
   vertex -34.5504 -14.1343 26.9105
   vertex -34.2764 -16.6194 24.9168
  endloop
 endfacet
 facet normal 0 0 0
  outer loop
   vertex -34.1255 -17.1253 24.1476
   vertex -34.2152 -16.7765 24.6229
   vertex -34.1688 -16.9879 24.3653
  endloop
 endfacet
 facet normal 0 0 0
  outer loop
   vertex -34.2152 -16.7765 24.6229
   vertex -34.1255 -17.1253 24.1476
   vertex -34.5504 -14.1343 26.9105
  endloop
 endfacet
 facet normal 0 0 0
  outer loop
   vertex -34.1255 -17.1253 24.1476
   vertex -34.1688 -16.9879 24.3653
   vertex -34.1415 -17.2255 24.1703
  endloop
 endfacet
 facet normal 0 0 0
  outer loop
   vertex -35.2496 -19.1345 26.9809
   vertex -35.4347 -19.0192 27.4477
   vertex -35.4736 -19.2339 27.4713
  endloop
 endfacet
 facet normal 0 0 0
  outer loop
   vertex -35.4347 -19.0192 27.4477
   vertex -35.2767 -18.5217 27.2347
   vertex -35.2463 -18.1900 27.2674
  endloop
 endfacet
 facet normal 0 0 0
  outer loop
   vertex -35.4347 -19.0192 27.4477
   vertex -35.2778 -18.8406 27.1380
   vertex -35.2767 -18.5217 27.2347
  endloop
 endfacet
 facet normal 0 0 0
  outer loop
   vertex -35.4347 -19.0192 27.4477
   vertex -35.2496 -19.1345 26.9809
   vertex -35.2778 -18.8406 27.1380
  endloop
 endfacet
 facet normal 0 0 0
  outer loop
   vertex -35.4736 -19.2339 27.4713
   vertex -35.1932 -19.3921 26.7695
   vertex -35.2496 -19.1345 26.9809
  endloop
 endfacet
 facet normal 0 0 0
  outer loop
   vertex -35.4736 -19.2339 27.4713
   vertex -35.1109 -19.6035 26.5119
   vertex -35.1932 -19.3921 26.7695
  endloop
 endfacet
 facet normal 0 0 0
  outer loop
   vertex -34.9255 -22.1484 25.2879
   vertex -35.1109 -19.6035 26.5119
   vertex -35.4736 -19.2339 27.4713
  endloop
 endfacet
 facet normal 0 0 0
  outer loop
   vertex -34.8815 -19.8573 25.8991
   vertex -34.9255 -22.1484 25.2879
   vertex -34.8190 -19.8721 25.7488
  endloop
 endfacet
 facet normal 0 0 0
  outer loop
   vertex -35.0056 -19.7606 26.2180
   vertex -34.9255 -22.1484 25.2879
   vertex -34.8815 -19.8573 25.8991
  endloop
 endfacet
 facet normal 0 0 0
  outer loop
   vertex -35.1109 -19.6035 26.5119
   vertex -34.9255 -22.1484 25.2879
   vertex -35.0056 -19.7606 26.2180
  endloop
 endfacet
 facet normal 0 0 0
  outer loop
   vertex -35.1879 -17.8583 27.2347
   vertex -35.4347 -19.0192 27.4477
   vertex -35.2463 -18.1900 27.2674
  endloop
 endfacet
 facet normal 0 0 0
  outer loop
   vertex -35.1879 -17.8583 27.2347
   vertex -34.5504 -14.1343 26.9105
   vertex -35.4347 -19.0192 27.4477
  endloop
 endfacet
 facet normal 0 0 0
  outer loop
   vertex -35.1037 -17.5394 27.1380
   vertex -34.5504 -14.1343 26.9105
   vertex -35.1879 -17.8583 27.2347
  endloop
 endfacet
 facet normal 0 0 0
  outer loop
   vertex -34.9969 -17.2455 26.9809
   vertex -34.5504 -14.1343 26.9105
   vertex -35.1037 -17.5394 27.1380
  endloop
 endfacet
 facet normal 0 0 0
  outer loop
   vertex -34.8716 -16.9879 26.7695
   vertex -34.5504 -14.1343 26.9105
   vertex -34.9969 -17.2455 26.9809
  endloop
 endfacet
 facet normal 0 0 0
  outer loop
   vertex -34.7326 -16.7765 26.5119
   vertex -34.5504 -14.1343 26.9105
   vertex -34.8716 -16.9879 26.7695
  endloop
 endfacet
 facet normal 0 0 0
  outer loop
   vertex -34.5504 -14.1343 26.9105
   vertex -34.7326 -16.7765 26.5119
   vertex -34.6710 -16.7108 26.3889
  endloop
 endfacet
 facet normal 0 0 0
  outer loop
   vertex -45.5236 -37.1639 30.4412
   vertex -41.2085 -38.9357 29.8663
   vertex -46.4400 -34.4779 30.8921
  endloop
 endfacet
 facet normal 0 0 0
  outer loop
   vertex -45.5236 -37.1639 30.4412
   vertex -41.3719 -39.0842 29.0974
   vertex -41.2085 -38.9357 29.8663
  endloop
 endfacet
 facet normal 0 0 0
  outer loop
   vertex -39.6758 -21.2511 25.2919
   vertex -39.7335 -21.1660 25.3235
   vertex -39.6648 -21.1618 25.2813
  endloop
 endfacet
 facet normal 0 0 0
  outer loop
   vertex -39.7335 -21.1660 25.3235
   vertex -39.6758 -21.2511 25.2919
   vertex -46.6059 -34.5337 30.1115
  endloop
 endfacet
 facet normal 0 0 0
  outer loop
   vertex -46.6059 -34.5337 30.1115
   vertex -39.6758 -21.2511 25.2919
   vertex -45.4153 -36.5865 29.4744
  endloop
 endfacet
 facet normal 0 0 0
  outer loop
   vertex -40.5304 -19.3381 28.3390
   vertex -46.4400 -34.4779 30.8921
   vertex -40.3157 -18.8874 28.4758
  endloop
 endfacet
 facet normal 0 0 0
  outer loop
   vertex -40.7994 -19.8567 28.0618
   vertex -46.4400 -34.4779 30.8921
   vertex -40.5304 -19.3381 28.3390
  endloop
 endfacet
 facet normal 0 0 0
  outer loop
   vertex -40.9311 -20.0874 27.8725
   vertex -46.4400 -34.4779 30.8921
   vertex -40.7994 -19.8567 28.0618
  endloop
 endfacet
 facet normal 0 0 0
  outer loop
   vertex -46.4400 -34.4779 30.8921
   vertex -40.9311 -20.0874 27.8725
   vertex -46.6059 -34.5337 30.1115
  endloop
 endfacet
 facet normal 0 0 0
  outer loop
   vertex -46.6059 -34.5337 30.1115
   vertex -45.6870 -37.3124 29.6723
   vertex -46.4400 -34.4779 30.8921
  endloop
 endfacet
 facet normal 0 0 0
  outer loop
   vertex -41.3719 -39.0842 29.0974
   vertex -41.1002 -38.3583 28.8994
   vertex -41.2085 -38.9357 29.8663
  endloop
 endfacet
 facet normal 0 0 0
  outer loop
   vertex -41.1002 -38.3583 28.8994
   vertex -34.9255 -22.1484 25.2879
   vertex -41.2085 -38.9357 29.8663
  endloop
 endfacet
 facet normal 0 0 0
  outer loop
   vertex -41.1002 -38.3583 28.8994
   vertex -35.0889 -22.2969 24.5190
   vertex -34.9255 -22.1484 25.2879
  endloop
 endfacet
 facet normal 0 0 0
  outer loop
   vertex -46.4400 -34.4779 30.8921
   vertex -45.6870 -37.3124 29.6723
   vertex -45.5236 -37.1639 30.4412
  endloop
 endfacet
 facet normal 0 0 0
  outer loop
   vertex -45.4225 -36.6056 29.4796
   vertex -46.6059 -34.5337 30.1115
   vertex -45.4153 -36.5865 29.4744
  endloop
 endfacet
 facet normal 0 0 0
  outer loop
   vertex -46.6059 -34.5337 30.1115
   vertex -45.4225 -36.6056 29.4796
   vertex -45.6870 -37.3124 29.6723
  endloop
 endfacet
 facet normal 0 0 0
  outer loop
   vertex -34.9255 -22.1484 25.2879
   vertex -35.4736 -19.2339 27.4713
   vertex -41.2085 -38.9357 29.8663
  endloop
 endfacet
 facet normal 0 0 0
  outer loop
   vertex -40.8887 -20.3113 27.6887
   vertex -46.6059 -34.5337 30.1115
   vertex -40.9311 -20.0874 27.8725
  endloop
 endfacet
 facet normal 0 0 0
  outer loop
   vertex -40.7294 -20.6844 27.2341
   vertex -46.6059 -34.5337 30.1115
   vertex -40.8887 -20.3113 27.6887
  endloop
 endfacet
 facet normal 0 0 0
  outer loop
   vertex -40.5030 -20.9616 26.7154
   vertex -46.6059 -34.5337 30.1115
   vertex -40.7294 -20.6844 27.2341
  endloop
 endfacet
 facet normal 0 0 0
  outer loop
   vertex -40.2184 -21.1324 26.1527
   vertex -46.6059 -34.5337 30.1115
   vertex -40.5030 -20.9616 26.7154
  endloop
 endfacet
 facet normal 0 0 0
  outer loop
   vertex -39.8863 -21.1900 25.5674
   vertex -46.6059 -34.5337 30.1115
   vertex -40.2184 -21.1324 26.1527
  endloop
 endfacet
 facet normal 0 0 0
  outer loop
   vertex -46.6059 -34.5337 30.1115
   vertex -39.8863 -21.1900 25.5674
   vertex -39.7335 -21.1660 25.3235
  endloop
 endfacet
 facet normal 0 0 0
  outer loop
   vertex -46.1712 -34.5911 30.8431
   vertex -41.2085 -38.9357 29.8663
   vertex -42.1684 -36.2767 30.1127
  endloop
 endfacet
 facet normal 0 0 0
  outer loop
   vertex -41.2085 -38.9357 29.8663
   vertex -46.1712 -34.5911 30.8431
   vertex -46.4400 -34.4779 30.8921
  endloop
 endfacet
 facet normal 0 0 0
  outer loop
   vertex -44.7881 -37.6815 29.5526
   vertex -41.3719 -39.0842 29.0974
   vertex -45.5236 -37.1639 30.4412
  endloop
 endfacet
 facet normal 0 0 0
  outer loop
   vertex -41.2085 -38.9357 29.8663
   vertex -36.6862 -22.3208 27.9498
   vertex -42.1684 -36.2767 30.1127
  endloop
 endfacet
 facet normal 0 0 0
  outer loop
   vertex -35.4858 -19.2649 27.4761
   vertex -41.2085 -38.9357 29.8663
   vertex -35.4736 -19.2339 27.4713
  endloop
 endfacet
 facet normal 0 0 0
  outer loop
   vertex -35.6528 -19.6901 27.5420
   vertex -41.2085 -38.9357 29.8663
   vertex -35.4858 -19.2649 27.4761
  endloop
 endfacet
 facet normal 0 0 0
  outer loop
   vertex -36.6862 -22.3208 27.9498
   vertex -41.2085 -38.9357 29.8663
   vertex -35.6528 -19.6901 27.5420
  endloop
 endfacet
 facet normal 0 0 0
  outer loop
   vertex -42.1684 -36.2767 30.1127
   vertex -36.6862 -22.3208 27.9498
   vertex -42.1684 -36.2766 30.1127
  endloop
 endfacet
 facet normal 0 0 0
  outer loop
   vertex -41.5265 49.9046 48.2610
   vertex -55.3856 45.0179 44.9425
   vertex -55.2196 45.0737 45.7231
  endloop
 endfacet
 facet normal 0 0 0
  outer loop
   vertex -32.1442 34.9207 47.0846
   vertex -31.7276 34.2434 46.9961
   vertex -35.5856 40.5159 47.8161
  endloop
 endfacet
 facet normal 0 0 0
  outer loop
   vertex -41.5265 49.9046 48.2610
   vertex -55.2196 45.0737 45.7231
   vertex -41.3602 49.9046 49.0435
  endloop
 endfacet
 facet normal 0 0 0
  outer loop
   vertex -58.4153 41.7514 46.6399
   vertex -45.9661 29.2924 44.8844
   vertex -36.1498 31.9745 47.7958
  endloop
 endfacet
 facet normal 0 0 0
  outer loop
   vertex -31.8939 34.2434 46.2136
   vertex -42.3738 31.9957 43.1077
   vertex -41.1100 49.2274 48.1724
  endloop
 endfacet
 facet normal 0 0 0
  outer loop
   vertex -45.0882 47.5081 49.8359
   vertex -55.2196 45.0737 45.7231
   vertex -45.2520 47.4027 49.8707
  endloop
 endfacet
 facet normal 0 0 0
  outer loop
   vertex -43.2843 48.6677 49.4525
   vertex -55.2196 45.0737 45.7231
   vertex -45.0882 47.5081 49.8359
  endloop
 endfacet
 facet normal 0 0 0
  outer loop
   vertex -55.2196 45.0737 45.7231
   vertex -43.2843 48.6677 49.4525
   vertex -41.3602 49.9046 49.0435
  endloop
 endfacet
 facet normal 0 0 0
  outer loop
   vertex -44.8465 46.7433 49.7845
   vertex -36.1498 31.9745 47.7958
   vertex -36.0360 32.4188 47.9119
  endloop
 endfacet
 facet normal 0 0 0
  outer loop
   vertex -58.4153 41.7514 46.6399
   vertex -44.8465 46.7433 49.7845
   vertex -45.2520 47.4027 49.8707
  endloop
 endfacet
 facet normal 0 0 0
  outer loop
   vertex -36.1498 31.9745 47.7958
   vertex -44.8465 46.7433 49.7845
   vertex -58.4153 41.7514 46.6399
  endloop
 endfacet
 facet normal 0 0 0
  outer loop
   vertex -45.2520 47.4027 49.8707
   vertex -55.2196 45.0737 45.7231
   vertex -58.4153 41.7514 46.6399
  endloop
 endfacet
 facet normal 0 0 0
  outer loop
   vertex -41.5265 49.9046 48.2610
   vertex -53.5621 43.1930 44.6854
   vertex -55.3856 45.0179 44.9425
  endloop
 endfacet
 facet normal 0 0 0
  outer loop
   vertex -53.5621 43.1930 44.6854
   vertex -41.5265 49.9046 48.2610
   vertex -42.9364 32.5588 43.1870
  endloop
 endfacet
 facet normal 0 0 0
  outer loop
   vertex -35.5856 40.5159 47.8161
   vertex -31.7276 34.2434 46.9961
   vertex -41.5265 49.9046 48.2610
  endloop
 endfacet
 facet normal 0 0 0
  outer loop
   vertex -41.5265 49.9046 48.2610
   vertex -32.3105 34.9207 46.3021
   vertex -31.8939 34.2434 46.2136
  endloop
 endfacet
 facet normal 0 0 0
  outer loop
   vertex -41.5265 49.9046 48.2610
   vertex -31.8939 34.2434 46.2136
   vertex -41.1100 49.2274 48.1724
  endloop
 endfacet
 facet normal 0 0 0
  outer loop
   vertex -58.3574 41.4716 45.8278
   vertex -58.0185 41.1325 45.7800
   vertex -58.4153 41.7514 46.6399
  endloop
 endfacet
 facet normal 0 0 0
  outer loop
   vertex -57.3382 40.4516 45.6840
   vertex -58.0185 41.1325 45.7800
   vertex -58.3574 41.4716 45.8278
  endloop
 endfacet
 facet normal 0 0 0
  outer loop
   vertex -58.0185 41.1325 45.7800
   vertex -57.3382 40.4516 45.6840
   vertex -46.1321 29.2365 44.1038
  endloop
 endfacet
 facet normal 0 0 0
  outer loop
   vertex -41.1100 49.2274 48.1724
   vertex -42.3738 31.9957 43.1077
   vertex -41.5265 49.9046 48.2610
  endloop
 endfacet
 facet normal 0 0 0
  outer loop
   vertex -31.7276 34.2434 46.9961
   vertex -32.3105 34.9207 46.3021
   vertex -41.5265 49.9046 48.2610
  endloop
 endfacet
 facet normal 0 0 0
  outer loop
   vertex -31.7276 34.2434 46.9961
   vertex -31.8939 34.2434 46.2136
   vertex -32.3105 34.9207 46.3021
  endloop
 endfacet
 facet normal 0 0 0
  outer loop
   vertex -45.9661 29.2924 44.8844
   vertex -58.0185 41.1325 45.7800
   vertex -46.1321 29.2365 44.1038
  endloop
 endfacet
 facet normal 0 0 0
  outer loop
   vertex -58.0185 41.1325 45.7800
   vertex -45.9661 29.2924 44.8844
   vertex -58.4153 41.7514 46.6399
  endloop
 endfacet
 facet normal 0 0 0
  outer loop
   vertex -41.5265 49.9046 48.2610
   vertex -42.3738 31.9957 43.1077
   vertex -42.9364 32.5588 43.1870
  endloop
 endfacet
 facet normal 0 0 0
  outer loop
   vertex -46.1321 29.2365 44.1038
   vertex -46.9889 23.9271 26.8335
   vertex -45.9661 29.2924 44.8844
  endloop
 endfacet
 facet normal 0 0 0
  outer loop
   vertex -46.9889 23.9271 26.8335
   vertex -46.1321 29.2365 44.1038
   vertex -49.7410 28.0227 27.1256
  endloop
 endfacet
 facet normal 0 0 0
  outer loop
   vertex -42.3738 31.9957 43.1077
   vertex -46.1486 30.7261 25.3489
   vertex -42.9364 32.5588 43.1870
  endloop
 endfacet
 facet normal 0 0 0
  outer loop
   vertex -46.9844 23.9286 26.8546
   vertex -43.3799 25.1409 43.8117
   vertex -46.9889 23.9271 26.8335
  endloop
 endfacet
 facet normal 0 0 0
  outer loop
   vertex -41.0325 26.3101 33.9800
   vertex -39.4584 27.6456 42.7991
   vertex -39.4462 27.6166 42.7986
  endloop
 endfacet
 facet normal 0 0 0
  outer loop
   vertex -39.4584 27.6456 42.7991
   vertex -41.0325 26.3101 33.9800
   vertex -42.9355 25.6700 25.0274
  endloop
 endfacet
 facet normal 0 0 0
  outer loop
   vertex -39.4584 27.6456 42.7991
   vertex -43.0805 26.4628 25.8214
   vertex -39.4715 27.6767 42.7997
  endloop
 endfacet
 facet normal 0 0 0
  outer loop
   vertex -43.0805 26.4628 25.8214
   vertex -39.4584 27.6456 42.7991
   vertex -42.9355 25.6700 25.0274
  endloop
 endfacet
 facet normal 0 0 0
  outer loop
   vertex -42.9364 32.5588 43.1870
   vertex -46.5454 31.3450 26.2088
   vertex -42.9409 32.5573 43.1660
  endloop
 endfacet
 facet normal 0 0 0
  outer loop
   vertex -46.5454 31.3450 26.2088
   vertex -42.9364 32.5588 43.1870
   vertex -46.7113 31.2892 25.4282
  endloop
 endfacet
 facet normal 0 0 0
  outer loop
   vertex -42.9364 32.5588 43.1870
   vertex -46.1486 30.7261 25.3489
   vertex -46.7113 31.2892 25.4282
  endloop
 endfacet
 facet normal 0 0 0
  outer loop
   vertex -43.0805 26.4628 25.8214
   vertex -39.5937 27.8585 42.8126
   vertex -39.4715 27.6767 42.7997
  endloop
 endfacet
 facet normal 0 0 0
  outer loop
   vertex -39.5937 27.8585 42.8126
   vertex -43.0805 26.4628 25.8214
   vertex -46.1486 30.7261 25.3489
  endloop
 endfacet
 facet normal 0 0 0
  outer loop
   vertex -41.1798 30.2189 42.9810
   vertex -46.1486 30.7261 25.3489
   vertex -42.3738 31.9957 43.1077
  endloop
 endfacet
 facet normal 0 0 0
  outer loop
   vertex -46.1486 30.7261 25.3489
   vertex -41.1798 30.2189 42.9810
   vertex -39.5937 27.8585 42.8126
  endloop
 endfacet
 facet normal 0 0 0
  outer loop
   vertex -42.7695 25.7258 25.8080
   vertex -42.9355 25.6700 25.0274
   vertex -41.0325 26.3101 33.9800
  endloop
 endfacet
 facet normal 0 0 0
  outer loop
   vertex -45.9661 29.2924 44.8844
   vertex -43.3728 25.1433 43.8455
   vertex -43.2140 25.1967 44.5923
  endloop
 endfacet
 facet normal 0 0 0
  outer loop
   vertex -45.9661 29.2924 44.8844
   vertex -43.3799 25.1409 43.8117
   vertex -43.3728 25.1433 43.8455
  endloop
 endfacet
 facet normal 0 0 0
  outer loop
   vertex -46.9889 23.9271 26.8335
   vertex -43.3799 25.1409 43.8117
   vertex -45.9661 29.2924 44.8844
  endloop
 endfacet
 facet normal 0 0 0
  outer loop
   vertex -45.9661 29.2924 44.8844
   vertex -34.7007 28.6121 47.4729
   vertex -34.4121 28.7112 47.5667
  endloop
 endfacet
 facet normal 0 0 0
  outer loop
   vertex -34.7007 28.6121 47.4729
   vertex -45.9661 29.2924 44.8844
   vertex -43.2140 25.1967 44.5923
  endloop
 endfacet
 facet normal 0 0 0
  outer loop
   vertex -36.1498 31.9745 47.7958
   vertex -34.4121 28.7112 47.5667
   vertex -36.0360 32.4188 47.9119
  endloop
 endfacet
 facet normal 0 0 0
  outer loop
   vertex -34.4121 28.7112 47.5667
   vertex -36.1498 31.9745 47.7958
   vertex -45.9661 29.2924 44.8844
  endloop
 endfacet
 facet normal 0 0 0
  outer loop
   vertex -30.3778 30.7817 45.8912
   vertex -39.4715 27.6767 42.7997
   vertex -31.8939 34.2434 46.2136
  endloop
 endfacet
 facet normal 0 0 0
  outer loop
   vertex -31.7276 34.2434 46.9961
   vertex -30.3778 30.7817 45.8912
   vertex -31.8939 34.2434 46.2136
  endloop
 endfacet
 facet normal 0 0 0
  outer loop
   vertex -31.8939 34.2434 46.2136
   vertex -41.1798 30.2189 42.9810
   vertex -42.3738 31.9957 43.1077
  endloop
 endfacet
 facet normal 0 0 0
  outer loop
   vertex -31.8939 34.2434 46.2136
   vertex -39.5937 27.8585 42.8126
   vertex -41.1798 30.2189 42.9810
  endloop
 endfacet
 facet normal 0 0 0
  outer loop
   vertex -39.5937 27.8585 42.8126
   vertex -31.8939 34.2434 46.2136
   vertex -39.4715 27.6767 42.7997
  endloop
 endfacet
 facet normal 0 0 0
  outer loop
   vertex -30.1610 30.0130 45.8452
   vertex -39.4715 27.6767 42.7997
   vertex -30.3778 30.7817 45.8912
  endloop
 endfacet
 facet normal 0 0 0
  outer loop
   vertex -30.1613 30.0129 45.8451
   vertex -39.4715 27.6767 42.7997
   vertex -30.1610 30.0130 45.8452
  endloop
 endfacet
 facet normal 0 0 0
  outer loop
   vertex -34.7007 28.6121 47.4729
   vertex -36.2492 9.7726 44.4412
   vertex -34.4121 28.7112 47.5667
  endloop
 endfacet
 facet normal 0 0 0
  outer loop
   vertex -36.2492 9.7726 44.4412
   vertex -34.7007 28.6121 47.4729
   vertex -36.2621 9.7672 44.4368
  endloop
 endfacet
 facet normal 0 0 0
  outer loop
   vertex -25.3654 13.0056 44.8258
   vertex -33.0406 12.4337 42.5223
   vertex -39.1606 26.9397 42.7863
  endloop
 endfacet
 facet normal 0 0 0
  outer loop
   vertex -32.5885 11.3722 42.5043
   vertex -33.0406 12.4337 42.5223
   vertex -25.3654 13.0056 44.8258
  endloop
 endfacet
 facet normal 0 0 0
  outer loop
   vertex -33.0406 12.4337 42.5223
   vertex -32.5885 11.3722 42.5043
   vertex -32.5922 11.3709 42.5030
  endloop
 endfacet
 facet normal 0 0 0
  outer loop
   vertex -39.1688 26.9591 42.7866
   vertex -25.3654 13.0056 44.8258
   vertex -39.1606 26.9397 42.7863
  endloop
 endfacet
 facet normal 0 0 0
  outer loop
   vertex -39.4462 27.6166 42.7986
   vertex -25.3654 13.0056 44.8258
   vertex -39.1688 26.9591 42.7866
  endloop
 endfacet
 facet normal 0 0 0
  outer loop
   vertex -39.4584 27.6456 42.7991
   vertex -25.3654 13.0056 44.8258
   vertex -39.4462 27.6166 42.7986
  endloop
 endfacet
 facet normal 0 0 0
  outer loop
   vertex -25.3654 13.0056 44.8258
   vertex -39.4584 27.6456 42.7991
   vertex -39.4715 27.6767 42.7997
  endloop
 endfacet
 facet normal 0 0 0
  outer loop
   vertex -34.4121 28.7112 47.5667
   vertex -29.8333 12.4724 46.5934
   vertex -29.8332 12.4725 46.5934
  endloop
 endfacet
 facet normal 0 0 0
  outer loop
   vertex -29.8333 12.4724 46.5934
   vertex -34.4121 28.7112 47.5667
   vertex -36.2492 9.7726 44.4412
  endloop
 endfacet
 facet normal 0 0 0
  outer loop
   vertex -30.1613 30.0129 45.8451
   vertex -25.3654 13.0056 44.8258
   vertex -39.4715 27.6767 42.7997
  endloop
 endfacet
 facet normal 0 0 0
  outer loop
   vertex -25.3654 13.0056 44.8258
   vertex -30.1613 30.0129 45.8451
   vertex -30.1610 30.0130 45.8452
  endloop
 endfacet
 facet normal 0 0 0
  outer loop
   vertex -43.3728 25.1433 43.8455
   vertex -36.6456 9.6279 44.3091
   vertex -43.2140 25.1967 44.5923
  endloop
 endfacet
 facet normal 0 0 0
  outer loop
   vertex -36.6456 9.6279 44.3091
   vertex -43.3728 25.1433 43.8455
   vertex -36.6528 9.6255 44.2753
  endloop
 endfacet
 facet normal 0 0 0
  outer loop
   vertex -43.2140 25.1967 44.5923
   vertex -36.2621 9.7672 44.4368
   vertex -34.7007 28.6121 47.4729
  endloop
 endfacet
 facet normal 0 0 0
  outer loop
   vertex -36.2621 9.7672 44.4368
   vertex -43.2140 25.1967 44.5923
   vertex -36.6456 9.6279 44.3091
  endloop
 endfacet
 facet normal 0 0 0
  outer loop
   vertex -43.3799 25.1409 43.8117
   vertex -36.6528 9.6255 44.2753
   vertex -43.3728 25.1433 43.8455
  endloop
 endfacet
 facet normal 0 0 0
  outer loop
   vertex -36.6528 9.6255 44.2753
   vertex -43.3799 25.1409 43.8117
   vertex -36.8116 9.5721 43.5285
  endloop
 endfacet
 facet normal 0 0 0
  outer loop
   vertex -38.9384 14.6132 43.6202
   vertex -36.8116 9.5721 43.5285
   vertex -43.3799 25.1409 43.8117
  endloop
 endfacet
 facet normal 0 0 0
  outer loop
   vertex -37.8694 9.2163 38.5520
   vertex -40.4205 8.3583 26.5502
   vertex -39.9724 6.2255 26.6075
  endloop
 endfacet
 facet normal 0 0 0
  outer loop
   vertex -39.5703 3.4667 25.8994
   vertex -37.8694 9.2163 38.5520
   vertex -39.9724 6.2255 26.6075
  endloop
 endfacet
 facet normal 0 0 0
  outer loop
   vertex -37.8694 9.2163 38.5520
   vertex -39.5703 3.4667 25.8994
   vertex -36.8116 9.5721 43.5285
  endloop
 endfacet
 facet normal 0 0 0
  outer loop
   vertex -32.2813 10.6339 42.4896
   vertex -36.0562 9.3643 24.7308
   vertex -32.5922 11.3709 42.5030
  endloop
 endfacet
 facet normal 0 0 0
  outer loop
   vertex -32.5922 11.3709 42.5030
   vertex -36.0562 9.3643 24.7308
   vertex -34.7828 10.6341 32.1975
  endloop
 endfacet
 facet normal 0 0 0
  outer loop
   vertex -35.8431 9.1959 25.5174
   vertex -32.2813 10.6339 42.4896
   vertex -31.2097 5.5343 42.6265
  endloop
 endfacet
 facet normal 0 0 0
  outer loop
   vertex -35.8903 9.4201 25.5114
   vertex -32.2813 10.6339 42.4896
   vertex -35.8431 9.1959 25.5174
  endloop
 endfacet
 facet normal 0 0 0
  outer loop
   vertex -32.2813 10.6339 42.4896
   vertex -35.8903 9.4201 25.5114
   vertex -36.0562 9.3643 24.7308
  endloop
 endfacet
 facet normal 0 0 0
  outer loop
   vertex -34.8071 3.5225 25.7028
   vertex -31.2097 5.5343 42.6265
   vertex -31.1981 4.7363 42.6811
  endloop
 endfacet
 facet normal 0 0 0
  outer loop
   vertex -34.8187 4.3205 25.6483
   vertex -31.2097 5.5343 42.6265
   vertex -34.8071 3.5225 25.7028
  endloop
 endfacet
 facet normal 0 0 0
  outer loop
   vertex -34.8187 4.3205 25.6483
   vertex -31.2097 5.5343 42.6265
   vertex -34.8187 4.3205 25.6483
  endloop
 endfacet
 facet normal 0 0 0
  outer loop
   vertex -32.5922 11.3709 42.5030
   vertex -34.7828 10.6341 32.1975
   vertex -34.3991 10.7632 34.0025
  endloop
 endfacet
 facet normal 0 0 0
  outer loop
   vertex -39.4044 3.5225 26.6800
   vertex -39.5703 3.4667 25.8994
   vertex -39.4146 3.5190 26.6320
  endloop
 endfacet
 facet normal 0 0 0
  outer loop
   vertex -39.5703 3.4667 25.8994
   vertex -39.4044 3.5225 26.6800
   vertex -37.6384 4.1165 34.9882
  endloop
 endfacet
 facet normal 0 0 0
  outer loop
   vertex -34.8071 3.5225 25.7028
   vertex -31.1981 4.7363 42.6811
   vertex -34.8026 3.5240 25.7239
  endloop
 endfacet
 facet normal 0 0 0
  outer loop
   vertex -36.8116 9.5721 43.5285
   vertex -35.7999 4.7348 43.6372
   vertex -35.7954 4.7363 43.6582
  endloop
 endfacet
 facet normal 0 0 0
  outer loop
   vertex -36.8116 9.5721 43.5285
   vertex -37.6384 4.1165 34.9882
   vertex -35.7999 4.7348 43.6372
  endloop
 endfacet
 facet normal 0 0 0
  outer loop
   vertex -37.6384 4.1165 34.9882
   vertex -36.8116 9.5721 43.5285
   vertex -39.5703 3.4667 25.8994
  endloop
 endfacet
 facet normal 0 0 0
  outer loop
   vertex -34.8187 4.3205 25.6483
   vertex -35.8431 9.1959 25.5174
   vertex -31.2097 5.5343 42.6265
  endloop
 endfacet
 facet normal 0 0 0
  outer loop
   vertex -36.8116 9.5721 43.5285
   vertex -36.8161 9.5706 43.5074
   vertex -37.8694 9.2163 38.5520
  endloop
 endfacet
 facet normal 0 0 0
  outer loop
   vertex -35.6567 4.7830 44.3111
   vertex -36.8116 9.5721 43.5285
   vertex -35.7954 4.7363 43.6582
  endloop
 endfacet
 facet normal 0 0 0
  outer loop
   vertex -36.8116 9.5721 43.5285
   vertex -35.6567 4.7830 44.3111
   vertex -35.6295 4.7921 44.4389
  endloop
 endfacet
 facet normal 0 0 0
  outer loop
   vertex -36.6528 9.6255 44.2753
   vertex -35.6295 4.7921 44.4389
   vertex -36.6456 9.6279 44.3091
  endloop
 endfacet
 facet normal 0 0 0
  outer loop
   vertex -35.6295 4.7921 44.4389
   vertex -36.6528 9.6255 44.2753
   vertex -36.8116 9.5721 43.5285
  endloop
 endfacet
 facet normal 0 0 0
  outer loop
   vertex -25.3654 13.0056 44.8258
   vertex -32.5922 11.3709 42.5030
   vertex -32.5885 11.3722 42.5043
  endloop
 endfacet
 facet normal 0 0 0
  outer loop
   vertex -24.8464 9.2500 44.7155
   vertex -32.2813 10.6339 42.4896
   vertex -25.3654 13.0056 44.8258
  endloop
 endfacet
 facet normal 0 0 0
  outer loop
   vertex -24.8464 -9.2500 44.7155
   vertex -31.2097 5.5343 42.6265
   vertex -24.8464 9.2500 44.7155
  endloop
 endfacet
 facet normal 0 0 0
  outer loop
   vertex -35.6295 4.7921 44.4389
   vertex -36.2492 9.7726 44.4412
   vertex -36.2621 9.7672 44.4368
  endloop
 endfacet
 facet normal 0 0 0
  outer loop
   vertex -29.8333 12.4724 46.5934
   vertex -35.6295 4.7921 44.4389
   vertex -29.8332 12.4725 46.5934
  endloop
 endfacet
 facet normal 0 0 0
  outer loop
   vertex -36.2492 9.7726 44.4412
   vertex -35.6295 4.7921 44.4389
   vertex -29.8333 12.4724 46.5934
  endloop
 endfacet
 facet normal 0 0 0
  outer loop
   vertex -36.6456 9.6279 44.3091
   vertex -35.6295 4.7921 44.4389
   vertex -36.2621 9.7672 44.4368
  endloop
 endfacet
 facet normal 0 0 0
  outer loop
   vertex -35.6295 4.7921 44.4389
   vertex -36.6456 9.6279 44.3091
   vertex -35.6295 4.7921 44.4389
  endloop
 endfacet
 facet normal 0 0 0
  outer loop
   vertex -25.3654 13.0056 44.8258
   vertex -32.2813 10.6339 42.4896
   vertex -32.5922 11.3709 42.5030
  endloop
 endfacet
 facet normal 0 0 0
  outer loop
   vertex -31.2097 5.5343 42.6265
   vertex -32.2813 10.6339 42.4896
   vertex -24.8464 9.2500 44.7155
  endloop
 endfacet
 facet normal 0 0 0
  outer loop
   vertex -35.6295 4.7921 44.4389
   vertex -29.5098 10.1319 46.5246
   vertex -29.8332 12.4725 46.5934
  endloop
 endfacet
 facet normal 0 0 0
  outer loop
   vertex -29.5098 10.1319 46.5246
   vertex -29.4230 8.7416 46.4542
   vertex -29.4163 8.7459 46.4564
  endloop
 endfacet
 facet normal 0 0 0
  outer loop
   vertex -29.5098 10.1319 46.5246
   vertex -35.6295 4.7921 44.4389
   vertex -29.4230 8.7416 46.4542
  endloop
 endfacet
 facet normal 0 0 0
  outer loop
   vertex -29.4163 8.7459 46.4564
   vertex -29.3018 8.6268 46.4804
   vertex -29.5098 10.1319 46.5246
  endloop
 endfacet
 facet normal 0 0 0
  outer loop
   vertex -29.3018 8.6268 46.4804
   vertex -29.4163 8.7459 46.4564
   vertex -29.2774 8.4500 46.4752
  endloop
 endfacet
 facet normal 0 0 0
  outer loop
   vertex -30.9530 -12.1225 43.8342
   vertex -31.1981 4.7363 42.6811
   vertex -24.8464 -9.2500 44.7155
  endloop
 endfacet
 facet normal 0 0 0
  outer loop
   vertex -31.1981 4.7363 42.6811
   vertex -30.9530 -12.1225 43.8342
   vertex -30.9415 -12.9205 43.8887
  endloop
 endfacet
 facet normal 0 0 0
  outer loop
   vertex -31.1981 4.7363 42.6811
   vertex -31.2097 5.5343 42.6265
   vertex -24.8464 -9.2500 44.7155
  endloop
 endfacet
 facet normal 0 0 0
  outer loop
   vertex -35.2191 -12.3069 45.6674
   vertex -29.2774 8.4500 46.4752
   vertex -29.4163 8.7459 46.4564
  endloop
 endfacet
 facet normal 0 0 0
  outer loop
   vertex -29.2774 8.4500 46.4752
   vertex -35.2191 -12.3069 45.6674
   vertex -29.2774 -8.4500 46.4752
  endloop
 endfacet
 facet normal 0 0 0
  outer loop
   vertex -30.9528 -12.1435 43.8356
   vertex -31.1981 4.7363 42.6811
   vertex -30.9415 -12.9205 43.8887
  endloop
 endfacet
 facet normal 0 0 0
  outer loop
   vertex -35.2191 -12.3069 45.6674
   vertex -29.4230 8.7416 46.4542
   vertex -35.3845 -12.0667 45.5919
  endloop
 endfacet
 facet normal 0 0 0
  outer loop
   vertex -29.4230 8.7416 46.4542
   vertex -35.2191 -12.3069 45.6674
   vertex -29.4163 8.7459 46.4564
  endloop
 endfacet
 facet normal 0 0 0
  outer loop
   vertex -35.6295 4.7921 44.4389
   vertex -35.3845 -12.0667 45.5919
   vertex -29.4230 8.7416 46.4542
  endloop
 endfacet
 facet normal 0 0 0
  outer loop
   vertex -35.6295 4.7921 44.4389
   vertex -35.3845 -12.0667 45.5919
   vertex -35.6295 4.7921 44.4389
  endloop
 endfacet
 facet normal 0 0 0
  outer loop
   vertex -35.7361 0.6568 43.9373
   vertex -35.3845 -12.0667 45.5919
   vertex -35.6295 4.7921 44.4389
  endloop
 endfacet
 facet normal 0 0 0
  outer loop
   vertex -35.7361 0.6568 43.9373
   vertex -35.6295 4.7921 44.4389
   vertex -35.6567 4.7830 44.3111
  endloop
 endfacet
 facet normal 0 0 0
  outer loop
   vertex -35.3845 -12.0667 45.5919
   vertex -35.7361 0.6568 43.9373
   vertex -35.5504 -12.1225 44.8113
  endloop
 endfacet
 facet normal 0 0 0
  outer loop
   vertex -35.4858 -19.2649 27.4761
   vertex -31.8647 -18.0201 44.4495
   vertex -32.1420 -18.7260 44.5590
  endloop
 endfacet
 facet normal 0 0 0
  outer loop
   vertex -35.4858 -19.2649 27.4761
   vertex -35.4736 -19.2339 27.4713
   vertex -31.8647 -18.0201 44.4495
  endloop
 endfacet
 facet normal 0 0 0
  outer loop
   vertex -35.3845 -12.0667 45.5919
   vertex -35.5504 -12.1225 44.8113
   vertex -37.7291 -12.8552 34.5617
  endloop
 endfacet
 facet normal 0 0 0
  outer loop
   vertex -34.5504 -14.1343 26.9105
   vertex -30.9804 -13.1352 43.9124
   vertex -35.4347 -19.0192 27.4477
  endloop
 endfacet
 facet normal 0 0 0
  outer loop
   vertex -30.9804 -13.1352 43.9124
   vertex -34.5504 -14.1343 26.9105
   vertex -30.9415 -12.9205 43.8887
  endloop
 endfacet
 facet normal 0 0 0
  outer loop
   vertex -35.6610 -19.9365 28.0660
   vertex -32.1420 -18.7260 44.5590
   vertex -32.1542 -18.7571 44.5638
  endloop
 endfacet
 facet normal 0 0 0
  outer loop
   vertex -35.4858 -19.2649 27.4761
   vertex -35.6610 -19.9365 28.0660
   vertex -35.6528 -19.6901 27.5420
  endloop
 endfacet
 facet normal 0 0 0
  outer loop
   vertex -35.6610 -19.9365 28.0660
   vertex -35.4858 -19.2649 27.4761
   vertex -32.1420 -18.7260 44.5590
  endloop
 endfacet
 facet normal 0 0 0
  outer loop
   vertex -39.9824 -18.1034 28.5589
   vertex -36.4258 -16.9583 45.3431
   vertex -35.3845 -12.0667 45.5919
  endloop
 endfacet
 facet normal 0 0 0
  outer loop
   vertex -36.4258 -16.9583 45.3431
   vertex -39.9824 -18.1034 28.5589
   vertex -39.9924 -18.1578 28.5642
  endloop
 endfacet
 facet normal 0 0 0
  outer loop
   vertex -37.7291 -12.8552 34.5617
   vertex -39.9824 -18.1034 28.5589
   vertex -35.3845 -12.0667 45.5919
  endloop
 endfacet
 facet normal 0 0 0
  outer loop
   vertex -37.7291 -12.8552 34.5617
   vertex -39.8910 -17.6047 28.5098
   vertex -39.9824 -18.1034 28.5589
  endloop
 endfacet
 facet normal 0 0 0
  outer loop
   vertex -37.7291 -12.8552 34.5617
   vertex -39.8107 -17.0420 28.3390
   vertex -39.8910 -17.6047 28.5098
  endloop
 endfacet
 facet normal 0 0 0
  outer loop
   vertex -37.7291 -12.8552 34.5617
   vertex -39.7882 -16.8101 28.2151
   vertex -39.8107 -17.0420 28.3390
  endloop
 endfacet
 facet normal 0 0 0
  outer loop
   vertex -39.1548 -13.3348 27.8542
   vertex -39.7882 -16.8101 28.2151
   vertex -37.7291 -12.8552 34.5617
  endloop
 endfacet
 facet normal 0 0 0
  outer loop
   vertex -39.7882 -16.8101 28.2151
   vertex -39.1548 -13.3348 27.8542
   vertex -39.1593 -13.3363 27.8331
  endloop
 endfacet
 facet normal 0 0 0
  outer loop
   vertex -35.4347 -19.0192 27.4477
   vertex -31.8647 -18.0201 44.4495
   vertex -35.4736 -19.2339 27.4713
  endloop
 endfacet
 facet normal 0 0 0
  outer loop
   vertex -31.8647 -18.0201 44.4495
   vertex -35.4347 -19.0192 27.4477
   vertex -30.9804 -13.1352 43.9124
  endloop
 endfacet
 facet normal 0 0 0
  outer loop
   vertex -35.3845 -12.0667 45.5919
   vertex -36.4186 -16.9559 45.3769
   vertex -36.2599 -16.9025 46.1237
  endloop
 endfacet
 facet normal 0 0 0
  outer loop
   vertex -36.4186 -16.9559 45.3769
   vertex -35.3845 -12.0667 45.5919
   vertex -36.4258 -16.9583 45.3431
  endloop
 endfacet
 facet normal 0 0 0
  outer loop
   vertex -31.8647 -18.0201 44.4495
   vertex -30.9415 -12.9205 43.8887
   vertex -25.5821 -13.7743 44.8719
  endloop
 endfacet
 facet normal 0 0 0
  outer loop
   vertex -36.2599 -16.9025 46.1237
   vertex -29.3018 -8.6268 46.4804
   vertex -29.2774 -8.4500 46.4752
  endloop
 endfacet
 facet normal 0 0 0
  outer loop
   vertex -29.3018 -8.6268 46.4804
   vertex -36.2599 -16.9025 46.1237
   vertex -29.5098 -10.1319 46.5246
  endloop
 endfacet
 facet normal 0 0 0
  outer loop
   vertex -29.5098 -10.1319 46.5246
   vertex -36.2599 -16.9025 46.1237
   vertex -29.7978 -12.0026 46.5765
  endloop
 endfacet
 facet normal 0 0 0
  outer loop
   vertex -29.5098 -10.1319 46.5246
   vertex -29.7978 -12.0026 46.5765
   vertex -29.8332 -12.4725 46.5934
  endloop
 endfacet
 facet normal 0 0 0
  outer loop
   vertex -30.9415 -12.9205 43.8887
   vertex -31.8647 -18.0201 44.4495
   vertex -30.9804 -13.1352 43.9124
  endloop
 endfacet
 facet normal 0 0 0
  outer loop
   vertex -36.2599 -16.9025 46.1237
   vertex -35.2191 -12.3069 45.6674
   vertex -35.3845 -12.0667 45.5919
  endloop
 endfacet
 facet normal 0 0 0
  outer loop
   vertex -29.2774 -8.4500 46.4752
   vertex -35.2191 -12.3069 45.6674
   vertex -36.2599 -16.9025 46.1237
  endloop
 endfacet
 facet normal 0 0 0
  outer loop
   vertex -25.3654 -13.0056 44.8258
   vertex -30.9530 -12.1225 43.8342
   vertex -24.8464 -9.2500 44.7155
  endloop
 endfacet
 facet normal 0 0 0
  outer loop
   vertex -25.5821 -13.7743 44.8719
   vertex -30.9415 -12.9205 43.8887
   vertex -25.3654 -13.0056 44.8258
  endloop
 endfacet
 facet normal 0 0 0
  outer loop
   vertex -30.9415 -12.9205 43.8887
   vertex -30.9530 -12.1225 43.8342
   vertex -25.3654 -13.0056 44.8258
  endloop
 endfacet
 facet normal 0 0 0
  outer loop
   vertex -36.2599 -16.9025 46.1237
   vertex -42.6652 -33.2082 48.6509
   vertex -29.7978 -12.0026 46.5765
  endloop
 endfacet
 facet normal 0 0 0
  outer loop
   vertex -25.5821 -13.7743 44.8719
   vertex -30.3778 -30.7817 45.8912
   vertex -31.8647 -18.0201 44.4495
  endloop
 endfacet
 facet normal 0 0 0
  outer loop
   vertex -30.3778 -30.7817 45.8912
   vertex -25.5821 -13.7743 44.8719
   vertex -25.3654 -13.0056 44.8258
  endloop
 endfacet
 facet normal 0 0 0
  outer loop
   vertex -42.6652 -33.2082 48.6509
   vertex -36.2599 -16.9025 46.1237
   vertex -36.4186 -16.9559 45.3769
  endloop
 endfacet
 facet normal 0 0 0
  outer loop
   vertex -38.2699 -34.3258 46.9767
   vertex -31.8647 -18.0201 44.4495
   vertex -30.3778 -30.7817 45.8912
  endloop
 endfacet
 facet normal 0 0 0
  outer loop
   vertex -31.8647 -18.0201 44.4495
   vertex -38.2699 -34.3258 46.9767
   vertex -38.5594 -35.0628 47.0910
  endloop
 endfacet
 facet normal 0 0 0
  outer loop
   vertex -42.6652 -33.2082 48.6509
   vertex -29.8332 -12.4725 46.5934
   vertex -29.7978 -12.0026 46.5765
  endloop
 endfacet
 facet normal 0 0 0
  outer loop
   vertex -29.8332 -12.4725 46.5934
   vertex -42.6652 -33.2082 48.6509
   vertex -34.4121 -28.7112 47.5667
  endloop
 endfacet
 facet normal 0 0 0
  outer loop
   vertex -32.1420 -18.7260 44.5590
   vertex -31.8647 -18.0201 44.4495
   vertex -38.5594 -35.0628 47.0910
  endloop
 endfacet
 facet normal 0 0 0
  outer loop
   vertex -32.1420 -18.7260 44.5590
   vertex -38.5594 -35.0628 47.0910
   vertex -32.1542 -18.7571 44.5638
  endloop
 endfacet
 facet normal 0 0 0
  outer loop
   vertex -36.4186 -16.9559 45.3769
   vertex -41.6185 -30.1771 47.3919
   vertex -42.6652 -33.2082 48.6509
  endloop
 endfacet
 facet normal 0 0 0
  outer loop
   vertex -41.6185 -30.1771 47.3919
   vertex -36.4186 -16.9559 45.3769
   vertex -36.4258 -16.9583 45.3431
  endloop
 endfacet
 facet normal 0 0 0
  outer loop
   vertex -41.6185 -30.1771 47.3919
   vertex -36.4258 -16.9583 45.3431
   vertex -41.4332 -29.7055 47.3188
  endloop
 endfacet
 facet normal 0 0 0
  outer loop
   vertex -42.6652 -33.2082 48.6509
   vertex -36.0360 -32.4188 47.9119
   vertex -34.4121 -28.7112 47.5667
  endloop
 endfacet
 facet normal 0 0 0
  outer loop
   vertex -38.5594 -35.0628 47.0910
   vertex -32.3105 -34.9207 46.3021
   vertex -36.0100 -35.0063 47.0885
  endloop
 endfacet
 facet normal 0 0 0
  outer loop
   vertex -38.5594 -35.0628 47.0910
   vertex -37.8027 -35.0207 47.4695
   vertex -38.3935 -35.0070 47.8716
  endloop
 endfacet
 facet normal 0 0 0
  outer loop
   vertex -38.5594 -35.0628 47.0910
   vertex -36.8197 -35.0128 47.2606
   vertex -37.8027 -35.0207 47.4695
  endloop
 endfacet
 facet normal 0 0 0
  outer loop
   vertex -36.8197 -35.0128 47.2606
   vertex -38.5594 -35.0628 47.0910
   vertex -36.0100 -35.0063 47.0885
  endloop
 endfacet
 facet normal 0 0 0
  outer loop
   vertex -38.3935 -35.0070 47.8716
   vertex -37.8027 -35.0207 47.4695
   vertex -37.7204 -34.9977 47.7868
  endloop
 endfacet
 facet normal 0 0 0
  outer loop
   vertex -32.3105 -34.9207 46.3021
   vertex -38.2699 -34.3258 46.9767
   vertex -31.8939 -34.2434 46.2136
  endloop
 endfacet
 facet normal 0 0 0
  outer loop
   vertex -38.2699 -34.3258 46.9767
   vertex -32.3105 -34.9207 46.3021
   vertex -38.5594 -35.0628 47.0910
  endloop
 endfacet
 facet normal 0 0 0
  outer loop
   vertex -36.0360 -32.4188 47.9119
   vertex -42.6652 -33.2082 48.6509
   vertex -38.3935 -35.0070 47.8716
  endloop
 endfacet
 facet normal 0 0 0
  outer loop
   vertex -38.3935 -35.0070 47.8716
   vertex -37.7204 -34.9977 47.7868
   vertex -36.0360 -32.4188 47.9119
  endloop
 endfacet
 facet normal 0 0 0
  outer loop
   vertex -38.2699 -34.3258 46.9767
   vertex -30.3778 -30.7817 45.8912
   vertex -31.8939 -34.2434 46.2136
  endloop
 endfacet
 facet normal 0 0 0
  outer loop
   vertex -31.8939 -34.2434 46.2136
   vertex -30.3778 -30.7817 45.8912
   vertex -31.7276 -34.2434 46.9961
  endloop
 endfacet
 facet normal 0 0 0
  outer loop
   vertex -32.3105 -34.9207 46.3021
   vertex -31.8939 -34.2434 46.2136
   vertex -31.7276 -34.2434 46.9961
  endloop
 endfacet
 facet normal 0 0 0
  outer loop
   vertex -32.4184 32.4188 64.9317
   vertex -44.4366 44.7733 70.9949
   vertex -41.6344 47.4027 66.8905
  endloop
 endfacet
 facet normal 0 0 0
  outer loop
   vertex -44.4366 44.7733 70.9949
   vertex -32.4184 32.4188 64.9317
   vertex -32.4091 32.1684 65.0446
  endloop
 endfacet
 facet normal 0 0 0
  outer loop
   vertex -30.4088 33.2352 68.5225
   vertex -37.5762 49.9046 66.8458
   vertex -40.5428 47.5236 71.0591
  endloop
 endfacet
 facet normal 0 0 0
  outer loop
   vertex -30.3895 33.2080 68.5176
   vertex -37.5762 49.9046 66.8458
   vertex -30.4088 33.2352 68.5225
  endloop
 endfacet
 facet normal 0 0 0
  outer loop
   vertex -30.2614 33.0274 68.4856
   vertex -37.5762 49.9046 66.8458
   vertex -30.3895 33.2080 68.5176
  endloop
 endfacet
 facet normal 0 0 0
  outer loop
   vertex -37.5762 49.9046 66.8458
   vertex -30.2614 33.0274 68.4856
   vertex -29.9508 32.5894 68.4078
  endloop
 endfacet
 facet normal 0 0 0
  outer loop
   vertex -30.1796 32.9121 68.4651
   vertex -29.9508 32.5894 68.4078
   vertex -30.2052 32.9481 68.4715
  endloop
 endfacet
 facet normal 0 0 0
  outer loop
   vertex -28.4196 34.7469 64.0817
   vertex -28.1100 34.2434 64.0159
   vertex -28.1101 34.2436 64.0159
  endloop
 endfacet
 facet normal 0 0 0
  outer loop
   vertex -28.3602 34.9207 64.8870
   vertex -28.5265 34.9207 64.1044
   vertex -37.7426 49.9046 66.0633
  endloop
 endfacet
 facet normal 0 0 0
  outer loop
   vertex -29.9508 32.5894 68.4078
   vertex -27.9437 34.2434 64.7984
   vertex -37.5762 49.9046 66.8458
  endloop
 endfacet
 facet normal 0 0 0
  outer loop
   vertex -37.5762 49.9046 66.8458
   vertex -28.3602 34.9207 64.8870
   vertex -37.7426 49.9046 66.0633
  endloop
 endfacet
 facet normal 0 0 0
  outer loop
   vertex -40.5428 47.5236 71.0591
   vertex -37.5762 49.9046 66.8458
   vertex -40.7090 47.5445 70.2768
  endloop
 endfacet
 facet normal 0 0 0
  outer loop
   vertex -37.5762 49.9046 66.8458
   vertex -37.7426 49.9045 66.0634
   vertex -40.7090 47.5445 70.2768
  endloop
 endfacet
 facet normal 0 0 0
  outer loop
   vertex -44.4366 44.7733 70.9949
   vertex -32.4091 32.1684 65.0446
   vertex -34.3026 30.4850 68.4583
  endloop
 endfacet
 facet normal 0 0 0
  outer loop
   vertex -44.2703 44.7523 71.7772
   vertex -40.7090 47.5445 70.2768
   vertex -44.4366 44.7733 70.9949
  endloop
 endfacet
 facet normal 0 0 0
  outer loop
   vertex -40.7090 47.5445 70.2768
   vertex -44.2703 44.7523 71.7772
   vertex -40.5428 47.5236 71.0591
  endloop
 endfacet
 facet normal 0 0 0
  outer loop
   vertex -40.7090 47.5445 70.2768
   vertex -37.9064 49.7993 66.0982
   vertex -41.6344 47.4027 66.8906
  endloop
 endfacet
 facet normal 0 0 0
  outer loop
   vertex -37.9064 49.7993 66.0982
   vertex -40.7090 47.5445 70.2768
   vertex -37.7426 49.9045 66.0634
  endloop
 endfacet
 facet normal 0 0 0
  outer loop
   vertex -29.9509 32.5896 68.4079
   vertex -29.9508 32.5894 68.4078
   vertex -30.1796 32.9121 68.4651
  endloop
 endfacet
 facet normal 0 0 0
  outer loop
   vertex -44.1134 44.8690 71.7469
   vertex -40.5428 47.5236 71.0591
   vertex -44.2703 44.7523 71.7772
  endloop
 endfacet
 facet normal 0 0 0
  outer loop
   vertex -40.7090 47.5445 70.2768
   vertex -41.6344 47.4027 66.8906
   vertex -41.4681 47.4027 67.6731
  endloop
 endfacet
 facet normal 0 0 0
  outer loop
   vertex -44.4366 44.7733 70.9949
   vertex -34.1364 30.4640 69.2406
   vertex -37.9975 35.9080 70.2070
  endloop
 endfacet
 facet normal 0 0 0
  outer loop
   vertex -44.4366 44.7733 70.9949
   vertex -34.3026 30.4850 68.4583
   vertex -34.1364 30.4640 69.2406
  endloop
 endfacet
 facet normal 0 0 0
  outer loop
   vertex -27.9437 34.2434 64.7984
   vertex -28.1100 34.2434 64.0159
   vertex -28.3602 34.9207 64.8870
  endloop
 endfacet
 facet normal 0 0 0
  outer loop
   vertex -37.5762 49.9046 66.8458
   vertex -27.9437 34.2434 64.7984
   vertex -28.3602 34.9207 64.8870
  endloop
 endfacet
 facet normal 0 0 0
  outer loop
   vertex -41.4681 47.4027 67.6731
   vertex -41.6344 47.4027 66.8905
   vertex -44.4366 44.7733 70.9949
  endloop
 endfacet
 facet normal 0 0 0
  outer loop
   vertex -40.7090 47.5445 70.2768
   vertex -41.4681 47.4027 67.6731
   vertex -44.4366 44.7733 70.9949
  endloop
 endfacet
 facet normal 0 0 0
  outer loop
   vertex -37.9975 35.9080 70.2070
   vertex -34.1364 30.4640 69.2406
   vertex -37.3450 34.9881 70.0437
  endloop
 endfacet
 facet normal 0 0 0
  outer loop
   vertex -31.7276 34.2434 46.9961
   vertex -28.1101 34.2436 64.0159
   vertex -28.1100 34.2434 64.0159
  endloop
 endfacet
 facet normal 0 0 0
  outer loop
   vertex -28.4196 34.7469 64.0817
   vertex -31.7276 34.2434 46.9961
   vertex -28.5265 34.9207 64.1044
  endloop
 endfacet
 facet normal 0 0 0
  outer loop
   vertex -28.1101 34.2436 64.0159
   vertex -31.7276 34.2434 46.9961
   vertex -28.4196 34.7469 64.0817
  endloop
 endfacet
 facet normal 0 0 0
  outer loop
   vertex -26.3771 30.0130 63.6475
   vertex -30.3778 30.7817 45.8912
   vertex -26.5938 30.7817 63.6936
  endloop
 endfacet
 facet normal 0 0 0
  outer loop
   vertex -30.3778 30.7817 45.8912
   vertex -26.3771 30.0130 63.6475
   vertex -30.1610 30.0130 45.8452
  endloop
 endfacet
 facet normal 0 0 0
  outer loop
   vertex -28.5265 34.9207 64.1044
   vertex -31.7276 34.2434 46.9961
   vertex -32.1442 34.9207 47.0846
  endloop
 endfacet
 facet normal 0 0 0
  outer loop
   vertex -28.5265 34.9207 64.1044
   vertex -32.1442 34.9207 47.0846
   vertex -30.9698 34.9207 52.6097
  endloop
 endfacet
 facet normal 0 0 0
  outer loop
   vertex -31.7276 34.2434 46.9961
   vertex -26.5938 30.7817 63.6936
   vertex -30.3778 30.7817 45.8912
  endloop
 endfacet
 facet normal 0 0 0
  outer loop
   vertex -26.6605 30.9339 63.7077
   vertex -26.5938 30.7817 63.6936
   vertex -31.7276 34.2434 46.9961
  endloop
 endfacet
 facet normal 0 0 0
  outer loop
   vertex -32.4184 32.4188 64.9317
   vertex -32.4229 32.4188 64.9105
   vertex -32.3470 32.2558 64.9165
  endloop
 endfacet
 facet normal 0 0 0
  outer loop
   vertex -36.0360 32.4188 47.9119
   vertex -32.3470 32.2558 64.9165
   vertex -32.4229 32.4188 64.9105
  endloop
 endfacet
 facet normal 0 0 0
  outer loop
   vertex -32.3470 32.2558 64.9165
   vertex -36.0360 32.4188 47.9119
   vertex -34.4121 28.7112 47.5667
  endloop
 endfacet
 facet normal 0 0 0
  outer loop
   vertex -26.3816 30.0130 63.6264
   vertex -30.1518 30.0130 45.8883
   vertex -30.1610 30.0130 45.8452
  endloop
 endfacet
 facet normal 0 0 0
  outer loop
   vertex -26.3771 30.0130 63.6475
   vertex -26.3816 30.0130 63.6264
   vertex -30.1610 30.0130 45.8452
  endloop
 endfacet
 facet normal 0 0 0
  outer loop
   vertex -26.6605 30.9339 63.7077
   vertex -31.7276 34.2434 46.9961
   vertex -28.1100 34.2434 64.0159
  endloop
 endfacet
 facet normal 0 0 0
  outer loop
   vertex -32.3470 32.2558 64.9165
   vertex -34.4121 28.7112 47.5667
   vertex -30.7944 28.7112 64.5865
  endloop
 endfacet
 facet normal 0 0 0
  outer loop
   vertex -32.3935 26.6316 67.9494
   vertex -32.9205 28.0101 68.9165
   vertex -34.1364 30.4640 69.2406
  endloop
 endfacet
 facet normal 0 0 0
  outer loop
   vertex -32.3470 32.2558 64.9165
   vertex -32.4091 32.1684 65.0446
   vertex -32.4184 32.4188 64.9317
  endloop
 endfacet
 facet normal 0 0 0
  outer loop
   vertex -32.4091 32.1684 65.0446
   vertex -30.7944 28.7112 64.5865
   vertex -34.3026 30.4850 68.4583
  endloop
 endfacet
 facet normal 0 0 0
  outer loop
   vertex -30.7944 28.7112 64.5865
   vertex -32.4091 32.1684 65.0446
   vertex -32.3470 32.2558 64.9165
  endloop
 endfacet
 facet normal 0 0 0
  outer loop
   vertex -34.3026 30.4850 68.4583
   vertex -32.3611 26.7510 67.8386
   vertex -32.3935 26.6316 67.9494
  endloop
 endfacet
 facet normal 0 0 0
  outer loop
   vertex -34.3026 30.4850 68.4583
   vertex -32.3581 26.7548 67.8323
   vertex -32.3611 26.7510 67.8386
  endloop
 endfacet
 facet normal 0 0 0
  outer loop
   vertex -34.3026 30.4850 68.4583
   vertex -30.7946 28.7109 64.5869
   vertex -32.3581 26.7548 67.8323
  endloop
 endfacet
 facet normal 0 0 0
  outer loop
   vertex -30.7946 28.7109 64.5869
   vertex -34.3026 30.4850 68.4583
   vertex -30.7944 28.7112 64.5865
  endloop
 endfacet
 facet normal 0 0 0
  outer loop
   vertex -27.9437 34.2434 64.7984
   vertex -29.1054 30.8831 68.1825
   vertex -28.1659 28.9868 67.9320
  endloop
 endfacet
 facet normal 0 0 0
  outer loop
   vertex -27.9437 34.2434 64.7984
   vertex -28.1659 28.9868 67.9320
   vertex -28.0874 28.8285 67.9111
  endloop
 endfacet
 facet normal 0 0 0
  outer loop
   vertex -29.1054 30.8831 68.1825
   vertex -27.9437 34.2434 64.7984
   vertex -29.9508 32.5894 68.4078
  endloop
 endfacet
 facet normal 0 0 0
  outer loop
   vertex -26.4275 30.7817 64.4761
   vertex -28.1100 34.2434 64.0159
   vertex -27.9437 34.2434 64.7984
  endloop
 endfacet
 facet normal 0 0 0
  outer loop
   vertex -26.2107 30.0130 64.4300
   vertex -26.5938 30.7817 63.6936
   vertex -26.4275 30.7817 64.4761
  endloop
 endfacet
 facet normal 0 0 0
  outer loop
   vertex -26.5938 30.7817 63.6936
   vertex -26.2107 30.0130 64.4300
   vertex -26.3771 30.0130 63.6475
  endloop
 endfacet
 facet normal 0 0 0
  outer loop
   vertex -26.4275 30.7817 64.4761
   vertex -26.5938 30.7817 63.6936
   vertex -28.1100 34.2434 64.0159
  endloop
 endfacet
 facet normal 0 0 0
  outer loop
   vertex -28.5265 34.9207 64.1044
   vertex -28.1100 34.2434 64.0159
   vertex -28.4196 34.7469 64.0817
  endloop
 endfacet
 facet normal 0 0 0
  outer loop
   vertex -26.5938 30.7817 63.6936
   vertex -26.6605 30.9339 63.7077
   vertex -28.1100 34.2434 64.0159
  endloop
 endfacet
 facet normal 0 0 0
  outer loop
   vertex -28.3602 34.9207 64.8870
   vertex -28.1100 34.2434 64.0159
   vertex -28.5265 34.9207 64.1044
  endloop
 endfacet
 facet normal 0 0 0
  outer loop
   vertex -28.0874 28.8285 67.9111
   vertex -26.4275 30.7817 64.4761
   vertex -27.9437 34.2434 64.7984
  endloop
 endfacet
 facet normal 0 0 0
  outer loop
   vertex -30.2052 32.9481 68.4715
   vertex -29.9508 32.5894 68.4078
   vertex -30.2142 32.9608 68.4738
  endloop
 endfacet
 facet normal 0 0 0
  outer loop
   vertex -34.3026 30.4850 68.4583
   vertex -32.3935 26.6316 67.9494
   vertex -34.1364 30.4640 69.2406
  endloop
 endfacet
 facet normal 0 0 0
  outer loop
   vertex -26.2107 30.0130 64.4300
   vertex -26.2182 30.0130 64.3947
   vertex -26.3771 30.0130 63.6475
  endloop
 endfacet
 facet normal 0 0 0
  outer loop
   vertex -30.2142 32.9608 68.4738
   vertex -29.9508 32.5894 68.4078
   vertex -30.2614 33.0274 68.4856
  endloop
 endfacet
 facet normal 0 0 0
  outer loop
   vertex -26.4275 30.7817 64.4761
   vertex -28.0738 28.7852 67.9070
   vertex -27.8551 28.0882 67.8419
  endloop
 endfacet
 facet normal 0 0 0
  outer loop
   vertex -26.4275 30.7817 64.4761
   vertex -27.8551 28.0882 67.8419
   vertex -24.0129 15.8460 66.6975
  endloop
 endfacet
 facet normal 0 0 0
  outer loop
   vertex -26.4275 30.7817 64.4761
   vertex -24.0129 15.8460 66.6975
   vertex -22.5696 11.2472 66.2675
  endloop
 endfacet
 facet normal 0 0 0
  outer loop
   vertex -28.0774 28.7965 67.9081
   vertex -26.4275 30.7817 64.4761
   vertex -28.0874 28.8285 67.9111
  endloop
 endfacet
 facet normal 0 0 0
  outer loop
   vertex -28.0738 28.7852 67.9070
   vertex -26.4275 30.7817 64.4761
   vertex -28.0774 28.7965 67.9081
  endloop
 endfacet
 facet normal 0 0 0
  outer loop
   vertex -26.3771 30.0130 63.6475
   vertex -21.7982 13.7743 62.6742
   vertex -26.5938 30.7817 63.6936
  endloop
 endfacet
 facet normal 0 0 0
  outer loop
   vertex -30.5669 21.3203 68.2371
   vertex -27.1866 10.5499 67.2303
   vertex -29.8120 18.9151 68.0122
  endloop
 endfacet
 facet normal 0 0 0
  outer loop
   vertex -32.3935 26.6316 67.9494
   vertex -27.1938 10.5509 67.1964
   vertex -32.3863 26.6307 67.9832
  endloop
 endfacet
 facet normal 0 0 0
  outer loop
   vertex -32.3935 26.6316 67.9494
   vertex -27.3016 10.5644 66.6893
   vertex -27.1938 10.5509 67.1964
  endloop
 endfacet
 facet normal 0 0 0
  outer loop
   vertex -32.3935 26.6316 67.9494
   vertex -27.3111 10.5656 66.6447
   vertex -27.3016 10.5644 66.6893
  endloop
 endfacet
 facet normal 0 0 0
  outer loop
   vertex -27.3111 10.5656 66.6447
   vertex -32.3935 26.6316 67.9494
   vertex -27.3529 10.5709 66.4480
  endloop
 endfacet
 facet normal 0 0 0
  outer loop
   vertex -26.3771 30.0130 63.6475
   vertex -26.5938 30.7817 63.6936
   vertex -24.1308 22.0469 63.1701
  endloop
 endfacet
 facet normal 0 0 0
  outer loop
   vertex -26.5938 30.7817 63.6936
   vertex -21.7982 13.7743 62.6742
   vertex -24.1308 22.0469 63.1701
  endloop
 endfacet
 facet normal 0 0 0
  outer loop
   vertex -21.7982 13.7743 62.6742
   vertex -26.2107 30.0130 64.4300
   vertex -21.4151 13.0056 63.4107
  endloop
 endfacet
 facet normal 0 0 0
  outer loop
   vertex -26.2107 30.0130 64.4300
   vertex -21.7982 13.7743 62.6742
   vertex -26.2182 30.0130 64.3947
  endloop
 endfacet
 facet normal 0 0 0
  outer loop
   vertex -22.5696 11.2472 66.2675
   vertex -26.2107 30.0130 64.4300
   vertex -26.4275 30.7817 64.4761
  endloop
 endfacet
 facet normal 0 0 0
  outer loop
   vertex -21.4151 13.0056 63.4107
   vertex -26.2107 30.0130 64.4300
   vertex -22.5696 11.2472 66.2675
  endloop
 endfacet
 facet normal 0 0 0
  outer loop
   vertex -32.3863 26.6307 67.9832
   vertex -30.5669 21.3203 68.2371
   vertex -32.3726 26.6290 68.0477
  endloop
 endfacet
 facet normal 0 0 0
  outer loop
   vertex -27.1938 10.5509 67.1964
   vertex -30.5669 21.3203 68.2371
   vertex -32.3863 26.6307 67.9832
  endloop
 endfacet
 facet normal 0 0 0
  outer loop
   vertex -30.5669 21.3203 68.2371
   vertex -27.1938 10.5509 67.1964
   vertex -27.1866 10.5499 67.2303
  endloop
 endfacet
 facet normal 0 0 0
  outer loop
   vertex -28.4064 20.2421 64.0789
   vertex -30.7946 28.7109 64.5869
   vertex -30.7944 28.7112 64.5865
  endloop
 endfacet
 facet normal 0 0 0
  outer loop
   vertex -28.4064 20.2421 64.0789
   vertex -32.3581 26.7548 67.8323
   vertex -30.7946 28.7109 64.5869
  endloop
 endfacet
 facet normal 0 0 0
  outer loop
   vertex -32.3581 26.7548 67.8323
   vertex -28.4064 20.2421 64.0789
   vertex -26.2156 12.4725 63.6132
  endloop
 endfacet
 facet normal 0 0 0
  outer loop
   vertex -26.2182 30.0130 64.3947
   vertex -21.7982 13.7743 62.6742
   vertex -26.3771 30.0130 63.6475
  endloop
 endfacet
 facet normal 0 0 0
  outer loop
   vertex -26.2156 12.4725 63.6132
   vertex -32.3611 26.7510 67.8386
   vertex -32.3581 26.7548 67.8323
  endloop
 endfacet
 facet normal 0 0 0
  outer loop
   vertex -32.3611 26.7510 67.8386
   vertex -26.2156 12.4725 63.6132
   vertex -26.2590 12.3191 63.7418
  endloop
 endfacet
 facet normal 0 0 0
  outer loop
   vertex -22.6052 11.3607 66.2782
   vertex -22.5696 11.2472 66.2675
   vertex -24.0129 15.8460 66.6975
  endloop
 endfacet
 facet normal 0 0 0
  outer loop
   vertex -29.8120 18.9151 68.0122
   vertex -27.1866 10.5499 67.2303
   vertex -27.1866 10.5500 67.2303
  endloop
 endfacet
 facet normal 0 0 0
  outer loop
   vertex -26.2590 12.3191 63.7418
   vertex -32.3935 26.6316 67.9494
   vertex -32.3611 26.7510 67.8386
  endloop
 endfacet
 facet normal 0 0 0
  outer loop
   vertex -32.3935 26.6316 67.9494
   vertex -26.2590 12.3191 63.7418
   vertex -26.2610 12.3158 63.7468
  endloop
 endfacet
 facet normal 0 0 0
  outer loop
   vertex -32.3935 26.6316 67.9494
   vertex -27.3528 10.5710 66.4478
   vertex -27.3529 10.5709 66.4480
  endloop
 endfacet
 facet normal 0 0 0
  outer loop
   vertex -27.3528 10.5710 66.4478
   vertex -32.3935 26.6316 67.9494
   vertex -26.2610 12.3158 63.7468
  endloop
 endfacet
 facet normal 0 0 0
  outer loop
   vertex -29.5098 10.1319 46.5246
   vertex -26.2156 12.4725 63.6132
   vertex -29.8332 12.4725 46.5934
  endloop
 endfacet
 facet normal 0 0 0
  outer loop
   vertex -26.2156 12.4725 63.6132
   vertex -29.5098 10.1319 46.5246
   vertex -29.3018 8.6268 46.4804
  endloop
 endfacet
 facet normal 0 0 0
  outer loop
   vertex -29.3018 8.6268 46.4804
   vertex -25.6597 8.4500 63.4951
   vertex -26.2156 12.4725 63.6132
  endloop
 endfacet
 facet normal 0 0 0
  outer loop
   vertex -29.3018 8.6268 46.4804
   vertex -29.2774 8.4500 46.4752
   vertex -25.6597 8.4500 63.4951
  endloop
 endfacet
 facet normal 0 0 0
  outer loop
   vertex -21.3736 11.5015 62.5840
   vertex -25.3654 13.0056 44.8258
   vertex -21.4151 13.0056 63.4107
  endloop
 endfacet
 facet normal 0 0 0
  outer loop
   vertex -24.8464 9.2500 44.7155
   vertex -21.3736 11.5015 62.5840
   vertex -21.0624 9.2500 62.5179
  endloop
 endfacet
 facet normal 0 0 0
  outer loop
   vertex -21.3736 11.5015 62.5840
   vertex -24.8464 9.2500 44.7155
   vertex -25.3654 13.0056 44.8258
  endloop
 endfacet
 facet normal 0 0 0
  outer loop
   vertex -21.7982 13.7743 62.6742
   vertex -25.3654 13.0056 44.8258
   vertex -24.9500 13.7743 47.8459
  endloop
 endfacet
 facet normal 0 0 0
  outer loop
   vertex -21.4151 13.0056 63.4107
   vertex -25.3654 13.0056 44.8258
   vertex -21.7982 13.7743 62.6742
  endloop
 endfacet
 facet normal 0 0 0
  outer loop
   vertex -22.5696 11.2472 66.2675
   vertex -20.8961 9.2500 63.3004
   vertex -21.4151 13.0056 63.4107
  endloop
 endfacet
 facet normal 0 0 0
  outer loop
   vertex -26.2156 12.4725 63.6132
   vertex -25.7033 8.4655 63.5805
   vertex -26.7109 6.2958 66.1971
  endloop
 endfacet
 facet normal 0 0 0
  outer loop
   vertex -25.7033 8.4655 63.5805
   vertex -26.2156 12.4725 63.6132
   vertex -25.6597 8.4500 63.4951
  endloop
 endfacet
 facet normal 0 0 0
  outer loop
   vertex -21.3736 11.5015 62.5840
   vertex -21.0624 9.2500 62.5179
   vertex -21.0624 8.4500 62.5179
  endloop
 endfacet
 facet normal 0 0 0
  outer loop
   vertex -21.3736 11.5015 62.5840
   vertex -21.0624 8.4500 62.5179
   vertex -21.0624 9.2500 62.5179
  endloop
 endfacet
 facet normal 0 0 0
  outer loop
   vertex -21.0624 -8.4500 62.5179
   vertex -20.8961 -9.2500 63.3004
   vertex -21.0624 -9.2500 62.5179
  endloop
 endfacet
 facet normal 0 0 0
  outer loop
   vertex -20.8961 -9.2500 63.3004
   vertex -21.0624 -8.4500 62.5179
   vertex -20.8961 9.2500 63.3004
  endloop
 endfacet
 facet normal 0 0 0
  outer loop
   vertex -21.0624 8.4500 62.5179
   vertex -20.8961 9.2500 63.3004
   vertex -21.0624 -8.4500 62.5179
  endloop
 endfacet
 facet normal 0 0 0
  outer loop
   vertex -20.8961 9.2500 63.3004
   vertex -21.0624 8.4500 62.5179
   vertex -21.0624 9.2500 62.5179
  endloop
 endfacet
 facet normal 0 0 0
  outer loop
   vertex -20.8961 9.2500 63.3004
   vertex -21.0624 9.2500 62.5179
   vertex -21.4151 13.0056 63.4107
  endloop
 endfacet
 facet normal 0 0 0
  outer loop
   vertex -27.3528 10.5710 66.4478
   vertex -26.7109 6.2958 66.1971
   vertex -27.3529 10.5709 66.4480
  endloop
 endfacet
 facet normal 0 0 0
  outer loop
   vertex -26.2610 12.3158 63.7468
   vertex -26.7109 6.2958 66.1971
   vertex -27.3528 10.5710 66.4478
  endloop
 endfacet
 facet normal 0 0 0
  outer loop
   vertex -26.2590 12.3191 63.7418
   vertex -26.7109 6.2958 66.1971
   vertex -26.2610 12.3158 63.7468
  endloop
 endfacet
 facet normal 0 0 0
  outer loop
   vertex -26.7109 6.2958 66.1971
   vertex -26.2590 12.3191 63.7418
   vertex -26.2156 12.4725 63.6132
  endloop
 endfacet
 facet normal 0 0 0
  outer loop
   vertex -21.9430 7.0746 66.0226
   vertex -20.8961 -9.2500 63.3004
   vertex -20.8961 9.2500 63.3004
  endloop
 endfacet
 facet normal 0 0 0
  outer loop
   vertex -22.5696 11.2472 66.2675
   vertex -21.9430 7.0746 66.0226
   vertex -20.8961 9.2500 63.3004
  endloop
 endfacet
 facet normal 0 0 0
  outer loop
   vertex -21.9435 6.9791 66.0202
   vertex -21.9474 6.2749 66.0021
   vertex -21.9430 7.0746 66.0226
  endloop
 endfacet
 facet normal 0 0 0
  outer loop
   vertex -21.4151 13.0056 63.4107
   vertex -21.0624 9.2500 62.5179
   vertex -21.3736 11.5015 62.5840
  endloop
 endfacet
 facet normal 0 0 0
  outer loop
   vertex -25.6597 -8.4500 63.4951
   vertex -25.7033 8.4655 63.5805
   vertex -25.6597 8.4500 63.4951
  endloop
 endfacet
 facet normal 0 0 0
  outer loop
   vertex -25.7033 8.4655 63.5805
   vertex -25.6597 -8.4500 63.4951
   vertex -26.7620 -10.5840 65.6553
  endloop
 endfacet
 facet normal 0 0 0
  outer loop
   vertex -26.7109 6.2958 66.1971
   vertex -26.7620 -10.5840 65.6553
   vertex -26.8029 -10.5984 65.7644
  endloop
 endfacet
 facet normal 0 0 0
  outer loop
   vertex -26.7620 -10.5840 65.6553
   vertex -26.7109 6.2958 66.1971
   vertex -25.7033 8.4655 63.5805
  endloop
 endfacet
 facet normal 0 0 0
  outer loop
   vertex -26.5518 6.2758 66.9455
   vertex -26.6114 -5.9825 66.6654
   vertex -26.5447 6.2749 66.9793
  endloop
 endfacet
 facet normal 0 0 0
  outer loop
   vertex -26.7957 -10.5993 65.7983
   vertex -26.6114 -5.9825 66.6654
   vertex -26.5518 6.2758 66.9455
  endloop
 endfacet
 facet normal 0 0 0
  outer loop
   vertex -26.6114 -5.9825 66.6654
   vertex -26.7957 -10.5993 65.7983
   vertex -26.7784 -10.6015 65.8795
  endloop
 endfacet
 facet normal 0 0 0
  outer loop
   vertex -21.9430 7.0746 66.0226
   vertex -21.9434 6.9926 66.0205
   vertex -21.9430 7.0746 66.0226
  endloop
 endfacet
 facet normal 0 0 0
  outer loop
   vertex -26.7109 6.2958 66.1971
   vertex -26.7957 -10.5993 65.7983
   vertex -26.5518 6.2758 66.9455
  endloop
 endfacet
 facet normal 0 0 0
  outer loop
   vertex -26.7957 -10.5993 65.7983
   vertex -26.7109 6.2958 66.1971
   vertex -26.8029 -10.5984 65.7644
  endloop
 endfacet
 facet normal 0 0 0
  outer loop
   vertex -20.8961 -9.2500 63.3004
   vertex -22.0394 -10.6404 65.5690
   vertex -22.0429 -11.2844 65.5525
  endloop
 endfacet
 facet normal 0 0 0
  outer loop
   vertex -22.0394 -10.6404 65.5690
   vertex -20.8961 -9.2500 63.3004
   vertex -22.0393 -10.6194 65.5695
  endloop
 endfacet
 facet normal 0 0 0
  outer loop
   vertex -20.8961 -9.2500 63.3004
   vertex -22.0429 -11.2844 65.5525
   vertex -22.0436 -11.4191 65.5490
  endloop
 endfacet
 facet normal 0 0 0
  outer loop
   vertex -20.8961 -9.2500 63.3004
   vertex -21.9662 2.8185 65.9136
   vertex -22.0393 -10.6194 65.5695
  endloop
 endfacet
 facet normal 0 0 0
  outer loop
   vertex -21.9474 6.2749 66.0021
   vertex -20.8961 -9.2500 63.3004
   vertex -21.9430 7.0746 66.0226
  endloop
 endfacet
 facet normal 0 0 0
  outer loop
   vertex -21.9662 2.8185 65.9136
   vertex -20.8961 -9.2500 63.3004
   vertex -21.9474 6.2749 66.0021
  endloop
 endfacet
 facet normal 0 0 0
  outer loop
   vertex -21.9434 6.9926 66.0205
   vertex -21.9435 6.9791 66.0202
   vertex -21.9430 7.0746 66.0226
  endloop
 endfacet
 facet normal 0 0 0
  outer loop
   vertex -26.2156 -12.4725 63.6132
   vertex -29.5098 -10.1319 46.5246
   vertex -29.8332 -12.4725 46.5934
  endloop
 endfacet
 facet normal 0 0 0
  outer loop
   vertex -29.5098 -10.1319 46.5246
   vertex -26.2156 -12.4725 63.6132
   vertex -29.3018 -8.6268 46.4804
  endloop
 endfacet
 facet normal 0 0 0
  outer loop
   vertex -29.2774 -8.4500 46.4752
   vertex -29.3018 -8.6268 46.4804
   vertex -25.6597 -8.4500 63.4951
  endloop
 endfacet
 facet normal 0 0 0
  outer loop
   vertex -26.2156 -12.4725 63.6132
   vertex -25.6597 -8.4500 63.4951
   vertex -29.3018 -8.6268 46.4804
  endloop
 endfacet
 facet normal 0 0 0
  outer loop
   vertex -24.9500 -13.7743 47.8459
   vertex -25.3654 -13.0056 44.8258
   vertex -21.7982 -13.7743 62.6742
  endloop
 endfacet
 facet normal 0 0 0
  outer loop
   vertex -21.7982 -13.7743 62.6742
   vertex -25.3654 -13.0056 44.8258
   vertex -21.4151 -13.0056 63.4107
  endloop
 endfacet
 facet normal 0 0 0
  outer loop
   vertex -25.3654 -13.0056 44.8258
   vertex -21.3736 -11.5015 62.5840
   vertex -21.4151 -13.0056 63.4107
  endloop
 endfacet
 facet normal 0 0 0
  outer loop
   vertex -24.8464 -9.2500 44.7155
   vertex -21.3736 -11.5015 62.5840
   vertex -25.3654 -13.0056 44.8258
  endloop
 endfacet
 facet normal 0 0 0
  outer loop
   vertex -21.3736 -11.5015 62.5840
   vertex -24.8464 -9.2500 44.7155
   vertex -21.0624 -9.2500 62.5179
  endloop
 endfacet
 facet normal 0 0 0
  outer loop
   vertex -26.2203 -12.3404 63.6608
   vertex -25.6597 -8.4500 63.4951
   vertex -26.2156 -12.4725 63.6132
  endloop
 endfacet
 facet normal 0 0 0
  outer loop
   vertex -26.2222 -12.3442 63.6640
   vertex -25.6597 -8.4500 63.4951
   vertex -26.2203 -12.3404 63.6608
  endloop
 endfacet
 facet normal 0 0 0
  outer loop
   vertex -25.6597 -8.4500 63.4951
   vertex -26.2222 -12.3442 63.6640
   vertex -27.4914 -14.8735 65.7963
  endloop
 endfacet
 facet normal 0 0 0
  outer loop
   vertex -26.8029 -10.5984 65.7644
   vertex -26.7620 -10.5840 65.6553
   vertex -27.4914 -14.8735 65.7963
  endloop
 endfacet
 facet normal 0 0 0
  outer loop
   vertex -26.7620 -10.5840 65.6553
   vertex -25.6597 -8.4500 63.4951
   vertex -27.4914 -14.8735 65.7963
  endloop
 endfacet
 facet normal 0 0 0
  outer loop
   vertex -21.0624 -8.4500 62.5179
   vertex -21.0624 -9.2500 62.5179
   vertex -21.3736 -11.5015 62.5840
  endloop
 endfacet
 facet normal 0 0 0
  outer loop
   vertex -21.0624 -8.4500 62.5179
   vertex -21.3736 -11.5015 62.5840
   vertex -21.0624 -9.2500 62.5179
  endloop
 endfacet
 facet normal 0 0 0
  outer loop
   vertex -26.7784 -10.6015 65.8795
   vertex -26.7957 -10.5993 65.7983
   vertex -26.7065 -10.6106 66.2179
  endloop
 endfacet
 facet normal 0 0 0
  outer loop
   vertex -26.7065 -10.6106 66.2179
   vertex -26.7957 -10.5993 65.7983
   vertex -26.8029 -10.5984 65.7644
  endloop
 endfacet
 facet normal 0 0 0
  outer loop
   vertex -21.4151 -13.0056 63.4107
   vertex -21.0624 -9.2500 62.5179
   vertex -20.8961 -9.2500 63.3004
  endloop
 endfacet
 facet normal 0 0 0
  outer loop
   vertex -22.6862 -15.4083 65.5787
   vertex -21.4151 -13.0056 63.4107
   vertex -22.0436 -11.4191 65.5490
  endloop
 endfacet
 facet normal 0 0 0
  outer loop
   vertex -21.4151 -13.0056 63.4107
   vertex -22.6862 -15.4083 65.5787
   vertex -22.7157 -15.5917 65.5801
  endloop
 endfacet
 facet normal 0 0 0
  outer loop
   vertex -22.0436 -11.4191 65.5490
   vertex -21.4151 -13.0056 63.4107
   vertex -20.8961 -9.2500 63.3004
  endloop
 endfacet
 facet normal 0 0 0
  outer loop
   vertex -21.3736 -11.5015 62.5840
   vertex -21.0624 -9.2500 62.5179
   vertex -21.4151 -13.0056 63.4107
  endloop
 endfacet
 facet normal 0 0 0
  outer loop
   vertex -22.9626 -16.3519 65.6122
   vertex -22.9051 -16.1748 65.6047
   vertex -22.9561 -16.3319 65.6113
  endloop
 endfacet
 facet normal 0 0 0
  outer loop
   vertex -32.7069 -30.9342 66.4750
   vertex -27.3251 -14.8944 66.5785
   vertex -27.3327 -14.8935 66.5431
  endloop
 endfacet
 facet normal 0 0 0
  outer loop
   vertex -27.3251 -14.8944 66.5785
   vertex -32.7069 -30.9342 66.4750
   vertex -32.5407 -30.9552 67.2572
  endloop
 endfacet
 facet normal 0 0 0
  outer loop
   vertex -26.2156 -12.4725 63.6132
   vertex -32.7244 -31.0352 66.4101
   vertex -26.2203 -12.3404 63.6608
  endloop
 endfacet
 facet normal 0 0 0
  outer loop
   vertex -32.7244 -31.0352 66.4101
   vertex -26.2156 -12.4725 63.6132
   vertex -32.7214 -31.0316 66.4073
  endloop
 endfacet
 facet normal 0 0 0
  outer loop
   vertex -21.7982 -13.7743 62.6742
   vertex -26.2107 -30.0130 64.4300
   vertex -26.2182 -30.0130 64.3947
  endloop
 endfacet
 facet normal 0 0 0
  outer loop
   vertex -26.2107 -30.0130 64.4300
   vertex -21.7982 -13.7743 62.6742
   vertex -21.4151 -13.0056 63.4107
  endloop
 endfacet
 facet normal 0 0 0
  outer loop
   vertex -26.2222 -12.3442 63.6640
   vertex -32.7244 -31.0352 66.4101
   vertex -32.7069 -30.9342 66.4750
  endloop
 endfacet
 facet normal 0 0 0
  outer loop
   vertex -32.7244 -31.0352 66.4101
   vertex -26.2222 -12.3442 63.6640
   vertex -26.2203 -12.3404 63.6608
  endloop
 endfacet
 facet normal 0 0 0
  outer loop
   vertex -26.5938 -30.7817 63.6936
   vertex -26.3771 -30.0130 63.6475
   vertex -24.1308 -22.0469 63.1701
  endloop
 endfacet
 facet normal 0 0 0
  outer loop
   vertex -21.7982 -13.7743 62.6742
   vertex -26.5938 -30.7817 63.6936
   vertex -24.1308 -22.0469 63.1701
  endloop
 endfacet
 facet normal 0 0 0
  outer loop
   vertex -26.2107 -30.0130 64.4300
   vertex -22.7157 -15.5917 65.5801
   vertex -26.4275 -30.7817 64.4761
  endloop
 endfacet
 facet normal 0 0 0
  outer loop
   vertex -21.4151 -13.0056 63.4107
   vertex -22.7157 -15.5917 65.5801
   vertex -26.2107 -30.0130 64.4300
  endloop
 endfacet
 facet normal 0 0 0
  outer loop
   vertex -26.3771 -30.0130 63.6475
   vertex -21.7982 -13.7743 62.6742
   vertex -26.2182 -30.0130 64.3947
  endloop
 endfacet
 facet normal 0 0 0
  outer loop
   vertex -30.7945 -28.7112 64.5865
   vertex -28.4064 -20.2421 64.0789
   vertex -30.7944 -28.7112 64.5865
  endloop
 endfacet
 facet normal 0 0 0
  outer loop
   vertex -32.7214 -31.0316 66.4073
   vertex -28.4064 -20.2421 64.0789
   vertex -30.7945 -28.7112 64.5865
  endloop
 endfacet
 facet normal 0 0 0
  outer loop
   vertex -28.4064 -20.2421 64.0789
   vertex -32.7214 -31.0316 66.4073
   vertex -26.2156 -12.4725 63.6132
  endloop
 endfacet
 facet normal 0 0 0
  outer loop
   vertex -28.0363 -32.3565 66.1119
   vertex -22.9626 -16.3519 65.6122
   vertex -28.2086 -32.5067 66.2949
  endloop
 endfacet
 facet normal 0 0 0
  outer loop
   vertex -26.4275 -30.7817 64.4761
   vertex -28.0363 -32.3565 66.1119
   vertex -27.7844 -32.1994 65.8180
  endloop
 endfacet
 facet normal 0 0 0
  outer loop
   vertex -28.0363 -32.3565 66.1119
   vertex -26.4275 -30.7817 64.4761
   vertex -22.9626 -16.3519 65.6122
  endloop
 endfacet
 facet normal 0 0 0
  outer loop
   vertex -22.9626 -16.3519 65.6122
   vertex -26.4275 -30.7817 64.4761
   vertex -22.9051 -16.1748 65.6047
  endloop
 endfacet
 facet normal 0 0 0
  outer loop
   vertex -26.4275 -30.7817 64.4761
   vertex -27.7844 -32.1994 65.8180
   vertex -27.5328 -32.1027 65.4991
  endloop
 endfacet
 facet normal 0 0 0
  outer loop
   vertex -26.4275 -30.7817 64.4761
   vertex -27.5328 -32.1027 65.4991
   vertex -27.5307 -32.1024 65.4961
  endloop
 endfacet
 facet normal 0 0 0
  outer loop
   vertex -22.9051 -16.1748 65.6047
   vertex -26.4275 -30.7817 64.4761
   vertex -22.7157 -15.5917 65.5801
  endloop
 endfacet
 facet normal 0 0 0
  outer loop
   vertex -27.4914 -14.8735 65.7963
   vertex -26.2222 -12.3442 63.6640
   vertex -32.7069 -30.9342 66.4750
  endloop
 endfacet
 facet normal 0 0 0
  outer loop
   vertex -27.3327 -14.8935 66.5431
   vertex -27.4914 -14.8735 65.7963
   vertex -32.7069 -30.9342 66.4750
  endloop
 endfacet
 facet normal 0 0 0
  outer loop
   vertex -26.5938 -30.7817 63.6936
   vertex -26.2107 -30.0130 64.4300
   vertex -26.4275 -30.7817 64.4761
  endloop
 endfacet
 facet normal 0 0 0
  outer loop
   vertex -26.2107 -30.0130 64.4300
   vertex -26.5938 -30.7817 63.6936
   vertex -26.3771 -30.0130 63.6475
  endloop
 endfacet
 facet normal 0 0 0
  outer loop
   vertex -26.5938 -30.7817 63.6936
   vertex -21.7982 -13.7743 62.6742
   vertex -26.3771 -30.0130 63.6475
  endloop
 endfacet
 facet normal 0 0 0
  outer loop
   vertex -26.3771 -30.0130 63.6475
   vertex -30.1610 -30.0130 45.8452
   vertex -26.3816 -30.0130 63.6264
  endloop
 endfacet
 facet normal 0 0 0
  outer loop
   vertex -31.7276 -34.2434 46.9961
   vertex -26.5938 -30.7817 63.6936
   vertex -26.6605 -30.9339 63.7077
  endloop
 endfacet
 facet normal 0 0 0
  outer loop
   vertex -26.5938 -30.7817 63.6936
   vertex -31.7276 -34.2434 46.9961
   vertex -30.3778 -30.7817 45.8912
  endloop
 endfacet
 facet normal 0 0 0
  outer loop
   vertex -28.1547 -34.1017 63.5001
   vertex -31.7276 -34.2434 46.9961
   vertex -28.0099 -33.7700 63.4674
  endloop
 endfacet
 facet normal 0 0 0
  outer loop
   vertex -31.7276 -34.2434 46.9961
   vertex -28.1547 -34.1017 63.5001
   vertex -28.2105 -34.2434 63.5431
  endloop
 endfacet
 facet normal 0 0 0
  outer loop
   vertex -27.5166 -32.8255 63.7539
   vertex -26.6605 -30.9339 63.7077
   vertex -27.4267 -32.6833 63.8706
  endloop
 endfacet
 facet normal 0 0 0
  outer loop
   vertex -27.6845 -33.1194 63.5968
   vertex -26.6605 -30.9339 63.7077
   vertex -27.5166 -32.8255 63.7539
  endloop
 endfacet
 facet normal 0 0 0
  outer loop
   vertex -27.8511 -33.4383 63.5001
   vertex -26.6605 -30.9339 63.7077
   vertex -27.6845 -33.1194 63.5968
  endloop
 endfacet
 facet normal 0 0 0
  outer loop
   vertex -31.7276 -34.2434 46.9961
   vertex -27.8511 -33.4383 63.5001
   vertex -28.0099 -33.7700 63.4674
  endloop
 endfacet
 facet normal 0 0 0
  outer loop
   vertex -27.8511 -33.4383 63.5001
   vertex -31.7276 -34.2434 46.9961
   vertex -26.6605 -30.9339 63.7077
  endloop
 endfacet
 facet normal 0 0 0
  outer loop
   vertex -30.3778 -30.7817 45.8912
   vertex -26.3771 -30.0130 63.6475
   vertex -26.5938 -30.7817 63.6936
  endloop
 endfacet
 facet normal 0 0 0
  outer loop
   vertex -26.3771 -30.0130 63.6475
   vertex -30.3778 -30.7817 45.8912
   vertex -30.1610 -30.0130 45.8452
  endloop
 endfacet
 facet normal 0 0 0
  outer loop
   vertex -32.3105 -34.9207 46.3021
   vertex -30.9698 -34.9207 52.6097
   vertex -32.2241 -34.9207 46.7084
  endloop
 endfacet
 facet normal 0 0 0
  outer loop
   vertex -30.9698 -34.9207 52.6097
   vertex -32.3105 -34.9207 46.3021
   vertex -28.8894 -34.9207 62.3972
  endloop
 endfacet
 facet normal 0 0 0
  outer loop
   vertex -34.4121 -28.7112 47.5667
   vertex -32.9343 -32.4188 62.5043
   vertex -32.7540 -32.1033 62.6730
  endloop
 endfacet
 facet normal 0 0 0
  outer loop
   vertex -34.4121 -28.7112 47.5667
   vertex -32.7540 -32.1033 62.6730
   vertex -32.5884 -31.8414 62.8879
  endloop
 endfacet
 facet normal 0 0 0
  outer loop
   vertex -32.9343 -32.4188 62.5043
   vertex -34.4121 -28.7112 47.5667
   vertex -36.0360 -32.4188 47.9119
  endloop
 endfacet
 facet normal 0 0 0
  outer loop
   vertex -28.8880 -34.9180 62.3958
   vertex -31.7276 -34.2434 46.9961
   vertex -28.8500 -34.8522 62.3758
  endloop
 endfacet
 facet normal 0 0 0
  outer loop
   vertex -28.8894 -34.9207 62.3972
   vertex -31.7276 -34.2434 46.9961
   vertex -28.8880 -34.9180 62.3958
  endloop
 endfacet
 facet normal 0 0 0
  outer loop
   vertex -31.7276 -34.2434 46.9961
   vertex -28.8894 -34.9207 62.3972
   vertex -32.3105 -34.9207 46.3021
  endloop
 endfacet
 facet normal 0 0 0
  outer loop
   vertex -28.7300 -34.9207 63.1472
   vertex -28.5616 -34.9132 63.9170
   vertex -28.5651 -34.9207 63.9231
  endloop
 endfacet
 facet normal 0 0 0
  outer loop
   vertex -28.5616 -34.9132 63.9170
   vertex -28.7300 -34.9207 63.1472
   vertex -28.7300 -34.8776 63.0170
  endloop
 endfacet
 facet normal 0 0 0
  outer loop
   vertex -28.8500 -34.8522 62.3758
   vertex -31.7276 -34.2434 46.9961
   vertex -28.7300 -34.6448 62.3129
  endloop
 endfacet
 facet normal 0 0 0
  outer loop
   vertex -28.7300 -34.8776 63.0170
   vertex -28.4685 -34.7145 63.7539
   vertex -28.5616 -34.9132 63.9170
  endloop
 endfacet
 facet normal 0 0 0
  outer loop
   vertex -28.7300 -34.8776 63.0170
   vertex -28.3129 -34.4206 63.5968
   vertex -28.4685 -34.7145 63.7539
  endloop
 endfacet
 facet normal 0 0 0
  outer loop
   vertex -28.7300 -34.8776 63.0170
   vertex -28.2105 -34.2434 63.5431
   vertex -28.3129 -34.4206 63.5968
  endloop
 endfacet
 facet normal 0 0 0
  outer loop
   vertex -28.7300 -34.6448 62.3129
   vertex -28.2105 -34.2434 63.5431
   vertex -28.7300 -34.8776 63.0170
  endloop
 endfacet
 facet normal 0 0 0
  outer loop
   vertex -28.2105 -34.2434 63.5431
   vertex -28.7300 -34.6448 62.3129
   vertex -31.7276 -34.2434 46.9961
  endloop
 endfacet
 facet normal 0 0 0
  outer loop
   vertex -30.7944 -28.7112 64.5865
   vertex -31.7643 -30.8276 64.5821
   vertex -31.7128 -30.8080 64.7817
  endloop
 endfacet
 facet normal 0 0 0
  outer loop
   vertex -30.7944 -28.7112 64.5865
   vertex -31.9620 -30.9984 64.0193
   vertex -31.7643 -30.8276 64.5821
  endloop
 endfacet
 facet normal 0 0 0
  outer loop
   vertex -30.7944 -28.7112 64.5865
   vertex -32.1992 -31.2756 63.5007
   vertex -31.9620 -30.9984 64.0193
  endloop
 endfacet
 facet normal 0 0 0
  outer loop
   vertex -30.7944 -28.7112 64.5865
   vertex -32.4666 -31.6487 63.0461
   vertex -32.1992 -31.2756 63.5007
  endloop
 endfacet
 facet normal 0 0 0
  outer loop
   vertex -30.7944 -28.7112 64.5865
   vertex -32.5884 -31.8414 62.8879
   vertex -32.4666 -31.6487 63.0461
  endloop
 endfacet
 facet normal 0 0 0
  outer loop
   vertex -32.5884 -31.8414 62.8879
   vertex -30.7944 -28.7112 64.5865
   vertex -34.4121 -28.7112 47.5667
  endloop
 endfacet
 facet normal 0 0 0
  outer loop
   vertex -26.5938 -30.7817 63.6936
   vertex -27.1806 -32.3313 64.2701
   vertex -27.2022 -32.3565 64.2229
  endloop
 endfacet
 facet normal 0 0 0
  outer loop
   vertex -26.5938 -30.7817 63.6936
   vertex -27.2022 -32.3565 64.2229
   vertex -27.3537 -32.5679 63.9653
  endloop
 endfacet
 facet normal 0 0 0
  outer loop
   vertex -26.5938 -30.7817 63.6936
   vertex -27.3537 -32.5679 63.9653
   vertex -27.4267 -32.6833 63.8706
  endloop
 endfacet
 facet normal 0 0 0
  outer loop
   vertex -27.1806 -32.3313 64.2701
   vertex -26.5938 -30.7817 63.6936
   vertex -26.4275 -30.7817 64.4761
  endloop
 endfacet
 facet normal 0 0 0
  outer loop
   vertex -26.6605 -30.9339 63.7077
   vertex -26.5938 -30.7817 63.6936
   vertex -27.4267 -32.6833 63.8706
  endloop
 endfacet
 facet normal 0 0 0
  outer loop
   vertex -32.7244 -31.0352 66.4101
   vertex -32.7860 -31.0904 66.4876
   vertex -32.7069 -30.9342 66.4750
  endloop
 endfacet
 facet normal 0 0 0
  outer loop
   vertex -32.7244 -31.0352 66.4101
   vertex -32.6636 -30.9984 66.3155
   vertex -32.7860 -31.0904 66.4876
  endloop
 endfacet
 facet normal 0 0 0
  outer loop
   vertex -32.7214 -31.0316 66.4073
   vertex -32.6636 -30.9984 66.3155
   vertex -32.7244 -31.0352 66.4101
  endloop
 endfacet
 facet normal 0 0 0
  outer loop
   vertex -30.7945 -28.7112 64.5865
   vertex -32.6636 -30.9984 66.3155
   vertex -32.7214 -31.0316 66.4073
  endloop
 endfacet
 facet normal 0 0 0
  outer loop
   vertex -30.7945 -28.7112 64.5865
   vertex -32.3243 -30.8276 65.7527
   vertex -32.6636 -30.9984 66.3155
  endloop
 endfacet
 facet normal 0 0 0
  outer loop
   vertex -30.7945 -28.7112 64.5865
   vertex -32.1142 -30.7868 65.3380
   vertex -32.3243 -30.8276 65.7527
  endloop
 endfacet
 facet normal 0 0 0
  outer loop
   vertex -32.1142 -30.7868 65.3380
   vertex -30.7945 -28.7112 64.5865
   vertex -30.7944 -28.7112 64.5865
  endloop
 endfacet
 facet normal 0 0 0
  outer loop
   vertex -31.9825 -30.7700 65.1674
   vertex -30.7944 -28.7112 64.5865
   vertex -31.7128 -30.8080 64.7817
  endloop
 endfacet
 facet normal 0 0 0
  outer loop
   vertex -30.7944 -28.7112 64.5865
   vertex -31.9825 -30.7700 65.1674
   vertex -32.1142 -30.7868 65.3380
  endloop
 endfacet
 facet normal 0 0 0
  outer loop
   vertex -30.2491 -36.7755 66.6143
   vertex -29.9658 -36.5240 66.3485
   vertex -30.0580 -36.3982 66.5838
  endloop
 endfacet
 facet normal 0 0 0
  outer loop
   vertex -29.9658 -36.5240 66.3485
   vertex -30.2491 -36.7755 66.6143
   vertex -30.3293 -36.9339 66.6271
  endloop
 endfacet
 facet normal 0 0 0
  outer loop
   vertex -26.2182 -30.0130 64.3947
   vertex -26.2107 -30.0130 64.4300
   vertex -26.3771 -30.0130 63.6475
  endloop
 endfacet
 facet normal 0 0 0
  outer loop
   vertex -27.3260 -32.0700 65.1674
   vertex -26.4275 -30.7817 64.4761
   vertex -27.5307 -32.1024 65.4961
  endloop
 endfacet
 facet normal 0 0 0
  outer loop
   vertex -27.1445 -32.1027 64.8357
   vertex -26.4275 -30.7817 64.4761
   vertex -27.3260 -32.0700 65.1674
  endloop
 endfacet
 facet normal 0 0 0
  outer loop
   vertex -26.4275 -30.7817 64.4761
   vertex -27.1445 -32.1027 64.8357
   vertex -27.0366 -32.1725 64.6056
  endloop
 endfacet
 facet normal 0 0 0
  outer loop
   vertex -27.0678 -32.1994 64.5168
   vertex -26.4275 -30.7817 64.4761
   vertex -27.0366 -32.1725 64.6056
  endloop
 endfacet
 facet normal 0 0 0
  outer loop
   vertex -26.4275 -30.7817 64.4761
   vertex -27.0678 -32.1994 64.5168
   vertex -27.1806 -32.3313 64.2701
  endloop
 endfacet
 facet normal 0 0 0
  outer loop
   vertex -35.3685 -35.8913 67.2887
   vertex -44.7813 -49.0968 69.3733
   vertex -34.9546 -35.4512 67.6499
  endloop
 endfacet
 facet normal 0 0 0
  outer loop
   vertex -35.6472 -36.1611 66.9600
   vertex -44.7813 -49.0968 69.3733
   vertex -35.3685 -35.8913 67.2887
  endloop
 endfacet
 facet normal 0 0 0
  outer loop
   vertex -44.7813 -49.0968 69.3733
   vertex -35.6472 -36.1611 66.9600
   vertex -44.9475 -49.0759 68.5910
  endloop
 endfacet
 facet normal 0 0 0
  outer loop
   vertex -41.2501 -51.8471 67.7309
   vertex -37.7426 -49.9046 66.0633
   vertex -41.0839 -51.8680 68.5132
  endloop
 endfacet
 facet normal 0 0 0
  outer loop
   vertex -37.7426 -49.9046 66.0633
   vertex -29.4953 -36.7661 65.1282
   vertex -37.5762 -49.9046 66.8458
  endloop
 endfacet
 facet normal 0 0 0
  outer loop
   vertex -37.7426 -49.9046 66.0633
   vertex -29.5768 -36.7124 64.5821
   vertex -29.4953 -36.7661 65.1282
  endloop
 endfacet
 facet normal 0 0 0
  outer loop
   vertex -29.5768 -36.7124 64.5821
   vertex -37.7426 -49.9046 66.0633
   vertex -29.5812 -36.6355 64.3286
  endloop
 endfacet
 facet normal 0 0 0
  outer loop
   vertex -28.7300 -35.5219 64.9656
   vertex -28.7032 -35.4373 64.8357
   vertex -28.6853 -35.4492 64.9561
  endloop
 endfacet
 facet normal 0 0 0
  outer loop
   vertex -28.7300 -35.5219 64.9656
   vertex -28.7088 -35.3406 64.5168
   vertex -28.7032 -35.4373 64.8357
  endloop
 endfacet
 facet normal 0 0 0
  outer loop
   vertex -28.7300 -35.2515 64.1477
   vertex -28.7088 -35.3406 64.5168
   vertex -28.7300 -35.5219 64.9656
  endloop
 endfacet
 facet normal 0 0 0
  outer loop
   vertex -28.7300 -35.2515 64.1477
   vertex -28.6703 -35.1835 64.2229
   vertex -28.7088 -35.3406 64.5168
  endloop
 endfacet
 facet normal 0 0 0
  outer loop
   vertex -28.6703 -35.1835 64.2229
   vertex -28.7300 -35.2515 64.1477
   vertex -28.6406 -35.1062 64.1287
  endloop
 endfacet
 facet normal 0 0 0
  outer loop
   vertex -41.2179 -46.7255 66.8020
   vertex -35.4595 -36.7124 65.7527
   vertex -35.0747 -36.7376 65.4963
  endloop
 endfacet
 facet normal 0 0 0
  outer loop
   vertex -41.2179 -46.7255 66.8020
   vertex -35.6790 -36.6653 65.9077
   vertex -35.4595 -36.7124 65.7527
  endloop
 endfacet
 facet normal 0 0 0
  outer loop
   vertex -35.6790 -36.6653 65.9077
   vertex -41.2179 -46.7255 66.8020
   vertex -44.9475 -49.0759 68.5910
  endloop
 endfacet
 facet normal 0 0 0
  outer loop
   vertex -41.0839 -51.8680 68.5132
   vertex -37.7426 -49.9046 66.0633
   vertex -37.5762 -49.9046 66.8458
  endloop
 endfacet
 facet normal 0 0 0
  outer loop
   vertex -44.9475 -49.0759 68.5910
   vertex -41.2179 -46.7255 66.8020
   vertex -41.6344 -47.4027 66.8905
  endloop
 endfacet
 facet normal 0 0 0
  outer loop
   vertex -30.3662 -36.9852 66.6336
   vertex -30.3293 -36.9339 66.6271
   vertex -30.3489 -36.9611 66.6305
  endloop
 endfacet
 facet normal 0 0 0
  outer loop
   vertex -30.7821 -37.5627 66.7065
   vertex -30.3293 -36.9339 66.6271
   vertex -30.3662 -36.9852 66.6336
  endloop
 endfacet
 facet normal 0 0 0
  outer loop
   vertex -37.5762 -49.9046 66.8458
   vertex -30.7821 -37.5627 66.7065
   vertex -39.6182 -49.8327 68.2561
  endloop
 endfacet
 facet normal 0 0 0
  outer loop
   vertex -30.7821 -37.5627 66.7065
   vertex -37.5762 -49.9046 66.8458
   vertex -30.3293 -36.9339 66.6271
  endloop
 endfacet
 facet normal 0 0 0
  outer loop
   vertex -37.5762 -49.9046 66.8458
   vertex -39.6182 -49.8327 68.2561
   vertex -40.6188 -51.2222 68.4316
  endloop
 endfacet
 facet normal 0 0 0
  outer loop
   vertex -29.5168 -36.7700 65.1674
   vertex -30.3293 -36.9339 66.6271
   vertex -37.5762 -49.9046 66.8458
  endloop
 endfacet
 facet normal 0 0 0
  outer loop
   vertex -30.3293 -36.9339 66.6271
   vertex -29.9592 -36.5416 66.3155
   vertex -29.9658 -36.5240 66.3485
  endloop
 endfacet
 facet normal 0 0 0
  outer loop
   vertex -30.3293 -36.9339 66.6271
   vertex -29.7747 -36.7124 65.7527
   vertex -29.9592 -36.5416 66.3155
  endloop
 endfacet
 facet normal 0 0 0
  outer loop
   vertex -30.3293 -36.9339 66.6271
   vertex -29.5168 -36.7700 65.1674
   vertex -29.7747 -36.7124 65.7527
  endloop
 endfacet
 facet normal 0 0 0
  outer loop
   vertex -29.5168 -36.7700 65.1674
   vertex -37.5762 -49.9046 66.8458
   vertex -29.4953 -36.7661 65.1282
  endloop
 endfacet
 facet normal 0 0 0
  outer loop
   vertex -28.7300 -35.5219 64.9656
   vertex -28.6853 -35.4492 64.9561
   vertex -28.7300 -35.4572 65.0375
  endloop
 endfacet
 facet normal 0 0 0
  outer loop
   vertex -34.9546 -35.4512 67.6499
   vertex -44.7813 -49.0968 69.3733
   vertex -43.9699 -47.9701 69.2310
  endloop
 endfacet
 facet normal 0 0 0
  outer loop
   vertex -41.6344 -47.4027 66.8905
   vertex -41.2501 -51.8471 67.7309
   vertex -44.9475 -49.0759 68.5910
  endloop
 endfacet
 facet normal 0 0 0
  outer loop
   vertex -41.2501 -51.8471 67.7309
   vertex -37.9064 -49.7993 66.0981
   vertex -37.7426 -49.9046 66.0633
  endloop
 endfacet
 facet normal 0 0 0
  outer loop
   vertex -37.9064 -49.7993 66.0981
   vertex -41.2501 -51.8471 67.7309
   vertex -41.6344 -47.4027 66.8905
  endloop
 endfacet
 facet normal 0 0 0
  outer loop
   vertex -35.6803 -36.2644 66.8341
   vertex -44.9475 -49.0759 68.5910
   vertex -35.6472 -36.1611 66.9600
  endloop
 endfacet
 facet normal 0 0 0
  outer loop
   vertex -35.7156 -36.5416 66.3155
   vertex -44.9475 -49.0759 68.5910
   vertex -35.6803 -36.2644 66.8341
  endloop
 endfacet
 facet normal 0 0 0
  outer loop
   vertex -44.9475 -49.0759 68.5910
   vertex -35.7156 -36.5416 66.3155
   vertex -35.6790 -36.6653 65.9077
  endloop
 endfacet
 facet normal 0 0 0
  outer loop
   vertex -40.6188 -51.2222 68.4316
   vertex -39.6182 -49.8327 68.2561
   vertex -40.7917 -51.4624 68.4619
  endloop
 endfacet
 facet normal 0 0 0
  outer loop
   vertex -40.7917 -51.4624 68.4619
   vertex -37.5762 -49.9046 66.8458
   vertex -40.6188 -51.2222 68.4316
  endloop
 endfacet
 facet normal 0 0 0
  outer loop
   vertex -37.5762 -49.9046 66.8458
   vertex -40.7917 -51.4624 68.4619
   vertex -41.0839 -51.8680 68.5132
  endloop
 endfacet
 facet normal 0 0 0
  outer loop
   vertex -36.7601 47.0471 88.8552
   vertex -26.6261 32.7588 86.3186
   vertex -28.9349 35.9661 86.7118
  endloop
 endfacet
 facet normal 0 0 0
  outer loop
   vertex -37.7091 34.9083 102.4806
   vertex -26.1681 32.1130 86.2040
   vertex -26.6261 32.7588 86.3186
  endloop
 endfacet
 facet normal 0 0 0
  outer loop
   vertex -26.6261 32.7588 86.3186
   vertex -26.6560 32.7625 86.1781
   vertex -28.9349 35.9661 86.7118
  endloop
 endfacet
 facet normal 0 0 0
  outer loop
   vertex -36.7601 47.0471 88.8552
   vertex -38.3020 46.0453 88.3380
   vertex -40.6539 44.2968 88.7911
  endloop
 endfacet
 facet normal 0 0 0
  outer loop
   vertex -41.3305 31.9163 102.6336
   vertex -40.4876 44.2759 89.5733
   vertex -41.4935 32.0744 101.8665
  endloop
 endfacet
 facet normal 0 0 0
  outer loop
   vertex -37.7091 34.9083 102.4806
   vertex -26.6261 32.7588 86.3186
   vertex -36.7601 47.0471 88.8552
  endloop
 endfacet
 facet normal 0 0 0
  outer loop
   vertex -40.2079 43.6680 88.6794
   vertex -30.7539 19.3759 96.3189
   vertex -40.6539 44.2968 88.7911
  endloop
 endfacet
 facet normal 0 0 0
  outer loop
   vertex -36.7888 38.8472 87.8236
   vertex -30.7539 19.3759 96.3189
   vertex -40.2079 43.6680 88.6794
  endloop
 endfacet
 facet normal 0 0 0
  outer loop
   vertex -30.7539 19.3759 96.3189
   vertex -36.7888 38.8472 87.8236
   vertex -30.5199 30.0085 86.2545
  endloop
 endfacet
 facet normal 0 0 0
  outer loop
   vertex -40.4876 44.2759 89.5733
   vertex -40.6539 44.2968 88.7911
   vertex -41.4935 32.0744 101.8665
  endloop
 endfacet
 facet normal 0 0 0
  outer loop
   vertex -41.4935 32.0744 101.8665
   vertex -30.7539 19.3759 96.3189
   vertex -30.8032 18.8801 96.8744
  endloop
 endfacet
 facet normal 0 0 0
  outer loop
   vertex -30.7539 19.3759 96.3189
   vertex -41.4935 32.0744 101.8665
   vertex -40.6539 44.2968 88.7911
  endloop
 endfacet
 facet normal 0 0 0
  outer loop
   vertex -26.1681 32.1130 86.2040
   vertex -27.0061 21.6984 97.4826
   vertex -26.5372 21.1196 97.2636
  endloop
 endfacet
 facet normal 0 0 0
  outer loop
   vertex -27.0061 21.6984 97.4826
   vertex -26.1681 32.1130 86.2040
   vertex -27.4668 22.2670 97.6977
  endloop
 endfacet
 facet normal 0 0 0
  outer loop
   vertex -27.4668 22.2670 97.6977
   vertex -26.1681 32.1130 86.2040
   vertex -37.7091 34.9083 102.4806
  endloop
 endfacet
 facet normal 0 0 0
  outer loop
   vertex -26.1681 32.1130 86.2040
   vertex -26.5372 21.1196 97.2636
   vertex -26.5356 21.1177 97.2629
  endloop
 endfacet
 facet normal 0 0 0
  outer loop
   vertex -36.7601 47.0471 88.8552
   vertex -40.6539 44.2968 88.7911
   vertex -40.4876 44.2759 89.5733
  endloop
 endfacet
 facet normal 0 0 0
  outer loop
   vertex -37.7091 34.9083 102.4806
   vertex -40.4876 44.2759 89.5733
   vertex -41.3305 31.9163 102.6336
  endloop
 endfacet
 facet normal 0 0 0
  outer loop
   vertex -37.7091 34.9083 102.4806
   vertex -36.7601 47.0471 88.8552
   vertex -40.4876 44.2759 89.5733
  endloop
 endfacet
 facet normal 0 0 0
  outer loop
   vertex -41.4935 32.0744 101.8665
   vertex -30.8032 18.8802 96.8744
   vertex -30.6472 18.7289 97.6083
  endloop
 endfacet
 facet normal 0 0 0
  outer loop
   vertex -30.8032 18.8802 96.8744
   vertex -41.4935 32.0744 101.8665
   vertex -30.8032 18.8801 96.8744
  endloop
 endfacet
 facet normal 0 0 0
  outer loop
   vertex -30.6472 18.7289 97.6083
   vertex -31.0054 19.1727 97.8120
   vertex -41.4935 32.0744 101.8665
  endloop
 endfacet
 facet normal 0 0 0
  outer loop
   vertex -31.0054 19.1727 97.8120
   vertex -30.6472 18.7289 97.6083
   vertex -30.6402 18.7220 97.6415
  endloop
 endfacet
 facet normal 0 0 0
  outer loop
   vertex -26.1681 32.1130 86.2040
   vertex -29.1054 30.8831 68.1825
   vertex -29.9508 32.5894 68.4078
  endloop
 endfacet
 facet normal 0 0 0
  outer loop
   vertex -29.1054 30.8831 68.1825
   vertex -26.1681 32.1130 86.2040
   vertex -28.1659 28.9868 67.9320
  endloop
 endfacet
 facet normal 0 0 0
  outer loop
   vertex -24.1205 27.5986 85.3805
   vertex -24.1366 27.6006 85.3045
   vertex -24.0661 27.5917 85.6362
  endloop
 endfacet
 facet normal 0 0 0
  outer loop
   vertex -26.1681 32.1130 86.2040
   vertex -30.2614 33.0274 68.4856
   vertex -30.3895 33.2080 68.5176
  endloop
 endfacet
 facet normal 0 0 0
  outer loop
   vertex -26.1681 32.1130 86.2040
   vertex -30.2142 32.9608 68.4738
   vertex -30.2614 33.0274 68.4856
  endloop
 endfacet
 facet normal 0 0 0
  outer loop
   vertex -26.1681 32.1130 86.2040
   vertex -30.2052 32.9481 68.4715
   vertex -30.2142 32.9608 68.4738
  endloop
 endfacet
 facet normal 0 0 0
  outer loop
   vertex -26.1681 32.1130 86.2040
   vertex -30.1796 32.9121 68.4651
   vertex -30.2052 32.9481 68.4715
  endloop
 endfacet
 facet normal 0 0 0
  outer loop
   vertex -26.1681 32.1130 86.2040
   vertex -29.9509 32.5896 68.4079
   vertex -30.1796 32.9121 68.4651
  endloop
 endfacet
 facet normal 0 0 0
  outer loop
   vertex -29.9509 32.5896 68.4079
   vertex -26.1681 32.1130 86.2040
   vertex -29.9508 32.5894 68.4078
  endloop
 endfacet
 facet normal 0 0 0
  outer loop
   vertex -30.4088 33.2352 68.5225
   vertex -26.6560 32.7625 86.1781
   vertex -26.6261 32.7588 86.3186
  endloop
 endfacet
 facet normal 0 0 0
  outer loop
   vertex -24.1366 27.6006 85.3045
   vertex -24.1449 27.6154 85.2881
   vertex -24.0661 27.5917 85.6362
  endloop
 endfacet
 facet normal 0 0 0
  outer loop
   vertex -25.0940 27.7212 80.8004
   vertex -24.2424 27.6447 84.8569
   vertex -24.2324 27.6127 84.8539
  endloop
 endfacet
 facet normal 0 0 0
  outer loop
   vertex -25.0940 27.7212 80.8004
   vertex -28.0774 28.7965 67.9081
   vertex -24.2424 27.6447 84.8569
  endloop
 endfacet
 facet normal 0 0 0
  outer loop
   vertex -28.0774 28.7965 67.9081
   vertex -25.0940 27.7212 80.8004
   vertex -28.0738 28.7852 67.9070
  endloop
 endfacet
 facet normal 0 0 0
  outer loop
   vertex -25.4039 30.2559 85.1737
   vertex -28.1659 28.9868 67.9320
   vertex -26.1681 32.1130 86.2040
  endloop
 endfacet
 facet normal 0 0 0
  outer loop
   vertex -24.4710 28.3730 84.9250
   vertex -28.1659 28.9868 67.9320
   vertex -25.4039 30.2559 85.1737
  endloop
 endfacet
 facet normal 0 0 0
  outer loop
   vertex -28.1659 28.9868 67.9320
   vertex -24.4710 28.3730 84.9250
   vertex -28.0874 28.8285 67.9111
  endloop
 endfacet
 facet normal 0 0 0
  outer loop
   vertex -30.5199 30.0085 86.2545
   vertex -33.1179 30.3357 74.0319
   vertex -33.6567 30.4036 71.4972
  endloop
 endfacet
 facet normal 0 0 0
  outer loop
   vertex -24.0661 27.5917 85.6362
   vertex -24.1449 27.6154 85.2881
   vertex -24.1603 27.6867 85.3286
  endloop
 endfacet
 facet normal 0 0 0
  outer loop
   vertex -24.2997 27.8271 84.8740
   vertex -28.0874 28.8285 67.9111
   vertex -24.4710 28.3730 84.9250
  endloop
 endfacet
 facet normal 0 0 0
  outer loop
   vertex -24.2424 27.6447 84.8569
   vertex -28.0874 28.8285 67.9111
   vertex -24.2997 27.8271 84.8740
  endloop
 endfacet
 facet normal 0 0 0
  outer loop
   vertex -28.0874 28.8285 67.9111
   vertex -24.2424 27.6447 84.8569
   vertex -28.0774 28.7965 67.9081
  endloop
 endfacet
 facet normal 0 0 0
  outer loop
   vertex -26.1681 32.1130 86.2040
   vertex -30.4088 33.2352 68.5225
   vertex -26.6261 32.7588 86.3186
  endloop
 endfacet
 facet normal 0 0 0
  outer loop
   vertex -30.4088 33.2352 68.5225
   vertex -26.1681 32.1130 86.2040
   vertex -30.3895 33.2080 68.5176
  endloop
 endfacet
 facet normal 0 0 0
  outer loop
   vertex -32.9205 28.0101 68.9165
   vertex -33.6567 30.4036 71.4972
   vertex -34.1319 30.4634 69.2617
  endloop
 endfacet
 facet normal 0 0 0
  outer loop
   vertex -32.9205 28.0101 68.9165
   vertex -34.1319 30.4634 69.2617
   vertex -34.1364 30.4640 69.2406
  endloop
 endfacet
 facet normal 0 0 0
  outer loop
   vertex -33.6567 30.4036 71.4972
   vertex -32.9205 28.0101 68.9165
   vertex -30.5199 30.0085 86.2545
  endloop
 endfacet
 facet normal 0 0 0
  outer loop
   vertex -32.9205 28.0101 68.9165
   vertex -32.3935 26.6316 67.9494
   vertex -30.5199 30.0085 86.2545
  endloop
 endfacet
 facet normal 0 0 0
  outer loop
   vertex -30.5199 30.0085 86.2545
   vertex -32.2227 26.6101 68.7528
   vertex -28.6108 26.1552 85.7455
  endloop
 endfacet
 facet normal 0 0 0
  outer loop
   vertex -30.5199 30.0085 86.2545
   vertex -32.3726 26.6290 68.0477
   vertex -32.2227 26.6101 68.7528
  endloop
 endfacet
 facet normal 0 0 0
  outer loop
   vertex -30.5199 30.0085 86.2545
   vertex -32.3863 26.6307 67.9832
   vertex -32.3726 26.6290 68.0477
  endloop
 endfacet
 facet normal 0 0 0
  outer loop
   vertex -32.3863 26.6307 67.9832
   vertex -30.5199 30.0085 86.2545
   vertex -32.3935 26.6316 67.9494
  endloop
 endfacet
 facet normal 0 0 0
  outer loop
   vertex -30.7539 19.3759 96.3189
   vertex -28.6794 14.9679 95.6165
   vertex -30.8032 18.8801 96.8744
  endloop
 endfacet
 facet normal 0 0 0
  outer loop
   vertex -28.6794 14.9679 95.6165
   vertex -30.7539 19.3759 96.3189
   vertex -30.5199 30.0085 86.2545
  endloop
 endfacet
 facet normal 0 0 0
  outer loop
   vertex -30.8032 18.8801 96.8744
   vertex -28.6794 14.9679 95.6165
   vertex -30.8032 18.8802 96.8744
  endloop
 endfacet
 facet normal 0 0 0
  outer loop
   vertex -30.5199 30.0085 86.2545
   vertex -28.6794 14.9680 95.6164
   vertex -28.6794 14.9679 95.6165
  endloop
 endfacet
 facet normal 0 0 0
  outer loop
   vertex -30.5199 30.0085 86.2545
   vertex -28.6816 26.0508 85.9795
   vertex -28.6794 14.9680 95.6164
  endloop
 endfacet
 facet normal 0 0 0
  outer loop
   vertex -28.6816 26.0508 85.9795
   vertex -30.5199 30.0085 86.2545
   vertex -28.6108 26.1552 85.7455
  endloop
 endfacet
 facet normal 0 0 0
  outer loop
   vertex -24.0661 27.5916 85.6363
   vertex -24.0661 27.5917 85.6362
   vertex -24.3763 17.1400 95.9840
  endloop
 endfacet
 facet normal 0 0 0
  outer loop
   vertex -26.1681 32.1130 86.2040
   vertex -24.4710 28.3730 84.9250
   vertex -25.4039 30.2559 85.1737
  endloop
 endfacet
 facet normal 0 0 0
  outer loop
   vertex -30.6472 18.7289 97.6083
   vertex -28.6794 14.9679 95.6165
   vertex -30.6402 18.7220 97.6415
  endloop
 endfacet
 facet normal 0 0 0
  outer loop
   vertex -28.6794 14.9679 95.6165
   vertex -30.6472 18.7289 97.6083
   vertex -30.8032 18.8802 96.8744
  endloop
 endfacet
 facet normal 0 0 0
  outer loop
   vertex -24.3047 28.3520 85.7072
   vertex -24.4710 28.3730 84.9250
   vertex -26.1681 32.1130 86.2040
  endloop
 endfacet
 facet normal 0 0 0
  outer loop
   vertex -24.0661 27.5917 85.6362
   vertex -24.4710 28.3730 84.9250
   vertex -24.3047 28.3520 85.7072
  endloop
 endfacet
 facet normal 0 0 0
  outer loop
   vertex -24.3047 28.3520 85.7072
   vertex -26.4447 20.9502 97.2091
   vertex -24.3763 17.1400 95.9840
  endloop
 endfacet
 facet normal 0 0 0
  outer loop
   vertex -26.4447 20.9502 97.2091
   vertex -24.3047 28.3520 85.7072
   vertex -26.5356 21.1177 97.2629
  endloop
 endfacet
 facet normal 0 0 0
  outer loop
   vertex -24.3763 17.1400 95.9840
   vertex -24.0661 27.5917 85.6362
   vertex -24.3047 28.3520 85.7072
  endloop
 endfacet
 facet normal 0 0 0
  outer loop
   vertex -24.1603 27.6867 85.3286
   vertex -24.4710 28.3730 84.9250
   vertex -24.0661 27.5917 85.6362
  endloop
 endfacet
 facet normal 0 0 0
  outer loop
   vertex -26.5356 21.1177 97.2629
   vertex -24.3047 28.3520 85.7072
   vertex -26.1681 32.1130 86.2040
  endloop
 endfacet
 facet normal 0 0 0
  outer loop
   vertex -28.6723 14.9610 95.6497
   vertex -24.0532 1.1260 92.6141
   vertex -28.6711 14.9598 95.6557
  endloop
 endfacet
 facet normal 0 0 0
  outer loop
   vertex -23.4539 -0.7262 92.0688
   vertex -24.0532 1.1260 92.6141
   vertex -28.6723 14.9610 95.6497
  endloop
 endfacet
 facet normal 0 0 0
  outer loop
   vertex -24.0532 1.1260 92.6141
   vertex -23.4539 -0.7262 92.0688
   vertex -23.4468 -0.7330 92.1020
  endloop
 endfacet
 facet normal 0 0 0
  outer loop
   vertex -23.4468 -0.7330 92.1020
   vertex -24.0532 1.1260 92.6141
   vertex -23.4468 -0.7330 92.1020
  endloop
 endfacet
 facet normal 0 0 0
  outer loop
   vertex -24.2997 27.8271 84.8740
   vertex -24.4710 28.3730 84.9250
   vertex -20.5095 15.7505 83.7450
  endloop
 endfacet
 facet normal 0 0 0
  outer loop
   vertex -24.2997 27.8271 84.8740
   vertex -20.5095 15.7505 83.7450
   vertex -23.5088 25.3070 84.6384
  endloop
 endfacet
 facet normal 0 0 0
  outer loop
   vertex -24.2997 27.8271 84.8740
   vertex -23.5088 25.3070 84.6384
   vertex -24.2324 27.6127 84.8539
  endloop
 endfacet
 facet normal 0 0 0
  outer loop
   vertex -24.2997 27.8271 84.8740
   vertex -24.2324 27.6127 84.8539
   vertex -24.2424 27.6447 84.8569
  endloop
 endfacet
 facet normal 0 0 0
  outer loop
   vertex -18.7869 10.7707 84.0637
   vertex -24.1205 27.5986 85.3805
   vertex -24.0661 27.5917 85.6362
  endloop
 endfacet
 facet normal 0 0 0
  outer loop
   vertex -24.1449 27.6154 85.2881
   vertex -18.7869 10.7707 84.0637
   vertex -24.4710 28.3730 84.9250
  endloop
 endfacet
 facet normal 0 0 0
  outer loop
   vertex -24.1366 27.6006 85.3045
   vertex -18.7869 10.7707 84.0637
   vertex -24.1449 27.6154 85.2881
  endloop
 endfacet
 facet normal 0 0 0
  outer loop
   vertex -24.1205 27.5986 85.3805
   vertex -18.7869 10.7707 84.0637
   vertex -24.1366 27.6006 85.3045
  endloop
 endfacet
 facet normal 0 0 0
  outer loop
   vertex -24.1603 27.6867 85.3286
   vertex -24.1449 27.6154 85.2881
   vertex -24.4710 28.3730 84.9250
  endloop
 endfacet
 facet normal 0 0 0
  outer loop
   vertex -18.7869 10.7707 84.0637
   vertex -20.5095 15.7505 83.7450
   vertex -24.4710 28.3730 84.9250
  endloop
 endfacet
 facet normal 0 0 0
  outer loop
   vertex -24.0661 27.5916 85.6363
   vertex -18.7869 10.7707 84.0637
   vertex -24.0661 27.5917 85.6362
  endloop
 endfacet
 facet normal 0 0 0
  outer loop
   vertex -18.7869 10.7707 84.0637
   vertex -24.0661 27.5916 85.6363
   vertex -24.3763 17.1400 95.9840
  endloop
 endfacet
 facet normal 0 0 0
  outer loop
   vertex -18.7869 10.7707 84.0637
   vertex -24.1363 16.4043 95.7813
   vertex -19.6961 2.7907 92.0311
  endloop
 endfacet
 facet normal 0 0 0
  outer loop
   vertex -19.0668 0.8615 91.4997
   vertex -19.6961 2.7907 92.0311
   vertex -19.0668 0.8615 91.4997
  endloop
 endfacet
 facet normal 0 0 0
  outer loop
   vertex -18.7869 10.7707 84.0637
   vertex -19.6961 2.7907 92.0311
   vertex -19.0668 0.8615 91.4997
  endloop
 endfacet
 facet normal 0 0 0
  outer loop
   vertex -24.1363 16.4043 95.7813
   vertex -18.7869 10.7707 84.0637
   vertex -24.3763 17.1400 95.9840
  endloop
 endfacet
 facet normal 0 0 0
  outer loop
   vertex -28.6794 14.9679 95.6165
   vertex -23.5818 -0.2189 90.9266
   vertex -23.6099 -0.5749 91.3349
  endloop
 endfacet
 facet normal 0 0 0
  outer loop
   vertex -23.5818 -0.2189 90.9266
   vertex -28.6794 14.9680 95.6164
   vertex -28.6816 26.0508 85.9795
  endloop
 endfacet
 facet normal 0 0 0
  outer loop
   vertex -23.5818 -0.2189 90.9266
   vertex -28.6794 14.9679 95.6165
   vertex -28.6794 14.9680 95.6164
  endloop
 endfacet
 facet normal 0 0 0
  outer loop
   vertex -28.6794 14.9679 95.6165
   vertex -23.6099 -0.5749 91.3349
   vertex -23.6099 -0.5749 91.3349
  endloop
 endfacet
 facet normal 0 0 0
  outer loop
   vertex -26.3568 18.9733 85.0742
   vertex -28.6816 26.0508 85.9795
   vertex -28.6108 26.1552 85.7455
  endloop
 endfacet
 facet normal 0 0 0
  outer loop
   vertex -28.6816 26.0508 85.9795
   vertex -26.3568 18.9733 85.0742
   vertex -23.5818 -0.2189 90.9266
  endloop
 endfacet
 facet normal 0 0 0
  outer loop
   vertex -26.3568 18.9733 85.0742
   vertex -23.5702 10.0944 84.2442
   vertex -23.5818 -0.2189 90.9266
  endloop
 endfacet
 facet normal 0 0 0
  outer loop
   vertex -23.5702 10.0944 84.2441
   vertex -23.5702 10.0944 84.2442
   vertex -26.3568 18.9733 85.0742
  endloop
 endfacet
 facet normal 0 0 0
  outer loop
   vertex -28.6794 14.9679 95.6165
   vertex -23.4539 -0.7262 92.0688
   vertex -28.6723 14.9610 95.6497
  endloop
 endfacet
 facet normal 0 0 0
  outer loop
   vertex -23.4539 -0.7262 92.0688
   vertex -28.6794 14.9679 95.6165
   vertex -23.6099 -0.5749 91.3349
  endloop
 endfacet
 facet normal 0 0 0
  outer loop
   vertex -24.0532 1.1260 92.6141
   vertex -23.4468 -0.7330 92.1020
   vertex -23.4468 -0.7330 92.1020
  endloop
 endfacet
 facet normal 0 0 0
  outer loop
   vertex -22.0405 11.2896 68.9350
   vertex -22.5696 11.2472 66.2675
   vertex -22.6052 11.3607 66.2782
  endloop
 endfacet
 facet normal 0 0 0
  outer loop
   vertex -18.1603 6.5981 83.8188
   vertex -21.9430 7.0746 66.0226
   vertex -22.5696 11.2472 66.2675
  endloop
 endfacet
 facet normal 0 0 0
  outer loop
   vertex -26.7109 6.2958 66.1971
   vertex -23.5747 10.0950 84.2230
   vertex -25.7289 10.3663 74.0884
  endloop
 endfacet
 facet normal 0 0 0
  outer loop
   vertex -27.1866 10.5499 67.2303
   vertex -25.7289 10.3663 74.0884
   vertex -27.1866 10.5500 67.2303
  endloop
 endfacet
 facet normal 0 0 0
  outer loop
   vertex -26.7109 6.2958 66.1971
   vertex -25.7289 10.3663 74.0884
   vertex -27.1866 10.5499 67.2303
  endloop
 endfacet
 facet normal 0 0 0
  outer loop
   vertex -26.7109 6.2958 66.1971
   vertex -27.1866 10.5499 67.2303
   vertex -27.1938 10.5509 67.1964
  endloop
 endfacet
 facet normal 0 0 0
  outer loop
   vertex -26.7109 6.2958 66.1971
   vertex -27.3016 10.5644 66.6893
   vertex -27.3529 10.5709 66.4480
  endloop
 endfacet
 facet normal 0 0 0
  outer loop
   vertex -23.5747 10.0950 84.2230
   vertex -26.7109 6.2958 66.1971
   vertex -23.5702 10.0944 84.2441
  endloop
 endfacet
 facet normal 0 0 0
  outer loop
   vertex -27.3016 10.5644 66.6893
   vertex -26.7109 6.2958 66.1971
   vertex -27.1938 10.5509 67.1964
  endloop
 endfacet
 facet normal 0 0 0
  outer loop
   vertex -21.9474 6.2749 66.0021
   vertex -18.3309 5.8194 83.0160
   vertex -18.3354 5.8199 82.9949
  endloop
 endfacet
 facet normal 0 0 0
  outer loop
   vertex -18.3309 5.8194 83.0160
   vertex -21.9474 6.2749 66.0021
   vertex -18.1647 5.7984 83.7983
  endloop
 endfacet
 facet normal 0 0 0
  outer loop
   vertex -27.3111 10.5656 66.6447
   vertex -27.3529 10.5709 66.4480
   vertex -27.3016 10.5644 66.6893
  endloop
 endfacet
 facet normal 0 0 0
  outer loop
   vertex -26.7925 10.5003 69.0845
   vertex -27.1866 10.5500 67.2303
   vertex -25.7289 10.3663 74.0884
  endloop
 endfacet
 facet normal 0 0 0
  outer loop
   vertex -18.1603 6.5981 83.8188
   vertex -22.5696 11.2472 66.2675
   vertex -18.7869 10.7707 84.0637
  endloop
 endfacet
 facet normal 0 0 0
  outer loop
   vertex -18.7869 10.7707 84.0637
   vertex -22.5696 11.2472 66.2675
   vertex -22.0405 11.2896 68.9350
  endloop
 endfacet
 facet normal 0 0 0
  outer loop
   vertex -23.5702 10.0944 84.2441
   vertex -22.9327 5.8199 83.9721
   vertex -22.9282 5.8194 83.9932
  endloop
 endfacet
 facet normal 0 0 0
  outer loop
   vertex -23.5702 10.0944 84.2441
   vertex -23.9389 5.9467 79.2386
   vertex -22.9327 5.8199 83.9721
  endloop
 endfacet
 facet normal 0 0 0
  outer loop
   vertex -23.5702 10.0944 84.2441
   vertex -26.5447 6.2749 66.9793
   vertex -23.9389 5.9467 79.2386
  endloop
 endfacet
 facet normal 0 0 0
  outer loop
   vertex -23.5702 10.0944 84.2441
   vertex -26.5518 6.2758 66.9455
   vertex -26.5447 6.2749 66.9793
  endloop
 endfacet
 facet normal 0 0 0
  outer loop
   vertex -26.5518 6.2758 66.9455
   vertex -23.5702 10.0944 84.2441
   vertex -26.7109 6.2958 66.1971
  endloop
 endfacet
 facet normal 0 0 0
  outer loop
   vertex -26.9907 10.5253 68.1520
   vertex -27.1866 10.5500 67.2303
   vertex -26.7925 10.5003 69.0845
  endloop
 endfacet
 facet normal 0 0 0
  outer loop
   vertex -21.9434 6.9926 66.0205
   vertex -21.9430 7.0746 66.0226
   vertex -18.1603 6.5981 83.8188
  endloop
 endfacet
 facet normal 0 0 0
  outer loop
   vertex -21.9430 7.0746 66.0226
   vertex -21.9434 6.9926 66.0205
   vertex -21.9430 7.0746 66.0226
  endloop
 endfacet
 facet normal 0 0 0
  outer loop
   vertex -18.1603 6.5981 83.8188
   vertex -21.9435 6.9791 66.0202
   vertex -21.9434 6.9926 66.0205
  endloop
 endfacet
 facet normal 0 0 0
  outer loop
   vertex -21.9435 6.9791 66.0202
   vertex -18.1603 6.5981 83.8188
   vertex -21.9474 6.2749 66.0021
  endloop
 endfacet
 facet normal 0 0 0
  outer loop
   vertex -18.1647 5.7984 83.7983
   vertex -21.9474 6.2749 66.0021
   vertex -18.1603 6.5981 83.8188
  endloop
 endfacet
 facet normal 0 0 0
  outer loop
   vertex -19.0668 0.8615 91.4997
   vertex -19.0668 0.8615 91.4997
   vertex -19.0668 0.8615 91.4997
  endloop
 endfacet
 facet normal 0 0 0
  outer loop
   vertex -23.0016 -5.0389 90.2855
   vertex -23.6099 -0.5749 91.3349
   vertex -23.5818 -0.2189 90.9266
  endloop
 endfacet
 facet normal 0 0 0
  outer loop
   vertex -23.6099 -0.5749 91.3349
   vertex -23.0016 -5.0389 90.2855
   vertex -23.0016 -5.0389 90.2855
  endloop
 endfacet
 facet normal 0 0 0
  outer loop
   vertex -23.0016 -5.0389 90.2855
   vertex -23.5818 -0.2189 90.9266
   vertex -23.5702 10.0944 84.2442
  endloop
 endfacet
 facet normal 0 0 0
  outer loop
   vertex -22.9282 5.8194 83.9932
   vertex -23.5702 10.0944 84.2442
   vertex -23.5702 10.0944 84.2441
  endloop
 endfacet
 facet normal 0 0 0
  outer loop
   vertex -23.5702 10.0944 84.2442
   vertex -22.9475 5.7577 84.1054
   vertex -23.0016 -5.0389 90.2855
  endloop
 endfacet
 facet normal 0 0 0
  outer loop
   vertex -23.5702 10.0944 84.2442
   vertex -22.9474 5.7726 84.0968
   vertex -22.9475 5.7577 84.1054
  endloop
 endfacet
 facet normal 0 0 0
  outer loop
   vertex -23.5702 10.0944 84.2442
   vertex -22.9282 5.8194 83.9932
   vertex -22.9474 5.7726 84.0968
  endloop
 endfacet
 facet normal 0 0 0
  outer loop
   vertex -18.2083 -4.4129 90.2300
   vertex -18.1647 5.7984 83.7983
   vertex -18.1603 6.5981 83.8188
  endloop
 endfacet
 facet normal 0 0 0
  outer loop
   vertex -23.0016 -5.0389 90.2855
   vertex -23.6099 -0.5749 91.3349
   vertex -23.6099 -0.5749 91.3349
  endloop
 endfacet
 facet normal 0 0 0
  outer loop
   vertex -23.6099 -0.5749 91.3349
   vertex -22.8459 -5.1899 91.0179
   vertex -22.8385 -5.1971 91.0525
  endloop
 endfacet
 facet normal 0 0 0
  outer loop
   vertex -23.6099 -0.5749 91.3349
   vertex -23.0016 -5.0389 90.2855
   vertex -22.8459 -5.1899 91.0179
  endloop
 endfacet
 facet normal 0 0 0
  outer loop
   vertex -23.4539 -0.7262 92.0688
   vertex -22.8385 -5.1971 91.0525
   vertex -23.4468 -0.7330 92.1020
  endloop
 endfacet
 facet normal 0 0 0
  outer loop
   vertex -22.8385 -5.1971 91.0525
   vertex -23.4539 -0.7262 92.0688
   vertex -23.6099 -0.5749 91.3349
  endloop
 endfacet
 facet normal 0 0 0
  outer loop
   vertex -23.4468 -0.7330 92.1020
   vertex -22.8385 -5.1971 91.0525
   vertex -23.4468 -0.7330 92.1020
  endloop
 endfacet
 facet normal 0 0 0
  outer loop
   vertex -23.4468 -0.7330 92.1020
   vertex -23.4468 -0.7330 92.1020
   vertex -23.4468 -0.7330 92.1020
  endloop
 endfacet
 facet normal 0 0 0
  outer loop
   vertex -18.1603 6.5981 83.8188
   vertex -18.8268 0.1258 91.2970
   vertex -18.2344 -4.2218 90.2750
  endloop
 endfacet
 facet normal 0 0 0
  outer loop
   vertex -18.8268 0.1258 91.2970
   vertex -18.1603 6.5981 83.8188
   vertex -18.8268 0.1258 91.2970
  endloop
 endfacet
 facet normal 0 0 0
  outer loop
   vertex -18.1603 6.5981 83.8188
   vertex -18.2344 -4.2218 90.2750
   vertex -18.2083 -4.4129 90.2300
  endloop
 endfacet
 facet normal 0 0 0
  outer loop
   vertex -19.0668 0.8615 91.4997
   vertex -18.7869 10.7707 84.0637
   vertex -19.0668 0.8615 91.4997
  endloop
 endfacet
 facet normal 0 0 0
  outer loop
   vertex -18.8268 0.1258 91.2970
   vertex -18.1603 6.5981 83.8188
   vertex -18.7869 10.7707 84.0637
  endloop
 endfacet
 facet normal 0 0 0
  outer loop
   vertex -18.7869 10.7707 84.0637
   vertex -18.8374 0.1581 91.3059
   vertex -18.8268 0.1258 91.2970
  endloop
 endfacet
 facet normal 0 0 0
  outer loop
   vertex -18.8374 0.1581 91.3059
   vertex -18.7869 10.7707 84.0637
   vertex -19.0668 0.8615 91.4997
  endloop
 endfacet
 facet normal 0 0 0
  outer loop
   vertex -19.0668 0.8615 91.4997
   vertex -18.7869 10.7707 84.0637
   vertex -19.0668 0.8615 91.4997
  endloop
 endfacet
 facet normal 0 0 0
  outer loop
   vertex -23.6805 -21.3027 87.0918
   vertex -22.8385 -5.1971 91.0525
   vertex -22.8459 -5.1899 91.0179
  endloop
 endfacet
 facet normal 0 0 0
  outer loop
   vertex -22.8385 -5.1971 91.0525
   vertex -23.6805 -21.3027 87.0918
   vertex -23.5331 -21.7636 87.7851
  endloop
 endfacet
 facet normal 0 0 0
  outer loop
   vertex -18.3309 5.8194 83.0160
   vertex -18.4272 -11.8746 82.5629
   vertex -18.4229 -11.0749 82.5834
  endloop
 endfacet
 facet normal 0 0 0
  outer loop
   vertex -22.9474 5.7726 84.0968
   vertex -23.6737 -20.4398 86.6649
   vertex -23.6758 -20.4716 86.6749
  endloop
 endfacet
 facet normal 0 0 0
  outer loop
   vertex -22.9474 5.7726 84.0968
   vertex -22.9282 5.8194 83.9932
   vertex -23.6737 -20.4398 86.6649
  endloop
 endfacet
 facet normal 0 0 0
  outer loop
   vertex -22.9475 5.7577 84.1054
   vertex -23.6758 -20.4716 86.6749
   vertex -23.6809 -21.0492 86.9588
  endloop
 endfacet
 facet normal 0 0 0
  outer loop
   vertex -23.6758 -20.4716 86.6749
   vertex -22.9475 5.7577 84.1054
   vertex -22.9474 5.7726 84.0968
  endloop
 endfacet
 facet normal 0 0 0
  outer loop
   vertex -19.1317 -22.3897 85.8862
   vertex -18.4272 -11.8746 82.5629
   vertex -18.9687 -22.5479 86.6532
  endloop
 endfacet
 facet normal 0 0 0
  outer loop
   vertex -18.2083 -4.4129 90.2300
   vertex -18.2566 -11.0958 83.3656
   vertex -18.1647 5.7984 83.7983
  endloop
 endfacet
 facet normal 0 0 0
  outer loop
   vertex -18.1647 5.7984 83.7983
   vertex -18.4272 -11.8746 82.5629
   vertex -18.3309 5.8194 83.0160
  endloop
 endfacet
 facet normal 0 0 0
  outer loop
   vertex -23.0014 -7.6184 83.6491
   vertex -23.0202 -11.0749 83.5606
   vertex -22.9511 1.6257 83.8858
  endloop
 endfacet
 facet normal 0 0 0
  outer loop
   vertex -18.2566 -11.0958 83.3656
   vertex -18.4272 -11.8746 82.5629
   vertex -18.1647 5.7984 83.7983
  endloop
 endfacet
 facet normal 0 0 0
  outer loop
   vertex -23.6831 -21.2945 87.0794
   vertex -22.8459 -5.1899 91.0179
   vertex -23.0016 -5.0389 90.2855
  endloop
 endfacet
 facet normal 0 0 0
  outer loop
   vertex -22.8459 -5.1899 91.0179
   vertex -23.6831 -21.2945 87.0794
   vertex -23.6805 -21.3027 87.0918
  endloop
 endfacet
 facet normal 0 0 0
  outer loop
   vertex -23.6809 -21.0492 86.9588
   vertex -23.0016 -5.0389 90.2855
   vertex -23.0016 -5.0389 90.2855
  endloop
 endfacet
 facet normal 0 0 0
  outer loop
   vertex -23.0016 -5.0389 90.2855
   vertex -23.6809 -21.0492 86.9588
   vertex -23.6831 -21.2945 87.0794
  endloop
 endfacet
 facet normal 0 0 0
  outer loop
   vertex -23.6809 -21.0492 86.9588
   vertex -23.0016 -5.0389 90.2855
   vertex -22.9475 5.7577 84.1054
  endloop
 endfacet
 facet normal 0 0 0
  outer loop
   vertex -22.9511 1.6257 83.8858
   vertex -23.6737 -20.4398 86.6649
   vertex -22.9282 5.8194 83.9932
  endloop
 endfacet
 facet normal 0 0 0
  outer loop
   vertex -23.6737 -20.4398 86.6649
   vertex -22.9511 1.6257 83.8858
   vertex -23.3560 -15.6679 85.1680
  endloop
 endfacet
 facet normal 0 0 0
  outer loop
   vertex -23.3560 -15.6679 85.1680
   vertex -22.9511 1.6257 83.8858
   vertex -23.1847 -13.1499 84.3581
  endloop
 endfacet
 facet normal 0 0 0
  outer loop
   vertex -23.1847 -13.1499 84.3581
   vertex -22.9511 1.6257 83.8858
   vertex -23.0202 -11.0749 83.5606
  endloop
 endfacet
 facet normal 0 0 0
  outer loop
   vertex -22.8385 -5.1971 91.0525
   vertex -23.5331 -21.7636 87.7851
   vertex -23.1606 -12.8788 89.5375
  endloop
 endfacet
 facet normal 0 0 0
  outer loop
   vertex -18.9687 -22.5479 86.6532
   vertex -18.4272 -11.8746 82.5629
   vertex -18.2610 -11.8956 83.3452
  endloop
 endfacet
 facet normal 0 0 0
  outer loop
   vertex -18.9687 -22.5479 86.6532
   vertex -18.2610 -11.8956 83.3452
   vertex -18.2412 -5.1971 90.0754
  endloop
 endfacet
 facet normal 0 0 0
  outer loop
   vertex -18.2083 -4.4129 90.2300
   vertex -18.2610 -11.8956 83.3452
   vertex -18.2566 -11.0958 83.3656
  endloop
 endfacet
 facet normal 0 0 0
  outer loop
   vertex -18.2610 -11.8956 83.3452
   vertex -18.4272 -11.8746 82.5629
   vertex -18.2566 -11.0958 83.3656
  endloop
 endfacet
 facet normal 0 0 0
  outer loop
   vertex -18.2099 -4.4502 90.2227
   vertex -18.2083 -4.4129 90.2300
   vertex -18.2097 -4.4459 90.2235
  endloop
 endfacet
 facet normal 0 0 0
  outer loop
   vertex -18.2099 -4.4502 90.2227
   vertex -18.2610 -11.8956 83.3452
   vertex -18.2083 -4.4129 90.2300
  endloop
 endfacet
 facet normal 0 0 0
  outer loop
   vertex -18.2403 -5.1764 90.0794
   vertex -18.2610 -11.8956 83.3452
   vertex -18.2099 -4.4502 90.2227
  endloop
 endfacet
 facet normal 0 0 0
  outer loop
   vertex -18.2610 -11.8956 83.3452
   vertex -18.2403 -5.1764 90.0794
   vertex -18.2412 -5.1971 90.0754
  endloop
 endfacet
 facet normal 0 0 0
  outer loop
   vertex -18.4229 -11.0749 82.5834
   vertex -21.2181 -10.7228 69.4327
   vertex -21.0287 -10.7467 70.3241
  endloop
 endfacet
 facet normal 0 0 0
  outer loop
   vertex -22.6862 -15.4083 65.5787
   vertex -19.0993 -16.0472 82.5939
   vertex -22.7157 -15.5917 65.5801
  endloop
 endfacet
 facet normal 0 0 0
  outer loop
   vertex -19.0993 -16.0472 82.5939
   vertex -22.6862 -15.4083 65.5787
   vertex -18.4272 -11.8746 82.5629
  endloop
 endfacet
 facet normal 0 0 0
  outer loop
   vertex -26.8029 -10.5984 65.7644
   vertex -23.0202 -11.0749 83.5606
   vertex -26.7065 -10.6106 66.2179
  endloop
 endfacet
 facet normal 0 0 0
  outer loop
   vertex -26.6321 -10.6199 66.5678
   vertex -26.7065 -10.6106 66.2179
   vertex -23.0202 -11.0749 83.5606
  endloop
 endfacet
 facet normal 0 0 0
  outer loop
   vertex -23.7087 -15.3500 83.5924
   vertex -23.5425 -15.3709 84.3746
   vertex -27.4914 -14.8735 65.7963
  endloop
 endfacet
 facet normal 0 0 0
  outer loop
   vertex -27.4914 -14.8735 65.7963
   vertex -27.3327 -14.8935 66.5431
   vertex -27.3251 -14.8944 66.5785
  endloop
 endfacet
 facet normal 0 0 0
  outer loop
   vertex -27.4914 -14.8735 65.7963
   vertex -27.3251 -14.8944 66.5785
   vertex -27.3206 -14.8950 66.5996
  endloop
 endfacet
 facet normal 0 0 0
  outer loop
   vertex -27.4914 -14.8735 65.7963
   vertex -27.3206 -14.8950 66.5996
   vertex -23.7087 -15.3500 83.5924
  endloop
 endfacet
 facet normal 0 0 0
  outer loop
   vertex -23.0202 -11.0749 83.5606
   vertex -23.5425 -15.3709 84.3746
   vertex -23.1847 -13.1499 84.3581
  endloop
 endfacet
 facet normal 0 0 0
  outer loop
   vertex -23.5425 -15.3709 84.3746
   vertex -23.0202 -11.0749 83.5606
   vertex -26.8029 -10.5984 65.7644
  endloop
 endfacet
 facet normal 0 0 0
  outer loop
   vertex -23.5425 -15.3709 84.3746
   vertex -26.8029 -10.5984 65.7644
   vertex -27.4914 -14.8735 65.7963
  endloop
 endfacet
 facet normal 0 0 0
  outer loop
   vertex -22.0436 -11.4191 65.5490
   vertex -18.4272 -11.8746 82.5629
   vertex -22.6862 -15.4083 65.5787
  endloop
 endfacet
 facet normal 0 0 0
  outer loop
   vertex -18.4272 -11.8746 82.5629
   vertex -21.2181 -10.7228 69.4327
   vertex -18.4229 -11.0749 82.5834
  endloop
 endfacet
 facet normal 0 0 0
  outer loop
   vertex -22.0436 -11.4191 65.5490
   vertex -21.2181 -10.7228 69.4327
   vertex -18.4272 -11.8746 82.5629
  endloop
 endfacet
 facet normal 0 0 0
  outer loop
   vertex -21.2181 -10.7228 69.4327
   vertex -22.0436 -11.4191 65.5490
   vertex -22.0429 -11.2844 65.5525
  endloop
 endfacet
 facet normal 0 0 0
  outer loop
   vertex -23.6805 -21.3027 87.0918
   vertex -23.5745 -21.9516 87.7551
   vertex -23.5331 -21.7636 87.7851
  endloop
 endfacet
 facet normal 0 0 0
  outer loop
   vertex -24.3931 -25.1128 86.8725
   vertex -23.6805 -21.3027 87.0918
   vertex -23.6831 -21.2945 87.0794
  endloop
 endfacet
 facet normal 0 0 0
  outer loop
   vertex -23.6805 -21.3027 87.0918
   vertex -24.3931 -25.1128 86.8725
   vertex -23.5745 -21.9516 87.7551
  endloop
 endfacet
 facet normal 0 0 0
  outer loop
   vertex -23.5745 -21.9516 87.7551
   vertex -24.4533 -25.8268 87.0575
   vertex -24.5156 -26.2277 87.0737
  endloop
 endfacet
 facet normal 0 0 0
  outer loop
   vertex -24.3931 -25.1128 86.8725
   vertex -23.6831 -21.2945 87.0794
   vertex -23.6809 -21.0492 86.9588
  endloop
 endfacet
 facet normal 0 0 0
  outer loop
   vertex -23.5745 -21.9516 87.7551
   vertex -24.3931 -25.1128 86.8725
   vertex -24.4533 -25.8268 87.0575
  endloop
 endfacet
 facet normal 0 0 0
  outer loop
   vertex -23.6758 -20.4716 86.6749
   vertex -24.3931 -25.1128 86.8725
   vertex -23.6809 -21.0492 86.9588
  endloop
 endfacet
 facet normal 0 0 0
  outer loop
   vertex -23.6737 -20.4398 86.6649
   vertex -24.3931 -25.1128 86.8725
   vertex -23.6758 -20.4716 86.6749
  endloop
 endfacet
 facet normal 0 0 0
  outer loop
   vertex -24.3931 -25.1128 86.8725
   vertex -23.6737 -20.4398 86.6649
   vertex -23.3560 -15.6679 85.1680
  endloop
 endfacet
 facet normal 0 0 0
  outer loop
   vertex -19.1317 -22.3897 85.8862
   vertex -19.0993 -16.0472 82.5939
   vertex -18.4272 -11.8746 82.5629
  endloop
 endfacet
 facet normal 0 0 0
  outer loop
   vertex -23.3560 -15.6679 85.1680
   vertex -23.5425 -15.3709 84.3746
   vertex -24.3931 -25.1128 86.8725
  endloop
 endfacet
 facet normal 0 0 0
  outer loop
   vertex -23.5425 -15.3709 84.3746
   vertex -23.3560 -15.6679 85.1680
   vertex -23.1847 -13.1499 84.3581
  endloop
 endfacet
 facet normal 0 0 0
  outer loop
   vertex -20.4322 -27.6641 85.0753
   vertex -19.0993 -16.0472 82.5939
   vertex -20.1306 -26.9283 85.1629
  endloop
 endfacet
 facet normal 0 0 0
  outer loop
   vertex -20.1306 -26.9283 85.1629
   vertex -19.0993 -16.0472 82.5939
   vertex -19.1317 -22.3897 85.8862
  endloop
 endfacet
 facet normal 0 0 0
  outer loop
   vertex -24.3931 -25.1128 86.8725
   vertex -29.0049 -32.1919 85.0855
   vertex -24.4533 -25.8268 87.0575
  endloop
 endfacet
 facet normal 0 0 0
  outer loop
   vertex -29.0049 -32.1919 85.0855
   vertex -24.3931 -25.1128 86.8725
   vertex -23.5425 -15.3709 84.3746
  endloop
 endfacet
 facet normal 0 0 0
  outer loop
   vertex -23.5425 -15.3709 84.3746
   vertex -28.9242 -31.4107 84.2711
   vertex -28.9167 -31.4116 84.3065
  endloop
 endfacet
 facet normal 0 0 0
  outer loop
   vertex -28.9242 -31.4107 84.2711
   vertex -23.5425 -15.3709 84.3746
   vertex -23.7087 -15.3500 83.5924
  endloop
 endfacet
 facet normal 0 0 0
  outer loop
   vertex -30.4713 -42.7590 84.7850
   vertex -27.8542 -43.7588 84.1695
   vertex -30.4561 -42.7818 84.9240
  endloop
 endfacet
 facet normal 0 0 0
  outer loop
   vertex -27.8542 -43.7588 84.1695
   vertex -30.4713 -42.7590 84.7850
   vertex -27.1067 -43.9426 83.1384
  endloop
 endfacet
 facet normal 0 0 0
  outer loop
   vertex -27.1067 -43.9426 83.1384
   vertex -27.2342 -38.0281 83.4578
   vertex -27.2081 -37.9917 83.4524
  endloop
 endfacet
 facet normal 0 0 0
  outer loop
   vertex -27.2342 -38.0281 83.4578
   vertex -27.1067 -43.9426 83.1384
   vertex -30.5427 -42.6524 84.1347
  endloop
 endfacet
 facet normal 0 0 0
  outer loop
   vertex -26.7719 -37.3820 83.3632
   vertex -27.1067 -43.9426 83.1384
   vertex -27.2081 -37.9917 83.4524
  endloop
 endfacet
 facet normal 0 0 0
  outer loop
   vertex -27.1067 -43.9426 83.1384
   vertex -26.7719 -37.3820 83.3632
   vertex -26.1354 -36.1203 83.2508
  endloop
 endfacet
 facet normal 0 0 0
  outer loop
   vertex -19.0993 -16.0472 82.5939
   vertex -20.4322 -27.6641 85.0753
   vertex -27.1067 -43.9426 83.1384
  endloop
 endfacet
 facet normal 0 0 0
  outer loop
   vertex -29.0049 -32.1919 85.0855
   vertex -24.5156 -26.2277 87.0737
   vertex -24.4533 -25.8268 87.0575
  endloop
 endfacet
 facet normal 0 0 0
  outer loop
   vertex -29.5818 -35.1355 85.1293
   vertex -24.5156 -26.2277 87.0737
   vertex -29.0049 -32.1919 85.0855
  endloop
 endfacet
 facet normal 0 0 0
  outer loop
   vertex -29.6149 -35.3042 85.1318
   vertex -24.5156 -26.2277 87.0737
   vertex -29.5818 -35.1355 85.1293
  endloop
 endfacet
 facet normal 0 0 0
  outer loop
   vertex -29.7518 -36.0024 85.1422
   vertex -24.5156 -26.2277 87.0737
   vertex -29.6149 -35.3042 85.1318
  endloop
 endfacet
 facet normal 0 0 0
  outer loop
   vertex -29.7518 -36.0026 85.1422
   vertex -24.5156 -26.2277 87.0737
   vertex -29.7518 -36.0024 85.1422
  endloop
 endfacet
 facet normal 0 0 0
  outer loop
   vertex -24.5156 -26.2277 87.0737
   vertex -29.7518 -36.0026 85.1422
   vertex -30.8769 -41.7424 85.2277
  endloop
 endfacet
 facet normal 0 0 0
  outer loop
   vertex -27.1067 -43.9426 83.1384
   vertex -24.5458 -32.6577 83.0593
   vertex -19.0993 -16.0472 82.5939
  endloop
 endfacet
 facet normal 0 0 0
  outer loop
   vertex -24.6127 -32.8618 83.0650
   vertex -24.8619 -33.6218 83.0863
   vertex -24.6264 -32.9036 83.0662
  endloop
 endfacet
 facet normal 0 0 0
  outer loop
   vertex -24.9687 -33.8314 83.1001
   vertex -27.1067 -43.9426 83.1384
   vertex -26.1354 -36.1203 83.2508
  endloop
 endfacet
 facet normal 0 0 0
  outer loop
   vertex -24.8619 -33.6218 83.0863
   vertex -27.1067 -43.9426 83.1384
   vertex -24.9687 -33.8314 83.1001
  endloop
 endfacet
 facet normal 0 0 0
  outer loop
   vertex -24.6127 -32.8618 83.0650
   vertex -27.1067 -43.9426 83.1384
   vertex -24.8619 -33.6218 83.0863
  endloop
 endfacet
 facet normal 0 0 0
  outer loop
   vertex -24.5458 -32.6577 83.0593
   vertex -27.1067 -43.9426 83.1384
   vertex -24.6127 -32.8618 83.0650
  endloop
 endfacet
 facet normal 0 0 0
  outer loop
   vertex -30.5427 -42.6524 84.1347
   vertex -27.1067 -43.9426 83.1384
   vertex -30.4713 -42.7590 84.7850
  endloop
 endfacet
 facet normal 0 0 0
  outer loop
   vertex -28.7580 -31.4316 85.0533
   vertex -23.5425 -15.3709 84.3746
   vertex -28.9167 -31.4116 84.3065
  endloop
 endfacet
 facet normal 0 0 0
  outer loop
   vertex -28.7580 -31.4316 85.0533
   vertex -29.0049 -32.1919 85.0855
   vertex -23.5425 -15.3709 84.3746
  endloop
 endfacet
 facet normal 0 0 0
  outer loop
   vertex -20.3541 -27.7399 85.4431
   vertex -22.9011 -33.9063 84.6450
   vertex -20.4322 -27.6641 85.0753
  endloop
 endfacet
 facet normal 0 0 0
  outer loop
   vertex -22.9011 -33.9063 84.6450
   vertex -27.1067 -43.9426 83.1384
   vertex -20.4322 -27.6641 85.0753
  endloop
 endfacet
 facet normal 0 0 0
  outer loop
   vertex -30.8753 -35.2640 84.5827
   vertex -33.5172 -33.1847 68.1098
   vertex -33.8112 -33.7700 68.1674
  endloop
 endfacet
 facet normal 0 0 0
  outer loop
   vertex -30.8753 -35.2640 84.5827
   vertex -33.2606 -32.6219 67.9390
   vertex -33.5172 -33.1847 68.1098
  endloop
 endfacet
 facet normal 0 0 0
  outer loop
   vertex -30.8753 -35.2640 84.5827
   vertex -33.0513 -32.1033 67.6618
   vertex -33.2606 -32.6219 67.9390
  endloop
 endfacet
 facet normal 0 0 0
  outer loop
   vertex -30.8753 -35.2640 84.5827
   vertex -32.8974 -31.6487 67.2887
   vertex -33.0513 -32.1033 67.6618
  endloop
 endfacet
 facet normal 0 0 0
  outer loop
   vertex -32.7069 -30.9342 66.4750
   vertex -32.8974 -31.6487 67.2887
   vertex -30.8753 -35.2640 84.5827
  endloop
 endfacet
 facet normal 0 0 0
  outer loop
   vertex -32.8974 -31.6487 67.2887
   vertex -32.7069 -30.9342 66.4750
   vertex -32.8046 -31.2756 66.8341
  endloop
 endfacet
 facet normal 0 0 0
  outer loop
   vertex -32.8046 -31.2756 66.8341
   vertex -32.7069 -30.9342 66.4750
   vertex -32.7860 -31.0904 66.4876
  endloop
 endfacet
 facet normal 0 0 0
  outer loop
   vertex -34.1314 -34.3553 68.1098
   vertex -30.8753 -35.2640 84.5827
   vertex -33.8112 -33.7700 68.1674
  endloop
 endfacet
 facet normal 0 0 0
  outer loop
   vertex -30.8753 -35.2640 84.5827
   vertex -34.1314 -34.3553 68.1098
   vertex -34.4067 -34.8192 67.9690
  endloop
 endfacet
 facet normal 0 0 0
  outer loop
   vertex -28.3326 -33.1846 66.7578
   vertex -24.6264 -32.9036 83.0662
   vertex -24.8619 -33.6218 83.0863
  endloop
 endfacet
 facet normal 0 0 0
  outer loop
   vertex -24.6264 -32.9036 83.0662
   vertex -28.3326 -33.1846 66.7578
   vertex -28.3193 -33.1350 66.7427
  endloop
 endfacet
 facet normal 0 0 0
  outer loop
   vertex -28.9287 -31.4101 84.2500
   vertex -30.8753 -35.2640 84.5827
   vertex -28.9242 -31.4107 84.2711
  endloop
 endfacet
 facet normal 0 0 0
  outer loop
   vertex -29.1387 -31.3837 83.2622
   vertex -30.8753 -35.2640 84.5827
   vertex -28.9287 -31.4101 84.2500
  endloop
 endfacet
 facet normal 0 0 0
  outer loop
   vertex -30.8753 -35.2640 84.5827
   vertex -29.1387 -31.3837 83.2622
   vertex -32.7069 -30.9342 66.4750
  endloop
 endfacet
 facet normal 0 0 0
  outer loop
   vertex -29.5220 -31.3354 81.4588
   vertex -32.7069 -30.9342 66.4750
   vertex -29.1387 -31.3837 83.2622
  endloop
 endfacet
 facet normal 0 0 0
  outer loop
   vertex -34.4067 -34.8192 67.9690
   vertex -32.5750 -35.0499 76.5864
   vertex -30.8753 -35.2640 84.5827
  endloop
 endfacet
 facet normal 0 0 0
  outer loop
   vertex -30.7090 -35.2850 85.3649
   vertex -29.6149 -35.3042 85.1318
   vertex -30.2440 -34.6392 85.2833
  endloop
 endfacet
 facet normal 0 0 0
  outer loop
   vertex -29.6149 -35.3042 85.1318
   vertex -30.7090 -35.2850 85.3649
   vertex -29.7518 -36.0024 85.1422
  endloop
 endfacet
 facet normal 0 0 0
  outer loop
   vertex -27.7019 -37.9692 81.2576
   vertex -28.8670 -37.8225 75.7762
   vertex -27.2342 -38.0281 83.4578
  endloop
 endfacet
 facet normal 0 0 0
  outer loop
   vertex -28.7580 -31.4316 85.0533
   vertex -30.7090 -35.2850 85.3649
   vertex -30.2440 -34.6392 85.2833
  endloop
 endfacet
 facet normal 0 0 0
  outer loop
   vertex -29.0049 -32.1919 85.0855
   vertex -28.7580 -31.4316 85.0533
   vertex -30.2440 -34.6392 85.2833
  endloop
 endfacet
 facet normal 0 0 0
  outer loop
   vertex -28.8670 -37.8225 75.7762
   vertex -27.2081 -37.9917 83.4524
   vertex -27.2342 -38.0281 83.4578
  endloop
 endfacet
 facet normal 0 0 0
  outer loop
   vertex -30.3489 -36.9611 66.6305
   vertex -28.8670 -37.8225 75.7762
   vertex -30.3662 -36.9852 66.6336
  endloop
 endfacet
 facet normal 0 0 0
  outer loop
   vertex -28.8670 -37.8225 75.7762
   vertex -30.3489 -36.9611 66.6305
   vertex -27.2081 -37.9917 83.4524
  endloop
 endfacet
 facet normal 0 0 0
  outer loop
   vertex -28.3193 -33.1350 66.7427
   vertex -24.6127 -32.8618 83.0650
   vertex -24.6264 -32.9036 83.0662
  endloop
 endfacet
 facet normal 0 0 0
  outer loop
   vertex -28.0955 -32.4231 66.6795
   vertex -28.3193 -33.1350 66.7427
   vertex -28.3152 -33.1194 66.7380
  endloop
 endfacet
 facet normal 0 0 0
  outer loop
   vertex -28.3193 -33.1350 66.7427
   vertex -28.0955 -32.4231 66.6795
   vertex -24.6127 -32.8618 83.0650
  endloop
 endfacet
 facet normal 0 0 0
  outer loop
   vertex -28.2518 -32.8255 66.5809
   vertex -28.0955 -32.4231 66.6795
   vertex -28.3152 -33.1194 66.7380
  endloop
 endfacet
 facet normal 0 0 0
  outer loop
   vertex -28.0955 -32.4231 66.6795
   vertex -28.2518 -32.8255 66.5809
   vertex -28.2179 -32.6031 66.3983
  endloop
 endfacet
 facet normal 0 0 0
  outer loop
   vertex -30.3489 -36.9611 66.6305
   vertex -26.7719 -37.3820 83.3632
   vertex -27.2081 -37.9917 83.4524
  endloop
 endfacet
 facet normal 0 0 0
  outer loop
   vertex -30.3489 -36.9611 66.6305
   vertex -30.3293 -36.9339 66.6271
   vertex -26.7719 -37.3820 83.3632
  endloop
 endfacet
 facet normal 0 0 0
  outer loop
   vertex -32.5407 -30.9552 67.2572
   vertex -32.7069 -30.9342 66.4750
   vertex -29.5220 -31.3354 81.4588
  endloop
 endfacet
 facet normal 0 0 0
  outer loop
   vertex -30.3293 -36.9339 66.6271
   vertex -26.1354 -36.1203 83.2508
   vertex -26.7719 -37.3820 83.3632
  endloop
 endfacet
 facet normal 0 0 0
  outer loop
   vertex -30.2491 -36.7755 66.6143
   vertex -26.1354 -36.1203 83.2508
   vertex -30.3293 -36.9339 66.6271
  endloop
 endfacet
 facet normal 0 0 0
  outer loop
   vertex -26.1354 -36.1203 83.2508
   vertex -30.2491 -36.7755 66.6143
   vertex -24.9687 -33.8314 83.1001
  endloop
 endfacet
 facet normal 0 0 0
  outer loop
   vertex -28.7580 -31.4316 85.0533
   vertex -30.8753 -35.2640 84.5827
   vertex -30.7090 -35.2850 85.3649
  endloop
 endfacet
 facet normal 0 0 0
  outer loop
   vertex -28.9167 -31.4116 84.3065
   vertex -30.8753 -35.2640 84.5827
   vertex -28.7580 -31.4316 85.0533
  endloop
 endfacet
 facet normal 0 0 0
  outer loop
   vertex -30.8753 -35.2640 84.5827
   vertex -28.9167 -31.4116 84.3065
   vertex -28.9242 -31.4107 84.2711
  endloop
 endfacet
 facet normal 0 0 0
  outer loop
   vertex -29.5818 -35.1355 85.1293
   vertex -29.0049 -32.1919 85.0855
   vertex -30.2440 -34.6392 85.2833
  endloop
 endfacet
 facet normal 0 0 0
  outer loop
   vertex -29.6149 -35.3042 85.1318
   vertex -29.5818 -35.1355 85.1293
   vertex -30.2440 -34.6392 85.2833
  endloop
 endfacet
 facet normal 0 0 0
  outer loop
   vertex -28.7300 -34.5062 68.0640
   vertex -28.7300 -33.9805 66.8467
   vertex -28.6149 -33.7700 66.8674
  endloop
 endfacet
 facet normal 0 0 0
  outer loop
   vertex -24.9687 -33.8314 83.1001
   vertex -28.7300 -34.5062 68.0640
   vertex -24.8619 -33.6218 83.0863
  endloop
 endfacet
 facet normal 0 0 0
  outer loop
   vertex -24.9687 -33.8314 83.1001
   vertex -28.9744 -34.9180 67.9390
   vertex -28.7300 -34.5062 68.0640
  endloop
 endfacet
 facet normal 0 0 0
  outer loop
   vertex -24.9687 -33.8314 83.1001
   vertex -29.3093 -35.4367 67.6618
   vertex -28.9744 -34.9180 67.9390
  endloop
 endfacet
 facet normal 0 0 0
  outer loop
   vertex -24.9687 -33.8314 83.1001
   vertex -29.6324 -35.8913 67.2887
   vertex -29.3093 -35.4367 67.6618
  endloop
 endfacet
 facet normal 0 0 0
  outer loop
   vertex -30.2491 -36.7755 66.6143
   vertex -29.6324 -35.8913 67.2887
   vertex -24.9687 -33.8314 83.1001
  endloop
 endfacet
 facet normal 0 0 0
  outer loop
   vertex -29.6324 -35.8913 67.2887
   vertex -30.2491 -36.7755 66.6143
   vertex -29.9311 -36.2644 66.8341
  endloop
 endfacet
 facet normal 0 0 0
  outer loop
   vertex -29.9311 -36.2644 66.8341
   vertex -30.2491 -36.7755 66.6143
   vertex -30.0580 -36.3982 66.5838
  endloop
 endfacet
 facet normal 0 0 0
  outer loop
   vertex -28.4483 -33.4383 66.8347
   vertex -28.7300 -34.5062 68.0640
   vertex -28.6149 -33.7700 66.8674
  endloop
 endfacet
 facet normal 0 0 0
  outer loop
   vertex -28.3326 -33.1846 66.7578
   vertex -28.7300 -34.5062 68.0640
   vertex -28.4483 -33.4383 66.8347
  endloop
 endfacet
 facet normal 0 0 0
  outer loop
   vertex -28.7300 -34.5062 68.0640
   vertex -28.3326 -33.1846 66.7578
   vertex -24.8619 -33.6218 83.0863
  endloop
 endfacet
 facet normal 0 0 0
  outer loop
   vertex -30.5492 -35.4049 85.3277
   vertex -30.7090 -35.2850 85.3649
   vertex -30.7090 -35.2851 85.3649
  endloop
 endfacet
 facet normal 0 0 0
  outer loop
   vertex -30.5492 -35.4049 85.3277
   vertex -29.7518 -36.0024 85.1422
   vertex -30.7090 -35.2850 85.3649
  endloop
 endfacet
 facet normal 0 0 0
  outer loop
   vertex -29.7518 -36.0024 85.1422
   vertex -30.5492 -35.4049 85.3277
   vertex -29.7518 -36.0026 85.1422
  endloop
 endfacet
 facet normal 0 0 0
  outer loop
   vertex -33.2883 30.7277 120.8454
   vertex -33.2756 30.7120 120.8394
   vertex -33.7587 31.3083 121.0654
  endloop
 endfacet
 facet normal 0 0 0
  outer loop
   vertex -33.2756 30.7120 120.8394
   vertex -33.4386 30.8701 120.0724
   vertex -33.7587 31.3083 121.0654
  endloop
 endfacet
 facet normal 0 0 0
  outer loop
   vertex -37.3801 28.3163 121.2184
   vertex -37.7842 28.4770 119.3174
   vertex -37.6211 28.3189 120.0844
  endloop
 endfacet
 facet normal 0 0 0
  outer loop
   vertex -37.7842 28.4770 119.3174
   vertex -29.3576 18.1044 115.9244
   vertex -29.3097 18.0498 115.9904
  endloop
 endfacet
 facet normal 0 0 0
  outer loop
   vertex -29.3576 18.1044 115.9244
   vertex -37.7842 28.4770 119.3174
   vertex -29.5714 18.3405 115.4824
  endloop
 endfacet
 facet normal 0 0 0
  outer loop
   vertex -34.5392 24.4720 117.8024
   vertex -29.5714 18.3405 115.4824
   vertex -37.7842 28.4770 119.3174
  endloop
 endfacet
 facet normal 0 0 0
  outer loop
   vertex -33.4386 30.8701 120.0724
   vertex -33.6923 30.8884 118.9454
   vertex -34.1628 31.4690 119.1644
  endloop
 endfacet
 facet normal 0 0 0
  outer loop
   vertex -23.7181 18.5985 114.3742
   vertex -33.6923 30.8884 118.9454
   vertex -33.4386 30.8701 120.0724
  endloop
 endfacet
 facet normal 0 0 0
  outer loop
   vertex -33.6923 30.8884 118.9454
   vertex -23.7181 18.5985 114.3742
   vertex -23.7409 18.6060 114.2979
  endloop
 endfacet
 facet normal 0 0 0
  outer loop
   vertex -37.3801 28.3163 121.2184
   vertex -37.6211 28.3189 120.0844
   vertex -36.8970 27.7200 120.9924
  endloop
 endfacet
 facet normal 0 0 0
  outer loop
   vertex -34.1628 31.4690 119.1644
   vertex -33.9218 31.4665 120.2984
   vertex -33.4386 30.8701 120.0724
  endloop
 endfacet
 facet normal 0 0 0
  outer loop
   vertex -33.9218 31.4665 120.2984
   vertex -34.1628 31.4690 119.1644
   vertex -37.7842 28.4770 119.3174
  endloop
 endfacet
 facet normal 0 0 0
  outer loop
   vertex -29.3097 18.0498 115.9904
   vertex -37.6211 28.3189 120.0844
   vertex -37.7842 28.4770 119.3174
  endloop
 endfacet
 facet normal 0 0 0
  outer loop
   vertex -37.6211 28.3189 120.0844
   vertex -29.3097 18.0498 115.9904
   vertex -29.1950 17.9191 116.1494
  endloop
 endfacet
 facet normal 0 0 0
  outer loop
   vertex -29.1950 17.9191 116.1494
   vertex -36.8970 27.7200 120.9924
   vertex -37.6211 28.3189 120.0844
  endloop
 endfacet
 facet normal 0 0 0
  outer loop
   vertex -36.8970 27.7200 120.9924
   vertex -29.1950 17.9191 116.1494
   vertex -28.9963 17.7458 116.3614
  endloop
 endfacet
 facet normal 0 0 0
  outer loop
   vertex -37.3801 28.3163 121.2184
   vertex -36.3719 27.0719 120.7474
   vertex -36.9194 27.7477 121.0034
  endloop
 endfacet
 facet normal 0 0 0
  outer loop
   vertex -33.7587 31.3083 121.0654
   vertex -33.4386 30.8701 120.0724
   vertex -33.9218 31.4665 120.2984
  endloop
 endfacet
 facet normal 0 0 0
  outer loop
   vertex -37.5432 28.4744 120.4514
   vertex -37.7842 28.4770 119.3174
   vertex -37.3801 28.3163 121.2184
  endloop
 endfacet
 facet normal 0 0 0
  outer loop
   vertex -33.9218 31.4665 120.2984
   vertex -37.7842 28.4770 119.3174
   vertex -37.5432 28.4744 120.4514
  endloop
 endfacet
 facet normal 0 0 0
  outer loop
   vertex -23.3178 18.3816 115.4054
   vertex -23.0758 18.1212 116.0384
   vertex -23.1263 18.1702 115.8014
  endloop
 endfacet
 facet normal 0 0 0
  outer loop
   vertex -23.0758 18.1212 116.0384
   vertex -23.3178 18.3816 115.4054
   vertex -33.4386 30.8701 120.0724
  endloop
 endfacet
 facet normal 0 0 0
  outer loop
   vertex -33.4386 30.8701 120.0724
   vertex -23.3178 18.3816 115.4054
   vertex -23.3330 18.3974 115.3534
  endloop
 endfacet
 facet normal 0 0 0
  outer loop
   vertex -28.9963 17.7458 116.3614
   vertex -32.8289 22.6991 119.0934
   vertex -36.8970 27.7200 120.9924
  endloop
 endfacet
 facet normal 0 0 0
  outer loop
   vertex -32.8289 22.6991 119.0934
   vertex -28.4966 17.2767 116.7514
   vertex -28.1785 16.9593 116.9214
  endloop
 endfacet
 facet normal 0 0 0
  outer loop
   vertex -32.8289 22.6991 119.0934
   vertex -28.9797 17.7313 116.3784
   vertex -28.4966 17.2767 116.7514
  endloop
 endfacet
 facet normal 0 0 0
  outer loop
   vertex -32.8289 22.6991 119.0934
   vertex -28.9963 17.7458 116.3614
   vertex -28.9797 17.7313 116.3784
  endloop
 endfacet
 facet normal 0 0 0
  outer loop
   vertex -37.3801 28.3163 121.2184
   vertex -36.8970 27.7200 120.9924
   vertex -36.3719 27.0719 120.7474
  endloop
 endfacet
 facet normal 0 0 0
  outer loop
   vertex -32.8289 22.6991 119.0934
   vertex -36.3719 27.0719 120.7474
   vertex -36.8970 27.7200 120.9924
  endloop
 endfacet
 facet normal 0 0 0
  outer loop
   vertex -37.3801 28.3163 121.2184
   vertex -33.9218 31.4665 120.2984
   vertex -37.5432 28.4744 120.4514
  endloop
 endfacet
 facet normal 0 0 0
  outer loop
   vertex -33.7587 31.3083 121.0654
   vertex -33.9218 31.4665 120.2984
   vertex -37.3801 28.3163 121.2184
  endloop
 endfacet
 facet normal 0 0 0
  outer loop
   vertex -23.0685 18.1140 116.0734
   vertex -33.4386 30.8701 120.0724
   vertex -33.2756 30.7120 120.8394
  endloop
 endfacet
 facet normal 0 0 0
  outer loop
   vertex -33.4386 30.8701 120.0724
   vertex -23.0685 18.1140 116.0734
   vertex -23.0758 18.1212 116.0384
  endloop
 endfacet
 facet normal 0 0 0
  outer loop
   vertex -23.5784 18.5524 114.8424
   vertex -33.4386 30.8701 120.0724
   vertex -23.3330 18.3974 115.3534
  endloop
 endfacet
 facet normal 0 0 0
  outer loop
   vertex -33.4386 30.8701 120.0724
   vertex -23.5784 18.5524 114.8424
   vertex -23.7181 18.5985 114.3742
  endloop
 endfacet
 facet normal 0 0 0
  outer loop
   vertex -27.7398 15.9091 111.2869
   vertex -30.6402 18.7220 97.6415
   vertex -27.5711 15.6100 111.2574
  endloop
 endfacet
 facet normal 0 0 0
  outer loop
   vertex -30.6402 18.7220 97.6415
   vertex -27.2706 15.0942 111.3082
   vertex -27.5711 15.6100 111.2574
  endloop
 endfacet
 facet normal 0 0 0
  outer loop
   vertex -27.2706 15.0942 111.3082
   vertex -30.6402 18.7220 97.6415
   vertex -28.6794 14.9679 95.6165
  endloop
 endfacet
 facet normal 0 0 0
  outer loop
   vertex -20.8194 13.6684 112.6591
   vertex -20.8300 13.7007 112.6680
   vertex -20.8299 13.7006 112.6679
  endloop
 endfacet
 facet normal 0 0 0
  outer loop
   vertex -20.8194 13.6684 112.6591
   vertex -24.3763 17.1400 95.9840
   vertex -20.8300 13.7007 112.6680
  endloop
 endfacet
 facet normal 0 0 0
  outer loop
   vertex -24.3763 17.1400 95.9840
   vertex -20.8194 13.6684 112.6591
   vertex -24.1363 16.4043 95.7813
  endloop
 endfacet
 facet normal 0 0 0
  outer loop
   vertex -28.5119 14.8055 96.4043
   vertex -28.6723 14.9610 95.6497
   vertex -28.6711 14.9598 95.6557
  endloop
 endfacet
 facet normal 0 0 0
  outer loop
   vertex -28.5119 14.8055 96.4043
   vertex -28.6794 14.9679 95.6165
   vertex -28.6723 14.9610 95.6497
  endloop
 endfacet
 facet normal 0 0 0
  outer loop
   vertex -28.5119 14.8055 96.4043
   vertex -24.9700 11.3705 113.0676
   vertex -28.6794 14.9679 95.6165
  endloop
 endfacet
 facet normal 0 0 0
  outer loop
   vertex -20.9209 13.8682 112.7218
   vertex -21.3664 14.6655 112.8439
   vertex -21.2899 14.5480 112.9404
  endloop
 endfacet
 facet normal 0 0 0
  outer loop
   vertex -20.9209 13.8682 112.7218
   vertex -21.5497 14.9594 112.6868
   vertex -21.3664 14.6655 112.8439
  endloop
 endfacet
 facet normal 0 0 0
  outer loop
   vertex -20.9209 13.8682 112.7218
   vertex -21.7417 15.2783 112.5901
   vertex -21.5497 14.9594 112.6868
  endloop
 endfacet
 facet normal 0 0 0
  outer loop
   vertex -22.8900 17.1328 111.6861
   vertex -21.7417 15.2783 112.5901
   vertex -20.9209 13.8682 112.7218
  endloop
 endfacet
 facet normal 0 0 0
  outer loop
   vertex -21.7417 15.2783 112.5901
   vertex -22.8900 17.1328 111.6861
   vertex -21.9348 15.6100 112.5574
  endloop
 endfacet
 facet normal 0 0 0
  outer loop
   vertex -26.4447 20.9502 97.2091
   vertex -22.8900 17.1328 111.6861
   vertex -20.9209 13.8682 112.7218
  endloop
 endfacet
 facet normal 0 0 0
  outer loop
   vertex -22.8900 17.1328 111.6861
   vertex -26.4447 20.9502 97.2091
   vertex -26.5356 21.1177 97.2629
  endloop
 endfacet
 facet normal 0 0 0
  outer loop
   vertex -22.7361 17.1806 113.6068
   vertex -22.8900 17.4954 113.8881
   vertex -22.7519 17.2411 113.8063
  endloop
 endfacet
 facet normal 0 0 0
  outer loop
   vertex -22.6738 17.0235 113.3129
   vertex -22.8900 17.4954 113.8881
   vertex -22.7361 17.1806 113.6068
  endloop
 endfacet
 facet normal 0 0 0
  outer loop
   vertex -22.6738 17.0235 113.3129
   vertex -22.8900 17.1328 111.6861
   vertex -22.8900 17.4954 113.8881
  endloop
 endfacet
 facet normal 0 0 0
  outer loop
   vertex -22.5769 16.8121 113.0553
   vertex -22.8900 17.1328 111.6861
   vertex -22.6738 17.0235 113.3129
  endloop
 endfacet
 facet normal 0 0 0
  outer loop
   vertex -22.4492 16.5545 112.8439
   vertex -22.8900 17.1328 111.6861
   vertex -22.5769 16.8121 113.0553
  endloop
 endfacet
 facet normal 0 0 0
  outer loop
   vertex -22.2955 16.2606 112.6868
   vertex -22.8900 17.1328 111.6861
   vertex -22.4492 16.5545 112.8439
  endloop
 endfacet
 facet normal 0 0 0
  outer loop
   vertex -22.1219 15.9417 112.5901
   vertex -22.8900 17.1328 111.6861
   vertex -22.2955 16.2606 112.6868
  endloop
 endfacet
 facet normal 0 0 0
  outer loop
   vertex -22.8900 17.1328 111.6861
   vertex -22.1219 15.9417 112.5901
   vertex -21.9348 15.6100 112.5574
  endloop
 endfacet
 facet normal 0 0 0
  outer loop
   vertex -23.1906 17.7313 112.1361
   vertex -26.5356 21.1177 97.2629
   vertex -23.3079 17.9874 112.4481
  endloop
 endfacet
 facet normal 0 0 0
  outer loop
   vertex -22.9652 17.2767 111.7630
   vertex -26.5356 21.1177 97.2629
   vertex -23.1906 17.7313 112.1361
  endloop
 endfacet
 facet normal 0 0 0
  outer loop
   vertex -26.5356 21.1177 97.2629
   vertex -22.9652 17.2767 111.7630
   vertex -22.8900 17.1328 111.6861
  endloop
 endfacet
 facet normal 0 0 0
  outer loop
   vertex -21.1119 13.4711 110.0099
   vertex -20.8194 13.6684 112.6591
   vertex -20.7729 13.5256 112.6197
  endloop
 endfacet
 facet normal 0 0 0
  outer loop
   vertex -20.8194 13.6684 112.6591
   vertex -21.1119 13.4711 110.0099
   vertex -24.1363 16.4043 95.7813
  endloop
 endfacet
 facet normal 0 0 0
  outer loop
   vertex -25.5683 12.6100 114.2574
   vertex -24.8070 11.2123 113.8347
   vertex -25.5672 12.6127 114.2849
  endloop
 endfacet
 facet normal 0 0 0
  outer loop
   vertex -25.6429 12.6587 113.7625
   vertex -24.8070 11.2123 113.8347
   vertex -25.5683 12.6100 114.2574
  endloop
 endfacet
 facet normal 0 0 0
  outer loop
   vertex -24.8070 11.2123 113.8347
   vertex -25.6429 12.6587 113.7625
   vertex -24.9700 11.3705 113.0676
  endloop
 endfacet
 facet normal 0 0 0
  outer loop
   vertex -25.6565 12.6676 113.6721
   vertex -24.9700 11.3705 113.0676
   vertex -25.6429 12.6587 113.7625
  endloop
 endfacet
 facet normal 0 0 0
  outer loop
   vertex -25.8075 12.8384 113.1094
   vertex -24.9700 11.3705 113.0676
   vertex -25.6565 12.6676 113.6721
  endloop
 endfacet
 facet normal 0 0 0
  outer loop
   vertex -26.0154 13.1156 112.5907
   vertex -24.9700 11.3705 113.0676
   vertex -25.8075 12.8384 113.1094
  endloop
 endfacet
 facet normal 0 0 0
  outer loop
   vertex -26.2722 13.4887 112.1361
   vertex -24.9700 11.3705 113.0676
   vertex -26.0154 13.1156 112.5907
  endloop
 endfacet
 facet normal 0 0 0
  outer loop
   vertex -26.5680 13.9433 111.7630
   vertex -24.9700 11.3705 113.0676
   vertex -26.2722 13.4887 112.1361
  endloop
 endfacet
 facet normal 0 0 0
  outer loop
   vertex -28.6794 14.9679 95.6165
   vertex -26.5680 13.9433 111.7630
   vertex -26.8915 14.4619 111.4858
  endloop
 endfacet
 facet normal 0 0 0
  outer loop
   vertex -26.5680 13.9433 111.7630
   vertex -28.6794 14.9679 95.6165
   vertex -24.9700 11.3705 113.0676
  endloop
 endfacet
 facet normal 0 0 0
  outer loop
   vertex -27.2302 15.0247 111.3150
   vertex -28.6794 14.9679 95.6165
   vertex -26.8915 14.4619 111.4858
  endloop
 endfacet
 facet normal 0 0 0
  outer loop
   vertex -28.6794 14.9679 95.6165
   vertex -27.2302 15.0247 111.3150
   vertex -27.2706 15.0942 111.3082
  endloop
 endfacet
 facet normal 0 0 0
  outer loop
   vertex -23.3079 17.9874 112.4481
   vertex -26.5372 21.1196 97.2636
   vertex -23.3346 18.0218 112.4901
  endloop
 endfacet
 facet normal 0 0 0
  outer loop
   vertex -26.5356 21.1177 97.2629
   vertex -26.5372 21.1196 97.2636
   vertex -23.3079 17.9874 112.4481
  endloop
 endfacet
 facet normal 0 0 0
  outer loop
   vertex -20.8300 13.7007 112.6680
   vertex -24.3763 17.1400 95.9840
   vertex -26.4447 20.9502 97.2091
  endloop
 endfacet
 facet normal 0 0 0
  outer loop
   vertex -20.9209 13.8682 112.7218
   vertex -20.8300 13.7007 112.6680
   vertex -26.4447 20.9502 97.2091
  endloop
 endfacet
 facet normal 0 0 0
  outer loop
   vertex -22.7483 17.6758 115.0804
   vertex -22.8900 17.8734 115.5924
   vertex -22.5853 17.5177 115.8474
  endloop
 endfacet
 facet normal 0 0 0
  outer loop
   vertex -22.8900 17.8734 115.5924
   vertex -22.7483 17.6758 115.0804
   vertex -22.8900 17.8507 115.1464
  endloop
 endfacet
 facet normal 0 0 0
  outer loop
   vertex -25.4830 12.6676 114.8424
   vertex -24.5660 11.2097 114.9684
   vertex -25.4785 12.7203 115.0164
  endloop
 endfacet
 facet normal 0 0 0
  outer loop
   vertex -25.5672 12.6127 114.2849
   vertex -24.5660 11.2097 114.9684
   vertex -25.4830 12.6676 114.8424
  endloop
 endfacet
 facet normal 0 0 0
  outer loop
   vertex -24.5660 11.2097 114.9684
   vertex -25.5672 12.6127 114.2849
   vertex -24.8070 11.2123 113.8347
  endloop
 endfacet
 facet normal 0 0 0
  outer loop
   vertex -22.2175 16.8121 115.4594
   vertex -22.5853 17.5177 115.8474
   vertex -22.2126 16.8045 115.4654
  endloop
 endfacet
 facet normal 0 0 0
  outer loop
   vertex -22.3630 17.0235 115.2014
   vertex -22.5853 17.5177 115.8474
   vertex -22.2175 16.8121 115.4594
  endloop
 endfacet
 facet normal 0 0 0
  outer loop
   vertex -22.3630 17.0235 115.2014
   vertex -22.7483 17.6758 115.0804
   vertex -22.5853 17.5177 115.8474
  endloop
 endfacet
 facet normal 0 0 0
  outer loop
   vertex -22.7483 17.6758 115.0804
   vertex -22.3630 17.0235 115.2014
   vertex -22.4762 17.1745 114.9194
  endloop
 endfacet
 facet normal 0 0 0
  outer loop
   vertex -20.7175 13.9427 113.9258
   vertex -20.5890 13.6981 113.8017
   vertex -20.7286 13.9552 113.8844
  endloop
 endfacet
 facet normal 0 0 0
  outer loop
   vertex -20.5890 13.6981 113.8017
   vertex -20.7175 13.9427 113.9258
   vertex -20.7165 13.9420 113.9323
  endloop
 endfacet
 facet normal 0 0 0
  outer loop
   vertex -24.8070 11.2123 113.8347
   vertex -24.5764 11.2099 114.9194
   vertex -24.5660 11.2097 114.9684
  endloop
 endfacet
 facet normal 0 0 0
  outer loop
   vertex -22.7483 17.6758 115.0804
   vertex -22.8900 17.6773 114.4142
   vertex -22.8900 17.8507 115.1464
  endloop
 endfacet
 facet normal 0 0 0
  outer loop
   vertex -25.4684 12.8384 115.4054
   vertex -24.5660 11.2097 114.9684
   vertex -25.4805 12.8943 115.5104
  endloop
 endfacet
 facet normal 0 0 0
  outer loop
   vertex -24.5660 11.2097 114.9684
   vertex -25.4684 12.8384 115.4054
   vertex -25.4785 12.7203 115.0164
  endloop
 endfacet
 facet normal 0 0 0
  outer loop
   vertex -22.4823 17.1806 114.9084
   vertex -22.7483 17.6758 115.0804
   vertex -22.4762 17.1745 114.9194
  endloop
 endfacet
 facet normal 0 0 0
  outer loop
   vertex -22.6088 17.2773 114.5894
   vertex -22.7483 17.6758 115.0804
   vertex -22.4823 17.1806 114.9084
  endloop
 endfacet
 facet normal 0 0 0
  outer loop
   vertex -22.6088 17.2773 114.5894
   vertex -22.8900 17.6773 114.4142
   vertex -22.7483 17.6758 115.0804
  endloop
 endfacet
 facet normal 0 0 0
  outer loop
   vertex -22.6987 17.3100 114.2574
   vertex -22.8900 17.6773 114.4142
   vertex -22.6088 17.2773 114.5894
  endloop
 endfacet
 facet normal 0 0 0
  outer loop
   vertex -22.6987 17.3100 114.2574
   vertex -22.8900 17.5137 113.9409
   vertex -22.8900 17.6773 114.4142
  endloop
 endfacet
 facet normal 0 0 0
  outer loop
   vertex -22.8900 17.5137 113.9409
   vertex -22.6987 17.3100 114.2574
   vertex -22.7478 17.2780 113.9323
  endloop
 endfacet
 facet normal 0 0 0
  outer loop
   vertex -20.7286 13.9552 113.8844
   vertex -20.5890 13.6981 113.8017
   vertex -20.7573 13.9772 113.8119
  endloop
 endfacet
 facet normal 0 0 0
  outer loop
   vertex -20.5890 13.6981 113.8017
   vertex -20.8386 14.0394 113.6068
   vertex -20.7573 13.9772 113.8119
  endloop
 endfacet
 facet normal 0 0 0
  outer loop
   vertex -20.8300 13.7007 112.6680
   vertex -20.8386 14.0394 113.6068
   vertex -20.5890 13.6981 113.8017
  endloop
 endfacet
 facet normal 0 0 0
  outer loop
   vertex -20.8386 14.0394 113.6068
   vertex -20.9209 13.8682 112.7218
   vertex -20.9966 14.1965 113.3129
  endloop
 endfacet
 facet normal 0 0 0
  outer loop
   vertex -21.1801 14.4079 113.0553
   vertex -20.9209 13.8682 112.7218
   vertex -21.2899 14.5480 112.9404
  endloop
 endfacet
 facet normal 0 0 0
  outer loop
   vertex -20.9966 14.1965 113.3129
   vertex -20.9209 13.8682 112.7218
   vertex -21.1801 14.4079 113.0553
  endloop
 endfacet
 facet normal 0 0 0
  outer loop
   vertex -20.8386 14.0394 113.6068
   vertex -20.8300 13.7007 112.6680
   vertex -20.9209 13.8682 112.7218
  endloop
 endfacet
 facet normal 0 0 0
  outer loop
   vertex -22.8900 17.4954 113.8881
   vertex -22.7478 17.2780 113.9323
   vertex -22.7488 17.2773 113.9258
  endloop
 endfacet
 facet normal 0 0 0
  outer loop
   vertex -22.7478 17.2780 113.9323
   vertex -22.8900 17.4954 113.8881
   vertex -22.8900 17.5137 113.9409
  endloop
 endfacet
 facet normal 0 0 0
  outer loop
   vertex -22.8900 17.4954 113.8881
   vertex -22.7488 17.2773 113.9258
   vertex -22.7519 17.2411 113.8063
  endloop
 endfacet
 facet normal 0 0 0
  outer loop
   vertex -19.7449 -4.3233 109.5184
   vertex -19.7375 -4.3304 109.5531
   vertex -24.9700 11.3705 113.0676
  endloop
 endfacet
 facet normal 0 0 0
  outer loop
   vertex -19.7375 -4.3304 109.5531
   vertex -24.8070 11.2123 113.8347
   vertex -24.9700 11.3705 113.0676
  endloop
 endfacet
 facet normal 0 0 0
  outer loop
   vertex -20.6891 -1.7546 109.4520
   vertex -19.7449 -4.3233 109.5184
   vertex -24.9700 11.3705 113.0676
  endloop
 endfacet
 facet normal 0 0 0
  outer loop
   vertex -19.7449 -4.3233 109.5184
   vertex -20.6891 -1.7546 109.4520
   vertex -19.7755 -4.2935 109.3741
  endloop
 endfacet
 facet normal 0 0 0
  outer loop
   vertex -24.8070 11.2123 113.8347
   vertex -19.7271 -4.3305 109.6021
   vertex -24.5764 11.2099 114.9194
  endloop
 endfacet
 facet normal 0 0 0
  outer loop
   vertex -19.7271 -4.3305 109.6021
   vertex -24.8070 11.2123 113.8347
   vertex -19.7375 -4.3304 109.5531
  endloop
 endfacet
 facet normal 0 0 0
  outer loop
   vertex -24.5764 11.2099 114.9194
   vertex -19.7271 -4.3305 109.6021
   vertex -19.4965 -4.3330 110.6868
  endloop
 endfacet
 facet normal 0 0 0
  outer loop
   vertex -19.4965 -4.3330 110.6868
   vertex -24.5660 11.2097 114.9684
   vertex -24.5764 11.2099 114.9194
  endloop
 endfacet
 facet normal 0 0 0
  outer loop
   vertex -15.2900 -2.5803 109.2684
   vertex -20.8194 13.6684 112.6591
   vertex -20.8299 13.7006 112.6679
  endloop
 endfacet
 facet normal 0 0 0
  outer loop
   vertex -15.2900 -2.5803 109.2684
   vertex -20.7729 13.5256 112.6197
   vertex -20.8194 13.6684 112.6591
  endloop
 endfacet
 facet normal 0 0 0
  outer loop
   vertex -15.2900 -2.5803 109.2684
   vertex -20.5963 12.9843 112.4706
   vertex -20.7729 13.5256 112.6197
  endloop
 endfacet
 facet normal 0 0 0
  outer loop
   vertex -15.2900 -2.5803 109.2684
   vertex -15.6478 -2.1874 108.2912
   vertex -20.5963 12.9843 112.4706
  endloop
 endfacet
 facet normal 0 0 0
  outer loop
   vertex -15.2900 -2.5803 109.2684
   vertex -15.5205 -2.5778 108.1837
   vertex -15.6478 -2.1874 108.2912
  endloop
 endfacet
 facet normal 0 0 0
  outer loop
   vertex -20.5890 13.6981 113.8017
   vertex -20.8299 13.7006 112.6679
   vertex -20.8300 13.7007 112.6680
  endloop
 endfacet
 facet normal 0 0 0
  outer loop
   vertex -15.2795 -2.5804 109.3174
   vertex -20.8299 13.7006 112.6679
   vertex -20.5890 13.6981 113.8017
  endloop
 endfacet
 facet normal 0 0 0
  outer loop
   vertex -20.8299 13.7006 112.6679
   vertex -15.2795 -2.5804 109.3174
   vertex -15.2900 -2.5803 109.2684
  endloop
 endfacet
 facet normal 0 0 0
  outer loop
   vertex -15.2795 -2.5804 109.3174
   vertex -20.5890 13.6981 113.8017
   vertex -15.1165 -2.7385 110.0845
  endloop
 endfacet
 facet normal 0 0 0
  outer loop
   vertex -16.9167 2.7807 111.6049
   vertex -15.1165 -2.7385 110.0845
   vertex -20.5890 13.6981 113.8017
  endloop
 endfacet
 facet normal 0 0 0
  outer loop
   vertex -19.7375 -4.3304 109.5531
   vertex -19.2835 -8.6448 107.7777
   vertex -19.1292 -8.7945 108.5036
  endloop
 endfacet
 facet normal 0 0 0
  outer loop
   vertex -19.7375 -4.3304 109.5531
   vertex -19.2966 -8.6321 107.7158
   vertex -19.2835 -8.6448 107.7777
  endloop
 endfacet
 facet normal 0 0 0
  outer loop
   vertex -19.2966 -8.6321 107.7158
   vertex -19.7375 -4.3304 109.5531
   vertex -22.8385 -5.1971 91.0525
  endloop
 endfacet
 facet normal 0 0 0
  outer loop
   vertex -19.0668 0.8615 91.4997
   vertex -19.0624 0.8572 91.5204
   vertex -15.5205 -2.5778 108.1837
  endloop
 endfacet
 facet normal 0 0 0
  outer loop
   vertex -19.0668 0.8615 91.4997
   vertex -19.0624 0.8572 91.5204
   vertex -19.0668 0.8615 91.4997
  endloop
 endfacet
 facet normal 0 0 0
  outer loop
   vertex -14.5319 -8.7945 107.5264
   vertex -14.6620 -7.8521 106.9140
   vertex -14.4990 -8.0103 107.6811
  endloop
 endfacet
 facet normal 0 0 0
  outer loop
   vertex -22.8385 -5.1971 91.0525
   vertex -19.7755 -4.2935 109.3741
   vertex -19.9050 -4.1680 108.7653
  endloop
 endfacet
 facet normal 0 0 0
  outer loop
   vertex -23.4468 -0.7330 92.1020
   vertex -19.9050 -4.1680 108.7653
   vertex -23.4468 -0.7330 92.1020
  endloop
 endfacet
 facet normal 0 0 0
  outer loop
   vertex -23.4468 -0.7330 92.1020
   vertex -19.9050 -4.1680 108.7653
   vertex -23.4468 -0.7330 92.1020
  endloop
 endfacet
 facet normal 0 0 0
  outer loop
   vertex -22.8385 -5.1971 91.0525
   vertex -19.9050 -4.1680 108.7653
   vertex -23.4468 -0.7330 92.1020
  endloop
 endfacet
 facet normal 0 0 0
  outer loop
   vertex -19.7755 -4.2935 109.3741
   vertex -22.8385 -5.1971 91.0525
   vertex -19.7449 -4.3233 109.5184
  endloop
 endfacet
 facet normal 0 0 0
  outer loop
   vertex -19.7449 -4.3233 109.5184
   vertex -22.8385 -5.1971 91.0525
   vertex -19.7375 -4.3304 109.5531
  endloop
 endfacet
 facet normal 0 0 0
  outer loop
   vertex -15.2545 -3.5046 107.9361
   vertex -18.8268 0.1258 91.2970
   vertex -15.2805 -3.3135 107.9810
  endloop
 endfacet
 facet normal 0 0 0
  outer loop
   vertex -18.8268 0.1258 91.2970
   vertex -15.2545 -3.5046 107.9361
   vertex -18.2344 -4.2218 90.2750
  endloop
 endfacet
 facet normal 0 0 0
  outer loop
   vertex -14.9842 -8.3558 105.3985
   vertex -14.5541 -8.7729 107.4216
   vertex -14.6949 -8.6364 106.7594
  endloop
 endfacet
 facet normal 0 0 0
  outer loop
   vertex -14.5541 -8.7729 107.4216
   vertex -14.9842 -8.3558 105.3985
   vertex -14.5319 -8.7945 107.5264
  endloop
 endfacet
 facet normal 0 0 0
  outer loop
   vertex -15.5205 -2.5778 108.1837
   vertex -18.8374 0.1581 91.3059
   vertex -19.0668 0.8615 91.4997
  endloop
 endfacet
 facet normal 0 0 0
  outer loop
   vertex -14.5389 -8.7876 107.4933
   vertex -14.5541 -8.7729 107.4216
   vertex -14.5319 -8.7945 107.5264
  endloop
 endfacet
 facet normal 0 0 0
  outer loop
   vertex -14.9842 -8.3558 105.3985
   vertex -18.2097 -4.4459 90.2235
   vertex -14.5319 -8.7945 107.5264
  endloop
 endfacet
 facet normal 0 0 0
  outer loop
   vertex -18.2097 -4.4459 90.2235
   vertex -14.9842 -8.3558 105.3985
   vertex -18.2099 -4.4502 90.2227
  endloop
 endfacet
 facet normal 0 0 0
  outer loop
   vertex -18.2097 -4.4459 90.2235
   vertex -14.6620 -7.8521 106.9140
   vertex -14.5319 -8.7945 107.5264
  endloop
 endfacet
 facet normal 0 0 0
  outer loop
   vertex -14.6620 -7.8521 106.9140
   vertex -18.2097 -4.4459 90.2235
   vertex -18.2083 -4.4129 90.2300
  endloop
 endfacet
 facet normal 0 0 0
  outer loop
   vertex -15.2805 -3.3135 107.9810
   vertex -18.8374 0.1581 91.3059
   vertex -15.5205 -2.5778 108.1837
  endloop
 endfacet
 facet normal 0 0 0
  outer loop
   vertex -18.8268 0.1258 91.2970
   vertex -18.8374 0.1581 91.3059
   vertex -15.2805 -3.3135 107.9810
  endloop
 endfacet
 facet normal 0 0 0
  outer loop
   vertex -18.8268 0.1258 91.2970
   vertex -18.8374 0.1581 91.3059
   vertex -18.8268 0.1258 91.2970
  endloop
 endfacet
 facet normal 0 0 0
  outer loop
   vertex -14.6620 -7.8521 106.9140
   vertex -18.2344 -4.2218 90.2750
   vertex -15.2545 -3.5046 107.9361
  endloop
 endfacet
 facet normal 0 0 0
  outer loop
   vertex -18.2083 -4.4129 90.2300
   vertex -18.2344 -4.2218 90.2750
   vertex -14.6620 -7.8521 106.9140
  endloop
 endfacet
 facet normal 0 0 0
  outer loop
   vertex -15.2795 -2.5804 109.3174
   vertex -15.5205 -2.5778 108.1837
   vertex -15.2900 -2.5803 109.2684
  endloop
 endfacet
 facet normal 0 0 0
  outer loop
   vertex -19.4965 -4.3330 110.6868
   vertex -19.4965 -4.3330 110.6868
   vertex -19.2915 -5.8378 110.3330
  endloop
 endfacet
 facet normal 0 0 0
  outer loop
   vertex -15.0396 -3.3161 109.1147
   vertex -15.5205 -2.5778 108.1837
   vertex -15.2795 -2.5804 109.3174
  endloop
 endfacet
 facet normal 0 0 0
  outer loop
   vertex -15.0396 -3.3161 109.1147
   vertex -14.6620 -7.8521 106.9140
   vertex -15.2805 -3.3135 107.9810
  endloop
 endfacet
 facet normal 0 0 0
  outer loop
   vertex -14.5037 -8.7948 107.6589
   vertex -14.5319 -8.7945 107.5264
   vertex -14.2580 -8.0129 108.8148
  endloop
 endfacet
 facet normal 0 0 0
  outer loop
   vertex -14.2580 -8.0129 108.8148
   vertex -14.4211 -7.8547 108.0478
   vertex -15.0396 -3.3161 109.1147
  endloop
 endfacet
 facet normal 0 0 0
  outer loop
   vertex -15.2545 -3.5046 107.9361
   vertex -15.2805 -3.3135 107.9810
   vertex -14.6620 -7.8521 106.9140
  endloop
 endfacet
 facet normal 0 0 0
  outer loop
   vertex -15.0396 -3.3161 109.1147
   vertex -15.2805 -3.3135 107.9810
   vertex -15.5205 -2.5778 108.1837
  endloop
 endfacet
 facet normal 0 0 0
  outer loop
   vertex -19.7271 -4.3305 109.6021
   vertex -19.2915 -5.8378 110.3330
   vertex -19.4965 -4.3330 110.6868
  endloop
 endfacet
 facet normal 0 0 0
  outer loop
   vertex -19.7375 -4.3304 109.5531
   vertex -19.2915 -5.8378 110.3330
   vertex -19.7271 -4.3305 109.6021
  endloop
 endfacet
 facet normal 0 0 0
  outer loop
   vertex -19.1292 -8.7945 108.5036
   vertex -19.2915 -5.8378 110.3330
   vertex -19.7375 -4.3304 109.5531
  endloop
 endfacet
 facet normal 0 0 0
  outer loop
   vertex -19.0578 -8.7952 108.8394
   vertex -19.2915 -5.8378 110.3330
   vertex -19.0709 -8.7951 108.7780
  endloop
 endfacet
 facet normal 0 0 0
  outer loop
   vertex -18.8882 -8.7971 109.6373
   vertex -19.0487 -8.7953 108.8823
   vertex -18.8882 -8.7971 109.6373
  endloop
 endfacet
 facet normal 0 0 0
  outer loop
   vertex -18.9138 -8.6091 109.6815
   vertex -19.0487 -8.7953 108.8823
   vertex -18.8882 -8.7971 109.6373
  endloop
 endfacet
 facet normal 0 0 0
  outer loop
   vertex -18.9138 -8.6091 109.6815
   vertex -19.0578 -8.7952 108.8394
   vertex -19.0487 -8.7953 108.8823
  endloop
 endfacet
 facet normal 0 0 0
  outer loop
   vertex -19.2915 -5.8378 110.3330
   vertex -19.0578 -8.7952 108.8394
   vertex -18.9138 -8.6091 109.6815
  endloop
 endfacet
 facet normal 0 0 0
  outer loop
   vertex -19.2915 -5.8378 110.3330
   vertex -19.1292 -8.7945 108.5036
   vertex -19.0709 -8.7951 108.7780
  endloop
 endfacet
 facet normal 0 0 0
  outer loop
   vertex -14.4990 -8.0103 107.6811
   vertex -14.6620 -7.8521 106.9140
   vertex -14.2580 -8.0129 108.8148
  endloop
 endfacet
 facet normal 0 0 0
  outer loop
   vertex -14.2580 -8.0129 108.8148
   vertex -14.5319 -8.7945 107.5264
   vertex -14.4990 -8.0103 107.6811
  endloop
 endfacet
 facet normal 0 0 0
  outer loop
   vertex -14.2580 -8.0129 108.8148
   vertex -14.6620 -7.8521 106.9140
   vertex -14.4211 -7.8547 108.0478
  endloop
 endfacet
 facet normal 0 0 0
  outer loop
   vertex -14.4211 -7.8547 108.0478
   vertex -14.6620 -7.8521 106.9140
   vertex -15.0396 -3.3161 109.1147
  endloop
 endfacet
 facet normal 0 0 0
  outer loop
   vertex -14.5037 -8.7948 107.6589
   vertex -15.2593 -26.1453 104.1043
   vertex -14.5319 -8.7945 107.5264
  endloop
 endfacet
 facet normal 0 0 0
  outer loop
   vertex -15.2593 -26.1453 104.1043
   vertex -14.5037 -8.7948 107.6589
   vertex -14.2580 -8.0129 108.8148
  endloop
 endfacet
 facet normal 0 0 0
  outer loop
   vertex -14.2909 -8.7971 108.6602
   vertex -14.2580 -8.0129 108.8148
   vertex -14.2895 -8.7641 108.6667
  endloop
 endfacet
 facet normal 0 0 0
  outer loop
   vertex -14.2580 -8.0129 108.8148
   vertex -14.2909 -8.7971 108.6602
   vertex -14.7752 -20.3491 106.3818
  endloop
 endfacet
 facet normal 0 0 0
  outer loop
   vertex -19.9105 -23.3835 104.8279
   vertex -19.1292 -8.7945 108.5036
   vertex -19.2835 -8.6448 107.7777
  endloop
 endfacet
 facet normal 0 0 0
  outer loop
   vertex -19.9105 -23.3835 104.8279
   vertex -19.0709 -8.7951 108.7780
   vertex -19.1292 -8.7945 108.5036
  endloop
 endfacet
 facet normal 0 0 0
  outer loop
   vertex -19.0709 -8.7951 108.7780
   vertex -19.9105 -23.3835 104.8279
   vertex -19.9868 -25.2029 104.4691
  endloop
 endfacet
 facet normal 0 0 0
  outer loop
   vertex -15.4224 -25.9871 103.3372
   vertex -15.3904 -25.2236 103.4878
   vertex -14.6949 -8.6364 106.7594
  endloop
 endfacet
 facet normal 0 0 0
  outer loop
   vertex -18.9848 -11.1015 109.1828
   vertex -18.8882 -8.7971 109.6373
   vertex -19.5828 -25.3636 106.3699
  endloop
 endfacet
 facet normal 0 0 0
  outer loop
   vertex -18.8882 -8.7971 109.6373
   vertex -19.0487 -8.7953 108.8823
   vertex -19.5828 -25.3636 106.3699
  endloop
 endfacet
 facet normal 0 0 0
  outer loop
   vertex -15.0184 -26.1479 105.2380
   vertex -15.2593 -26.1453 104.1043
   vertex -15.0273 -26.1392 105.1959
  endloop
 endfacet
 facet normal 0 0 0
  outer loop
   vertex -15.2593 -26.1453 104.1043
   vertex -14.7752 -20.3491 106.3818
   vertex -14.9971 -25.4175 105.3383
  endloop
 endfacet
 facet normal 0 0 0
  outer loop
   vertex -14.7752 -20.3491 106.3818
   vertex -15.2593 -26.1453 104.1043
   vertex -14.2580 -8.0129 108.8148
  endloop
 endfacet
 facet normal 0 0 0
  outer loop
   vertex -15.2593 -26.1453 104.1043
   vertex -14.9971 -25.4175 105.3383
   vertex -15.0273 -26.1392 105.1959
  endloop
 endfacet
 facet normal 0 0 0
  outer loop
   vertex -19.0709 -8.7951 108.7780
   vertex -19.7458 -25.2055 105.6028
   vertex -19.0578 -8.7952 108.8394
  endloop
 endfacet
 facet normal 0 0 0
  outer loop
   vertex -19.7458 -25.2055 105.6028
   vertex -19.0709 -8.7951 108.7780
   vertex -19.9868 -25.2029 104.4691
  endloop
 endfacet
 facet normal 0 0 0
  outer loop
   vertex -15.2593 -26.1453 104.1043
   vertex -14.5389 -8.7876 107.4933
   vertex -14.5319 -8.7945 107.5264
  endloop
 endfacet
 facet normal 0 0 0
  outer loop
   vertex -14.5389 -8.7876 107.4933
   vertex -15.2593 -26.1453 104.1043
   vertex -15.4224 -25.9871 103.3372
  endloop
 endfacet
 facet normal 0 0 0
  outer loop
   vertex -14.5541 -8.7729 107.4216
   vertex -15.4224 -25.9871 103.3372
   vertex -14.6949 -8.6364 106.7594
  endloop
 endfacet
 facet normal 0 0 0
  outer loop
   vertex -15.4224 -25.9871 103.3372
   vertex -14.5541 -8.7729 107.4216
   vertex -14.5389 -8.7876 107.4933
  endloop
 endfacet
 facet normal 0 0 0
  outer loop
   vertex -19.0578 -8.7952 108.8394
   vertex -19.5828 -25.3636 106.3699
   vertex -19.0487 -8.7953 108.8823
  endloop
 endfacet
 facet normal 0 0 0
  outer loop
   vertex -19.5828 -25.3636 106.3699
   vertex -19.0578 -8.7952 108.8394
   vertex -19.7458 -25.2055 105.6028
  endloop
 endfacet
 facet normal 0 0 0
  outer loop
   vertex -19.9868 -25.2029 104.4691
   vertex -20.1468 -25.3400 103.9274
   vertex -20.0281 -25.3904 104.4392
  endloop
 endfacet
 facet normal 0 0 0
  outer loop
   vertex -19.9868 -25.2029 104.4691
   vertex -20.3033 -25.3976 103.3421
   vertex -20.1468 -25.3400 103.9274
  endloop
 endfacet
 facet normal 0 0 0
  outer loop
   vertex -23.1669 -22.1187 89.5077
   vertex -20.3033 -25.3976 103.3421
   vertex -19.9868 -25.2029 104.4691
  endloop
 endfacet
 facet normal 0 0 0
  outer loop
   vertex -23.1669 -22.1187 89.5077
   vertex -20.4747 -25.5684 102.7793
   vertex -20.3033 -25.3976 103.3421
  endloop
 endfacet
 facet normal 0 0 0
  outer loop
   vertex -23.1669 -22.1187 89.5077
   vertex -20.6542 -25.8456 102.2607
   vertex -20.4747 -25.5684 102.7793
  endloop
 endfacet
 facet normal 0 0 0
  outer loop
   vertex -23.1669 -22.1187 89.5077
   vertex -20.8349 -26.2187 101.8061
   vertex -20.6542 -25.8456 102.2607
  endloop
 endfacet
 facet normal 0 0 0
  outer loop
   vertex -23.1669 -22.1187 89.5077
   vertex -21.0101 -26.6733 101.4330
   vertex -20.8349 -26.2187 101.8061
  endloop
 endfacet
 facet normal 0 0 0
  outer loop
   vertex -23.1669 -22.1187 89.5077
   vertex -21.1728 -27.1919 101.1558
   vertex -21.0101 -26.6733 101.4330
  endloop
 endfacet
 facet normal 0 0 0
  outer loop
   vertex -23.1669 -22.1187 89.5077
   vertex -21.3169 -27.7547 100.9850
   vertex -21.1728 -27.1919 101.1558
  endloop
 endfacet
 facet normal 0 0 0
  outer loop
   vertex -23.1669 -22.1187 89.5077
   vertex -21.3969 -28.1451 100.9466
   vertex -21.3169 -27.7547 100.9850
  endloop
 endfacet
 facet normal 0 0 0
  outer loop
   vertex -23.5745 -21.9516 87.7551
   vertex -23.1669 -22.1187 89.5077
   vertex -23.5331 -21.7636 87.7851
  endloop
 endfacet
 facet normal 0 0 0
  outer loop
   vertex -23.1669 -22.1187 89.5077
   vertex -23.5745 -21.9516 87.7551
   vertex -21.3969 -28.1451 100.9466
  endloop
 endfacet
 facet normal 0 0 0
  outer loop
   vertex -15.4644 -26.1782 103.3068
   vertex -19.1317 -22.3897 85.8862
   vertex -15.4224 -25.9871 103.3372
  endloop
 endfacet
 facet normal 0 0 0
  outer loop
   vertex -19.1317 -22.3897 85.8862
   vertex -15.4644 -26.1782 103.3068
   vertex -20.1306 -26.9283 85.1629
  endloop
 endfacet
 facet normal 0 0 0
  outer loop
   vertex -23.5287 -21.7679 87.8058
   vertex -23.5331 -21.7636 87.7851
   vertex -23.1669 -22.1187 89.5077
  endloop
 endfacet
 facet normal 0 0 0
  outer loop
   vertex -16.7229 -31.2615 102.5264
   vertex -20.1306 -26.9283 85.1629
   vertex -16.4212 -30.5258 102.6139
  endloop
 endfacet
 facet normal 0 0 0
  outer loop
   vertex -21.3969 -28.1451 100.9466
   vertex -22.7410 -27.9487 95.4221
   vertex -21.4368 -28.3400 100.9274
  endloop
 endfacet
 facet normal 0 0 0
  outer loop
   vertex -23.5745 -21.9516 87.7551
   vertex -22.7410 -27.9487 95.4221
   vertex -21.3969 -28.1451 100.9466
  endloop
 endfacet
 facet normal 0 0 0
  outer loop
   vertex -24.5156 -26.2277 87.0737
   vertex -22.7410 -27.9487 95.4221
   vertex -23.5745 -21.9516 87.7551
  endloop
 endfacet
 facet normal 0 0 0
  outer loop
   vertex -21.5279 -28.9253 100.9850
   vertex -22.7410 -27.9487 95.4221
   vertex -21.5469 -29.1068 101.0401
  endloop
 endfacet
 facet normal 0 0 0
  outer loop
   vertex -22.7410 -27.9487 95.4221
   vertex -21.5279 -28.9253 100.9850
   vertex -21.4368 -28.3400 100.9274
  endloop
 endfacet
 facet normal 0 0 0
  outer loop
   vertex -20.3541 -27.7399 85.4431
   vertex -20.4322 -27.6641 85.0753
   vertex -16.7229 -31.2615 102.5264
  endloop
 endfacet
 facet normal 0 0 0
  outer loop
   vertex -16.7229 -31.2615 102.5264
   vertex -20.4322 -27.6641 85.0753
   vertex -20.1306 -26.9283 85.1629
  endloop
 endfacet
 facet normal 0 0 0
  outer loop
   vertex -16.4212 -30.5258 102.6139
   vertex -16.2161 -29.5421 102.7253
   vertex -16.2120 -29.5750 102.7654
  endloop
 endfacet
 facet normal 0 0 0
  outer loop
   vertex -16.4212 -30.5258 102.6139
   vertex -16.2224 -29.2845 102.5139
   vertex -16.2161 -29.5421 102.7253
  endloop
 endfacet
 facet normal 0 0 0
  outer loop
   vertex -16.4212 -30.5258 102.6139
   vertex -16.2087 -28.9906 102.3568
   vertex -16.2224 -29.2845 102.5139
  endloop
 endfacet
 facet normal 0 0 0
  outer loop
   vertex -16.4212 -30.5258 102.6139
   vertex -16.1753 -28.6717 102.2601
   vertex -16.2087 -28.9906 102.3568
  endloop
 endfacet
 facet normal 0 0 0
  outer loop
   vertex -16.1753 -28.6717 102.2601
   vertex -20.1306 -26.9283 85.1629
   vertex -16.1237 -28.3400 102.2274
  endloop
 endfacet
 facet normal 0 0 0
  outer loop
   vertex -20.1306 -26.9283 85.1629
   vertex -16.1753 -28.6717 102.2601
   vertex -16.4212 -30.5258 102.6139
  endloop
 endfacet
 facet normal 0 0 0
  outer loop
   vertex -15.6802 -26.9265 102.9829
   vertex -15.4644 -26.1782 103.3068
   vertex -15.6028 -26.8070 103.2066
  endloop
 endfacet
 facet normal 0 0 0
  outer loop
   vertex -15.7827 -27.1379 102.7253
   vertex -15.4644 -26.1782 103.3068
   vertex -15.6802 -26.9265 102.9829
  endloop
 endfacet
 facet normal 0 0 0
  outer loop
   vertex -15.8819 -27.3955 102.5139
   vertex -15.4644 -26.1782 103.3068
   vertex -15.7827 -27.1379 102.7253
  endloop
 endfacet
 facet normal 0 0 0
  outer loop
   vertex -15.8819 -27.3955 102.5139
   vertex -20.1306 -26.9283 85.1629
   vertex -15.4644 -26.1782 103.3068
  endloop
 endfacet
 facet normal 0 0 0
  outer loop
   vertex -15.9741 -27.6894 102.3568
   vertex -20.1306 -26.9283 85.1629
   vertex -15.8819 -27.3955 102.5139
  endloop
 endfacet
 facet normal 0 0 0
  outer loop
   vertex -16.0558 -28.0083 102.2601
   vertex -20.1306 -26.9283 85.1629
   vertex -15.9741 -27.6894 102.3568
  endloop
 endfacet
 facet normal 0 0 0
  outer loop
   vertex -20.1306 -26.9283 85.1629
   vertex -16.0558 -28.0083 102.2601
   vertex -16.1237 -28.3400 102.2274
  endloop
 endfacet
 facet normal 0 0 0
  outer loop
   vertex -19.5828 -25.3636 106.3699
   vertex -19.8171 -26.2187 106.0487
   vertex -19.8125 -26.4074 106.2036
  endloop
 endfacet
 facet normal 0 0 0
  outer loop
   vertex -19.5828 -25.3636 106.3699
   vertex -19.8617 -25.8592 105.6107
   vertex -19.8171 -26.2187 106.0487
  endloop
 endfacet
 facet normal 0 0 0
  outer loop
   vertex -19.8617 -25.8592 105.6107
   vertex -19.5828 -25.3636 106.3699
   vertex -19.7458 -25.2055 105.6028
  endloop
 endfacet
 facet normal 0 0 0
  outer loop
   vertex -15.2413 -26.9265 104.8719
   vertex -15.0184 -26.1479 105.2380
   vertex -15.2284 -27.1022 105.0860
  endloop
 endfacet
 facet normal 0 0 0
  outer loop
   vertex -15.2746 -26.7694 104.5780
   vertex -15.0184 -26.1479 105.2380
   vertex -15.2413 -26.9265 104.8719
  endloop
 endfacet
 facet normal 0 0 0
  outer loop
   vertex -15.2593 -26.1453 104.1043
   vertex -15.2746 -26.7694 104.5780
   vertex -15.3245 -26.6727 104.2591
  endloop
 endfacet
 facet normal 0 0 0
  outer loop
   vertex -15.2593 -26.1453 104.1043
   vertex -15.3245 -26.6727 104.2591
   vertex -15.3456 -26.6620 104.1510
  endloop
 endfacet
 facet normal 0 0 0
  outer loop
   vertex -15.2746 -26.7694 104.5780
   vertex -15.2593 -26.1453 104.1043
   vertex -15.0184 -26.1479 105.2380
  endloop
 endfacet
 facet normal 0 0 0
  outer loop
   vertex -16.0172 -30.6865 104.5148
   vertex -15.8593 -29.9106 104.5780
   vertex -15.8387 -29.8753 104.6440
  endloop
 endfacet
 facet normal 0 0 0
  outer loop
   vertex -15.8593 -29.9106 104.5780
   vertex -16.0172 -30.6865 104.5148
   vertex -15.8943 -29.9500 104.4482
  endloop
 endfacet
 facet normal 0 0 0
  outer loop
   vertex -19.7458 -25.2055 105.6028
   vertex -19.8634 -25.8456 105.5941
   vertex -19.8617 -25.8592 105.6107
  endloop
 endfacet
 facet normal 0 0 0
  outer loop
   vertex -19.8634 -25.8456 105.5941
   vertex -19.7458 -25.2055 105.6028
   vertex -19.8766 -25.7996 105.5081
  endloop
 endfacet
 facet normal 0 0 0
  outer loop
   vertex -19.7458 -25.2055 105.6028
   vertex -19.9257 -25.5684 105.0754
   vertex -19.8766 -25.7996 105.5081
  endloop
 endfacet
 facet normal 0 0 0
  outer loop
   vertex -19.9868 -25.2029 104.4691
   vertex -19.9257 -25.5684 105.0754
   vertex -19.7458 -25.2055 105.6028
  endloop
 endfacet
 facet normal 0 0 0
  outer loop
   vertex -19.9257 -25.5684 105.0754
   vertex -19.9868 -25.2029 104.4691
   vertex -20.0138 -25.3976 104.5127
  endloop
 endfacet
 facet normal 0 0 0
  outer loop
   vertex -20.0138 -25.3976 104.5127
   vertex -19.9868 -25.2029 104.4691
   vertex -20.0281 -25.3904 104.4392
  endloop
 endfacet
 facet normal 0 0 0
  outer loop
   vertex -16.5599 -31.4196 103.2935
   vertex -16.0172 -30.6865 104.5148
   vertex -16.3900 -31.4215 104.0927
  endloop
 endfacet
 facet normal 0 0 0
  outer loop
   vertex -15.3456 -26.6620 104.1510
   vertex -15.3703 -26.6495 104.0240
   vertex -15.2593 -26.1453 104.1043
  endloop
 endfacet
 facet normal 0 0 0
  outer loop
   vertex -16.0172 -30.6865 104.5148
   vertex -15.9453 -30.0073 104.2591
   vertex -15.8943 -29.9500 104.4482
  endloop
 endfacet
 facet normal 0 0 0
  outer loop
   vertex -16.0172 -30.6865 104.5148
   vertex -16.0220 -30.0400 103.9274
   vertex -15.9453 -30.0073 104.2591
  endloop
 endfacet
 facet normal 0 0 0
  outer loop
   vertex -16.0172 -30.6865 104.5148
   vertex -16.2582 -30.6839 103.3810
   vertex -16.0220 -30.0400 103.9274
  endloop
 endfacet
 facet normal 0 0 0
  outer loop
   vertex -16.0220 -30.0400 103.9274
   vertex -16.2582 -30.6839 103.3810
   vertex -16.0865 -30.0073 103.5957
  endloop
 endfacet
 facet normal 0 0 0
  outer loop
   vertex -16.0865 -30.0073 103.5957
   vertex -16.2582 -30.6839 103.3810
   vertex -16.1025 -29.9764 103.4938
  endloop
 endfacet
 facet normal 0 0 0
  outer loop
   vertex -15.3703 -26.6495 104.0240
   vertex -15.3908 -26.6408 103.9357
   vertex -15.2593 -26.1453 104.1043
  endloop
 endfacet
 facet normal 0 0 0
  outer loop
   vertex -16.2582 -30.6839 103.3810
   vertex -16.1448 -29.9106 103.2768
   vertex -16.1025 -29.9764 103.4938
  endloop
 endfacet
 facet normal 0 0 0
  outer loop
   vertex -16.4212 -30.5258 102.6139
   vertex -16.1448 -29.9106 103.2768
   vertex -16.2582 -30.6839 103.3810
  endloop
 endfacet
 facet normal 0 0 0
  outer loop
   vertex -16.1448 -29.9106 103.2768
   vertex -16.4212 -30.5258 102.6139
   vertex -16.1899 -29.7535 102.9829
  endloop
 endfacet
 facet normal 0 0 0
  outer loop
   vertex -16.1899 -29.7535 102.9829
   vertex -16.4212 -30.5258 102.6139
   vertex -16.1983 -29.6853 102.8999
  endloop
 endfacet
 facet normal 0 0 0
  outer loop
   vertex -16.6637 -31.3189 102.8050
   vertex -16.4212 -30.5258 102.6139
   vertex -16.5599 -31.4196 103.2935
  endloop
 endfacet
 facet normal 0 0 0
  outer loop
   vertex -15.3927 -26.6400 103.9274
   vertex -15.2593 -26.1453 104.1043
   vertex -15.3908 -26.6408 103.9357
  endloop
 endfacet
 facet normal 0 0 0
  outer loop
   vertex -15.4814 -26.6727 103.5957
   vertex -15.2593 -26.1453 104.1043
   vertex -15.3927 -26.6400 103.9274
  endloop
 endfacet
 facet normal 0 0 0
  outer loop
   vertex -15.4814 -26.6727 103.5957
   vertex -15.4224 -25.9871 103.3372
   vertex -15.2593 -26.1453 104.1043
  endloop
 endfacet
 facet normal 0 0 0
  outer loop
   vertex -15.5785 -26.7694 103.2768
   vertex -15.4224 -25.9871 103.3372
   vertex -15.4814 -26.6727 103.5957
  endloop
 endfacet
 facet normal 0 0 0
  outer loop
   vertex -15.4224 -25.9871 103.3372
   vertex -15.5785 -26.7694 103.2768
   vertex -15.6028 -26.8070 103.2066
  endloop
 endfacet
 facet normal 0 0 0
  outer loop
   vertex -16.1983 -29.6853 102.8999
   vertex -16.4212 -30.5258 102.6139
   vertex -16.2120 -29.5750 102.7654
  endloop
 endfacet
 facet normal 0 0 0
  outer loop
   vertex -15.4224 -25.9871 103.3372
   vertex -15.6028 -26.8070 103.2066
   vertex -15.4644 -26.1782 103.3068
  endloop
 endfacet
 facet normal 0 0 0
  outer loop
   vertex -16.2582 -30.6839 103.3810
   vertex -16.0172 -30.6865 104.5148
   vertex -16.5599 -31.4196 103.2935
  endloop
 endfacet
 facet normal 0 0 0
  outer loop
   vertex -16.5599 -31.4196 103.2935
   vertex -16.4212 -30.5258 102.6139
   vertex -16.2582 -30.6839 103.3810
  endloop
 endfacet
 facet normal 0 0 0
  outer loop
   vertex -24.1291 -47.2653 100.8017
   vertex -23.3974 -47.5400 100.5895
   vertex -27.4807 -46.1036 102.5879
  endloop
 endfacet
 facet normal 0 0 0
  outer loop
   vertex -27.4028 -45.9481 102.9545
   vertex -27.4807 -46.1036 102.5879
   vertex -27.2397 -46.1062 103.7216
  endloop
 endfacet
 facet normal 0 0 0
  outer loop
   vertex -27.4807 -46.1036 102.5879
   vertex -22.9934 -47.7007 102.4903
   vertex -27.2397 -46.1062 103.7216
  endloop
 endfacet
 facet normal 0 0 0
  outer loop
   vertex -27.4807 -46.1036 102.5879
   vertex -23.2344 -47.6981 101.3566
   vertex -22.9934 -47.7007 102.4903
  endloop
 endfacet
 facet normal 0 0 0
  outer loop
   vertex -27.4807 -46.1036 102.5879
   vertex -23.3974 -47.5400 100.5895
   vertex -23.2344 -47.6981 101.3566
  endloop
 endfacet
 facet normal 0 0 0
  outer loop
   vertex -16.7229 -31.2615 102.5264
   vertex -16.4212 -30.5258 102.6139
   vertex -23.3974 -47.5400 100.5895
  endloop
 endfacet
 facet normal 0 0 0
  outer loop
   vertex -27.6023 -45.8443 101.8328
   vertex -27.4028 -45.9481 102.9545
   vertex -27.3421 -45.2097 101.9083
  endloop
 endfacet
 facet normal 0 0 0
  outer loop
   vertex -27.4028 -45.9481 102.9545
   vertex -27.6023 -45.8443 101.8328
   vertex -27.6438 -45.9455 101.8208
  endloop
 endfacet
 facet normal 0 0 0
  outer loop
   vertex -21.4294 -31.2824 104.5127
   vertex -27.3421 -45.2097 101.9083
   vertex -21.4213 -31.2749 104.5373
  endloop
 endfacet
 facet normal 0 0 0
  outer loop
   vertex -21.5765 -31.3400 103.9274
   vertex -27.3421 -45.2097 101.9083
   vertex -21.4294 -31.2824 104.5127
  endloop
 endfacet
 facet normal 0 0 0
  outer loop
   vertex -27.3421 -45.2097 101.9083
   vertex -21.5765 -31.3400 103.9274
   vertex -21.6405 -31.3041 103.5629
  endloop
 endfacet
 facet normal 0 0 0
  outer loop
   vertex -21.3654 -31.2235 104.7065
   vertex -26.9381 -45.3705 103.8092
   vertex -21.3203 -31.1896 104.8184
  endloop
 endfacet
 facet normal 0 0 0
  outer loop
   vertex -26.9381 -45.3705 103.8092
   vertex -21.3654 -31.2235 104.7065
   vertex -27.4028 -45.9481 102.9545
  endloop
 endfacet
 facet normal 0 0 0
  outer loop
   vertex -27.4028 -45.9481 102.9545
   vertex -27.6438 -45.9455 101.8208
   vertex -27.4807 -46.1036 102.5879
  endloop
 endfacet
 facet normal 0 0 0
  outer loop
   vertex -21.2164 -31.1116 105.0754
   vertex -26.9381 -45.3705 103.8092
   vertex -20.9910 -30.8660 105.5350
  endloop
 endfacet
 facet normal 0 0 0
  outer loop
   vertex -26.9381 -45.3705 103.8092
   vertex -21.2164 -31.1116 105.0754
   vertex -21.3203 -31.1896 104.8184
  endloop
 endfacet
 facet normal 0 0 0
  outer loop
   vertex -16.3900 -31.4215 104.0927
   vertex -16.0305 -30.7188 104.5109
   vertex -16.3189 -31.4222 104.4272
  endloop
 endfacet
 facet normal 0 0 0
  outer loop
   vertex -16.0305 -30.7188 104.5109
   vertex -16.3900 -31.4215 104.0927
   vertex -16.0172 -30.6865 104.5148
  endloop
 endfacet
 facet normal 0 0 0
  outer loop
   vertex -22.9934 -47.7007 102.4903
   vertex -16.3900 -31.4215 104.0927
   vertex -16.3189 -31.4222 104.4272
  endloop
 endfacet
 facet normal 0 0 0
  outer loop
   vertex -22.9934 -47.7007 102.4903
   vertex -16.5599 -31.4196 103.2935
   vertex -16.3900 -31.4215 104.0927
  endloop
 endfacet
 facet normal 0 0 0
  outer loop
   vertex -16.5599 -31.4196 103.2935
   vertex -22.9934 -47.7007 102.4903
   vertex -23.2344 -47.6981 101.3566
  endloop
 endfacet
 facet normal 0 0 0
  outer loop
   vertex -23.3974 -47.5400 100.5895
   vertex -16.5599 -31.4196 103.2935
   vertex -23.2344 -47.6981 101.3566
  endloop
 endfacet
 facet normal 0 0 0
  outer loop
   vertex -16.5599 -31.4196 103.2935
   vertex -23.3974 -47.5400 100.5895
   vertex -16.6637 -31.3189 102.8050
  endloop
 endfacet
 facet normal 0 0 0
  outer loop
   vertex -16.6637 -31.3189 102.8050
   vertex -23.3974 -47.5400 100.5895
   vertex -16.4212 -30.5258 102.6139
  endloop
 endfacet
 facet normal 0 0 0
  outer loop
   vertex -26.9381 -45.3705 103.8092
   vertex -27.4028 -45.9481 102.9545
   vertex -27.2397 -46.1062 103.7216
  endloop
 endfacet
 facet normal 0 0 0
  outer loop
   vertex -27.3421 -45.2097 101.9083
   vertex -21.3654 -31.2235 104.7065
   vertex -21.4213 -31.2749 104.5373
  endloop
 endfacet
 facet normal 0 0 0
  outer loop
   vertex -21.3654 -31.2235 104.7065
   vertex -27.3421 -45.2097 101.9083
   vertex -27.4028 -45.9481 102.9545
  endloop
 endfacet
 facet normal 0 0 0
  outer loop
   vertex -21.6405 -31.3041 103.5629
   vertex -27.6023 -45.8443 101.8328
   vertex -27.3421 -45.2097 101.9083
  endloop
 endfacet
 facet normal 0 0 0
  outer loop
   vertex -22.5853 17.5177 115.8474
   vertex -22.8900 17.9029 116.1694
   vertex -19.5222 14.6748 132.7574
  endloop
 endfacet
 facet normal 0 0 0
  outer loop
   vertex -22.8900 17.9029 116.1694
   vertex -22.5853 17.5177 115.8474
   vertex -22.8900 17.8734 115.5924
  endloop
 endfacet
 facet normal 0 0 0
  outer loop
   vertex -23.0668 18.1044 115.9244
   vertex -19.5222 14.6748 132.7574
   vertex -22.8900 17.9029 116.1694
  endloop
 endfacet
 facet normal 0 0 0
  outer loop
   vertex -19.5222 14.6748 132.7574
   vertex -23.0668 18.1044 115.9244
   vertex -23.1263 18.1702 115.8014
  endloop
 endfacet
 facet normal 0 0 0
  outer loop
   vertex -19.8696 7.9717 132.2834
   vertex -16.7166 9.9426 132.0194
   vertex -20.8567 7.6123 132.4194
  endloop
 endfacet
 facet normal 0 0 0
  outer loop
   vertex -22.8412 11.4894 133.6404
   vertex -21.0966 8.3481 132.6224
   vertex -16.7166 9.9426 132.0194
  endloop
 endfacet
 facet normal 0 0 0
  outer loop
   vertex -21.0966 8.3481 132.6224
   vertex -22.8760 11.3956 133.6284
   vertex -22.9805 11.5246 133.6774
  endloop
 endfacet
 facet normal 0 0 0
  outer loop
   vertex -21.0966 8.3481 132.6224
   vertex -22.8412 11.4894 133.6404
   vertex -22.8760 11.3956 133.6284
  endloop
 endfacet
 facet normal 0 0 0
  outer loop
   vertex -21.6020 8.3351 128.9134
   vertex -24.5660 11.2097 114.9684
   vertex -22.1614 8.8776 126.2814
  endloop
 endfacet
 facet normal 0 0 0
  outer loop
   vertex -16.8797 10.1007 131.2524
   vertex -21.2944 15.2783 115.9244
   vertex -21.4814 15.6100 115.9574
  endloop
 endfacet
 facet normal 0 0 0
  outer loop
   vertex -16.8797 10.1007 131.2524
   vertex -21.1207 14.9594 115.8284
   vertex -21.2944 15.2783 115.9244
  endloop
 endfacet
 facet normal 0 0 0
  outer loop
   vertex -16.8797 10.1007 131.2524
   vertex -20.9671 14.6655 115.6704
   vertex -21.1207 14.9594 115.8284
  endloop
 endfacet
 facet normal 0 0 0
  outer loop
   vertex -16.8797 10.1007 131.2524
   vertex -20.8394 14.4079 115.4594
   vertex -20.9671 14.6655 115.6704
  endloop
 endfacet
 facet normal 0 0 0
  outer loop
   vertex -16.8797 10.1007 131.2524
   vertex -20.7425 14.1965 115.2014
   vertex -20.8394 14.4079 115.4594
  endloop
 endfacet
 facet normal 0 0 0
  outer loop
   vertex -16.8797 10.1007 131.2524
   vertex -20.6802 14.0394 114.9084
   vertex -20.7425 14.1965 115.2014
  endloop
 endfacet
 facet normal 0 0 0
  outer loop
   vertex -16.8797 10.1007 131.2524
   vertex -20.6549 13.9427 114.5894
   vertex -20.6802 14.0394 114.9084
  endloop
 endfacet
 facet normal 0 0 0
  outer loop
   vertex -20.5890 13.6981 113.8017
   vertex -20.6549 13.9427 114.5894
   vertex -16.8797 10.1007 131.2524
  endloop
 endfacet
 facet normal 0 0 0
  outer loop
   vertex -20.6549 13.9427 114.5894
   vertex -20.5890 13.6981 113.8017
   vertex -20.6674 13.9100 114.2574
  endloop
 endfacet
 facet normal 0 0 0
  outer loop
   vertex -20.6674 13.9100 114.2574
   vertex -20.5890 13.6981 113.8017
   vertex -20.7165 13.9420 113.9323
  endloop
 endfacet
 facet normal 0 0 0
  outer loop
   vertex -21.6746 15.9417 115.9244
   vertex -16.8797 10.1007 131.2524
   vertex -21.4814 15.6100 115.9574
  endloop
 endfacet
 facet normal 0 0 0
  outer loop
   vertex -21.6746 15.9417 115.9244
   vertex -22.5853 17.5177 115.8474
   vertex -16.8797 10.1007 131.2524
  endloop
 endfacet
 facet normal 0 0 0
  outer loop
   vertex -21.8666 16.2606 115.8284
   vertex -22.5853 17.5177 115.8474
   vertex -21.6746 15.9417 115.9244
  endloop
 endfacet
 facet normal 0 0 0
  outer loop
   vertex -22.0499 16.5545 115.6704
   vertex -22.5853 17.5177 115.8474
   vertex -21.8666 16.2606 115.8284
  endloop
 endfacet
 facet normal 0 0 0
  outer loop
   vertex -22.5853 17.5177 115.8474
   vertex -22.0499 16.5545 115.6704
   vertex -22.2126 16.8045 115.4654
  endloop
 endfacet
 facet normal 0 0 0
  outer loop
   vertex -22.8412 11.4894 133.6404
   vertex -16.7166 9.9426 132.0194
   vertex -19.3004 14.4149 133.4914
  endloop
 endfacet
 facet normal 0 0 0
  outer loop
   vertex -19.3004 14.4149 133.4914
   vertex -16.7166 9.9426 132.0194
   vertex -18.8760 13.9203 133.2984
  endloop
 endfacet
 facet normal 0 0 0
  outer loop
   vertex -16.7166 9.9426 132.0194
   vertex -16.8797 10.1007 131.2524
   vertex -18.8760 13.9203 133.2984
  endloop
 endfacet
 facet normal 0 0 0
  outer loop
   vertex -16.8797 10.1007 131.2524
   vertex -22.5853 17.5177 115.8474
   vertex -18.8760 13.9203 133.2984
  endloop
 endfacet
 facet normal 0 0 0
  outer loop
   vertex -22.9805 11.5246 133.6774
   vertex -21.0241 7.7747 131.6314
   vertex -20.8567 7.6123 132.4194
  endloop
 endfacet
 facet normal 0 0 0
  outer loop
   vertex -22.9805 11.5246 133.6774
   vertex -21.6020 8.3351 128.9134
   vertex -21.0241 7.7747 131.6314
  endloop
 endfacet
 facet normal 0 0 0
  outer loop
   vertex -21.6020 8.3351 128.9134
   vertex -22.9805 11.5246 133.6774
   vertex -24.5660 11.2097 114.9684
  endloop
 endfacet
 facet normal 0 0 0
  outer loop
   vertex -19.5266 14.6790 132.7364
   vertex -19.5222 14.6748 132.7574
   vertex -23.1263 18.1702 115.8014
  endloop
 endfacet
 facet normal 0 0 0
  outer loop
   vertex -23.0758 18.1212 116.0384
   vertex -23.0685 18.1140 116.0734
   vertex -19.5266 14.6790 132.7364
  endloop
 endfacet
 facet normal 0 0 0
  outer loop
   vertex -23.0758 18.1212 116.0384
   vertex -19.5266 14.6790 132.7364
   vertex -23.1263 18.1702 115.8014
  endloop
 endfacet
 facet normal 0 0 0
  outer loop
   vertex -22.9805 11.5246 133.6774
   vertex -20.8567 7.6123 132.4194
   vertex -21.0966 8.3481 132.6224
  endloop
 endfacet
 facet normal 0 0 0
  outer loop
   vertex -20.8567 7.6123 132.4194
   vertex -16.7166 9.9426 132.0194
   vertex -21.0966 8.3481 132.6224
  endloop
 endfacet
 facet normal 0 0 0
  outer loop
   vertex -26.2357 14.4619 117.0294
   vertex -24.9925 13.4759 124.2114
   vertex -26.4892 14.9274 117.1704
  endloop
 endfacet
 facet normal 0 0 0
  outer loop
   vertex -25.9646 13.9433 116.7514
   vertex -24.9925 13.4759 124.2114
   vertex -26.2357 14.4619 117.0294
  endloop
 endfacet
 facet normal 0 0 0
  outer loop
   vertex -25.7392 13.4887 116.3784
   vertex -24.9925 13.4759 124.2114
   vertex -25.9646 13.9433 116.7514
  endloop
 endfacet
 facet normal 0 0 0
  outer loop
   vertex -24.5660 11.2097 114.9684
   vertex -24.9925 13.4759 124.2114
   vertex -25.7392 13.4887 116.3784
  endloop
 endfacet
 facet normal 0 0 0
  outer loop
   vertex -24.5660 11.2097 114.9684
   vertex -25.7392 13.4887 116.3784
   vertex -25.5683 13.1156 115.9244
  endloop
 endfacet
 facet normal 0 0 0
  outer loop
   vertex -24.5660 11.2097 114.9684
   vertex -25.5683 13.1156 115.9244
   vertex -25.4805 12.8943 115.5104
  endloop
 endfacet
 facet normal 0 0 0
  outer loop
   vertex -24.9925 13.4759 124.2114
   vertex -24.5660 11.2097 114.9684
   vertex -22.9805 11.5246 133.6774
  endloop
 endfacet
 facet normal 0 0 0
  outer loop
   vertex -18.8760 13.9203 133.2984
   vertex -19.5222 14.6748 132.7574
   vertex -19.4568 14.6113 133.0654
  endloop
 endfacet
 facet normal 0 0 0
  outer loop
   vertex -18.8760 13.9203 133.2984
   vertex -22.5853 17.5177 115.8474
   vertex -19.5222 14.6748 132.7574
  endloop
 endfacet
 facet normal 0 0 0
  outer loop
   vertex -19.5206 12.2791 117.8144
   vertex -20.5890 13.6981 113.8017
   vertex -16.8797 10.1007 131.2524
  endloop
 endfacet
 facet normal 0 0 0
  outer loop
   vertex -16.5729 9.4203 131.6824
   vertex -16.8797 10.1007 131.2524
   vertex -16.7166 9.9426 132.0194
  endloop
 endfacet
 facet normal 0 0 0
  outer loop
   vertex -16.5729 9.4203 131.6824
   vertex -16.6628 9.4357 131.0694
   vertex -16.8797 10.1007 131.2524
  endloop
 endfacet
 facet normal 0 0 0
  outer loop
   vertex -16.6628 9.4357 131.0694
   vertex -19.5206 12.2791 117.8144
   vertex -16.8797 10.1007 131.2524
  endloop
 endfacet
 facet normal 0 0 0
  outer loop
   vertex -15.7872 -7.9304 128.1374
   vertex -15.1788 -12.3945 127.0884
   vertex -15.1460 -11.6103 127.2434
  endloop
 endfacet
 facet normal 0 0 0
  outer loop
   vertex -15.1460 -11.6103 127.2434
   vertex -10.5487 -11.6103 126.2664
   vertex -11.4072 -6.3359 127.5354
  endloop
 endfacet
 facet normal 0 0 0
  outer loop
   vertex -15.7872 -7.9304 128.1374
   vertex -15.2055 -12.3686 126.9624
   vertex -15.1788 -12.3945 127.0884
  endloop
 endfacet
 facet normal 0 0 0
  outer loop
   vertex -15.2055 -12.3686 126.9624
   vertex -15.7872 -7.9304 128.1374
   vertex -15.3419 -12.2364 126.3214
  endloop
 endfacet
 facet normal 0 0 0
  outer loop
   vertex -11.5702 -6.1778 126.7684
   vertex -15.1165 -2.7385 110.0845
   vertex -11.4072 -6.3359 127.5354
  endloop
 endfacet
 facet normal 0 0 0
  outer loop
   vertex -15.1788 -12.3945 127.0884
   vertex -10.5487 -11.6103 126.2664
   vertex -15.1460 -11.6103 127.2434
  endloop
 endfacet
 facet normal 0 0 0
  outer loop
   vertex -18.8838 -8.8013 109.6581
   vertex -15.7533 -11.8374 124.3864
   vertex -18.8882 -8.7971 109.6373
  endloop
 endfacet
 facet normal 0 0 0
  outer loop
   vertex -18.8882 -8.7971 109.6373
   vertex -18.8882 -8.7971 109.6373
   vertex -18.8838 -8.8013 109.6581
  endloop
 endfacet
 facet normal 0 0 0
  outer loop
   vertex -15.7872 -7.9304 128.1374
   vertex -15.1460 -11.6103 127.2434
   vertex -15.7849 -7.9374 128.1364
  endloop
 endfacet
 facet normal 0 0 0
  outer loop
   vertex -15.1460 -11.6103 127.2434
   vertex -14.6107 -7.5022 127.9764
   vertex -15.5973 -7.8691 128.1104
  endloop
 endfacet
 facet normal 0 0 0
  outer loop
   vertex -14.6107 -7.5022 127.9764
   vertex -15.1460 -11.6103 127.2434
   vertex -11.4072 -6.3359 127.5354
  endloop
 endfacet
 facet normal 0 0 0
  outer loop
   vertex -15.1460 -11.6103 127.2434
   vertex -15.5973 -7.8691 128.1104
   vertex -15.7849 -7.9374 128.1364
  endloop
 endfacet
 facet normal 0 0 0
  outer loop
   vertex -18.9138 -8.6091 109.6815
   vertex -15.3419 -12.2364 126.3214
   vertex -15.7872 -7.9304 128.1374
  endloop
 endfacet
 facet normal 0 0 0
  outer loop
   vertex -15.3419 -12.2364 126.3214
   vertex -18.9138 -8.6091 109.6815
   vertex -18.8882 -8.7971 109.6373
  endloop
 endfacet
 facet normal 0 0 0
  outer loop
   vertex -15.2055 -12.3686 126.9624
   vertex -15.3419 -12.2364 126.3214
   vertex -18.8882 -8.7971 109.6373
  endloop
 endfacet
 facet normal 0 0 0
  outer loop
   vertex -15.2055 -12.3686 126.9624
   vertex -18.8882 -8.7971 109.6373
   vertex -15.7533 -11.8374 124.3864
  endloop
 endfacet
 facet normal 0 0 0
  outer loop
   vertex -19.2915 -5.8378 110.3330
   vertex -17.5138 -6.2559 120.0144
   vertex -19.4921 -4.3373 110.7075
  endloop
 endfacet
 facet normal 0 0 0
  outer loop
   vertex -19.4965 -4.3330 110.6868
   vertex -19.4921 -4.3373 110.7075
   vertex -19.4965 -4.3330 110.6868
  endloop
 endfacet
 facet normal 0 0 0
  outer loop
   vertex -19.2915 -5.8378 110.3330
   vertex -19.4921 -4.3373 110.7075
   vertex -19.4965 -4.3330 110.6868
  endloop
 endfacet
 facet normal 0 0 0
  outer loop
   vertex -18.9138 -8.6091 109.6815
   vertex -17.5138 -6.2559 120.0144
   vertex -19.2915 -5.8378 110.3330
  endloop
 endfacet
 facet normal 0 0 0
  outer loop
   vertex -17.5138 -6.2559 120.0144
   vertex -18.9138 -8.6091 109.6815
   vertex -15.7872 -7.9304 128.1374
  endloop
 endfacet
 facet normal 0 0 0
  outer loop
   vertex -10.5487 -11.6103 126.2664
   vertex -14.2580 -8.0129 108.8148
   vertex -15.0396 -3.3161 109.1147
  endloop
 endfacet
 facet normal 0 0 0
  outer loop
   vertex -11.4072 -6.3359 127.5354
   vertex -10.5487 -11.6103 126.2664
   vertex -11.1672 -7.0717 127.3324
  endloop
 endfacet
 facet normal 0 0 0
  outer loop
   vertex -10.5487 -11.6103 126.2664
   vertex -15.0396 -3.3161 109.1147
   vertex -11.1672 -7.0717 127.3324
  endloop
 endfacet
 facet normal 0 0 0
  outer loop
   vertex -15.8364 -7.8827 127.9064
   vertex -17.5138 -6.2559 120.0144
   vertex -15.7872 -7.9304 128.1374
  endloop
 endfacet
 facet normal 0 0 0
  outer loop
   vertex -11.5702 -6.1778 126.7684
   vertex -15.0396 -3.3161 109.1147
   vertex -15.2795 -2.5804 109.3174
  endloop
 endfacet
 facet normal 0 0 0
  outer loop
   vertex -11.5702 -6.1778 126.7684
   vertex -15.2795 -2.5804 109.3174
   vertex -15.1165 -2.7385 110.0845
  endloop
 endfacet
 facet normal 0 0 0
  outer loop
   vertex -15.1788 -12.3945 127.0884
   vertex -10.5815 -12.3945 126.1114
   vertex -10.5487 -11.6103 126.2664
  endloop
 endfacet
 facet normal 0 0 0
  outer loop
   vertex -10.5487 -11.6103 126.2664
   vertex -14.2895 -8.7641 108.6667
   vertex -14.2580 -8.0129 108.8148
  endloop
 endfacet
 facet normal 0 0 0
  outer loop
   vertex -11.1672 -7.0717 127.3324
   vertex -11.5702 -6.1778 126.7684
   vertex -11.4072 -6.3359 127.5354
  endloop
 endfacet
 facet normal 0 0 0
  outer loop
   vertex -11.1672 -7.0717 127.3324
   vertex -15.0396 -3.3161 109.1147
   vertex -11.5702 -6.1778 126.7684
  endloop
 endfacet
 facet normal 0 0 0
  outer loop
   vertex -14.1691 -8.9152 109.2333
   vertex -14.2909 -8.7971 108.6602
   vertex -14.0528 -9.0280 109.7803
  endloop
 endfacet
 facet normal 0 0 0
  outer loop
   vertex -14.0528 -9.0280 109.7803
   vertex -14.2895 -8.7641 108.6667
   vertex -10.5487 -11.6103 126.2664
  endloop
 endfacet
 facet normal 0 0 0
  outer loop
   vertex -14.2895 -8.7641 108.6667
   vertex -14.0528 -9.0280 109.7803
   vertex -14.2909 -8.7971 108.6602
  endloop
 endfacet
 facet normal 0 0 0
  outer loop
   vertex -20.4008 -29.9872 106.4322
   vertex -16.8940 -33.3882 122.9304
   vertex -16.8559 -33.4251 123.1094
  endloop
 endfacet
 facet normal 0 0 0
  outer loop
   vertex -16.8559 -33.4251 123.1094
   vertex -11.3090 -29.7453 122.6894
   vertex -11.3478 -29.0184 122.8474
  endloop
 endfacet
 facet normal 0 0 0
  outer loop
   vertex -15.8734 -28.9611 123.8214
   vertex -19.8890 -27.7547 106.8698
   vertex -19.9802 -28.3400 106.9274
  endloop
 endfacet
 facet normal 0 0 0
  outer loop
   vertex -15.8734 -28.9611 123.8214
   vertex -19.8302 -27.1919 106.6990
   vertex -19.8890 -27.7547 106.8698
  endloop
 endfacet
 facet normal 0 0 0
  outer loop
   vertex -19.5828 -25.3636 106.3699
   vertex -19.8302 -27.1919 106.6990
   vertex -15.8734 -28.9611 123.8214
  endloop
 endfacet
 facet normal 0 0 0
  outer loop
   vertex -19.8302 -27.1919 106.6990
   vertex -19.5828 -25.3636 106.3699
   vertex -19.8059 -26.6733 106.4218
  endloop
 endfacet
 facet normal 0 0 0
  outer loop
   vertex -19.8059 -26.6733 106.4218
   vertex -19.5828 -25.3636 106.3699
   vertex -19.8125 -26.4074 106.2036
  endloop
 endfacet
 facet normal 0 0 0
  outer loop
   vertex -20.1001 -28.9253 106.8698
   vertex -15.8734 -28.9611 123.8214
   vertex -19.9802 -28.3400 106.9274
  endloop
 endfacet
 facet normal 0 0 0
  outer loop
   vertex -20.2442 -29.4880 106.6990
   vertex -15.8734 -28.9611 123.8214
   vertex -20.1001 -28.9253 106.8698
  endloop
 endfacet
 facet normal 0 0 0
  outer loop
   vertex -15.8734 -28.9611 123.8214
   vertex -20.2442 -29.4880 106.6990
   vertex -20.3375 -29.7856 106.5400
  endloop
 endfacet
 facet normal 0 0 0
  outer loop
   vertex -20.3375 -29.7856 106.5400
   vertex -16.8559 -33.4251 123.1094
   vertex -15.8734 -28.9611 123.8214
  endloop
 endfacet
 facet normal 0 0 0
  outer loop
   vertex -16.8559 -33.4251 123.1094
   vertex -20.3375 -29.7856 106.5400
   vertex -20.4008 -29.9872 106.4322
  endloop
 endfacet
 facet normal 0 0 0
  outer loop
   vertex -12.7726 -34.8615 121.1114
   vertex -16.0305 -30.7188 104.5109
   vertex -16.0172 -30.6865 104.5148
  endloop
 endfacet
 facet normal 0 0 0
  outer loop
   vertex -12.7726 -34.8615 121.1114
   vertex -16.0172 -30.6865 104.5148
   vertex -12.3079 -34.2839 121.9654
  endloop
 endfacet
 facet normal 0 0 0
  outer loop
   vertex -11.3090 -29.7453 122.6894
   vertex -12.5879 -34.9319 121.8914
   vertex -12.3079 -34.2839 121.9654
  endloop
 endfacet
 facet normal 0 0 0
  outer loop
   vertex -14.6398 -34.2573 122.4674
   vertex -11.3090 -29.7453 122.6894
   vertex -16.8559 -33.4251 123.1094
  endloop
 endfacet
 facet normal 0 0 0
  outer loop
   vertex -12.7384 -34.8754 121.9354
   vertex -11.3090 -29.7453 122.6894
   vertex -14.6398 -34.2573 122.4674
  endloop
 endfacet
 facet normal 0 0 0
  outer loop
   vertex -11.3090 -29.7453 122.6894
   vertex -12.7384 -34.8754 121.9354
   vertex -12.5879 -34.9319 121.8914
  endloop
 endfacet
 facet normal 0 0 0
  outer loop
   vertex -12.6095 -35.0196 121.8784
   vertex -12.7726 -34.8615 121.1114
   vertex -12.3079 -34.2839 121.9654
  endloop
 endfacet
 facet normal 0 0 0
  outer loop
   vertex -15.2240 -27.1379 105.1295
   vertex -15.0184 -26.1479 105.2380
   vertex -15.2176 -27.3955 105.3409
  endloop
 endfacet
 facet normal 0 0 0
  outer loop
   vertex -15.0184 -26.1479 105.2380
   vertex -15.2240 -27.1379 105.1295
   vertex -15.2284 -27.1022 105.0860
  endloop
 endfacet
 facet normal 0 0 0
  outer loop
   vertex -11.3090 -29.7453 122.6894
   vertex -15.3843 -28.6717 105.5947
   vertex -15.3163 -28.3400 105.6274
  endloop
 endfacet
 facet normal 0 0 0
  outer loop
   vertex -12.3079 -34.2839 121.9654
   vertex -15.4659 -28.9906 105.4980
   vertex -15.3843 -28.6717 105.5947
  endloop
 endfacet
 facet normal 0 0 0
  outer loop
   vertex -12.3079 -34.2839 121.9654
   vertex -15.5581 -29.2845 105.3409
   vertex -15.4659 -28.9906 105.4980
  endloop
 endfacet
 facet normal 0 0 0
  outer loop
   vertex -16.0172 -30.6865 104.5148
   vertex -15.5581 -29.2845 105.3409
   vertex -12.3079 -34.2839 121.9654
  endloop
 endfacet
 facet normal 0 0 0
  outer loop
   vertex -15.5581 -29.2845 105.3409
   vertex -16.0172 -30.6865 104.5148
   vertex -15.6574 -29.5421 105.1295
  endloop
 endfacet
 facet normal 0 0 0
  outer loop
   vertex -15.6574 -29.5421 105.1295
   vertex -16.0172 -30.6865 104.5148
   vertex -15.7598 -29.7535 104.8719
  endloop
 endfacet
 facet normal 0 0 0
  outer loop
   vertex -15.7598 -29.7535 104.8719
   vertex -16.0172 -30.6865 104.5148
   vertex -15.8387 -29.8753 104.6440
  endloop
 endfacet
 facet normal 0 0 0
  outer loop
   vertex -15.3843 -28.6717 105.5947
   vertex -11.3090 -29.7453 122.6894
   vertex -12.3079 -34.2839 121.9654
  endloop
 endfacet
 facet normal 0 0 0
  outer loop
   vertex -15.2647 -28.0083 105.5947
   vertex -11.3090 -29.7453 122.6894
   vertex -15.3163 -28.3400 105.6274
  endloop
 endfacet
 facet normal 0 0 0
  outer loop
   vertex -15.0184 -26.1479 105.2380
   vertex -15.2647 -28.0083 105.5947
   vertex -15.2314 -27.6894 105.4980
  endloop
 endfacet
 facet normal 0 0 0
  outer loop
   vertex -15.0184 -26.1479 105.2380
   vertex -15.2314 -27.6894 105.4980
   vertex -15.2176 -27.3955 105.3409
  endloop
 endfacet
 facet normal 0 0 0
  outer loop
   vertex -15.2647 -28.0083 105.5947
   vertex -15.0184 -26.1479 105.2380
   vertex -11.3090 -29.7453 122.6894
  endloop
 endfacet
 facet normal 0 0 0
  outer loop
   vertex -11.3090 -29.7453 122.6894
   vertex -15.0184 -26.1479 105.2380
   vertex -15.0273 -26.1392 105.1959
  endloop
 endfacet
 facet normal 0 0 0
  outer loop
   vertex -15.8734 -28.9611 123.8214
   vertex -16.0409 -28.7986 123.0334
   vertex -19.5828 -25.3636 106.3699
  endloop
 endfacet
 facet normal 0 0 0
  outer loop
   vertex -16.8559 -33.4251 123.1094
   vertex -12.9753 -28.9611 123.2054
   vertex -15.8734 -28.9611 123.8214
  endloop
 endfacet
 facet normal 0 0 0
  outer loop
   vertex -12.9753 -28.9611 123.2054
   vertex -16.8559 -33.4251 123.1094
   vertex -11.3478 -29.0184 122.8474
  endloop
 endfacet
 facet normal 0 0 0
  outer loop
   vertex -16.3189 -31.4222 104.4272
   vertex -12.7726 -34.8615 121.1114
   vertex -12.6095 -35.0196 121.8784
  endloop
 endfacet
 facet normal 0 0 0
  outer loop
   vertex -12.7726 -34.8615 121.1114
   vertex -16.3189 -31.4222 104.4272
   vertex -16.0305 -30.7188 104.5109
  endloop
 endfacet
 facet normal 0 0 0
  outer loop
   vertex -51.5114 25.4842 7.8602
   vertex -54.7112 22.2758 3.6668
   vertex -52.2519 24.5110 15.2371
  endloop
 endfacet
 facet normal 0 0 0
  outer loop
   vertex -54.7112 22.2758 3.6668
   vertex -51.5114 25.4842 7.8602
   vertex -52.5901 24.5039 2.7855
  endloop
 endfacet
 facet normal 0 0 0
  outer loop
   vertex -49.6993 27.1311 16.3857
   vertex -52.2519 24.5110 15.2371
   vertex -51.8204 24.9031 17.2669
  endloop
 endfacet
 facet normal 0 0 0
  outer loop
   vertex -52.2519 24.5110 15.2371
   vertex -49.6993 27.1311 16.3857
   vertex -51.5114 25.4842 7.8602
  endloop
 endfacet
 facet normal 0 0 0
  outer loop
   vertex -62.4448 34.3219 15.5084
   vertex -59.8922 36.9420 16.6571
   vertex -62.0133 34.7140 17.5383
  endloop
 endfacet
 facet normal 0 0 0
  outer loop
   vertex -59.8922 36.9420 16.6571
   vertex -62.4448 34.3219 15.5084
   vertex -61.7044 35.2951 8.1316
  endloop
 endfacet
 facet normal 0 0 0
  outer loop
   vertex -58.8979 37.9864 16.2440
   vertex -58.7638 37.8574 16.2404
   vertex -58.0558 37.1759 16.2216
  endloop
 endfacet
 facet normal 0 0 0
  outer loop
   vertex -56.0889 33.2813 16.5558
   vertex -62.0133 34.7140 17.5383
   vertex -59.8922 36.9420 16.6571
  endloop
 endfacet
 facet normal 0 0 0
  outer loop
   vertex -62.0133 34.7140 17.5383
   vertex -56.0889 33.2813 16.5558
   vertex -53.3417 26.3674 17.3074
  endloop
 endfacet
 facet normal 0 0 0
  outer loop
   vertex -54.7112 22.2758 3.6668
   vertex -56.3934 28.1647 2.8868
   vertex -63.3828 30.6224 3.8977
  endloop
 endfacet
 facet normal 0 0 0
  outer loop
   vertex -56.3934 28.1647 2.8868
   vertex -54.7112 22.2758 3.6668
   vertex -52.5901 24.5039 2.7855
  endloop
 endfacet
 facet normal 0 0 0
  outer loop
   vertex -49.6993 27.1311 16.3857
   vertex -53.3417 26.3674 17.3074
   vertex -56.0889 33.2813 16.5558
  endloop
 endfacet
 facet normal 0 0 0
  outer loop
   vertex -53.3417 26.3674 17.3074
   vertex -49.6993 27.1311 16.3857
   vertex -51.8204 24.9031 17.2669
  endloop
 endfacet
 facet normal 0 0 0
  outer loop
   vertex -63.3828 30.6224 3.8977
   vertex -62.7831 34.3148 3.0569
   vertex -64.9042 32.0867 3.9382
  endloop
 endfacet
 facet normal 0 0 0
  outer loop
   vertex -62.7831 34.3148 3.0569
   vertex -63.3828 30.6224 3.8977
   vertex -56.3934 28.1647 2.8868
  endloop
 endfacet
 facet normal 0 0 0
  outer loop
   vertex -64.9042 32.0867 3.9382
   vertex -61.7044 35.2951 8.1316
   vertex -62.4448 34.3219 15.5084
  endloop
 endfacet
 facet normal 0 0 0
  outer loop
   vertex -61.7044 35.2951 8.1316
   vertex -64.9042 32.0867 3.9382
   vertex -62.7831 34.3148 3.0569
  endloop
 endfacet
 facet normal 0 0 0
  outer loop
   vertex -58.3337 37.7110 16.9056
   vertex -60.2534 37.5574 17.3433
   vertex -59.2592 38.6018 16.9302
  endloop
 endfacet
 facet normal 0 0 0
  outer loop
   vertex -49.0520 26.7758 17.0450
   vertex -58.3337 37.7110 16.9056
   vertex -48.0577 27.8202 16.6320
  endloop
 endfacet
 facet normal 0 0 0
  outer loop
   vertex -58.3337 37.7110 16.9056
   vertex -49.0520 26.7758 17.0450
   vertex -60.2534 37.5574 17.3433
  endloop
 endfacet
 facet normal 0 0 0
  outer loop
   vertex -63.4303 34.6702 2.3976
   vertex -61.7044 35.2951 8.1316
   vertex -62.7831 34.3148 3.0569
  endloop
 endfacet
 facet normal 0 0 0
  outer loop
   vertex -60.2534 37.5574 17.3433
   vertex -61.7044 35.2951 8.1316
   vertex -63.4303 34.6702 2.3976
  endloop
 endfacet
 facet normal 0 0 0
  outer loop
   vertex -60.2534 37.5574 17.3433
   vertex -59.8922 36.9420 16.6571
   vertex -61.7044 35.2951 8.1316
  endloop
 endfacet
 facet normal 0 0 0
  outer loop
   vertex -60.2534 37.5574 17.3433
   vertex -56.0889 33.2813 16.5558
   vertex -59.8922 36.9420 16.6571
  endloop
 endfacet
 facet normal 0 0 0
  outer loop
   vertex -49.0520 26.7758 17.0450
   vertex -56.0889 33.2813 16.5558
   vertex -60.2534 37.5574 17.3433
  endloop
 endfacet
 facet normal 0 0 0
  outer loop
   vertex -56.0889 33.2813 16.5558
   vertex -49.0520 26.7758 17.0450
   vertex -49.6993 27.1311 16.3857
  endloop
 endfacet
 facet normal 0 0 0
  outer loop
   vertex -56.3934 28.1647 2.8868
   vertex -63.4303 34.6702 2.3976
   vertex -62.7831 34.3148 3.0569
  endloop
 endfacet
 facet normal 0 0 0
  outer loop
   vertex -52.2289 23.8886 2.0993
   vertex -56.3934 28.1647 2.8868
   vertex -52.5901 24.5039 2.7855
  endloop
 endfacet
 facet normal 0 0 0
  outer loop
   vertex -56.3934 28.1647 2.8868
   vertex -52.2289 23.8886 2.0993
   vertex -63.4303 34.6702 2.3976
  endloop
 endfacet
 facet normal 0 0 0
  outer loop
   vertex -51.5114 25.4842 7.8602
   vertex -52.2289 23.8886 2.0993
   vertex -52.5901 24.5039 2.7855
  endloop
 endfacet
 facet normal 0 0 0
  outer loop
   vertex -49.0520 26.7758 17.0450
   vertex -51.5114 25.4842 7.8602
   vertex -49.6993 27.1311 16.3857
  endloop
 endfacet
 facet normal 0 0 0
  outer loop
   vertex -51.5114 25.4842 7.8602
   vertex -49.0520 26.7758 17.0450
   vertex -52.2289 23.8886 2.0993
  endloop
 endfacet
 facet normal 0 0 0
  outer loop
   vertex -54.2726 27.8571 1.7671
   vertex -61.7888 35.3592 2.6439
   vertex -62.4360 35.7146 1.9845
  endloop
 endfacet
 facet normal 0 0 0
  outer loop
   vertex -61.7888 35.3592 2.6439
   vertex -54.2726 27.8571 1.7671
   vertex -54.3603 28.2092 2.4461
  endloop
 endfacet
 facet normal 0 0 0
  outer loop
   vertex -61.3573 35.7513 4.6737
   vertex -62.4360 35.7146 1.9845
   vertex -61.7888 35.3592 2.6439
  endloop
 endfacet
 facet normal 0 0 0
  outer loop
   vertex -61.3573 35.7513 4.6737
   vertex -59.2592 38.6018 16.9302
   vertex -62.4360 35.7146 1.9845
  endloop
 endfacet
 facet normal 0 0 0
  outer loop
   vertex -58.8979 37.9864 16.2440
   vertex -59.2592 38.6018 16.9302
   vertex -61.3573 35.7513 4.6737
  endloop
 endfacet
 facet normal 0 0 0
  outer loop
   vertex -58.8979 37.9864 16.2440
   vertex -58.3337 37.7110 16.9056
   vertex -59.2592 38.6018 16.9302
  endloop
 endfacet
 facet normal 0 0 0
  outer loop
   vertex -58.3337 37.7110 16.9056
   vertex -58.8979 37.9864 16.2440
   vertex -58.0558 37.1759 16.2216
  endloop
 endfacet
 facet normal 0 0 0
  outer loop
   vertex -63.4303 34.6702 2.3976
   vertex -54.2726 27.8571 1.7671
   vertex -62.4360 35.7146 1.9845
  endloop
 endfacet
 facet normal 0 0 0
  outer loop
   vertex -52.2289 23.8886 2.0993
   vertex -54.2726 27.8571 1.7671
   vertex -63.4303 34.6702 2.3976
  endloop
 endfacet
 facet normal 0 0 0
  outer loop
   vertex -54.2726 27.8571 1.7671
   vertex -52.2289 23.8886 2.0993
   vertex -51.3820 25.0749 1.6902
  endloop
 endfacet
 facet normal 0 0 0
  outer loop
   vertex -51.3820 25.0749 1.6902
   vertex -52.2289 23.8886 2.0993
   vertex -51.2346 24.9330 1.6862
  endloop
 endfacet
 facet normal 0 0 0
  outer loop
   vertex -63.4303 34.6702 2.3976
   vertex -59.2592 38.6018 16.9302
   vertex -60.2534 37.5574 17.3433
  endloop
 endfacet
 facet normal 0 0 0
  outer loop
   vertex -59.2592 38.6018 16.9302
   vertex -63.4303 34.6702 2.3976
   vertex -62.4360 35.7146 1.9845
  endloop
 endfacet
 facet normal 0 0 0
  outer loop
   vertex -48.0577 27.8202 16.6320
   vertex -52.2289 23.8886 2.0993
   vertex -49.0520 26.7758 17.0450
  endloop
 endfacet
 facet normal 0 0 0
  outer loop
   vertex -52.2289 23.8886 2.0993
   vertex -48.0577 27.8202 16.6320
   vertex -51.2346 24.9330 1.6862
  endloop
 endfacet
 facet normal 0 0 0
  outer loop
   vertex -45.3581 5.1169 4.9934
   vertex -41.6470 4.4068 4.3418
   vertex -45.2920 12.4558 3.5616
  endloop
 endfacet
 facet normal 0 0 0
  outer loop
   vertex -41.6470 4.4068 4.3418
   vertex -45.3581 5.1169 4.9934
   vertex -44.4902 3.2005 5.1791
  endloop
 endfacet
 facet normal 0 0 0
  outer loop
   vertex -38.7562 7.0340 17.9419
   vertex -42.4672 7.7441 18.5935
   vertex -42.4011 15.0830 17.1618
  endloop
 endfacet
 facet normal 0 0 0
  outer loop
   vertex -38.7562 7.0340 17.9419
   vertex -41.6759 5.9967 18.7629
   vertex -42.4672 7.7441 18.5935
  endloop
 endfacet
 facet normal 0 0 0
  outer loop
   vertex -41.6759 5.9967 18.7629
   vertex -38.7562 7.0340 17.9419
   vertex -41.5994 5.8277 18.7793
  endloop
 endfacet
 facet normal 0 0 0
  outer loop
   vertex -37.5000 7.7685 17.5330
   vertex -37.4235 7.5995 17.5494
   vertex -42.3701 18.5231 16.4906
  endloop
 endfacet
 facet normal 0 0 0
  outer loop
   vertex -37.8549 7.2074 15.5195
   vertex -37.8549 7.2074 15.5195
   vertex -37.4235 7.5995 17.5494
  endloop
 endfacet
 facet normal 0 0 0
  outer loop
   vertex -41.5994 5.8277 18.7793
   vertex -39.8349 6.0537 12.8672
   vertex -44.0587 3.5926 7.2090
  endloop
 endfacet
 facet normal 0 0 0
  outer loop
   vertex -39.8349 6.0537 12.8672
   vertex -41.5994 5.8277 18.7793
   vertex -38.7562 7.0340 17.9419
  endloop
 endfacet
 facet normal 0 0 0
  outer loop
   vertex -47.4616 17.2468 3.0973
   vertex -49.8733 16.4326 5.9645
   vertex -50.3047 16.0405 3.9346
  endloop
 endfacet
 facet normal 0 0 0
  outer loop
   vertex -49.8733 16.4326 5.9645
   vertex -47.4616 17.2468 3.0973
   vertex -45.6494 18.8937 11.6227
  endloop
 endfacet
 facet normal 0 0 0
  outer loop
   vertex -50.2282 15.8715 3.9510
   vertex -47.4616 17.2468 3.0973
   vertex -50.3047 16.0405 3.9346
  endloop
 endfacet
 facet normal 0 0 0
  outer loop
   vertex -50.2282 15.8715 3.9510
   vertex -45.2920 12.4558 3.5616
   vertex -47.4616 17.2468 3.0973
  endloop
 endfacet
 facet normal 0 0 0
  outer loop
   vertex -45.2920 12.4558 3.5616
   vertex -50.2282 15.8715 3.9510
   vertex -45.3581 5.1169 4.9934
  endloop
 endfacet
 facet normal 0 0 0
  outer loop
   vertex -40.3143 4.9723 3.9492
   vertex -37.8549 7.2074 15.5195
   vertex -37.8549 7.2074 15.5195
  endloop
 endfacet
 facet normal 0 0 0
  outer loop
   vertex -44.0587 3.5926 7.2090
   vertex -41.6470 4.4068 4.3418
   vertex -44.4902 3.2005 5.1791
  endloop
 endfacet
 facet normal 0 0 0
  outer loop
   vertex -41.6470 4.4068 4.3418
   vertex -44.0587 3.5926 7.2090
   vertex -39.8349 6.0537 12.8672
  endloop
 endfacet
 facet normal 0 0 0
  outer loop
   vertex -45.6494 18.8937 11.6227
   vertex -47.4139 18.6677 17.5348
   vertex -49.8733 16.4326 5.9645
  endloop
 endfacet
 facet normal 0 0 0
  outer loop
   vertex -47.4139 18.6677 17.5348
   vertex -45.6494 18.8937 11.6227
   vertex -44.5707 19.8740 16.6974
  endloop
 endfacet
 facet normal 0 0 0
  outer loop
   vertex -42.4011 15.0830 17.1618
   vertex -47.4139 18.6677 17.5348
   vertex -44.5707 19.8740 16.6974
  endloop
 endfacet
 facet normal 0 0 0
  outer loop
   vertex -47.4139 18.6677 17.5348
   vertex -42.4011 15.0830 17.1618
   vertex -42.4672 7.7441 18.5935
  endloop
 endfacet
 facet normal 0 0 0
  outer loop
   vertex -38.3255 6.5288 18.6763
   vertex -39.8349 6.0537 12.8672
   vertex -38.7562 7.0340 17.9419
  endloop
 endfacet
 facet normal 0 0 0
  outer loop
   vertex -41.5024 3.6416 3.7305
   vertex -39.8349 6.0537 12.8672
   vertex -38.3255 6.5288 18.6763
  endloop
 endfacet
 facet normal 0 0 0
  outer loop
   vertex -39.8349 6.0537 12.8672
   vertex -41.5024 3.6416 3.7305
   vertex -41.6470 4.4068 4.3418
  endloop
 endfacet
 facet normal 0 0 0
  outer loop
   vertex -41.5024 3.6416 3.7305
   vertex -45.2920 12.4558 3.5616
   vertex -41.6470 4.4068 4.3418
  endloop
 endfacet
 facet normal 0 0 0
  outer loop
   vertex -47.8922 17.7520 2.3629
   vertex -45.2920 12.4558 3.5616
   vertex -41.5024 3.6416 3.7305
  endloop
 endfacet
 facet normal 0 0 0
  outer loop
   vertex -45.2920 12.4558 3.5616
   vertex -47.8922 17.7520 2.3629
   vertex -47.4616 17.2468 3.0973
  endloop
 endfacet
 facet normal 0 0 0
  outer loop
   vertex -41.5024 3.6416 3.7305
   vertex -40.1697 4.2071 3.3380
   vertex -47.8922 17.7520 2.3629
  endloop
 endfacet
 facet normal 0 0 0
  outer loop
   vertex -42.4011 15.0830 17.1618
   vertex -38.3255 6.5288 18.6763
   vertex -38.7562 7.0340 17.9419
  endloop
 endfacet
 facet normal 0 0 0
  outer loop
   vertex -38.3255 6.5288 18.6763
   vertex -42.4011 15.0830 17.1618
   vertex -44.7154 20.6392 17.3086
  endloop
 endfacet
 facet normal 0 0 0
  outer loop
   vertex -44.5707 19.8740 16.6974
   vertex -44.7154 20.6392 17.3086
   vertex -42.4011 15.0830 17.1618
  endloop
 endfacet
 facet normal 0 0 0
  outer loop
   vertex -45.6494 18.8937 11.6227
   vertex -44.7154 20.6392 17.3086
   vertex -44.5707 19.8740 16.6974
  endloop
 endfacet
 facet normal 0 0 0
  outer loop
   vertex -47.8922 17.7520 2.3629
   vertex -45.6494 18.8937 11.6227
   vertex -47.4616 17.2468 3.0973
  endloop
 endfacet
 facet normal 0 0 0
  outer loop
   vertex -45.6494 18.8937 11.6227
   vertex -47.8922 17.7520 2.3629
   vertex -44.7154 20.6392 17.3086
  endloop
 endfacet
 facet normal 0 0 0
  outer loop
   vertex -47.8922 17.7520 2.3629
   vertex -46.5595 18.3175 1.9704
   vertex -44.7154 20.6392 17.3086
  endloop
 endfacet
 facet normal 0 0 0
  outer loop
   vertex -42.3701 18.5231 16.4906
   vertex -36.9928 7.0943 18.2837
   vertex -43.3826 21.2047 16.9161
  endloop
 endfacet
 facet normal 0 0 0
  outer loop
   vertex -36.9928 7.0943 18.2837
   vertex -42.3701 18.5231 16.4906
   vertex -37.4235 7.5995 17.5494
  endloop
 endfacet
 facet normal 0 0 0
  outer loop
   vertex -43.2380 20.4395 16.3049
   vertex -43.3826 21.2047 16.9161
   vertex -43.4852 21.1115 16.4337
  endloop
 endfacet
 facet normal 0 0 0
  outer loop
   vertex -43.3826 21.2047 16.9161
   vertex -43.2380 20.4395 16.3049
   vertex -42.3701 18.5231 16.4906
  endloop
 endfacet
 facet normal 0 0 0
  outer loop
   vertex -43.2380 20.4395 16.3049
   vertex -43.4852 21.1115 16.4337
   vertex -43.5707 20.1372 14.7397
  endloop
 endfacet
 facet normal 0 0 0
  outer loop
   vertex -37.8549 7.2074 15.5195
   vertex -36.9928 7.0943 18.2837
   vertex -37.4235 7.5995 17.5494
  endloop
 endfacet
 facet normal 0 0 0
  outer loop
   vertex -40.1697 4.2071 3.3380
   vertex -37.8549 7.2074 15.5195
   vertex -40.3143 4.9723 3.9492
  endloop
 endfacet
 facet normal 0 0 0
  outer loop
   vertex -37.8549 7.2074 15.5195
   vertex -40.1697 4.2071 3.3380
   vertex -36.9928 7.0943 18.2837
  endloop
 endfacet
 facet normal 0 0 0
  outer loop
   vertex -41.5150 7.1779 3.0501
   vertex -40.3143 4.9723 3.9492
   vertex -41.9389 8.5599 3.6015
  endloop
 endfacet
 facet normal 0 0 0
  outer loop
   vertex -40.3143 4.9723 3.9492
   vertex -41.5150 7.1779 3.0501
   vertex -40.1697 4.2071 3.3380
  endloop
 endfacet
 facet normal 0 0 0
  outer loop
   vertex -47.8922 17.7520 2.3629
   vertex -46.4754 18.1318 1.9884
   vertex -46.5595 18.3175 1.9704
  endloop
 endfacet
 facet normal 0 0 0
  outer loop
   vertex -47.8922 17.7520 2.3629
   vertex -41.5150 7.1779 3.0501
   vertex -46.4754 18.1318 1.9884
  endloop
 endfacet
 facet normal 0 0 0
  outer loop
   vertex -41.5150 7.1779 3.0501
   vertex -47.8922 17.7520 2.3629
   vertex -40.1697 4.2071 3.3380
  endloop
 endfacet
 facet normal 0 0 0
  outer loop
   vertex -36.9928 7.0943 18.2837
   vertex -41.5024 3.6416 3.7305
   vertex -38.3255 6.5288 18.6763
  endloop
 endfacet
 facet normal 0 0 0
  outer loop
   vertex -41.5024 3.6416 3.7305
   vertex -36.9928 7.0943 18.2837
   vertex -40.1697 4.2071 3.3380
  endloop
 endfacet
 facet normal 0 0 0
  outer loop
   vertex -43.4852 21.1115 16.4337
   vertex -44.7154 20.6392 17.3086
   vertex -46.5595 18.3175 1.9704
  endloop
 endfacet
 facet normal 0 0 0
  outer loop
   vertex -44.7154 20.6392 17.3086
   vertex -43.4852 21.1115 16.4337
   vertex -43.3826 21.2047 16.9161
  endloop
 endfacet
 facet normal 0 0 0
  outer loop
   vertex -38.3255 6.5288 18.6763
   vertex -43.3826 21.2047 16.9161
   vertex -36.9928 7.0943 18.2837
  endloop
 endfacet
 facet normal 0 0 0
  outer loop
   vertex -43.3826 21.2047 16.9161
   vertex -38.3255 6.5288 18.6763
   vertex -44.7154 20.6392 17.3086
  endloop
 endfacet
 facet normal 0 0 0
  outer loop
   vertex -36.7183 -1.5344 19.1639
   vertex -39.3094 -15.2554 22.3652
   vertex -39.8484 -1.5344 19.8292
  endloop
 endfacet
 facet normal 0 0 0
  outer loop
   vertex -36.1721 -15.4383 21.7337
   vertex -39.3094 -15.2554 22.3652
   vertex -36.7183 -1.5344 19.1639
  endloop
 endfacet
 facet normal 0 0 0
  outer loop
   vertex -39.3094 -15.2554 22.3652
   vertex -36.1721 -15.4383 21.7337
   vertex -39.3022 -15.4383 22.3990
  endloop
 endfacet
 facet normal 0 0 0
  outer loop
   vertex -35.2439 -1.7174 18.8858
   vertex -35.0196 -7.4278 19.9413
   vertex -35.2511 -1.5344 18.8520
  endloop
 endfacet
 facet normal 0 0 0
  outer loop
   vertex -42.7320 -4.3446 6.2629
   vertex -39.6091 -4.1616 5.5638
   vertex -42.7392 -4.1616 6.2291
  endloop
 endfacet
 facet normal 0 0 0
  outer loop
   vertex -42.1930 -18.0656 8.7989
   vertex -39.6091 -4.1616 5.5638
   vertex -42.7320 -4.3446 6.2629
  endloop
 endfacet
 facet normal 0 0 0
  outer loop
   vertex -39.6091 -4.1616 5.5638
   vertex -42.1930 -18.0656 8.7989
   vertex -39.0630 -18.0656 8.1335
  endloop
 endfacet
 facet normal 0 0 0
  outer loop
   vertex -37.5957 -18.0656 7.8217
   vertex -37.6029 -17.8826 7.7879
   vertex -37.9098 -10.0710 6.3441
  endloop
 endfacet
 facet normal 0 0 0
  outer loop
   vertex -39.6091 -4.1616 5.5638
   vertex -39.8484 -1.5344 19.8292
   vertex -42.7392 -4.1616 6.2291
  endloop
 endfacet
 facet normal 0 0 0
  outer loop
   vertex -39.8484 -1.5344 19.8292
   vertex -39.6091 -4.1616 5.5638
   vertex -36.7183 -1.5344 19.1639
  endloop
 endfacet
 facet normal 0 0 0
  outer loop
   vertex -39.3022 -15.4383 22.3990
   vertex -39.0630 -18.0656 8.1335
   vertex -42.1930 -18.0656 8.7989
  endloop
 endfacet
 facet normal 0 0 0
  outer loop
   vertex -39.0630 -18.0656 8.1335
   vertex -39.3022 -15.4383 22.3990
   vertex -36.1721 -15.4383 21.7337
  endloop
 endfacet
 facet normal 0 0 0
  outer loop
   vertex -36.0021 -15.9962 22.5336
   vertex -39.0630 -18.0656 8.1335
   vertex -36.1721 -15.4383 21.7337
  endloop
 endfacet
 facet normal 0 0 0
  outer loop
   vertex -39.0630 -18.0656 8.1335
   vertex -36.0021 -15.9962 22.5336
   vertex -39.1789 -18.8834 7.5879
  endloop
 endfacet
 facet normal 0 0 0
  outer loop
   vertex -36.1721 -15.4383 21.7337
   vertex -36.6023 -0.7166 19.7096
   vertex -36.0021 -15.9962 22.5336
  endloop
 endfacet
 facet normal 0 0 0
  outer loop
   vertex -36.6023 -0.7166 19.7096
   vertex -36.1721 -15.4383 21.7337
   vertex -36.7183 -1.5344 19.1639
  endloop
 endfacet
 facet normal 0 0 0
  outer loop
   vertex -39.1789 -18.8834 7.5879
   vertex -39.6091 -4.1616 5.5638
   vertex -39.0630 -18.0656 8.1335
  endloop
 endfacet
 facet normal 0 0 0
  outer loop
   vertex -39.6091 -4.1616 5.5638
   vertex -39.1789 -18.8834 7.5879
   vertex -39.7792 -3.6038 4.7638
  endloop
 endfacet
 facet normal 0 0 0
  outer loop
   vertex -39.6091 -4.1616 5.5638
   vertex -36.6023 -0.7166 19.7096
   vertex -36.7183 -1.5344 19.1639
  endloop
 endfacet
 facet normal 0 0 0
  outer loop
   vertex -36.6023 -0.7166 19.7096
   vertex -39.6091 -4.1616 5.5638
   vertex -39.7792 -3.6038 4.7638
  endloop
 endfacet
 facet normal 0 0 0
  outer loop
   vertex -35.2511 -1.5344 18.8520
   vertex -34.8807 -7.1931 20.5947
   vertex -35.1351 -0.7166 19.3977
  endloop
 endfacet
 facet normal 0 0 0
  outer loop
   vertex -34.8807 -7.1931 20.5947
   vertex -35.2511 -1.5344 18.8520
   vertex -35.0196 -7.4278 19.9413
  endloop
 endfacet
 facet normal 0 0 0
  outer loop
   vertex -35.6354 -1.1713 17.0439
   vertex -35.2511 -1.5344 18.8520
   vertex -35.1351 -0.7166 19.3977
  endloop
 endfacet
 facet normal 0 0 0
  outer loop
   vertex -35.2511 -1.5344 18.8520
   vertex -35.6354 -1.1713 17.0439
   vertex -35.7064 -1.9482 16.7102
  endloop
 endfacet
 facet normal 0 0 0
  outer loop
   vertex -39.7792 -3.6038 4.7638
   vertex -38.0568 -10.0978 5.6522
   vertex -38.3120 -3.6038 4.4520
  endloop
 endfacet
 facet normal 0 0 0
  outer loop
   vertex -39.1789 -18.8834 7.5879
   vertex -38.0568 -10.0978 5.6522
   vertex -39.7792 -3.6038 4.7638
  endloop
 endfacet
 facet normal 0 0 0
  outer loop
   vertex -38.0568 -10.0978 5.6522
   vertex -39.1789 -18.8834 7.5879
   vertex -37.7117 -18.8834 7.2760
  endloop
 endfacet
 facet normal 0 0 0
  outer loop
   vertex -35.6354 -1.1713 17.0439
   vertex -39.7792 -3.6038 4.7638
   vertex -38.3120 -3.6038 4.4520
  endloop
 endfacet
 facet normal 0 0 0
  outer loop
   vertex -39.7792 -3.6038 4.7638
   vertex -35.6354 -1.1713 17.0439
   vertex -36.6023 -0.7166 19.7096
  endloop
 endfacet
 facet normal 0 0 0
  outer loop
   vertex -36.6023 -0.7166 19.7096
   vertex -35.6354 -1.1713 17.0439
   vertex -35.1351 -0.7166 19.3977
  endloop
 endfacet
 facet normal 0 0 0
  outer loop
   vertex -37.5957 -18.0656 7.8217
   vertex -35.0808 -16.4924 19.6531
   vertex -35.2017 -15.8899 19.0845
  endloop
 endfacet
 facet normal 0 0 0
  outer loop
   vertex -37.5957 -18.0656 7.8217
   vertex -37.7117 -18.8834 7.2760
   vertex -35.0808 -16.4924 19.6531
  endloop
 endfacet
 facet normal 0 0 0
  outer loop
   vertex -38.0568 -10.0978 5.6522
   vertex -37.5957 -18.0656 7.8217
   vertex -37.9098 -10.0710 6.3441
  endloop
 endfacet
 facet normal 0 0 0
  outer loop
   vertex -37.5957 -18.0656 7.8217
   vertex -38.0568 -10.0978 5.6522
   vertex -37.7117 -18.8834 7.2760
  endloop
 endfacet
 facet normal 0 0 0
  outer loop
   vertex -35.0808 -16.4924 19.6531
   vertex -39.1789 -18.8834 7.5879
   vertex -36.0021 -15.9962 22.5336
  endloop
 endfacet
 facet normal 0 0 0
  outer loop
   vertex -39.1789 -18.8834 7.5879
   vertex -35.0808 -16.4924 19.6531
   vertex -37.7117 -18.8834 7.2760
  endloop
 endfacet
 facet normal 0 0 0
  outer loop
   vertex -35.0808 -16.4924 19.6531
   vertex -36.0021 -15.9962 22.5336
   vertex -34.5349 -15.9962 22.2217
  endloop
 endfacet
 facet normal 0 0 0
  outer loop
   vertex -34.8807 -7.1931 20.5947
   vertex -36.6023 -0.7166 19.7096
   vertex -35.1351 -0.7166 19.3977
  endloop
 endfacet
 facet normal 0 0 0
  outer loop
   vertex -36.0021 -15.9962 22.5336
   vertex -34.8807 -7.1931 20.5947
   vertex -34.5349 -15.9962 22.2217
  endloop
 endfacet
 facet normal 0 0 0
  outer loop
   vertex -34.8807 -7.1931 20.5947
   vertex -36.0021 -15.9962 22.5336
   vertex -36.6023 -0.7166 19.7096
  endloop
 endfacet
 facet normal 0 0 0
  outer loop
   vertex -43.4288 -25.5967 10.5163
   vertex -40.4276 -26.6340 10.0788
   vertex -43.3656 -25.4277 10.4702
  endloop
 endfacet
 facet normal 0 0 0
  outer loop
   vertex -44.0828 -27.3441 10.9929
   vertex -40.4276 -26.6340 10.0788
   vertex -43.4288 -25.5967 10.5163
  endloop
 endfacet
 facet normal 0 0 0
  outer loop
   vertex -40.4276 -26.6340 10.0788
   vertex -44.0828 -27.3441 10.9929
   vertex -43.4401 -34.6830 12.2740
  endloop
 endfacet
 facet normal 0 0 0
  outer loop
   vertex -42.3424 -36.8468 27.1808
   vertex -44.5631 -33.7241 27.0496
   vertex -39.3299 -28.7979 24.9856
  endloop
 endfacet
 facet normal 0 0 0
  outer loop
   vertex -44.5631 -33.7241 27.0496
   vertex -42.3424 -36.8468 27.1808
   vertex -45.2171 -35.4715 27.5261
  endloop
 endfacet
 facet normal 0 0 0
  outer loop
   vertex -45.2171 -35.4715 27.5261
   vertex -42.3424 -36.8468 27.1808
   vertex -45.2803 -35.6405 27.5722
  endloop
 endfacet
 facet normal 0 0 0
  outer loop
   vertex -48.1712 -38.2677 13.9721
   vertex -43.4401 -34.6830 12.2740
   vertex -44.0828 -27.3441 10.9929
  endloop
 endfacet
 facet normal 0 0 0
  outer loop
   vertex -43.4401 -34.6830 12.2740
   vertex -48.1712 -38.2677 13.9721
   vertex -45.2332 -39.4740 13.5806
  endloop
 endfacet
 facet normal 0 0 0
  outer loop
   vertex -38.6154 -24.9871 18.6042
   vertex -40.4747 -22.8005 24.0704
   vertex -42.9341 -25.0356 12.5001
  endloop
 endfacet
 facet normal 0 0 0
  outer loop
   vertex -40.4747 -22.8005 24.0704
   vertex -38.6154 -24.9871 18.6042
   vertex -37.5368 -24.0068 23.6789
  endloop
 endfacet
 facet normal 0 0 0
  outer loop
   vertex -39.3299 -28.7979 24.9856
   vertex -40.4747 -22.8005 24.0704
   vertex -37.5368 -24.0068 23.6789
  endloop
 endfacet
 facet normal 0 0 0
  outer loop
   vertex -40.4747 -22.8005 24.0704
   vertex -39.3299 -28.7979 24.9856
   vertex -44.5631 -33.7241 27.0496
  endloop
 endfacet
 facet normal 0 0 0
  outer loop
   vertex -45.2803 -35.6405 27.5722
   vertex -45.2332 -39.4740 13.5806
   vertex -48.1712 -38.2677 13.9721
  endloop
 endfacet
 facet normal 0 0 0
  outer loop
   vertex -45.2332 -39.4740 13.5806
   vertex -45.2803 -35.6405 27.5722
   vertex -42.3424 -36.8468 27.1808
  endloop
 endfacet
 facet normal 0 0 0
  outer loop
   vertex -40.4276 -26.6340 10.0788
   vertex -42.9341 -25.0356 12.5001
   vertex -43.3656 -25.4277 10.4702
  endloop
 endfacet
 facet normal 0 0 0
  outer loop
   vertex -42.9341 -25.0356 12.5001
   vertex -40.4276 -26.6340 10.0788
   vertex -38.6154 -24.9871 18.6042
  endloop
 endfacet
 facet normal 0 0 0
  outer loop
   vertex -45.6140 -40.2392 13.0811
   vertex -42.3424 -36.8468 27.1808
   vertex -42.4371 -37.3520 28.0268
  endloop
 endfacet
 facet normal 0 0 0
  outer loop
   vertex -42.3424 -36.8468 27.1808
   vertex -45.6140 -40.2392 13.0811
   vertex -45.2332 -39.4740 13.5806
  endloop
 endfacet
 facet normal 0 0 0
  outer loop
   vertex -45.6140 -40.2392 13.0811
   vertex -43.4401 -34.6830 12.2740
   vertex -45.2332 -39.4740 13.5806
  endloop
 endfacet
 facet normal 0 0 0
  outer loop
   vertex -40.3329 -26.1288 9.2327
   vertex -43.4401 -34.6830 12.2740
   vertex -45.6140 -40.2392 13.0811
  endloop
 endfacet
 facet normal 0 0 0
  outer loop
   vertex -43.4401 -34.6830 12.2740
   vertex -40.3329 -26.1288 9.2327
   vertex -40.4276 -26.6340 10.0788
  endloop
 endfacet
 facet normal 0 0 0
  outer loop
   vertex -45.6140 -40.2392 13.0811
   vertex -40.7225 -31.4149 10.3367
   vertex -38.9557 -26.6943 9.0493
  endloop
 endfacet
 facet normal 0 0 0
  outer loop
   vertex -40.7225 -31.4149 10.3367
   vertex -45.6140 -40.2392 13.0811
   vertex -44.2368 -40.8047 12.8976
  endloop
 endfacet
 facet normal 0 0 0
  outer loop
   vertex -39.3299 -28.7979 24.9856
   vertex -42.4371 -37.3520 28.0268
   vertex -42.3424 -36.8468 27.1808
  endloop
 endfacet
 facet normal 0 0 0
  outer loop
   vertex -39.3299 -28.7979 24.9856
   vertex -37.1560 -23.2416 24.1785
   vertex -42.4371 -37.3520 28.0268
  endloop
 endfacet
 facet normal 0 0 0
  outer loop
   vertex -37.5368 -24.0068 23.6789
   vertex -37.1560 -23.2416 24.1785
   vertex -39.3299 -28.7979 24.9856
  endloop
 endfacet
 facet normal 0 0 0
  outer loop
   vertex -38.6154 -24.9871 18.6042
   vertex -37.1560 -23.2416 24.1785
   vertex -37.5368 -24.0068 23.6789
  endloop
 endfacet
 facet normal 0 0 0
  outer loop
   vertex -40.3329 -26.1288 9.2327
   vertex -38.6154 -24.9871 18.6042
   vertex -40.4276 -26.6340 10.0788
  endloop
 endfacet
 facet normal 0 0 0
  outer loop
   vertex -38.6154 -24.9871 18.6042
   vertex -40.3329 -26.1288 9.2327
   vertex -37.1560 -23.2416 24.1785
  endloop
 endfacet
 facet normal 0 0 0
  outer loop
   vertex -37.1560 -23.2416 24.1785
   vertex -40.3329 -26.1288 9.2327
   vertex -38.9557 -26.6943 9.0493
  endloop
 endfacet
 facet normal 0 0 0
  outer loop
   vertex -40.3329 -26.1288 9.2327
   vertex -45.6140 -40.2392 13.0811
   vertex -38.9557 -26.6943 9.0493
  endloop
 endfacet
 facet normal 0 0 0
  outer loop
   vertex -39.2932 -33.1969 26.5559
   vertex -36.8769 -26.4887 24.0181
   vertex -39.3575 -33.1167 25.8257
  endloop
 endfacet
 facet normal 0 0 0
  outer loop
   vertex -35.7789 -23.8071 23.9950
   vertex -36.8769 -26.4887 24.0181
   vertex -39.2932 -33.1969 26.5559
  endloop
 endfacet
 facet normal 0 0 0
  outer loop
   vertex -35.7789 -23.8071 23.9950
   vertex -36.1596 -24.5723 23.4954
   vertex -36.8769 -26.4887 24.0181
  endloop
 endfacet
 facet normal 0 0 0
  outer loop
   vertex -35.7789 -23.8071 23.9950
   vertex -36.5911 -24.9644 21.4656
   vertex -36.1596 -24.5723 23.4954
  endloop
 endfacet
 facet normal 0 0 0
  outer loop
   vertex -38.9557 -26.6943 9.0493
   vertex -36.5911 -24.9644 21.4656
   vertex -35.7789 -23.8071 23.9950
  endloop
 endfacet
 facet normal 0 0 0
  outer loop
   vertex -36.5911 -24.9644 21.4656
   vertex -38.9557 -26.6943 9.0493
   vertex -39.0505 -27.1995 9.8953
  endloop
 endfacet
 facet normal 0 0 0
  outer loop
   vertex -39.0505 -27.1995 9.8953
   vertex -40.7225 -31.4149 10.3367
   vertex -40.6582 -31.4951 11.0668
  endloop
 endfacet
 facet normal 0 0 0
  outer loop
   vertex -40.7225 -31.4149 10.3367
   vertex -39.0505 -27.1995 9.8953
   vertex -38.9557 -26.6943 9.0493
  endloop
 endfacet
 facet normal 0 0 0
  outer loop
   vertex -42.4371 -37.3520 28.0268
   vertex -44.2368 -40.8047 12.8976
   vertex -45.6140 -40.2392 13.0811
  endloop
 endfacet
 facet normal 0 0 0
  outer loop
   vertex -44.2368 -40.8047 12.8976
   vertex -42.4371 -37.3520 28.0268
   vertex -41.0600 -37.9175 27.8433
  endloop
 endfacet
 facet normal 0 0 0
  outer loop
   vertex -35.7789 -23.8071 23.9950
   vertex -37.1560 -23.2416 24.1785
   vertex -38.9557 -26.6943 9.0493
  endloop
 endfacet
 facet normal 0 0 0
  outer loop
   vertex -39.2932 -33.1969 26.5559
   vertex -37.1560 -23.2416 24.1785
   vertex -35.7789 -23.8071 23.9950
  endloop
 endfacet
 facet normal 0 0 0
  outer loop
   vertex -39.2932 -33.1969 26.5559
   vertex -42.4371 -37.3520 28.0268
   vertex -37.1560 -23.2416 24.1785
  endloop
 endfacet
 facet normal 0 0 0
  outer loop
   vertex -42.4371 -37.3520 28.0268
   vertex -39.2932 -33.1969 26.5559
   vertex -41.0600 -37.9175 27.8433
  endloop
 endfacet
 facet normal 0 0 0
  outer loop
   vertex -57.0525 41.6944 34.7787
   vertex -60.3233 39.0641 30.2510
   vertex -58.1476 41.3261 29.6268
  endloop
 endfacet
 facet normal 0 0 0
  outer loop
   vertex -60.3233 39.0641 30.2510
   vertex -57.0525 41.6944 34.7787
   vertex -57.8265 39.9039 41.9972
  endloop
 endfacet
 facet normal 0 0 0
  outer loop
   vertex -49.9330 29.2513 30.9083
   vertex -48.1953 31.3659 28.2234
   vertex -50.3711 29.1039 28.8476
  endloop
 endfacet
 facet normal 0 0 0
  outer loop
   vertex -48.1953 31.3659 28.2234
   vertex -49.9330 29.2513 30.9083
   vertex -46.3556 31.9847 36.8785
  endloop
 endfacet
 facet normal 0 0 0
  outer loop
   vertex -45.2605 32.3530 42.0304
   vertex -57.3885 40.0512 44.0580
   vertex -55.2127 42.3132 43.4338
  endloop
 endfacet
 facet normal 0 0 0
  outer loop
   vertex -57.3885 40.0512 44.0580
   vertex -45.2605 32.3530 42.0304
   vertex -47.4362 30.0910 42.6546
  endloop
 endfacet
 facet normal 0 0 0
  outer loop
   vertex -60.3233 39.0641 30.2510
   vertex -48.1953 31.3659 28.2234
   vertex -58.1476 41.3261 29.6268
  endloop
 endfacet
 facet normal 0 0 0
  outer loop
   vertex -48.1953 31.3659 28.2234
   vertex -60.3233 39.0641 30.2510
   vertex -50.3711 29.1039 28.8476
  endloop
 endfacet
 facet normal 0 0 0
  outer loop
   vertex -47.4362 30.0910 42.6546
   vertex -46.3556 31.9847 36.8785
   vertex -49.9330 29.2513 30.9083
  endloop
 endfacet
 facet normal 0 0 0
  outer loop
   vertex -46.3556 31.9847 36.8785
   vertex -47.4362 30.0910 42.6546
   vertex -45.2605 32.3530 42.0304
  endloop
 endfacet
 facet normal 0 0 0
  outer loop
   vertex -55.2127 42.3132 43.4338
   vertex -57.8265 39.9039 41.9972
   vertex -57.0525 41.6944 34.7787
  endloop
 endfacet
 facet normal 0 0 0
  outer loop
   vertex -57.8265 39.9039 41.9972
   vertex -55.2127 42.3132 43.4338
   vertex -57.3885 40.0512 44.0580
  endloop
 endfacet
 facet normal 0 0 0
  outer loop
   vertex -43.7470 33.1135 42.3717
   vertex -55.5599 42.8548 44.1863
   vertex -54.5400 43.9151 43.8937
  endloop
 endfacet
 facet normal 0 0 0
  outer loop
   vertex -55.5599 42.8548 44.1863
   vertex -43.7470 33.1135 42.3717
   vertex -43.6031 32.9694 42.3514
  endloop
 endfacet
 facet normal 0 0 0
  outer loop
   vertex -58.7851 41.7700 29.0132
   vertex -57.0525 41.6944 34.7787
   vertex -58.1476 41.3261 29.6268
  endloop
 endfacet
 facet normal 0 0 0
  outer loop
   vertex -55.5599 42.8548 44.1863
   vertex -57.0525 41.6944 34.7787
   vertex -58.7851 41.7700 29.0132
  endloop
 endfacet
 facet normal 0 0 0
  outer loop
   vertex -55.5599 42.8548 44.1863
   vertex -55.2127 42.3132 43.4338
   vertex -57.0525 41.6944 34.7787
  endloop
 endfacet
 facet normal 0 0 0
  outer loop
   vertex -55.5599 42.8548 44.1863
   vertex -45.2605 32.3530 42.0304
   vertex -55.2127 42.3132 43.4338
  endloop
 endfacet
 facet normal 0 0 0
  outer loop
   vertex -45.2605 32.3530 42.0304
   vertex -55.5599 42.8548 44.1863
   vertex -44.6229 31.9091 42.6440
  endloop
 endfacet
 facet normal 0 0 0
  outer loop
   vertex -47.8482 30.8244 27.4709
   vertex -58.1476 41.3261 29.6268
   vertex -48.1953 31.3659 28.2234
  endloop
 endfacet
 facet normal 0 0 0
  outer loop
   vertex -58.1476 41.3261 29.6268
   vertex -47.8482 30.8244 27.4709
   vertex -58.7851 41.7700 29.0132
  endloop
 endfacet
 facet normal 0 0 0
  outer loop
   vertex -46.3556 31.9847 36.8785
   vertex -47.8482 30.8244 27.4709
   vertex -48.1953 31.3659 28.2234
  endloop
 endfacet
 facet normal 0 0 0
  outer loop
   vertex -44.6229 31.9091 42.6440
   vertex -46.3556 31.9847 36.8785
   vertex -45.2605 32.3530 42.0304
  endloop
 endfacet
 facet normal 0 0 0
  outer loop
   vertex -46.3556 31.9847 36.8785
   vertex -44.6229 31.9091 42.6440
   vertex -47.8482 30.8244 27.4709
  endloop
 endfacet
 facet normal 0 0 0
  outer loop
   vertex -43.6031 32.9694 42.3514
   vertex -44.6229 31.9091 42.6440
   vertex -55.5599 42.8548 44.1863
  endloop
 endfacet
 facet normal 0 0 0
  outer loop
   vertex -58.7851 41.7700 29.0132
   vertex -57.6213 42.6863 28.7003
   vertex -57.7652 42.8303 28.7206
  endloop
 endfacet
 facet normal 0 0 0
  outer loop
   vertex -47.8482 30.8244 27.4709
   vertex -57.6213 42.6863 28.7003
   vertex -58.7851 41.7700 29.0132
  endloop
 endfacet
 facet normal 0 0 0
  outer loop
   vertex -57.6213 42.6863 28.7003
   vertex -47.8482 30.8244 27.4709
   vertex -46.8283 31.8847 27.1783
  endloop
 endfacet
 facet normal 0 0 0
  outer loop
   vertex -58.7851 41.7700 29.0132
   vertex -57.7652 42.8303 28.7206
   vertex -55.5599 42.8548 44.1863
  endloop
 endfacet
 facet normal 0 0 0
  outer loop
   vertex -43.6031 32.9694 42.3514
   vertex -47.8482 30.8244 27.4709
   vertex -44.6229 31.9091 42.6440
  endloop
 endfacet
 facet normal 0 0 0
  outer loop
   vertex -47.8482 30.8244 27.4709
   vertex -43.6031 32.9694 42.3514
   vertex -46.8283 31.8847 27.1783
  endloop
 endfacet
 facet normal 0 0 0
  outer loop
   vertex -54.5400 43.9151 43.8937
   vertex -55.5599 42.8548 44.1863
   vertex -57.7652 42.8303 28.7206
  endloop
 endfacet
 facet normal 0 0 0
  outer loop
   vertex -36.4709 11.7086 27.1366
   vertex -37.5890 14.3587 27.1848
   vertex -36.3985 11.5371 27.1334
  endloop
 endfacet
 facet normal 0 0 0
  outer loop
   vertex -41.4387 11.6839 28.1943
   vertex -37.7451 10.9630 27.4607
   vertex -41.1926 19.1345 27.6094
  endloop
 endfacet
 facet normal 0 0 0
  outer loop
   vertex -37.7451 10.9630 27.4607
   vertex -41.4387 11.6839 28.1943
   vertex -40.6179 9.7383 28.1589
  endloop
 endfacet
 facet normal 0 0 0
  outer loop
   vertex -40.1798 9.8857 30.2196
   vertex -37.7451 10.9630 27.4607
   vertex -40.6179 9.7383 28.1589
  endloop
 endfacet
 facet normal 0 0 0
  outer loop
   vertex -37.7451 10.9630 27.4607
   vertex -40.1798 9.8857 30.2196
   vertex -35.9054 11.5818 36.1159
  endloop
 endfacet
 facet normal 0 0 0
  outer loop
   vertex -42.1496 24.3668 32.8497
   vertex -46.1174 22.7737 28.3960
   vertex -43.2447 23.9984 27.6979
  endloop
 endfacet
 facet normal 0 0 0
  outer loop
   vertex -46.1174 22.7737 28.3960
   vertex -42.1496 24.3668 32.8497
   vertex -43.6206 23.6135 40.1423
  endloop
 endfacet
 facet normal 0 0 0
  outer loop
   vertex -46.0451 22.6022 28.3929
   vertex -43.2447 23.9984 27.6979
   vertex -46.1174 22.7737 28.3960
  endloop
 endfacet
 facet normal 0 0 0
  outer loop
   vertex -46.0451 22.6022 28.3929
   vertex -41.1926 19.1345 27.6094
   vertex -43.2447 23.9984 27.6979
  endloop
 endfacet
 facet normal 0 0 0
  outer loop
   vertex -41.1926 19.1345 27.6094
   vertex -46.0451 22.6022 28.3929
   vertex -41.4387 11.6839 28.1943
  endloop
 endfacet
 facet normal 0 0 0
  outer loop
   vertex -40.3098 24.9855 41.5049
   vertex -43.6206 23.6135 40.1423
   vertex -42.1496 24.3668 32.8497
  endloop
 endfacet
 facet normal 0 0 0
  outer loop
   vertex -43.6206 23.6135 40.1423
   vertex -40.3098 24.9855 41.5049
   vertex -43.1826 23.7608 42.2030
  endloop
 endfacet
 facet normal 0 0 0
  outer loop
   vertex -38.2578 20.1216 41.4164
   vertex -43.1826 23.7608 42.2030
   vertex -40.3098 24.9855 41.5049
  endloop
 endfacet
 facet normal 0 0 0
  outer loop
   vertex -43.1826 23.7608 42.2030
   vertex -38.2578 20.1216 41.4164
   vertex -38.5039 12.6710 42.0013
  endloop
 endfacet
 facet normal 0 0 0
  outer loop
   vertex -34.8103 11.9501 41.2677
   vertex -38.5039 12.6710 42.0013
   vertex -38.2578 20.1216 41.4164
  endloop
 endfacet
 facet normal 0 0 0
  outer loop
   vertex -34.8103 11.9501 41.2677
   vertex -37.7554 10.8969 41.9690
   vertex -38.5039 12.6710 42.0013
  endloop
 endfacet
 facet normal 0 0 0
  outer loop
   vertex -37.7554 10.8969 41.9690
   vertex -34.8103 11.9501 41.2677
   vertex -37.6830 10.7254 41.9659
  endloop
 endfacet
 facet normal 0 0 0
  outer loop
   vertex -37.6830 10.7254 41.9659
   vertex -35.9054 11.5818 36.1159
   vertex -40.1798 9.8857 30.2196
  endloop
 endfacet
 facet normal 0 0 0
  outer loop
   vertex -35.9054 11.5818 36.1159
   vertex -37.6830 10.7254 41.9659
   vertex -34.8103 11.9501 41.2677
  endloop
 endfacet
 facet normal 0 0 0
  outer loop
   vertex -34.3930 11.3541 41.9390
   vertex -35.9054 11.5818 36.1159
   vertex -34.8103 11.9501 41.2677
  endloop
 endfacet
 facet normal 0 0 0
  outer loop
   vertex -37.6183 10.2693 26.7660
   vertex -35.9054 11.5818 36.1159
   vertex -34.3930 11.3541 41.9390
  endloop
 endfacet
 facet normal 0 0 0
  outer loop
   vertex -41.1926 19.1345 27.6094
   vertex -37.6183 10.2693 26.7660
   vertex -43.6619 24.5945 27.0266
  endloop
 endfacet
 facet normal 0 0 0
  outer loop
   vertex -35.9054 11.5818 36.1159
   vertex -37.6183 10.2693 26.7660
   vertex -37.7451 10.9630 27.4607
  endloop
 endfacet
 facet normal 0 0 0
  outer loop
   vertex -41.1926 19.1345 27.6094
   vertex -43.6619 24.5945 27.0266
   vertex -43.2447 23.9984 27.6979
  endloop
 endfacet
 facet normal 0 0 0
  outer loop
   vertex -37.6183 10.2693 26.7660
   vertex -41.1926 19.1345 27.6094
   vertex -37.7451 10.9630 27.4607
  endloop
 endfacet
 facet normal 0 0 0
  outer loop
   vertex -39.0901 26.2533 41.8724
   vertex -43.6619 24.5945 27.0266
   vertex -42.3153 25.1685 26.6993
  endloop
 endfacet
 facet normal 0 0 0
  outer loop
   vertex -43.6619 24.5945 27.0266
   vertex -39.0901 26.2533 41.8724
   vertex -40.4367 25.6792 42.1996
  endloop
 endfacet
 facet normal 0 0 0
  outer loop
   vertex -40.4367 25.6792 42.1996
   vertex -38.2578 20.1216 41.4164
   vertex -40.3098 24.9855 41.5049
  endloop
 endfacet
 facet normal 0 0 0
  outer loop
   vertex -38.2578 20.1216 41.4164
   vertex -34.3930 11.3541 41.9390
   vertex -34.8103 11.9501 41.2677
  endloop
 endfacet
 facet normal 0 0 0
  outer loop
   vertex -38.2578 20.1216 41.4164
   vertex -40.4367 25.6792 42.1996
   vertex -34.3930 11.3541 41.9390
  endloop
 endfacet
 facet normal 0 0 0
  outer loop
   vertex -42.1496 24.3668 32.8497
   vertex -40.4367 25.6792 42.1996
   vertex -40.3098 24.9855 41.5049
  endloop
 endfacet
 facet normal 0 0 0
  outer loop
   vertex -43.6619 24.5945 27.0266
   vertex -42.1496 24.3668 32.8497
   vertex -43.2447 23.9984 27.6979
  endloop
 endfacet
 facet normal 0 0 0
  outer loop
   vertex -42.1496 24.3668 32.8497
   vertex -43.6619 24.5945 27.0266
   vertex -40.4367 25.6792 42.1996
  endloop
 endfacet
 facet normal 0 0 0
  outer loop
   vertex -43.6619 24.5945 27.0266
   vertex -37.6183 10.2693 26.7660
   vertex -36.2717 10.8434 26.4387
  endloop
 endfacet
 facet normal 0 0 0
  outer loop
   vertex -39.0106 26.0648 41.8689
   vertex -40.4367 25.6792 42.1996
   vertex -39.0901 26.2533 41.8724
  endloop
 endfacet
 facet normal 0 0 0
  outer loop
   vertex -34.3930 11.3541 41.9390
   vertex -39.0106 26.0648 41.8689
   vertex -33.0464 11.9282 41.6117
  endloop
 endfacet
 facet normal 0 0 0
  outer loop
   vertex -39.0106 26.0648 41.8689
   vertex -34.3930 11.3541 41.9390
   vertex -40.4367 25.6792 42.1996
  endloop
 endfacet
 facet normal 0 0 0
  outer loop
   vertex -37.5890 14.3587 27.1848
   vertex -37.5799 13.9442 26.4951
   vertex -36.3985 11.5371 27.1334
  endloop
 endfacet
 facet normal 0 0 0
  outer loop
   vertex -36.3985 11.5371 27.1334
   vertex -35.8227 10.9944 28.5508
   vertex -35.9900 11.6745 29.0554
  endloop
 endfacet
 facet normal 0 0 0
  outer loop
   vertex -36.3985 11.5371 27.1334
   vertex -36.2717 10.8434 26.4387
   vertex -35.8227 10.9944 28.5508
  endloop
 endfacet
 facet normal 0 0 0
  outer loop
   vertex -36.2717 10.8434 26.4387
   vertex -36.3985 11.5371 27.1334
   vertex -37.5799 13.9442 26.4951
  endloop
 endfacet
 facet normal 0 0 0
  outer loop
   vertex -43.6619 24.5945 27.0266
   vertex -37.5799 13.9442 26.4951
   vertex -42.3153 25.1685 26.6993
  endloop
 endfacet
 facet normal 0 0 0
  outer loop
   vertex -37.5799 13.9442 26.4951
   vertex -43.6619 24.5945 27.0266
   vertex -36.2717 10.8434 26.4387
  endloop
 endfacet
 facet normal 0 0 0
  outer loop
   vertex -34.3930 11.3541 41.9390
   vertex -35.8227 10.9944 28.5508
   vertex -36.2717 10.8434 26.4387
  endloop
 endfacet
 facet normal 0 0 0
  outer loop
   vertex -35.8227 10.9944 28.5508
   vertex -34.3930 11.3541 41.9390
   vertex -33.0464 11.9282 41.6117
  endloop
 endfacet
 facet normal 0 0 0
  outer loop
   vertex -37.6183 10.2693 26.7660
   vertex -34.3930 11.3541 41.9390
   vertex -36.2717 10.8434 26.4387
  endloop
 endfacet
 facet normal 0 0 0
  outer loop
   vertex -35.9173 2.2642 27.6941
   vertex -36.1126 3.2513 42.1665
   vertex -39.0474 2.2642 28.3595
  endloop
 endfacet
 facet normal 0 0 0
  outer loop
   vertex -36.1126 3.2513 42.1665
   vertex -35.9173 2.2642 27.6941
   vertex -32.9825 3.2513 41.5011
  endloop
 endfacet
 facet normal 0 0 0
  outer loop
   vertex -31.3128 -10.6785 42.1420
   vertex -31.3101 -10.8642 42.1547
   vertex -31.4281 -2.7440 41.5993
  endloop
 endfacet
 facet normal 0 0 0
  outer loop
   vertex -32.9825 3.2513 41.5011
   vertex -36.1099 3.0656 42.1792
   vertex -36.1126 3.2513 42.1665
  endloop
 endfacet
 facet normal 0 0 0
  outer loop
   vertex -32.7773 -10.8642 42.4666
   vertex -36.1099 3.0656 42.1792
   vertex -32.9825 3.2513 41.5011
  endloop
 endfacet
 facet normal 0 0 0
  outer loop
   vertex -32.7773 -10.8642 42.4666
   vertex -35.9074 -10.8642 43.1319
   vertex -36.1099 3.0656 42.1792
  endloop
 endfacet
 facet normal 0 0 0
  outer loop
   vertex -38.8449 -11.6656 29.3122
   vertex -35.7887 -6.5843 28.2993
   vertex -39.0168 0.1574 28.5035
  endloop
 endfacet
 facet normal 0 0 0
  outer loop
   vertex -35.7121 -11.8513 28.6596
   vertex -38.8449 -11.6656 29.3122
   vertex -38.8422 -11.8513 29.3249
  endloop
 endfacet
 facet normal 0 0 0
  outer loop
   vertex -38.8449 -11.6656 29.3122
   vertex -35.7121 -11.8513 28.6596
   vertex -35.7887 -6.5843 28.2993
  endloop
 endfacet
 facet normal 0 0 0
  outer loop
   vertex -35.9074 -10.8642 43.1319
   vertex -33.8724 -11.2325 37.3147
   vertex -38.4042 -11.7040 31.3857
  endloop
 endfacet
 facet normal 0 0 0
  outer loop
   vertex -33.8724 -11.2325 37.3147
   vertex -35.9074 -10.8642 43.1319
   vertex -32.7773 -10.8642 42.4666
  endloop
 endfacet
 facet normal 0 0 0
  outer loop
   vertex -39.0168 0.1574 28.5035
   vertex -35.9173 2.2642 27.6941
   vertex -39.0474 2.2642 28.3595
  endloop
 endfacet
 facet normal 0 0 0
  outer loop
   vertex -35.9173 2.2642 27.6941
   vertex -39.0168 0.1574 28.5035
   vertex -35.7887 -6.5843 28.2993
  endloop
 endfacet
 facet normal 0 0 0
  outer loop
   vertex -38.4042 -11.7040 31.3857
   vertex -35.7121 -11.8513 28.6596
   vertex -38.8422 -11.8513 29.3249
  endloop
 endfacet
 facet normal 0 0 0
  outer loop
   vertex -35.7121 -11.8513 28.6596
   vertex -38.4042 -11.7040 31.3857
   vertex -33.8724 -11.2325 37.3147
  endloop
 endfacet
 facet normal 0 0 0
  outer loop
   vertex -32.6220 -11.5136 43.1974
   vertex -33.8724 -11.2325 37.3147
   vertex -32.7773 -10.8642 42.4666
  endloop
 endfacet
 facet normal 0 0 0
  outer loop
   vertex -35.8472 -12.5984 28.0243
   vertex -33.8724 -11.2325 37.3147
   vertex -32.6220 -11.5136 43.1974
  endloop
 endfacet
 facet normal 0 0 0
  outer loop
   vertex -33.8724 -11.2325 37.3147
   vertex -35.8472 -12.5984 28.0243
   vertex -35.7121 -11.8513 28.6596
  endloop
 endfacet
 facet normal 0 0 0
  outer loop
   vertex -35.8472 -12.5984 28.0243
   vertex -35.7887 -6.5843 28.2993
   vertex -35.7121 -11.8513 28.6596
  endloop
 endfacet
 facet normal 0 0 0
  outer loop
   vertex -36.0727 2.9136 26.9633
   vertex -35.7887 -6.5843 28.2993
   vertex -35.8472 -12.5984 28.0243
  endloop
 endfacet
 facet normal 0 0 0
  outer loop
   vertex -35.7887 -6.5843 28.2993
   vertex -36.0727 2.9136 26.9633
   vertex -35.9173 2.2642 27.6941
  endloop
 endfacet
 facet normal 0 0 0
  outer loop
   vertex -34.6054 2.9136 26.6515
   vertex -32.8474 3.9984 42.1364
   vertex -36.0727 2.9136 26.9633
  endloop
 endfacet
 facet normal 0 0 0
  outer loop
   vertex -32.8474 3.9984 42.1364
   vertex -34.6054 2.9136 26.6515
   vertex -31.3802 3.9984 41.8245
  endloop
 endfacet
 facet normal 0 0 0
  outer loop
   vertex -31.2844 -2.5901 42.2752
   vertex -32.8474 3.9984 42.1364
   vertex -31.3802 3.9984 41.8245
  endloop
 endfacet
 facet normal 0 0 0
  outer loop
   vertex -32.6220 -11.5136 43.1974
   vertex -31.2844 -2.5901 42.2752
   vertex -31.1547 -11.5136 42.8855
  endloop
 endfacet
 facet normal 0 0 0
  outer loop
   vertex -31.2844 -2.5901 42.2752
   vertex -32.6220 -11.5136 43.1974
   vertex -32.8474 3.9984 42.1364
  endloop
 endfacet
 facet normal 0 0 0
  outer loop
   vertex -32.7773 -10.8642 42.4666
   vertex -32.8474 3.9984 42.1364
   vertex -32.6220 -11.5136 43.1974
  endloop
 endfacet
 facet normal 0 0 0
  outer loop
   vertex -32.9825 3.2513 41.5011
   vertex -32.8474 3.9984 42.1364
   vertex -32.7773 -10.8642 42.4666
  endloop
 endfacet
 facet normal 0 0 0
  outer loop
   vertex -35.9173 2.2642 27.6941
   vertex -32.8474 3.9984 42.1364
   vertex -32.9825 3.2513 41.5011
  endloop
 endfacet
 facet normal 0 0 0
  outer loop
   vertex -32.8474 3.9984 42.1364
   vertex -35.9173 2.2642 27.6941
   vertex -36.0727 2.9136 26.9633
  endloop
 endfacet
 facet normal 0 0 0
  outer loop
   vertex -34.4757 -6.0099 27.2618
   vertex -34.2755 -9.7445 28.2036
   vertex -34.3321 -5.8560 27.9377
  endloop
 endfacet
 facet normal 0 0 0
  outer loop
   vertex -34.3800 -12.5984 27.7125
   vertex -34.2755 -9.7445 28.2036
   vertex -34.4757 -6.0099 27.2618
  endloop
 endfacet
 facet normal 0 0 0
  outer loop
   vertex -34.2755 -9.7445 28.2036
   vertex -34.3800 -12.5984 27.7125
   vertex -34.2449 -11.8513 28.3477
  endloop
 endfacet
 facet normal 0 0 0
  outer loop
   vertex -31.2844 -2.5901 42.2752
   vertex -31.4281 -2.7440 41.5993
   vertex -31.3101 -10.8642 42.1547
  endloop
 endfacet
 facet normal 0 0 0
  outer loop
   vertex -31.3101 -10.8642 42.1547
   vertex -31.1547 -11.5136 42.8855
   vertex -31.2844 -2.5901 42.2752
  endloop
 endfacet
 facet normal 0 0 0
  outer loop
   vertex -31.7481 -11.0115 40.0940
   vertex -31.1547 -11.5136 42.8855
   vertex -31.3101 -10.8642 42.1547
  endloop
 endfacet
 facet normal 0 0 0
  outer loop
   vertex -34.3800 -12.5984 27.7125
   vertex -31.7481 -11.0115 40.0940
   vertex -34.2449 -11.8513 28.3477
  endloop
 endfacet
 facet normal 0 0 0
  outer loop
   vertex -31.7481 -11.0115 40.0940
   vertex -34.3800 -12.5984 27.7125
   vertex -31.1547 -11.5136 42.8855
  endloop
 endfacet
 facet normal 0 0 0
  outer loop
   vertex -36.0727 2.9136 26.9633
   vertex -34.6025 2.7095 26.6654
   vertex -34.6054 2.9136 26.6515
  endloop
 endfacet
 facet normal 0 0 0
  outer loop
   vertex -36.0727 2.9136 26.9633
   vertex -34.4757 -6.0099 27.2618
   vertex -34.6025 2.7095 26.6654
  endloop
 endfacet
 facet normal 0 0 0
  outer loop
   vertex -35.8472 -12.5984 28.0243
   vertex -34.4757 -6.0099 27.2618
   vertex -36.0727 2.9136 26.9633
  endloop
 endfacet
 facet normal 0 0 0
  outer loop
   vertex -34.4757 -6.0099 27.2618
   vertex -35.8472 -12.5984 28.0243
   vertex -34.3800 -12.5984 27.7125
  endloop
 endfacet
 facet normal 0 0 0
  outer loop
   vertex -32.6220 -11.5136 43.1974
   vertex -34.3800 -12.5984 27.7125
   vertex -35.8472 -12.5984 28.0243
  endloop
 endfacet
 facet normal 0 0 0
  outer loop
   vertex -34.3800 -12.5984 27.7125
   vertex -32.6220 -11.5136 43.1974
   vertex -31.1547 -11.5136 42.8855
  endloop
 endfacet
 facet normal 0 0 0
  outer loop
   vertex -42.3810 -31.3737 45.9742
   vertex -40.5678 -32.9668 40.2917
   vertex -44.8778 -32.2135 34.2279
  endloop
 endfacet
 facet normal 0 0 0
  outer loop
   vertex -40.5678 -32.9668 40.2917
   vertex -42.3810 -31.3737 45.9742
   vertex -39.4727 -32.5984 45.4435
  endloop
 endfacet
 facet normal 0 0 0
  outer loop
   vertex -40.1953 -19.3254 30.1468
   vertex -39.1976 -25.4141 30.3701
   vertex -37.2869 -20.5501 29.6162
  endloop
 endfacet
 facet normal 0 0 0
  outer loop
   vertex -39.1976 -25.4141 30.3701
   vertex -40.1953 -19.3254 30.1468
   vertex -44.5516 -30.4153 31.8656
  endloop
 endfacet
 facet normal 0 0 0
  outer loop
   vertex -35.4472 -19.9314 38.2713
   vertex -37.2604 -18.3383 43.9538
   vertex -39.7572 -19.1781 32.2076
  endloop
 endfacet
 facet normal 0 0 0
  outer loop
   vertex -37.2604 -18.3383 43.9538
   vertex -35.4472 -19.9314 38.2713
   vertex -34.3521 -19.5630 43.4232
  endloop
 endfacet
 facet normal 0 0 0
  outer loop
   vertex -36.2628 -24.4270 44.1771
   vertex -37.2604 -18.3383 43.9538
   vertex -34.3521 -19.5630 43.4232
  endloop
 endfacet
 facet normal 0 0 0
  outer loop
   vertex -37.2604 -18.3383 43.9538
   vertex -36.2628 -24.4270 44.1771
   vertex -41.6168 -29.4281 45.6726
  endloop
 endfacet
 facet normal 0 0 0
  outer loop
   vertex -39.4727 -32.5984 45.4435
   vertex -41.6168 -29.4281 45.6726
   vertex -36.2628 -24.4270 44.1771
  endloop
 endfacet
 facet normal 0 0 0
  outer loop
   vertex -41.6168 -29.4281 45.6726
   vertex -39.4727 -32.5984 45.4435
   vertex -42.3810 -31.3737 45.9742
  endloop
 endfacet
 facet normal 0 0 0
  outer loop
   vertex -37.2869 -20.5501 29.6162
   vertex -39.7572 -19.1781 32.2076
   vertex -40.1953 -19.3254 30.1468
  endloop
 endfacet
 facet normal 0 0 0
  outer loop
   vertex -39.7572 -19.1781 32.2076
   vertex -37.2869 -20.5501 29.6162
   vertex -35.4472 -19.9314 38.2713
  endloop
 endfacet
 facet normal 0 0 0
  outer loop
   vertex -42.4075 -33.5855 31.6365
   vertex -44.5516 -30.4153 31.8656
   vertex -45.3159 -32.3608 32.1672
  endloop
 endfacet
 facet normal 0 0 0
  outer loop
   vertex -44.5516 -30.4153 31.8656
   vertex -42.4075 -33.5855 31.6365
   vertex -39.1976 -25.4141 30.3701
  endloop
 endfacet
 facet normal 0 0 0
  outer loop
   vertex -44.8778 -32.2135 34.2279
   vertex -42.4075 -33.5855 31.6365
   vertex -45.3159 -32.3608 32.1672
  endloop
 endfacet
 facet normal 0 0 0
  outer loop
   vertex -42.4075 -33.5855 31.6365
   vertex -44.8778 -32.2135 34.2279
   vertex -40.5678 -32.9668 40.2917
  endloop
 endfacet
 facet normal 0 0 0
  outer loop
   vertex -39.5808 -33.1945 46.2265
   vertex -40.5678 -32.9668 40.2917
   vertex -39.4727 -32.5984 45.4435
  endloop
 endfacet
 facet normal 0 0 0
  outer loop
   vertex -42.8060 -34.2792 31.0535
   vertex -40.5678 -32.9668 40.2917
   vertex -39.5808 -33.1945 46.2265
  endloop
 endfacet
 facet normal 0 0 0
  outer loop
   vertex -40.5678 -32.9668 40.2917
   vertex -42.8060 -34.2792 31.0535
   vertex -42.4075 -33.5855 31.6365
  endloop
 endfacet
 facet normal 0 0 0
  outer loop
   vertex -42.8060 -34.2792 31.0535
   vertex -39.1976 -25.4141 30.3701
   vertex -42.4075 -33.5855 31.6365
  endloop
 endfacet
 facet normal 0 0 0
  outer loop
   vertex -37.1788 -19.9541 28.8332
   vertex -39.1976 -25.4141 30.3701
   vertex -42.8060 -34.2792 31.0535
  endloop
 endfacet
 facet normal 0 0 0
  outer loop
   vertex -39.1976 -25.4141 30.3701
   vertex -37.1788 -19.9541 28.8332
   vertex -37.2869 -20.5501 29.6162
  endloop
 endfacet
 facet normal 0 0 0
  outer loop
   vertex -36.2628 -24.4270 44.1771
   vertex -39.5808 -33.1945 46.2265
   vertex -39.4727 -32.5984 45.4435
  endloop
 endfacet
 facet normal 0 0 0
  outer loop
   vertex -36.2628 -24.4270 44.1771
   vertex -33.9536 -18.8693 44.0063
   vertex -39.5808 -33.1945 46.2265
  endloop
 endfacet
 facet normal 0 0 0
  outer loop
   vertex -34.3521 -19.5630 43.4232
   vertex -33.9536 -18.8693 44.0063
   vertex -36.2628 -24.4270 44.1771
  endloop
 endfacet
 facet normal 0 0 0
  outer loop
   vertex -35.4472 -19.9314 38.2713
   vertex -33.9536 -18.8693 44.0063
   vertex -34.3521 -19.5630 43.4232
  endloop
 endfacet
 facet normal 0 0 0
  outer loop
   vertex -37.1788 -19.9541 28.8332
   vertex -35.4472 -19.9314 38.2713
   vertex -37.2869 -20.5501 29.6162
  endloop
 endfacet
 facet normal 0 0 0
  outer loop
   vertex -35.4472 -19.9314 38.2713
   vertex -37.1788 -19.9541 28.8332
   vertex -33.9536 -18.8693 44.0063
  endloop
 endfacet
 facet normal 0 0 0
  outer loop
   vertex -32.5903 -19.4434 43.7576
   vertex -33.9536 -18.8693 44.0063
   vertex -35.8155 -20.5282 28.5845
  endloop
 endfacet
 facet normal 0 0 0
  outer loop
   vertex -34.5332 -24.3895 44.5242
   vertex -33.9536 -18.8693 44.0063
   vertex -32.5903 -19.4434 43.7576
  endloop
 endfacet
 facet normal 0 0 0
  outer loop
   vertex -34.5332 -24.3895 44.5242
   vertex -39.5808 -33.1945 46.2265
   vertex -33.9536 -18.8693 44.0063
  endloop
 endfacet
 facet normal 0 0 0
  outer loop
   vertex -39.5808 -33.1945 46.2265
   vertex -34.5332 -24.3895 44.5242
   vertex -38.2175 -33.7685 45.9778
  endloop
 endfacet
 facet normal 0 0 0
  outer loop
   vertex -39.5808 -33.1945 46.2265
   vertex -38.2175 -33.7685 45.9778
   vertex -42.8060 -34.2792 31.0535
  endloop
 endfacet
 facet normal 0 0 0
  outer loop
   vertex -33.7531 -22.0827 43.4760
   vertex -34.5332 -24.3895 44.5242
   vertex -32.5903 -19.4434 43.7576
  endloop
 endfacet
 facet normal 0 0 0
  outer loop
   vertex -34.5332 -24.3895 44.5242
   vertex -33.7531 -22.0827 43.4760
   vertex -34.7568 -24.6379 43.8721
  endloop
 endfacet
 facet normal 0 0 0
  outer loop
   vertex -32.5903 -19.4434 43.7576
   vertex -32.9888 -20.1371 43.1745
   vertex -33.7531 -22.0827 43.4760
  endloop
 endfacet
 facet normal 0 0 0
  outer loop
   vertex -32.5903 -19.4434 43.7576
   vertex -33.4268 -20.2844 41.1137
   vertex -32.9888 -20.1371 43.1745
  endloop
 endfacet
 facet normal 0 0 0
  outer loop
   vertex -35.8155 -20.5282 28.5845
   vertex -33.4268 -20.2844 41.1137
   vertex -32.5903 -19.4434 43.7576
  endloop
 endfacet
 facet normal 0 0 0
  outer loop
   vertex -33.4268 -20.2844 41.1137
   vertex -35.8155 -20.5282 28.5845
   vertex -35.9236 -21.1242 29.3675
  endloop
 endfacet
 facet normal 0 0 0
  outer loop
   vertex -36.6879 -23.0698 29.6690
   vertex -39.4998 -29.9072 30.0381
   vertex -39.2762 -29.6588 30.6902
  endloop
 endfacet
 facet normal 0 0 0
  outer loop
   vertex -35.8155 -20.5282 28.5845
   vertex -36.6879 -23.0698 29.6690
   vertex -35.9236 -21.1242 29.3675
  endloop
 endfacet
 facet normal 0 0 0
  outer loop
   vertex -36.6879 -23.0698 29.6690
   vertex -35.8155 -20.5282 28.5845
   vertex -39.4998 -29.9072 30.0381
  endloop
 endfacet
 facet normal 0 0 0
  outer loop
   vertex -33.9536 -18.8693 44.0063
   vertex -37.1788 -19.9541 28.8332
   vertex -35.8155 -20.5282 28.5845
  endloop
 endfacet
 facet normal 0 0 0
  outer loop
   vertex -37.1788 -19.9541 28.8332
   vertex -39.4998 -29.9072 30.0381
   vertex -35.8155 -20.5282 28.5845
  endloop
 endfacet
 facet normal 0 0 0
  outer loop
   vertex -42.8060 -34.2792 31.0535
   vertex -39.4998 -29.9072 30.0381
   vertex -37.1788 -19.9541 28.8332
  endloop
 endfacet
 facet normal 0 0 0
  outer loop
   vertex -39.4998 -29.9072 30.0381
   vertex -42.8060 -34.2792 31.0535
   vertex -41.4427 -34.8533 30.8047
  endloop
 endfacet
 facet normal 0 0 0
  outer loop
   vertex -42.8060 -34.2792 31.0535
   vertex -38.2175 -33.7685 45.9778
   vertex -41.4427 -34.8533 30.8047
  endloop
 endfacet
 facet normal 0 0 0
  outer loop
   vertex -37.5137 35.3707 49.8873
   vertex -33.7643 35.2862 49.0903
   vertex -38.3828 42.7952 50.0720
  endloop
 endfacet
 facet normal 0 0 0
  outer loop
   vertex -33.7643 35.2862 49.0903
   vertex -37.5137 35.3707 49.8873
   vertex -36.4141 33.5828 49.6535
  endloop
 endfacet
 facet normal 0 0 0
  outer loop
   vertex -30.8224 35.2862 62.9311
   vertex -33.9112 33.5828 61.4286
   vertex -33.4722 33.5828 63.4944
  endloop
 endfacet
 facet normal 0 0 0
  outer loop
   vertex -33.9112 33.5828 61.4286
   vertex -30.8224 35.2862 62.9311
   vertex -32.6666 35.2862 54.2548
  endloop
 endfacet
 facet normal 0 0 0
  outer loop
   vertex -32.6666 35.2862 54.2548
   vertex -36.4141 33.5828 49.6535
   vertex -33.9112 33.5828 61.4286
  endloop
 endfacet
 facet normal 0 0 0
  outer loop
   vertex -36.4141 33.5828 49.6535
   vertex -32.6666 35.2862 54.2548
   vertex -33.7643 35.2862 49.0903
  endloop
 endfacet
 facet normal 0 0 0
  outer loop
   vertex -40.0342 47.2649 55.8208
   vertex -43.7817 45.5615 51.2195
   vertex -41.1319 47.2649 50.6563
  endloop
 endfacet
 facet normal 0 0 0
  outer loop
   vertex -43.7817 45.5615 51.2195
   vertex -40.0342 47.2649 55.8208
   vertex -41.2789 45.5615 62.9945
  endloop
 endfacet
 facet normal 0 0 0
  outer loop
   vertex -43.6848 45.4039 51.1989
   vertex -41.1319 47.2649 50.6563
   vertex -43.7817 45.5615 51.2195
  endloop
 endfacet
 facet normal 0 0 0
  outer loop
   vertex -43.6848 45.4039 51.1989
   vertex -38.3828 42.7952 50.0720
   vertex -41.1319 47.2649 50.6563
  endloop
 endfacet
 facet normal 0 0 0
  outer loop
   vertex -38.3828 42.7952 50.0720
   vertex -43.6848 45.4039 51.1989
   vertex -37.5137 35.3707 49.8873
  endloop
 endfacet
 facet normal 0 0 0
  outer loop
   vertex -38.1900 47.2649 64.4971
   vertex -41.2789 45.5615 62.9945
   vertex -40.0342 47.2649 55.8208
  endloop
 endfacet
 facet normal 0 0 0
  outer loop
   vertex -41.2789 45.5615 62.9945
   vertex -38.1900 47.2649 64.4971
   vertex -40.8398 45.5615 65.0603
  endloop
 endfacet
 facet normal 0 0 0
  outer loop
   vertex -38.1900 47.2649 64.4971
   vertex -39.7401 43.7736 64.8266
   vertex -40.8398 45.5615 65.0603
  endloop
 endfacet
 facet normal 0 0 0
  outer loop
   vertex -39.7401 43.7736 64.8266
   vertex -38.1900 47.2649 64.4971
   vertex -33.5715 39.7559 63.5154
  endloop
 endfacet
 facet normal 0 0 0
  outer loop
   vertex -33.5691 33.7404 63.5150
   vertex -33.5715 39.7559 63.5154
   vertex -30.8224 35.2862 62.9311
  endloop
 endfacet
 facet normal 0 0 0
  outer loop
   vertex -33.5715 39.7559 63.5154
   vertex -33.5691 33.7404 63.5150
   vertex -39.7401 43.7736 64.8266
  endloop
 endfacet
 facet normal 0 0 0
  outer loop
   vertex -33.5691 33.7404 63.5150
   vertex -30.8224 35.2862 62.9311
   vertex -33.4722 33.5828 63.4944
  endloop
 endfacet
 facet normal 0 0 0
  outer loop
   vertex -30.3124 34.6936 63.5384
   vertex -32.6666 35.2862 54.2548
   vertex -30.8224 35.2862 62.9311
  endloop
 endfacet
 facet normal 0 0 0
  outer loop
   vertex -33.5454 34.6936 48.3281
   vertex -32.6666 35.2862 54.2548
   vertex -30.3124 34.6936 63.5384
  endloop
 endfacet
 facet normal 0 0 0
  outer loop
   vertex -32.6666 35.2862 54.2548
   vertex -33.5454 34.6936 48.3281
   vertex -33.7643 35.2862 49.0903
  endloop
 endfacet
 facet normal 0 0 0
  outer loop
   vertex -38.3828 42.7952 50.0720
   vertex -41.6420 47.8575 50.0490
   vertex -41.1319 47.2649 50.6563
  endloop
 endfacet
 facet normal 0 0 0
  outer loop
   vertex -33.5454 34.6936 48.3281
   vertex -38.3828 42.7952 50.0720
   vertex -33.7643 35.2862 49.0903
  endloop
 endfacet
 facet normal 0 0 0
  outer loop
   vertex -38.3828 42.7952 50.0720
   vertex -33.5454 34.6936 48.3281
   vertex -41.6420 47.8575 50.0490
  endloop
 endfacet
 facet normal 0 0 0
  outer loop
   vertex -37.1669 48.6559 64.9953
   vertex -39.4508 48.0633 52.4581
   vertex -36.9479 48.0633 64.2331
  endloop
 endfacet
 facet normal 0 0 0
  outer loop
   vertex -40.3999 48.6559 49.7850
   vertex -39.4508 48.0633 52.4581
   vertex -37.1669 48.6559 64.9953
  endloop
 endfacet
 facet normal 0 0 0
  outer loop
   vertex -39.4508 48.0633 52.4581
   vertex -40.3999 48.6559 49.7850
   vertex -39.8899 48.0633 50.3923
  endloop
 endfacet
 facet normal 0 0 0
  outer loop
   vertex -40.3999 48.6559 49.7850
   vertex -38.7902 46.2755 50.1585
   vertex -39.8899 48.0633 50.3923
  endloop
 endfacet
 facet normal 0 0 0
  outer loop
   vertex -38.3437 45.3129 49.3480
   vertex -38.7902 46.2755 50.1585
   vertex -40.3999 48.6559 49.7850
  endloop
 endfacet
 facet normal 0 0 0
  outer loop
   vertex -38.7902 46.2755 50.1585
   vertex -38.3437 45.3129 49.3480
   vertex -38.0188 45.0213 49.9946
  endloop
 endfacet
 facet normal 0 0 0
  outer loop
   vertex -36.9479 48.0633 64.2331
   vertex -31.1265 38.8351 63.7114
   vertex -37.1669 48.6559 64.9953
  endloop
 endfacet
 facet normal 0 0 0
  outer loop
   vertex -31.1265 38.8351 63.7114
   vertex -36.9479 48.0633 64.2331
   vertex -31.4514 39.1267 63.0648
  endloop
 endfacet
 facet normal 0 0 0
  outer loop
   vertex -30.3124 34.6936 63.5384
   vertex -31.1265 38.8351 63.7114
   vertex -29.0703 35.4921 63.2743
  endloop
 endfacet
 facet normal 0 0 0
  outer loop
   vertex -31.1265 38.8351 63.7114
   vertex -30.3124 34.6936 63.5384
   vertex -37.1669 48.6559 64.9953
  endloop
 endfacet
 facet normal 0 0 0
  outer loop
   vertex -33.5715 39.7559 63.5154
   vertex -38.4090 47.8575 65.2593
   vertex -30.3124 34.6936 63.5384
  endloop
 endfacet
 facet normal 0 0 0
  outer loop
   vertex -38.4090 47.8575 65.2593
   vertex -33.5715 39.7559 63.5154
   vertex -38.1900 47.2649 64.4971
  endloop
 endfacet
 facet normal 0 0 0
  outer loop
   vertex -33.5715 39.7559 63.5154
   vertex -30.3124 34.6936 63.5384
   vertex -30.8224 35.2862 62.9311
  endloop
 endfacet
 facet normal 0 0 0
  outer loop
   vertex -40.0342 47.2649 55.8208
   vertex -38.4090 47.8575 65.2593
   vertex -38.1900 47.2649 64.4971
  endloop
 endfacet
 facet normal 0 0 0
  outer loop
   vertex -41.6420 47.8575 50.0490
   vertex -40.0342 47.2649 55.8208
   vertex -41.1319 47.2649 50.6563
  endloop
 endfacet
 facet normal 0 0 0
  outer loop
   vertex -40.0342 47.2649 55.8208
   vertex -41.6420 47.8575 50.0490
   vertex -38.4090 47.8575 65.2593
  endloop
 endfacet
 facet normal 0 0 0
  outer loop
   vertex -40.3999 48.6559 49.7850
   vertex -41.6420 47.8575 50.0490
   vertex -33.5454 34.6936 48.3281
  endloop
 endfacet
 facet normal 0 0 0
  outer loop
   vertex -37.1669 48.6559 64.9953
   vertex -41.6420 47.8575 50.0490
   vertex -40.3999 48.6559 49.7850
  endloop
 endfacet
 facet normal 0 0 0
  outer loop
   vertex -37.1669 48.6559 64.9953
   vertex -38.4090 47.8575 65.2593
   vertex -41.6420 47.8575 50.0490
  endloop
 endfacet
 facet normal 0 0 0
  outer loop
   vertex -38.4090 47.8575 65.2593
   vertex -37.1669 48.6559 64.9953
   vertex -30.3124 34.6936 63.5384
  endloop
 endfacet
 facet normal 0 0 0
  outer loop
   vertex -38.3437 45.3129 49.3480
   vertex -33.5454 34.6936 48.3281
   vertex -32.3033 35.4921 48.0641
  endloop
 endfacet
 facet normal 0 0 0
  outer loop
   vertex -33.5454 34.6936 48.3281
   vertex -38.3437 45.3129 49.3480
   vertex -40.3999 48.6559 49.7850
  endloop
 endfacet
 facet normal 0 0 0
  outer loop
   vertex -30.3124 34.6936 63.5384
   vertex -32.3033 35.4921 48.0641
   vertex -33.5454 34.6936 48.3281
  endloop
 endfacet
 facet normal 0 0 0
  outer loop
   vertex -32.3033 35.4921 48.0641
   vertex -30.3124 34.6936 63.5384
   vertex -29.0703 35.4921 63.2743
  endloop
 endfacet
 facet normal 0 0 0
  outer loop
   vertex -25.5009 15.2744 47.3338
   vertex -28.7121 26.6625 48.0164
   vertex -25.4505 15.0955 47.3231
  endloop
 endfacet
 facet normal 0 0 0
  outer loop
   vertex -30.4401 15.8230 48.3837
   vertex -26.8603 14.6800 47.6228
   vertex -29.2636 23.2031 48.1336
  endloop
 endfacet
 facet normal 0 0 0
  outer loop
   vertex -26.8603 14.6800 47.6228
   vertex -30.4401 15.8230 48.3837
   vertex -29.8679 13.7937 48.2621
  endloop
 endfacet
 facet normal 0 0 0
  outer loop
   vertex -23.9184 14.6800 61.4636
   vertex -27.3650 13.7937 60.0371
   vertex -26.9260 13.7937 62.1029
  endloop
 endfacet
 facet normal 0 0 0
  outer loop
   vertex -27.3650 13.7937 60.0371
   vertex -23.9184 14.6800 61.4636
   vertex -25.7626 14.6800 52.7873
  endloop
 endfacet
 facet normal 0 0 0
  outer loop
   vertex -29.8679 13.7937 48.2621
   vertex -25.7626 14.6800 52.7873
   vertex -26.8603 14.6800 47.6228
  endloop
 endfacet
 facet normal 0 0 0
  outer loop
   vertex -25.7626 14.6800 52.7873
   vertex -29.8679 13.7937 48.2621
   vertex -27.3650 13.7937 60.0371
  endloop
 endfacet
 facet normal 0 0 0
  outer loop
   vertex -29.5964 28.2763 53.6022
   vertex -33.7017 27.3900 49.0770
   vertex -30.6941 28.2763 48.4377
  endloop
 endfacet
 facet normal 0 0 0
  outer loop
   vertex -33.7017 27.3900 49.0770
   vertex -29.5964 28.2763 53.6022
   vertex -31.1989 27.3900 60.8520
  endloop
 endfacet
 facet normal 0 0 0
  outer loop
   vertex -33.7017 27.3900 49.0770
   vertex -29.2636 23.2031 48.1336
   vertex -30.6941 28.2763 48.4377
  endloop
 endfacet
 facet normal 0 0 0
  outer loop
   vertex -29.2636 23.2031 48.1336
   vertex -33.7017 27.3900 49.0770
   vertex -30.4401 15.8230 48.3837
  endloop
 endfacet
 facet normal 0 0 0
  outer loop
   vertex -23.9184 14.6800 61.4636
   vertex -30.7598 27.3900 62.9178
   vertex -27.7522 28.2763 62.2785
  endloop
 endfacet
 facet normal 0 0 0
  outer loop
   vertex -30.7598 27.3900 62.9178
   vertex -23.9184 14.6800 61.4636
   vertex -26.9260 13.7937 62.1029
  endloop
 endfacet
 facet normal 0 0 0
  outer loop
   vertex -27.7522 28.2763 62.2785
   vertex -31.1989 27.3900 60.8520
   vertex -29.5964 28.2763 53.6022
  endloop
 endfacet
 facet normal 0 0 0
  outer loop
   vertex -31.1989 27.3900 60.8520
   vertex -27.7522 28.2763 62.2785
   vertex -30.7598 27.3900 62.9178
  endloop
 endfacet
 facet normal 0 0 0
  outer loop
   vertex -23.5832 14.0074 62.1080
   vertex -27.7522 28.2763 62.2785
   vertex -27.7963 28.9489 63.0035
  endloop
 endfacet
 facet normal 0 0 0
  outer loop
   vertex -23.5832 14.0074 62.1080
   vertex -23.9184 14.6800 61.4636
   vertex -27.7522 28.2763 62.2785
  endloop
 endfacet
 facet normal 0 0 0
  outer loop
   vertex -23.5832 14.0074 62.1080
   vertex -25.7626 14.6800 52.7873
   vertex -23.9184 14.6800 61.4636
  endloop
 endfacet
 facet normal 0 0 0
  outer loop
   vertex -26.8162 14.0074 46.8978
   vertex -25.7626 14.6800 52.7873
   vertex -23.5832 14.0074 62.1080
  endloop
 endfacet
 facet normal 0 0 0
  outer loop
   vertex -25.7626 14.6800 52.7873
   vertex -26.8162 14.0074 46.8978
   vertex -26.8603 14.6800 47.6228
  endloop
 endfacet
 facet normal 0 0 0
  outer loop
   vertex -25.4505 15.0955 47.3231
   vertex -25.1238 14.4229 47.9276
   vertex -25.1933 15.0955 48.5329
  endloop
 endfacet
 facet normal 0 0 0
  outer loop
   vertex -25.1238 14.4229 47.9276
   vertex -25.4505 15.0955 47.3231
   vertex -25.4064 14.4229 46.5981
  endloop
 endfacet
 facet normal 0 0 0
  outer loop
   vertex -22.1734 14.4229 61.8083
   vertex -23.5832 14.0074 62.1080
   vertex -27.7963 28.9489 63.0035
  endloop
 endfacet
 facet normal 0 0 0
  outer loop
   vertex -29.5964 28.2763 53.6022
   vertex -27.7963 28.9489 63.0035
   vertex -27.7522 28.2763 62.2785
  endloop
 endfacet
 facet normal 0 0 0
  outer loop
   vertex -31.0293 28.9489 47.7933
   vertex -29.5964 28.2763 53.6022
   vertex -30.6941 28.2763 48.4377
  endloop
 endfacet
 facet normal 0 0 0
  outer loop
   vertex -29.5964 28.2763 53.6022
   vertex -31.0293 28.9489 47.7933
   vertex -27.7963 28.9489 63.0035
  endloop
 endfacet
 facet normal 0 0 0
  outer loop
   vertex -29.2636 23.2031 48.1336
   vertex -31.0293 28.9489 47.7933
   vertex -30.6941 28.2763 48.4377
  endloop
 endfacet
 facet normal 0 0 0
  outer loop
   vertex -26.8162 14.0074 46.8978
   vertex -29.2636 23.2031 48.1336
   vertex -26.8603 14.6800 47.6228
  endloop
 endfacet
 facet normal 0 0 0
  outer loop
   vertex -29.2636 23.2031 48.1336
   vertex -26.8162 14.0074 46.8978
   vertex -31.0293 28.9489 47.7933
  endloop
 endfacet
 facet normal 0 0 0
  outer loop
   vertex -26.3311 29.1678 62.6921
   vertex -27.7963 28.9489 63.0035
   vertex -26.3865 29.3644 62.7038
  endloop
 endfacet
 facet normal 0 0 0
  outer loop
   vertex -27.7963 28.9489 63.0035
   vertex -26.3311 29.1678 62.6921
   vertex -22.1734 14.4229 61.8083
  endloop
 endfacet
 facet normal 0 0 0
  outer loop
   vertex -31.0293 28.9489 47.7933
   vertex -26.8162 14.0074 46.8978
   vertex -25.4064 14.4229 46.5981
  endloop
 endfacet
 facet normal 0 0 0
  outer loop
   vertex -27.7963 28.9489 63.0035
   vertex -31.0293 28.9489 47.7933
   vertex -29.6195 29.3644 47.4936
  endloop
 endfacet
 facet normal 0 0 0
  outer loop
   vertex -29.6195 29.3644 47.4936
   vertex -31.0293 28.9489 47.7933
   vertex -25.4064 14.4229 46.5981
  endloop
 endfacet
 facet normal 0 0 0
  outer loop
   vertex -26.6630 29.3644 61.4028
   vertex -28.8452 28.6918 50.2038
   vertex -26.5940 28.6918 60.7949
  endloop
 endfacet
 facet normal 0 0 0
  outer loop
   vertex -29.6195 29.3644 47.4936
   vertex -28.8452 28.6918 50.2038
   vertex -26.6630 29.3644 61.4028
  endloop
 endfacet
 facet normal 0 0 0
  outer loop
   vertex -28.8452 28.6918 50.2038
   vertex -29.6195 29.3644 47.4936
   vertex -29.2843 28.6918 48.1380
  endloop
 endfacet
 facet normal 0 0 0
  outer loop
   vertex -29.6195 29.3644 47.4936
   vertex -28.7121 26.6625 48.0164
   vertex -29.2843 28.6918 48.1380
  endloop
 endfacet
 facet normal 0 0 0
  outer loop
   vertex -25.4064 14.4229 46.5981
   vertex -28.7121 26.6625 48.0164
   vertex -29.6195 29.3644 47.4936
  endloop
 endfacet
 facet normal 0 0 0
  outer loop
   vertex -28.7121 26.6625 48.0164
   vertex -25.4064 14.4229 46.5981
   vertex -25.4505 15.0955 47.3231
  endloop
 endfacet
 facet normal 0 0 0
  outer loop
   vertex -26.6630 29.3644 61.4028
   vertex -27.7963 28.9489 63.0035
   vertex -29.6195 29.3644 47.4936
  endloop
 endfacet
 facet normal 0 0 0
  outer loop
   vertex -27.7963 28.9489 63.0035
   vertex -26.6630 29.3644 61.4028
   vertex -26.3865 29.3644 62.7038
  endloop
 endfacet
 facet normal 0 0 0
  outer loop
   vertex -26.8162 14.0074 46.8978
   vertex -25.1238 14.4229 47.9276
   vertex -25.4064 14.4229 46.5981
  endloop
 endfacet
 facet normal 0 0 0
  outer loop
   vertex -23.5832 14.0074 62.1080
   vertex -25.1238 14.4229 47.9276
   vertex -26.8162 14.0074 46.8978
  endloop
 endfacet
 facet normal 0 0 0
  outer loop
   vertex -25.1238 14.4229 47.9276
   vertex -23.5832 14.0074 62.1080
   vertex -22.1734 14.4229 61.8083
  endloop
 endfacet
 facet normal 0 0 0
  outer loop
   vertex -22.8675 -7.0750 61.2402
   vertex -25.9976 7.0750 61.9056
   vertex -22.8675 7.0750 61.2402
  endloop
 endfacet
 facet normal 0 0 0
  outer loop
   vertex -25.9976 7.0750 61.9056
   vertex -22.8675 -7.0750 61.2402
   vertex -25.9976 -7.0750 61.9056
  endloop
 endfacet
 facet normal 0 0 0
  outer loop
   vertex -28.9395 -7.0750 48.0647
   vertex -25.8094 7.0750 47.3994
   vertex -28.9395 7.0750 48.0647
  endloop
 endfacet
 facet normal 0 0 0
  outer loop
   vertex -25.8094 7.0750 47.3994
   vertex -28.9395 -7.0750 48.0647
   vertex -25.8094 -7.0750 47.3994
  endloop
 endfacet
 facet normal 0 0 0
  outer loop
   vertex -25.8094 7.0750 47.3994
   vertex -25.9976 7.0750 61.9056
   vertex -28.9395 7.0750 48.0647
  endloop
 endfacet
 facet normal 0 0 0
  outer loop
   vertex -25.9976 7.0750 61.9056
   vertex -25.8094 7.0750 47.3994
   vertex -22.8675 7.0750 61.2402
  endloop
 endfacet
 facet normal 0 0 0
  outer loop
   vertex -25.9976 -7.0750 61.9056
   vertex -25.8094 -7.0750 47.3994
   vertex -28.9395 -7.0750 48.0647
  endloop
 endfacet
 facet normal 0 0 0
  outer loop
   vertex -25.8094 -7.0750 47.3994
   vertex -25.9976 -7.0750 61.9056
   vertex -22.8675 -7.0750 61.2402
  endloop
 endfacet
 facet normal 0 0 0
  outer loop
   vertex -21.2548 -7.7750 61.6131
   vertex -22.7220 7.7750 61.9250
   vertex -21.2548 7.7750 61.6131
  endloop
 endfacet
 facet normal 0 0 0
  outer loop
   vertex -22.7220 7.7750 61.9250
   vertex -21.2548 -7.7750 61.6131
   vertex -22.7220 -7.7750 61.9250
  endloop
 endfacet
 facet normal 0 0 0
  outer loop
   vertex -22.7220 -7.7750 61.9250
   vertex -22.8675 -7.0750 61.2402
   vertex -22.7220 7.7750 61.9250
  endloop
 endfacet
 facet normal 0 0 0
  outer loop
   vertex -22.7220 -7.7750 61.9250
   vertex -25.8094 -7.0750 47.3994
   vertex -22.8675 -7.0750 61.2402
  endloop
 endfacet
 facet normal 0 0 0
  outer loop
   vertex -25.8094 -7.0750 47.3994
   vertex -25.9550 -7.7750 46.7147
   vertex -25.8094 7.0750 47.3994
  endloop
 endfacet
 facet normal 0 0 0
  outer loop
   vertex -25.9550 -7.7750 46.7147
   vertex -25.8094 -7.0750 47.3994
   vertex -22.7220 -7.7750 61.9250
  endloop
 endfacet
 facet normal 0 0 0
  outer loop
   vertex -22.8675 7.0750 61.2402
   vertex -22.7220 7.7750 61.9250
   vertex -22.8675 -7.0750 61.2402
  endloop
 endfacet
 facet normal 0 0 0
  outer loop
   vertex -25.8094 7.0750 47.3994
   vertex -22.7220 7.7750 61.9250
   vertex -22.8675 7.0750 61.2402
  endloop
 endfacet
 facet normal 0 0 0
  outer loop
   vertex -25.8094 7.0750 47.3994
   vertex -25.9550 7.7750 46.7147
   vertex -22.7220 7.7750 61.9250
  endloop
 endfacet
 facet normal 0 0 0
  outer loop
   vertex -25.9550 7.7750 46.7147
   vertex -25.8094 7.0750 47.3994
   vertex -25.9550 -7.7750 46.7147
  endloop
 endfacet
 facet normal 0 0 0
  outer loop
   vertex -22.1937 7.7750 57.1957
   vertex -24.3422 7.0750 47.0876
   vertex -22.1937 7.0750 57.1957
  endloop
 endfacet
 facet normal 0 0 0
  outer loop
   vertex -24.3422 7.0750 47.0876
   vertex -24.4878 7.7750 46.4029
   vertex -24.3422 -7.0750 47.0876
  endloop
 endfacet
 facet normal 0 0 0
  outer loop
   vertex -24.4878 7.7750 46.4029
   vertex -24.3422 7.0750 47.0876
   vertex -22.1937 7.7750 57.1957
  endloop
 endfacet
 facet normal 0 0 0
  outer loop
   vertex -24.3422 -7.0750 47.0876
   vertex -22.1937 -7.7750 57.1957
   vertex -22.1937 -7.0750 57.1957
  endloop
 endfacet
 facet normal 0 0 0
  outer loop
   vertex -24.3422 -7.0750 47.0876
   vertex -24.4878 -7.7750 46.4029
   vertex -22.1937 -7.7750 57.1957
  endloop
 endfacet
 facet normal 0 0 0
  outer loop
   vertex -24.4878 -7.7750 46.4029
   vertex -24.3422 -7.0750 47.0876
   vertex -24.4878 7.7750 46.4029
  endloop
 endfacet
 facet normal 0 0 0
  outer loop
   vertex -25.9550 -7.7750 46.7147
   vertex -24.4878 7.7750 46.4029
   vertex -25.9550 7.7750 46.7147
  endloop
 endfacet
 facet normal 0 0 0
  outer loop
   vertex -24.4878 7.7750 46.4029
   vertex -25.9550 -7.7750 46.7147
   vertex -24.4878 -7.7750 46.4029
  endloop
 endfacet
 facet normal 0 0 0
  outer loop
   vertex -22.1937 7.7750 57.1957
   vertex -25.9550 7.7750 46.7147
   vertex -24.4878 7.7750 46.4029
  endloop
 endfacet
 facet normal 0 0 0
  outer loop
   vertex -25.9550 7.7750 46.7147
   vertex -22.1937 7.7750 57.1957
   vertex -22.7220 7.7750 61.9250
  endloop
 endfacet
 facet normal 0 0 0
  outer loop
   vertex -22.7220 7.7750 61.9250
   vertex -22.1937 7.7750 57.1957
   vertex -21.2548 7.7750 61.6131
  endloop
 endfacet
 facet normal 0 0 0
  outer loop
   vertex -22.1937 -7.7750 57.1957
   vertex -25.9550 -7.7750 46.7147
   vertex -22.7220 -7.7750 61.9250
  endloop
 endfacet
 facet normal 0 0 0
  outer loop
   vertex -25.9550 -7.7750 46.7147
   vertex -22.1937 -7.7750 57.1957
   vertex -24.4878 -7.7750 46.4029
  endloop
 endfacet
 facet normal 0 0 0
  outer loop
   vertex -22.1937 -7.7750 57.1957
   vertex -22.7220 -7.7750 61.9250
   vertex -21.2548 -7.7750 61.6131
  endloop
 endfacet
 facet normal 0 0 0
  outer loop
   vertex -23.9184 -14.6800 61.4636
   vertex -27.3650 -13.7937 60.0371
   vertex -25.7626 -14.6800 52.7873
  endloop
 endfacet
 facet normal 0 0 0
  outer loop
   vertex -27.3650 -13.7937 60.0371
   vertex -23.9184 -14.6800 61.4636
   vertex -26.9260 -13.7937 62.1029
  endloop
 endfacet
 facet normal 0 0 0
  outer loop
   vertex -23.9184 -14.6800 61.4636
   vertex -30.7598 -27.3900 62.9178
   vertex -26.9260 -13.7937 62.1029
  endloop
 endfacet
 facet normal 0 0 0
  outer loop
   vertex -30.7598 -27.3900 62.9178
   vertex -23.9184 -14.6800 61.4636
   vertex -27.7522 -28.2763 62.2785
  endloop
 endfacet
 facet normal 0 0 0
  outer loop
   vertex -33.7017 -27.3900 49.0770
   vertex -29.2636 -23.2031 48.1336
   vertex -30.4401 -15.8230 48.3837
  endloop
 endfacet
 facet normal 0 0 0
  outer loop
   vertex -29.2636 -23.2031 48.1336
   vertex -33.7017 -27.3900 49.0770
   vertex -30.6941 -28.2763 48.4377
  endloop
 endfacet
 facet normal 0 0 0
  outer loop
   vertex -25.7626 -14.6800 52.7873
   vertex -29.8679 -13.7937 48.2621
   vertex -26.8603 -14.6800 47.6228
  endloop
 endfacet
 facet normal 0 0 0
  outer loop
   vertex -29.8679 -13.7937 48.2621
   vertex -25.7626 -14.6800 52.7873
   vertex -27.3650 -13.7937 60.0371
  endloop
 endfacet
 facet normal 0 0 0
  outer loop
   vertex -25.4505 -15.0955 47.3231
   vertex -28.7121 -26.6625 48.0164
   vertex -25.5009 -15.2744 47.3338
  endloop
 endfacet
 facet normal 0 0 0
  outer loop
   vertex -30.4401 -15.8230 48.3837
   vertex -26.8603 -14.6800 47.6228
   vertex -29.8679 -13.7937 48.2621
  endloop
 endfacet
 facet normal 0 0 0
  outer loop
   vertex -26.8603 -14.6800 47.6228
   vertex -30.4401 -15.8230 48.3837
   vertex -29.2636 -23.2031 48.1336
  endloop
 endfacet
 facet normal 0 0 0
  outer loop
   vertex -27.7522 -28.2763 62.2785
   vertex -31.1989 -27.3900 60.8520
   vertex -30.7598 -27.3900 62.9178
  endloop
 endfacet
 facet normal 0 0 0
  outer loop
   vertex -31.1989 -27.3900 60.8520
   vertex -27.7522 -28.2763 62.2785
   vertex -29.5964 -28.2763 53.6022
  endloop
 endfacet
 facet normal 0 0 0
  outer loop
   vertex -29.5964 -28.2763 53.6022
   vertex -33.7017 -27.3900 49.0770
   vertex -31.1989 -27.3900 60.8520
  endloop
 endfacet
 facet normal 0 0 0
  outer loop
   vertex -33.7017 -27.3900 49.0770
   vertex -29.5964 -28.2763 53.6022
   vertex -30.6941 -28.2763 48.4377
  endloop
 endfacet
 facet normal 0 0 0
  outer loop
   vertex -27.7963 -28.9489 63.0035
   vertex -29.5964 -28.2763 53.6022
   vertex -27.7522 -28.2763 62.2785
  endloop
 endfacet
 facet normal 0 0 0
  outer loop
   vertex -31.0293 -28.9489 47.7933
   vertex -29.5964 -28.2763 53.6022
   vertex -27.7963 -28.9489 63.0035
  endloop
 endfacet
 facet normal 0 0 0
  outer loop
   vertex -29.5964 -28.2763 53.6022
   vertex -31.0293 -28.9489 47.7933
   vertex -30.6941 -28.2763 48.4377
  endloop
 endfacet
 facet normal 0 0 0
  outer loop
   vertex -31.0293 -28.9489 47.7933
   vertex -29.2636 -23.2031 48.1336
   vertex -30.6941 -28.2763 48.4377
  endloop
 endfacet
 facet normal 0 0 0
  outer loop
   vertex -26.8162 -14.0074 46.8978
   vertex -29.2636 -23.2031 48.1336
   vertex -31.0293 -28.9489 47.7933
  endloop
 endfacet
 facet normal 0 0 0
  outer loop
   vertex -29.2636 -23.2031 48.1336
   vertex -26.8162 -14.0074 46.8978
   vertex -26.8603 -14.6800 47.6228
  endloop
 endfacet
 facet normal 0 0 0
  outer loop
   vertex -25.1238 -14.4229 47.9276
   vertex -26.8162 -14.0074 46.8978
   vertex -25.4064 -14.4229 46.5981
  endloop
 endfacet
 facet normal 0 0 0
  outer loop
   vertex -25.1238 -14.4229 47.9276
   vertex -23.5832 -14.0074 62.1080
   vertex -26.8162 -14.0074 46.8978
  endloop
 endfacet
 facet normal 0 0 0
  outer loop
   vertex -23.5832 -14.0074 62.1080
   vertex -25.1238 -14.4229 47.9276
   vertex -22.1734 -14.4229 61.8083
  endloop
 endfacet
 facet normal 0 0 0
  outer loop
   vertex -23.5832 -14.0074 62.1080
   vertex -22.1734 -14.4229 61.8083
   vertex -27.7963 -28.9489 63.0035
  endloop
 endfacet
 facet normal 0 0 0
  outer loop
   vertex -27.7522 -28.2763 62.2785
   vertex -23.5832 -14.0074 62.1080
   vertex -27.7963 -28.9489 63.0035
  endloop
 endfacet
 facet normal 0 0 0
  outer loop
   vertex -23.9184 -14.6800 61.4636
   vertex -23.5832 -14.0074 62.1080
   vertex -27.7522 -28.2763 62.2785
  endloop
 endfacet
 facet normal 0 0 0
  outer loop
   vertex -25.7626 -14.6800 52.7873
   vertex -23.5832 -14.0074 62.1080
   vertex -23.9184 -14.6800 61.4636
  endloop
 endfacet
 facet normal 0 0 0
  outer loop
   vertex -26.8162 -14.0074 46.8978
   vertex -25.7626 -14.6800 52.7873
   vertex -26.8603 -14.6800 47.6228
  endloop
 endfacet
 facet normal 0 0 0
  outer loop
   vertex -25.7626 -14.6800 52.7873
   vertex -26.8162 -14.0074 46.8978
   vertex -23.5832 -14.0074 62.1080
  endloop
 endfacet
 facet normal 0 0 0
  outer loop
   vertex -26.8162 -14.0074 46.8978
   vertex -31.0293 -28.9489 47.7933
   vertex -25.4064 -14.4229 46.5981
  endloop
 endfacet
 facet normal 0 0 0
  outer loop
   vertex -26.3311 -29.1678 62.6921
   vertex -27.7963 -28.9489 63.0035
   vertex -22.1734 -14.4229 61.8083
  endloop
 endfacet
 facet normal 0 0 0
  outer loop
   vertex -27.7963 -28.9489 63.0035
   vertex -26.3311 -29.1678 62.6921
   vertex -26.3865 -29.3644 62.7038
  endloop
 endfacet
 facet normal 0 0 0
  outer loop
   vertex -28.8452 -28.6918 50.2038
   vertex -26.6630 -29.3644 61.4028
   vertex -26.5940 -28.6918 60.7949
  endloop
 endfacet
 facet normal 0 0 0
  outer loop
   vertex -29.6195 -29.3644 47.4936
   vertex -28.8452 -28.6918 50.2038
   vertex -29.2843 -28.6918 48.1380
  endloop
 endfacet
 facet normal 0 0 0
  outer loop
   vertex -28.8452 -28.6918 50.2038
   vertex -29.6195 -29.3644 47.4936
   vertex -26.6630 -29.3644 61.4028
  endloop
 endfacet
 facet normal 0 0 0
  outer loop
   vertex -28.7121 -26.6625 48.0164
   vertex -29.6195 -29.3644 47.4936
   vertex -29.2843 -28.6918 48.1380
  endloop
 endfacet
 facet normal 0 0 0
  outer loop
   vertex -25.4064 -14.4229 46.5981
   vertex -28.7121 -26.6625 48.0164
   vertex -25.4505 -15.0955 47.3231
  endloop
 endfacet
 facet normal 0 0 0
  outer loop
   vertex -28.7121 -26.6625 48.0164
   vertex -25.4064 -14.4229 46.5981
   vertex -29.6195 -29.3644 47.4936
  endloop
 endfacet
 facet normal 0 0 0
  outer loop
   vertex -25.1238 -14.4229 47.9276
   vertex -25.4505 -15.0955 47.3231
   vertex -25.1933 -15.0955 48.5329
  endloop
 endfacet
 facet normal 0 0 0
  outer loop
   vertex -25.4505 -15.0955 47.3231
   vertex -25.1238 -14.4229 47.9276
   vertex -25.4064 -14.4229 46.5981
  endloop
 endfacet
 facet normal 0 0 0
  outer loop
   vertex -31.0293 -28.9489 47.7933
   vertex -29.6195 -29.3644 47.4936
   vertex -25.4064 -14.4229 46.5981
  endloop
 endfacet
 facet normal 0 0 0
  outer loop
   vertex -27.7963 -28.9489 63.0035
   vertex -26.6630 -29.3644 61.4028
   vertex -29.6195 -29.3644 47.4936
  endloop
 endfacet
 facet normal 0 0 0
  outer loop
   vertex -26.6630 -29.3644 61.4028
   vertex -27.7963 -28.9489 63.0035
   vertex -26.3865 -29.3644 62.7038
  endloop
 endfacet
 facet normal 0 0 0
  outer loop
   vertex -31.0293 -28.9489 47.7933
   vertex -27.7963 -28.9489 63.0035
   vertex -29.6195 -29.3644 47.4936
  endloop
 endfacet
 facet normal 0 0 0
  outer loop
   vertex -43.6848 -45.4039 51.1989
   vertex -38.3828 -42.7952 50.0720
   vertex -37.5137 -35.3707 49.8873
  endloop
 endfacet
 facet normal 0 0 0
  outer loop
   vertex -41.1319 -47.2649 50.6563
   vertex -43.6848 -45.4039 51.1989
   vertex -43.7817 -45.5615 51.2195
  endloop
 endfacet
 facet normal 0 0 0
  outer loop
   vertex -43.6848 -45.4039 51.1989
   vertex -41.1319 -47.2649 50.6563
   vertex -38.3828 -42.7952 50.0720
  endloop
 endfacet
 facet normal 0 0 0
  outer loop
   vertex -38.1900 -47.2649 64.4971
   vertex -39.7401 -43.7736 64.8266
   vertex -33.5715 -39.7559 63.5154
  endloop
 endfacet
 facet normal 0 0 0
  outer loop
   vertex -39.7401 -43.7736 64.8266
   vertex -38.1900 -47.2649 64.4971
   vertex -40.8398 -45.5615 65.0603
  endloop
 endfacet
 facet normal 0 0 0
  outer loop
   vertex -33.9112 -33.5828 61.4286
   vertex -33.4499 -33.7700 62.1674
   vertex -33.7503 -33.5828 62.1858
  endloop
 endfacet
 facet normal 0 0 0
  outer loop
   vertex -31.5347 -34.9180 62.3958
   vertex -33.9112 -33.5828 61.4286
   vertex -32.6666 -35.2862 54.2548
  endloop
 endfacet
 facet normal 0 0 0
  outer loop
   vertex -33.9112 -33.5828 61.4286
   vertex -32.4860 -34.3553 62.2250
   vertex -33.4499 -33.7700 62.1674
  endloop
 endfacet
 facet normal 0 0 0
  outer loop
   vertex -33.9112 -33.5828 61.4286
   vertex -31.5347 -34.9180 62.3958
   vertex -32.4860 -34.3553 62.2250
  endloop
 endfacet
 facet normal 0 0 0
  outer loop
   vertex -31.5347 -34.9180 62.3958
   vertex -32.6666 -35.2862 54.2548
   vertex -30.8944 -35.2862 62.5925
  endloop
 endfacet
 facet normal 0 0 0
  outer loop
   vertex -38.1900 -47.2649 64.4971
   vertex -41.2789 -45.5615 62.9945
   vertex -40.8398 -45.5615 65.0603
  endloop
 endfacet
 facet normal 0 0 0
  outer loop
   vertex -41.2789 -45.5615 62.9945
   vertex -38.1900 -47.2649 64.4971
   vertex -40.0342 -47.2649 55.8208
  endloop
 endfacet
 facet normal 0 0 0
  outer loop
   vertex -40.0342 -47.2649 55.8208
   vertex -43.7817 -45.5615 51.2195
   vertex -41.2789 -45.5615 62.9945
  endloop
 endfacet
 facet normal 0 0 0
  outer loop
   vertex -43.7817 -45.5615 51.2195
   vertex -40.0342 -47.2649 55.8208
   vertex -41.1319 -47.2649 50.6563
  endloop
 endfacet
 facet normal 0 0 0
  outer loop
   vertex -33.5715 -39.7559 63.5154
   vertex -31.3632 -35.8913 63.0461
   vertex -31.1626 -35.8394 63.0034
  endloop
 endfacet
 facet normal 0 0 0
  outer loop
   vertex -33.5715 -39.7559 63.5154
   vertex -33.5020 -36.2644 63.5007
   vertex -31.3632 -35.8913 63.0461
  endloop
 endfacet
 facet normal 0 0 0
  outer loop
   vertex -33.5715 -39.7559 63.5154
   vertex -35.2432 -36.4622 63.8708
   vertex -33.5020 -36.2644 63.5007
  endloop
 endfacet
 facet normal 0 0 0
  outer loop
   vertex -35.2432 -36.4622 63.8708
   vertex -33.5715 -39.7559 63.5154
   vertex -39.7401 -43.7736 64.8266
  endloop
 endfacet
 facet normal 0 0 0
  outer loop
   vertex -37.5137 -35.3707 49.8873
   vertex -33.7643 -35.2862 49.0903
   vertex -36.4141 -33.5828 49.6535
  endloop
 endfacet
 facet normal 0 0 0
  outer loop
   vertex -33.7643 -35.2862 49.0903
   vertex -37.5137 -35.3707 49.8873
   vertex -38.3828 -42.7952 50.0720
  endloop
 endfacet
 facet normal 0 0 0
  outer loop
   vertex -32.6666 -35.2862 54.2548
   vertex -36.4141 -33.5828 49.6535
   vertex -33.7643 -35.2862 49.0903
  endloop
 endfacet
 facet normal 0 0 0
  outer loop
   vertex -36.4141 -33.5828 49.6535
   vertex -32.6666 -35.2862 54.2548
   vertex -33.9112 -33.5828 61.4286
  endloop
 endfacet
 facet normal 0 0 0
  outer loop
   vertex -38.4090 -47.8575 65.2593
   vertex -40.0342 -47.2649 55.8208
   vertex -38.1900 -47.2649 64.4971
  endloop
 endfacet
 facet normal 0 0 0
  outer loop
   vertex -41.6420 -47.8575 50.0490
   vertex -40.0342 -47.2649 55.8208
   vertex -38.4090 -47.8575 65.2593
  endloop
 endfacet
 facet normal 0 0 0
  outer loop
   vertex -40.0342 -47.2649 55.8208
   vertex -41.6420 -47.8575 50.0490
   vertex -41.1319 -47.2649 50.6563
  endloop
 endfacet
 facet normal 0 0 0
  outer loop
   vertex -33.5715 -39.7559 63.5154
   vertex -38.4090 -47.8575 65.2593
   vertex -38.1900 -47.2649 64.4971
  endloop
 endfacet
 facet normal 0 0 0
  outer loop
   vertex -38.4090 -47.8575 65.2593
   vertex -33.5715 -39.7559 63.5154
   vertex -31.3644 -36.4041 63.7620
  endloop
 endfacet
 facet normal 0 0 0
  outer loop
   vertex -33.5715 -39.7559 63.5154
   vertex -31.3302 -36.2644 63.5007
   vertex -31.3644 -36.4041 63.7620
  endloop
 endfacet
 facet normal 0 0 0
  outer loop
   vertex -33.5715 -39.7559 63.5154
   vertex -31.1870 -35.8913 63.0461
   vertex -31.3302 -36.2644 63.5007
  endloop
 endfacet
 facet normal 0 0 0
  outer loop
   vertex -31.1870 -35.8913 63.0461
   vertex -33.5715 -39.7559 63.5154
   vertex -31.1626 -35.8394 63.0034
  endloop
 endfacet
 facet normal 0 0 0
  outer loop
   vertex -32.3033 -35.4921 48.0641
   vertex -30.5697 -34.6936 62.3277
   vertex -33.5454 -34.6936 48.3281
  endloop
 endfacet
 facet normal 0 0 0
  outer loop
   vertex -32.3033 -35.4921 48.0641
   vertex -30.1903 -34.9180 62.3958
   vertex -30.5697 -34.6936 62.3277
  endloop
 endfacet
 facet normal 0 0 0
  outer loop
   vertex -32.3033 -35.4921 48.0641
   vertex -29.2882 -35.4367 62.6730
   vertex -30.1903 -34.9180 62.3958
  endloop
 endfacet
 facet normal 0 0 0
  outer loop
   vertex -29.2882 -35.4367 62.6730
   vertex -32.3033 -35.4921 48.0641
   vertex -29.1885 -35.4921 62.7184
  endloop
 endfacet
 facet normal 0 0 0
  outer loop
   vertex -41.6420 -47.8575 50.0490
   vertex -37.1669 -48.6559 64.9953
   vertex -40.3999 -48.6559 49.7850
  endloop
 endfacet
 facet normal 0 0 0
  outer loop
   vertex -41.6420 -47.8575 50.0490
   vertex -38.3828 -42.7952 50.0720
   vertex -41.1319 -47.2649 50.6563
  endloop
 endfacet
 facet normal 0 0 0
  outer loop
   vertex -33.5454 -34.6936 48.3281
   vertex -38.3828 -42.7952 50.0720
   vertex -41.6420 -47.8575 50.0490
  endloop
 endfacet
 facet normal 0 0 0
  outer loop
   vertex -38.3828 -42.7952 50.0720
   vertex -33.5454 -34.6936 48.3281
   vertex -33.7643 -35.2862 49.0903
  endloop
 endfacet
 facet normal 0 0 0
  outer loop
   vertex -32.6666 -35.2862 54.2548
   vertex -30.6995 -34.9180 62.3958
   vertex -30.8944 -35.2862 62.5925
  endloop
 endfacet
 facet normal 0 0 0
  outer loop
   vertex -32.6666 -35.2862 54.2548
   vertex -30.5697 -34.6936 62.3277
   vertex -30.6995 -34.9180 62.3958
  endloop
 endfacet
 facet normal 0 0 0
  outer loop
   vertex -33.5454 -34.6936 48.3281
   vertex -32.6666 -35.2862 54.2548
   vertex -33.7643 -35.2862 49.0903
  endloop
 endfacet
 facet normal 0 0 0
  outer loop
   vertex -32.6666 -35.2862 54.2548
   vertex -33.5454 -34.6936 48.3281
   vertex -30.5697 -34.6936 62.3277
  endloop
 endfacet
 facet normal 0 0 0
  outer loop
   vertex -31.1265 -38.8351 63.7114
   vertex -36.9479 -48.0633 64.2331
   vertex -37.1669 -48.6559 64.9953
  endloop
 endfacet
 facet normal 0 0 0
  outer loop
   vertex -36.9479 -48.0633 64.2331
   vertex -31.1265 -38.8351 63.7114
   vertex -31.4514 -39.1267 63.0648
  endloop
 endfacet
 facet normal 0 0 0
  outer loop
   vertex -39.4508 -48.0633 52.4581
   vertex -37.1669 -48.6559 64.9953
   vertex -36.9479 -48.0633 64.2331
  endloop
 endfacet
 facet normal 0 0 0
  outer loop
   vertex -40.3999 -48.6559 49.7850
   vertex -39.4508 -48.0633 52.4581
   vertex -39.8899 -48.0633 50.3923
  endloop
 endfacet
 facet normal 0 0 0
  outer loop
   vertex -39.4508 -48.0633 52.4581
   vertex -40.3999 -48.6559 49.7850
   vertex -37.1669 -48.6559 64.9953
  endloop
 endfacet
 facet normal 0 0 0
  outer loop
   vertex -38.7902 -46.2755 50.1585
   vertex -40.3999 -48.6559 49.7850
   vertex -39.8899 -48.0633 50.3923
  endloop
 endfacet
 facet normal 0 0 0
  outer loop
   vertex -38.3437 -45.3129 49.3480
   vertex -38.7902 -46.2755 50.1585
   vertex -38.0188 -45.0213 49.9946
  endloop
 endfacet
 facet normal 0 0 0
  outer loop
   vertex -38.7902 -46.2755 50.1585
   vertex -38.3437 -45.3129 49.3480
   vertex -40.3999 -48.6559 49.7850
  endloop
 endfacet
 facet normal 0 0 0
  outer loop
   vertex -31.1265 -38.8351 63.7114
   vertex -30.1352 -36.2644 63.5007
   vertex -29.4744 -36.1492 63.3602
  endloop
 endfacet
 facet normal 0 0 0
  outer loop
   vertex -31.1265 -38.8351 63.7114
   vertex -31.1396 -36.3785 63.7142
   vertex -30.1352 -36.2644 63.5007
  endloop
 endfacet
 facet normal 0 0 0
  outer loop
   vertex -31.1396 -36.3785 63.7142
   vertex -31.1265 -38.8351 63.7114
   vertex -37.1669 -48.6559 64.9953
  endloop
 endfacet
 facet normal 0 0 0
  outer loop
   vertex -33.5454 -34.6936 48.3281
   vertex -38.3437 -45.3129 49.3480
   vertex -32.3033 -35.4921 48.0641
  endloop
 endfacet
 facet normal 0 0 0
  outer loop
   vertex -38.3437 -45.3129 49.3480
   vertex -33.5454 -34.6936 48.3281
   vertex -40.3999 -48.6559 49.7850
  endloop
 endfacet
 facet normal 0 0 0
  outer loop
   vertex -41.6420 -47.8575 50.0490
   vertex -40.3999 -48.6559 49.7850
   vertex -33.5454 -34.6936 48.3281
  endloop
 endfacet
 facet normal 0 0 0
  outer loop
   vertex -37.1669 -48.6559 64.9953
   vertex -31.3644 -36.4041 63.7620
   vertex -31.1396 -36.3785 63.7142
  endloop
 endfacet
 facet normal 0 0 0
  outer loop
   vertex -31.3644 -36.4041 63.7620
   vertex -37.1669 -48.6559 64.9953
   vertex -38.4090 -47.8575 65.2593
  endloop
 endfacet
 facet normal 0 0 0
  outer loop
   vertex -38.4090 -47.8575 65.2593
   vertex -37.1669 -48.6559 64.9953
   vertex -41.6420 -47.8575 50.0490
  endloop
 endfacet
 facet normal 0 0 0
  outer loop
   vertex -40.1494 44.8408 72.5655
   vertex -42.2484 42.8987 75.1195
   vertex -42.6873 42.9540 73.0544
  endloop
 endfacet
 facet normal 0 0 0
  outer loop
   vertex -42.2484 42.8987 75.1195
   vertex -40.1494 44.8408 72.5655
   vertex -38.3058 44.6086 81.2388
  endloop
 endfacet
 facet normal 0 0 0
  outer loop
   vertex -31.6449 31.1610 84.8626
   vertex -32.1299 37.3099 85.1303
   vertex -29.1070 33.0478 84.3737
  endloop
 endfacet
 facet normal 0 0 0
  outer loop
   vertex -32.1299 37.3099 85.1303
   vertex -31.6449 31.1610 84.8626
   vertex -38.5372 40.8787 86.5878
  endloop
 endfacet
 facet normal 0 0 0
  outer loop
   vertex -37.2085 44.4704 86.4015
   vertex -39.6398 42.4333 86.8637
   vertex -39.7464 42.5836 86.8904
  endloop
 endfacet
 facet normal 0 0 0
  outer loop
   vertex -37.2085 44.4704 86.4015
   vertex -38.5372 40.8787 86.5878
   vertex -39.6398 42.4333 86.8637
  endloop
 endfacet
 facet normal 0 0 0
  outer loop
   vertex -38.5372 40.8787 86.5878
   vertex -37.2085 44.4704 86.4015
   vertex -32.1299 37.3099 85.1303
  endloop
 endfacet
 facet normal 0 0 0
  outer loop
   vertex -29.1070 33.0478 84.3737
   vertex -32.0839 31.2163 82.7975
   vertex -31.6449 31.1610 84.8626
  endloop
 endfacet
 facet normal 0 0 0
  outer loop
   vertex -32.0839 31.2163 82.7975
   vertex -29.1070 33.0478 84.3737
   vertex -30.9506 33.2800 75.7003
  endloop
 endfacet
 facet normal 0 0 0
  outer loop
   vertex -30.9506 33.2800 75.7003
   vertex -34.5859 31.5314 71.0266
   vertex -32.0839 31.2163 82.7975
  endloop
 endfacet
 facet normal 0 0 0
  outer loop
   vertex -34.5859 31.5314 71.0266
   vertex -30.9506 33.2800 75.7003
   vertex -32.0479 33.4182 70.5376
  endloop
 endfacet
 facet normal 0 0 0
  outer loop
   vertex -42.6873 42.9540 73.0544
   vertex -37.1265 40.5787 71.8088
   vertex -40.1494 44.8408 72.5655
  endloop
 endfacet
 facet normal 0 0 0
  outer loop
   vertex -37.1265 40.5787 71.8088
   vertex -42.6873 42.9540 73.0544
   vertex -35.7950 33.2363 71.3292
  endloop
 endfacet
 facet normal 0 0 0
  outer loop
   vertex -38.3058 44.6086 81.2388
   vertex -39.7464 42.5836 86.8904
   vertex -42.2484 42.8987 75.1195
  endloop
 endfacet
 facet normal 0 0 0
  outer loop
   vertex -39.7464 42.5836 86.8904
   vertex -38.3058 44.6086 81.2388
   vertex -37.2085 44.4704 86.4015
  endloop
 endfacet
 facet normal 0 0 0
  outer loop
   vertex -35.7950 33.2363 71.3292
   vertex -32.0479 33.4182 70.5376
   vertex -37.1265 40.5787 71.8088
  endloop
 endfacet
 facet normal 0 0 0
  outer loop
   vertex -34.6925 31.6817 71.0533
   vertex -32.0479 33.4182 70.5376
   vertex -35.7950 33.2363 71.3292
  endloop
 endfacet
 facet normal 0 0 0
  outer loop
   vertex -32.0479 33.4182 70.5376
   vertex -34.6925 31.6817 71.0533
   vertex -34.5859 31.5314 71.0266
  endloop
 endfacet
 facet normal 0 0 0
  outer loop
   vertex -36.2741 45.9015 86.9571
   vertex -37.4637 45.0171 87.1863
   vertex -39.5060 46.3086 71.7522
  endloop
 endfacet
 facet normal 0 0 0
  outer loop
   vertex -37.4637 45.0171 87.1863
   vertex -32.1299 37.3099 85.1303
   vertex -37.2085 44.4704 86.4015
  endloop
 endfacet
 facet normal 0 0 0
  outer loop
   vertex -28.5607 32.4644 84.9578
   vertex -32.1299 37.3099 85.1303
   vertex -37.4637 45.0171 87.1863
  endloop
 endfacet
 facet normal 0 0 0
  outer loop
   vertex -28.5607 32.4644 84.9578
   vertex -29.1070 33.0478 84.3737
   vertex -32.1299 37.3099 85.1303
  endloop
 endfacet
 facet normal 0 0 0
  outer loop
   vertex -28.5607 32.4644 84.9578
   vertex -30.9506 33.2800 75.7003
   vertex -29.1070 33.0478 84.3737
  endloop
 endfacet
 facet normal 0 0 0
  outer loop
   vertex -31.7927 32.8715 69.7529
   vertex -30.9506 33.2800 75.7003
   vertex -28.5607 32.4644 84.9578
  endloop
 endfacet
 facet normal 0 0 0
  outer loop
   vertex -30.9506 33.2800 75.7003
   vertex -31.7927 32.8715 69.7529
   vertex -32.0479 33.4182 70.5376
  endloop
 endfacet
 facet normal 0 0 0
  outer loop
   vertex -38.3058 44.6086 81.2388
   vertex -37.4637 45.0171 87.1863
   vertex -37.2085 44.4704 86.4015
  endloop
 endfacet
 facet normal 0 0 0
  outer loop
   vertex -40.6957 45.4242 71.9813
   vertex -38.3058 44.6086 81.2388
   vertex -40.1494 44.8408 72.5655
  endloop
 endfacet
 facet normal 0 0 0
  outer loop
   vertex -38.3058 44.6086 81.2388
   vertex -40.6957 45.4242 71.9813
   vertex -37.4637 45.0171 87.1863
  endloop
 endfacet
 facet normal 0 0 0
  outer loop
   vertex -37.1265 40.5787 71.8088
   vertex -40.6957 45.4242 71.9813
   vertex -40.1494 44.8408 72.5655
  endloop
 endfacet
 facet normal 0 0 0
  outer loop
   vertex -31.7927 32.8715 69.7529
   vertex -37.1265 40.5787 71.8088
   vertex -32.0479 33.4182 70.5376
  endloop
 endfacet
 facet normal 0 0 0
  outer loop
   vertex -37.1265 40.5787 71.8088
   vertex -31.7927 32.8715 69.7529
   vertex -40.6957 45.4242 71.9813
  endloop
 endfacet
 facet normal 0 0 0
  outer loop
   vertex -33.0411 41.3432 86.1479
   vertex -37.4637 45.0171 87.1863
   vertex -36.2741 45.9015 86.9571
  endloop
 endfacet
 facet normal 0 0 0
  outer loop
   vertex -28.5607 32.4644 84.9578
   vertex -33.0411 41.3432 86.1479
   vertex -27.3711 33.3488 84.7286
  endloop
 endfacet
 facet normal 0 0 0
  outer loop
   vertex -33.0411 41.3432 86.1479
   vertex -28.5607 32.4644 84.9578
   vertex -37.4637 45.0171 87.1863
  endloop
 endfacet
 facet normal 0 0 0
  outer loop
   vertex -28.5607 32.4644 84.9578
   vertex -27.3711 33.3488 84.7286
   vertex -31.7927 32.8715 69.7529
  endloop
 endfacet
 facet normal 0 0 0
  outer loop
   vertex -36.2741 45.9015 86.9571
   vertex -36.4577 45.4101 84.1072
   vertex -36.0188 45.3548 86.1723
  endloop
 endfacet
 facet normal 0 0 0
  outer loop
   vertex -39.5060 46.3086 71.7522
   vertex -36.4577 45.4101 84.1072
   vertex -36.2741 45.9015 86.9571
  endloop
 endfacet
 facet normal 0 0 0
  outer loop
   vertex -36.4577 45.4101 84.1072
   vertex -39.5060 46.3086 71.7522
   vertex -38.9597 45.7252 72.3363
  endloop
 endfacet
 facet normal 0 0 0
  outer loop
   vertex -39.5060 46.3086 71.7522
   vertex -37.7506 44.0204 72.0336
   vertex -38.9597 45.7252 72.3363
  endloop
 endfacet
 facet normal 0 0 0
  outer loop
   vertex -33.8360 38.3143 70.3329
   vertex -37.7506 44.0204 72.0336
   vertex -39.5060 46.3086 71.7522
  endloop
 endfacet
 facet normal 0 0 0
  outer loop
   vertex -37.7506 44.0204 72.0336
   vertex -33.8360 38.3143 70.3329
   vertex -33.8002 38.4506 71.0448
  endloop
 endfacet
 facet normal 0 0 0
  outer loop
   vertex -36.0188 45.3548 86.1723
   vertex -33.0411 41.3432 86.1479
   vertex -36.2741 45.9015 86.9571
  endloop
 endfacet
 facet normal 0 0 0
  outer loop
   vertex -33.0411 41.3432 86.1479
   vertex -36.0188 45.3548 86.1723
   vertex -33.0769 41.2068 85.4359
  endloop
 endfacet
 facet normal 0 0 0
  outer loop
   vertex -37.4637 45.0171 87.1863
   vertex -40.6957 45.4242 71.9813
   vertex -39.5060 46.3086 71.7522
  endloop
 endfacet
 facet normal 0 0 0
  outer loop
   vertex -40.6957 45.4242 71.9813
   vertex -33.8360 38.3143 70.3329
   vertex -39.5060 46.3086 71.7522
  endloop
 endfacet
 facet normal 0 0 0
  outer loop
   vertex -31.7927 32.8715 69.7529
   vertex -33.8360 38.3143 70.3329
   vertex -40.6957 45.4242 71.9813
  endloop
 endfacet
 facet normal 0 0 0
  outer loop
   vertex -33.8360 38.3143 70.3329
   vertex -31.7927 32.8715 69.7529
   vertex -30.6030 33.7559 69.5237
  endloop
 endfacet
 facet normal 0 0 0
  outer loop
   vertex -31.7927 32.8715 69.7529
   vertex -27.3711 33.3488 84.7286
   vertex -30.6030 33.7559 69.5237
  endloop
 endfacet
 facet normal 0 0 0
  outer loop
   vertex -26.6547 26.0216 78.2647
   vertex -28.5384 24.8910 84.0344
   vertex -31.0404 25.2061 72.2635
  endloop
 endfacet
 facet normal 0 0 0
  outer loop
   vertex -28.5384 24.8910 84.0344
   vertex -26.6547 26.0216 78.2647
   vertex -25.5574 25.8833 83.4274
  endloop
 endfacet
 facet normal 0 0 0
  outer loop
   vertex -25.5574 25.8833 83.4274
   vertex -27.9085 22.8839 83.8468
   vertex -28.5384 24.8910 84.0344
  endloop
 endfacet
 facet normal 0 0 0
  outer loop
   vertex -27.9085 22.8839 83.8468
   vertex -25.5574 25.8833 83.4274
   vertex -22.9118 17.4537 82.6394
  endloop
 endfacet
 facet normal 0 0 0
  outer loop
   vertex -24.3736 11.6206 82.7939
   vertex -22.9118 17.4537 82.6394
   vertex -21.3370 12.4360 82.1703
  endloop
 endfacet
 facet normal 0 0 0
  outer loop
   vertex -22.9118 17.4537 82.6394
   vertex -24.3736 11.6206 82.7939
   vertex -27.9085 22.8839 83.8468
  endloop
 endfacet
 facet normal 0 0 0
  outer loop
   vertex -24.3736 11.6206 82.7939
   vertex -21.3370 12.4360 82.1703
   vertex -24.3181 11.4437 82.7774
  endloop
 endfacet
 facet normal 0 0 0
  outer loop
   vertex -19.9952 13.0781 81.9023
   vertex -19.9396 12.9012 81.8857
   vertex -20.5695 14.9083 82.0733
  endloop
 endfacet
 facet normal 0 0 0
  outer loop
   vertex -28.4983 26.2538 69.5914
   vertex -31.0404 25.2061 72.2635
   vertex -31.4794 25.2614 70.1984
  endloop
 endfacet
 facet normal 0 0 0
  outer loop
   vertex -31.0404 25.2061 72.2635
   vertex -28.4983 26.2538 69.5914
   vertex -26.6547 26.0216 78.2647
  endloop
 endfacet
 facet normal 0 0 0
  outer loop
   vertex -31.4238 25.0845 70.1819
   vertex -28.4983 26.2538 69.5914
   vertex -31.4794 25.2614 70.1984
  endloop
 endfacet
 facet normal 0 0 0
  outer loop
   vertex -31.4238 25.0845 70.1819
   vertex -24.2779 12.8065 68.3343
   vertex -28.4983 26.2538 69.5914
  endloop
 endfacet
 facet normal 0 0 0
  outer loop
   vertex -24.2779 12.8065 68.3343
   vertex -31.4238 25.0845 70.1819
   vertex -27.2590 11.8141 68.9414
  endloop
 endfacet
 facet normal 0 0 0
  outer loop
   vertex -23.0554 13.8286 68.1018
   vertex -27.0454 26.5420 69.2903
   vertex -27.1010 26.7190 69.3068
  endloop
 endfacet
 facet normal 0 0 0
  outer loop
   vertex -24.3181 11.4437 82.7774
   vertex -24.2779 12.8065 68.3343
   vertex -27.2590 11.8141 68.9414
  endloop
 endfacet
 facet normal 0 0 0
  outer loop
   vertex -24.2779 12.8065 68.3343
   vertex -24.3181 11.4437 82.7774
   vertex -21.3370 12.4360 82.1703
  endloop
 endfacet
 facet normal 0 0 0
  outer loop
   vertex -22.9118 17.4537 82.6394
   vertex -25.6207 26.5303 84.1740
   vertex -20.9827 11.7525 82.7926
  endloop
 endfacet
 facet normal 0 0 0
  outer loop
   vertex -25.6207 26.5303 84.1740
   vertex -22.9118 17.4537 82.6394
   vertex -25.5574 25.8833 83.4274
  endloop
 endfacet
 facet normal 0 0 0
  outer loop
   vertex -20.9827 11.7525 82.7926
   vertex -21.3370 12.4360 82.1703
   vertex -22.9118 17.4537 82.6394
  endloop
 endfacet
 facet normal 0 0 0
  outer loop
   vertex -20.9827 11.7525 82.7926
   vertex -24.2779 12.8065 68.3343
   vertex -21.3370 12.4360 82.1703
  endloop
 endfacet
 facet normal 0 0 0
  outer loop
   vertex -24.2779 12.8065 68.3343
   vertex -20.9827 11.7525 82.7926
   vertex -24.2146 12.1596 67.5876
  endloop
 endfacet
 facet normal 0 0 0
  outer loop
   vertex -26.6547 26.0216 78.2647
   vertex -25.6207 26.5303 84.1740
   vertex -25.5574 25.8833 83.4274
  endloop
 endfacet
 facet normal 0 0 0
  outer loop
   vertex -28.8526 26.9374 68.9691
   vertex -26.6547 26.0216 78.2647
   vertex -28.4983 26.2538 69.5914
  endloop
 endfacet
 facet normal 0 0 0
  outer loop
   vertex -26.6547 26.0216 78.2647
   vertex -28.8526 26.9374 68.9691
   vertex -25.6207 26.5303 84.1740
  endloop
 endfacet
 facet normal 0 0 0
  outer loop
   vertex -24.2779 12.8065 68.3343
   vertex -28.8526 26.9374 68.9691
   vertex -28.4983 26.2538 69.5914
  endloop
 endfacet
 facet normal 0 0 0
  outer loop
   vertex -28.8526 26.9374 68.9691
   vertex -24.2779 12.8065 68.3343
   vertex -24.2146 12.1596 67.5876
  endloop
 endfacet
 facet normal 0 0 0
  outer loop
   vertex -25.6207 26.5303 84.1740
   vertex -24.2233 26.9954 83.8895
   vertex -20.9827 11.7525 82.7926
  endloop
 endfacet
 facet normal 0 0 0
  outer loop
   vertex -25.5861 27.1671 77.4781
   vertex -25.6207 26.5303 84.1740
   vertex -27.4552 27.4025 68.6845
  endloop
 endfacet
 facet normal 0 0 0
  outer loop
   vertex -25.6207 26.5303 84.1740
   vertex -25.5861 27.1671 77.4781
   vertex -24.2233 26.9954 83.8895
  endloop
 endfacet
 facet normal 0 0 0
  outer loop
   vertex -20.9827 11.7525 82.7926
   vertex -22.6279 12.6009 68.1938
   vertex -22.8173 12.6247 67.3031
  endloop
 endfacet
 facet normal 0 0 0
  outer loop
   vertex -22.6279 12.6009 68.1938
   vertex -20.9827 11.7525 82.7926
   vertex -19.5854 12.2176 82.5080
  endloop
 endfacet
 facet normal 0 0 0
  outer loop
   vertex -24.2146 12.1596 67.5876
   vertex -20.9827 11.7525 82.7926
   vertex -22.8173 12.6247 67.3031
  endloop
 endfacet
 facet normal 0 0 0
  outer loop
   vertex -25.5861 27.1671 77.4781
   vertex -27.1010 26.7190 69.3068
   vertex -25.3786 26.5020 77.4099
  endloop
 endfacet
 facet normal 0 0 0
  outer loop
   vertex -27.4552 27.4025 68.6845
   vertex -27.1010 26.7190 69.3068
   vertex -25.5861 27.1671 77.4781
  endloop
 endfacet
 facet normal 0 0 0
  outer loop
   vertex -23.0642 13.4114 67.3766
   vertex -27.1010 26.7190 69.3068
   vertex -27.4552 27.4025 68.6845
  endloop
 endfacet
 facet normal 0 0 0
  outer loop
   vertex -27.1010 26.7190 69.3068
   vertex -23.0642 13.4114 67.3766
   vertex -23.0554 13.8286 68.1018
  endloop
 endfacet
 facet normal 0 0 0
  outer loop
   vertex -23.0642 13.4114 67.3766
   vertex -24.2146 12.1596 67.5876
   vertex -22.8173 12.6247 67.3031
  endloop
 endfacet
 facet normal 0 0 0
  outer loop
   vertex -24.2146 12.1596 67.5876
   vertex -23.0642 13.4114 67.3766
   vertex -27.4552 27.4025 68.6845
  endloop
 endfacet
 facet normal 0 0 0
  outer loop
   vertex -20.5695 14.9083 82.0733
   vertex -22.1852 20.5013 83.2824
   vertex -22.3376 20.5416 82.6000
  endloop
 endfacet
 facet normal 0 0 0
  outer loop
   vertex -22.1852 20.5013 83.2824
   vertex -20.5695 14.9083 82.0733
   vertex -19.5854 12.2176 82.5080
  endloop
 endfacet
 facet normal 0 0 0
  outer loop
   vertex -19.9396 12.9012 81.8857
   vertex -19.5854 12.2176 82.5080
   vertex -20.5695 14.9083 82.0733
  endloop
 endfacet
 facet normal 0 0 0
  outer loop
   vertex -22.6279 12.6009 68.1938
   vertex -19.9396 12.9012 81.8857
   vertex -22.7465 13.2548 68.6804
  endloop
 endfacet
 facet normal 0 0 0
  outer loop
   vertex -19.9396 12.9012 81.8857
   vertex -22.6279 12.6009 68.1938
   vertex -19.5854 12.2176 82.5080
  endloop
 endfacet
 facet normal 0 0 0
  outer loop
   vertex -22.1852 20.5013 83.2824
   vertex -20.9827 11.7525 82.7926
   vertex -24.2233 26.9954 83.8895
  endloop
 endfacet
 facet normal 0 0 0
  outer loop
   vertex -20.9827 11.7525 82.7926
   vertex -22.1852 20.5013 83.2824
   vertex -19.5854 12.2176 82.5080
  endloop
 endfacet
 facet normal 0 0 0
  outer loop
   vertex -25.6207 26.5303 84.1740
   vertex -28.8526 26.9374 68.9691
   vertex -27.4552 27.4025 68.6845
  endloop
 endfacet
 facet normal 0 0 0
  outer loop
   vertex -27.4552 27.4025 68.6845
   vertex -28.8526 26.9374 68.9691
   vertex -24.2146 12.1596 67.5876
  endloop
 endfacet
 facet normal 0 0 0
  outer loop
   vertex -20.1434 4.4874 81.7038
   vertex -23.2745 4.3012 82.3643
   vertex -23.2735 4.4874 82.3691
  endloop
 endfacet
 facet normal 0 0 0
  outer loop
   vertex -20.2204 -9.6578 81.3415
   vertex -23.2745 4.3012 82.3643
   vertex -20.1434 4.4874 81.7038
  endloop
 endfacet
 facet normal 0 0 0
  outer loop
   vertex -23.2745 4.3012 82.3643
   vertex -20.2204 -9.6578 81.3415
   vertex -23.3504 -9.6578 82.0068
  endloop
 endfacet
 facet normal 0 0 0
  outer loop
   vertex -26.2904 -9.1013 68.1756
   vertex -23.0843 4.8578 67.8677
   vertex -26.2144 4.8578 68.5331
  endloop
 endfacet
 facet normal 0 0 0
  outer loop
   vertex -23.1613 -9.2874 67.5055
   vertex -26.2904 -9.1013 68.1756
   vertex -26.2914 -9.2874 68.1708
  endloop
 endfacet
 facet normal 0 0 0
  outer loop
   vertex -26.2904 -9.1013 68.1756
   vertex -23.1613 -9.2874 67.5055
   vertex -23.0843 4.8578 67.8677
  endloop
 endfacet
 facet normal 0 0 0
  outer loop
   vertex -21.6941 -9.2874 67.1936
   vertex -21.6931 -9.1013 67.1984
   vertex -21.6389 0.8441 67.4531
  endloop
 endfacet
 facet normal 0 0 0
  outer loop
   vertex -26.2144 4.8578 68.5331
   vertex -23.0843 4.8578 67.8677
   vertex -23.2735 4.4874 82.3691
  endloop
 endfacet
 facet normal 0 0 0
  outer loop
   vertex -23.2735 4.4874 82.3691
   vertex -23.0843 4.8578 67.8677
   vertex -20.1434 4.4874 81.7038
  endloop
 endfacet
 facet normal 0 0 0
  outer loop
   vertex -23.3504 -9.6578 82.0068
   vertex -23.1613 -9.2874 67.5055
   vertex -26.2914 -9.2874 68.1708
  endloop
 endfacet
 facet normal 0 0 0
  outer loop
   vertex -23.1613 -9.2874 67.5055
   vertex -23.3504 -9.6578 82.0068
   vertex -20.2204 -9.6578 81.3415
  endloop
 endfacet
 facet normal 0 0 0
  outer loop
   vertex -20.0787 -10.3759 82.0081
   vertex -23.1613 -9.2874 67.5055
   vertex -20.2204 -9.6578 81.3415
  endloop
 endfacet
 facet normal 0 0 0
  outer loop
   vertex -23.1613 -9.2874 67.5055
   vertex -23.3106 -9.9688 66.8031
   vertex -23.2260 5.5759 67.2012
  endloop
 endfacet
 facet normal 0 0 0
  outer loop
   vertex -23.3106 -9.9688 66.8031
   vertex -23.1613 -9.2874 67.5055
   vertex -20.0787 -10.3759 82.0081
  endloop
 endfacet
 facet normal 0 0 0
  outer loop
   vertex -23.2260 5.5759 67.2012
   vertex -23.0843 4.8578 67.8677
   vertex -23.1613 -9.2874 67.5055
  endloop
 endfacet
 facet normal 0 0 0
  outer loop
   vertex -23.3106 -9.9688 66.8031
   vertex -21.7803 1.6188 66.7880
   vertex -21.7588 5.5759 66.8893
  endloop
 endfacet
 facet normal 0 0 0
  outer loop
   vertex -21.7803 1.6188 66.7880
   vertex -23.3106 -9.9688 66.8031
   vertex -21.8434 -9.9688 66.4912
  endloop
 endfacet
 facet normal 0 0 0
  outer loop
   vertex -23.3106 -9.9688 66.8031
   vertex -18.6115 -10.3759 81.6962
   vertex -21.8434 -9.9688 66.4912
  endloop
 endfacet
 facet normal 0 0 0
  outer loop
   vertex -20.0787 -10.3759 82.0081
   vertex -20.2204 -9.6578 81.3415
   vertex -20.1434 4.4874 81.7038
  endloop
 endfacet
 facet normal 0 0 0
  outer loop
   vertex -20.1434 4.4874 81.7038
   vertex -19.9941 5.1688 82.4061
   vertex -20.0787 -10.3759 82.0081
  endloop
 endfacet
 facet normal 0 0 0
  outer loop
   vertex -23.0843 4.8578 67.8677
   vertex -19.9941 5.1688 82.4061
   vertex -20.1434 4.4874 81.7038
  endloop
 endfacet
 facet normal 0 0 0
  outer loop
   vertex -19.9941 5.1688 82.4061
   vertex -23.0843 4.8578 67.8677
   vertex -23.2260 5.5759 67.2012
  endloop
 endfacet
 facet normal 0 0 0
  outer loop
   vertex -18.5269 5.1688 82.0943
   vertex -23.2260 5.5759 67.2012
   vertex -21.7588 5.5759 66.8893
  endloop
 endfacet
 facet normal 0 0 0
  outer loop
   vertex -23.2260 5.5759 67.2012
   vertex -21.7588 5.5759 66.8893
   vertex -21.7588 5.5759 66.8893
  endloop
 endfacet
 facet normal 0 0 0
  outer loop
   vertex -21.7588 5.5759 66.8893
   vertex -23.2260 5.5759 67.2012
   vertex -23.3106 -9.9688 66.8031
  endloop
 endfacet
 facet normal 0 0 0
  outer loop
   vertex -21.8434 -9.9688 66.4912
   vertex -21.6389 0.8441 67.4531
   vertex -21.7803 1.6188 66.7880
  endloop
 endfacet
 facet normal 0 0 0
  outer loop
   vertex -21.6389 0.8441 67.4531
   vertex -21.8434 -9.9688 66.4912
   vertex -21.6941 -9.2874 67.1936
  endloop
 endfacet
 facet normal 0 0 0
  outer loop
   vertex -18.7531 -9.6578 81.0296
   vertex -18.5841 -5.3459 81.8250
   vertex -18.7294 -5.2937 81.1414
  endloop
 endfacet
 facet normal 0 0 0
  outer loop
   vertex -18.5841 -5.3459 81.8250
   vertex -18.7531 -9.6578 81.0296
   vertex -18.6115 -10.3759 81.6962
  endloop
 endfacet
 facet normal 0 0 0
  outer loop
   vertex -21.6941 -9.2874 67.1936
   vertex -18.6115 -10.3759 81.6962
   vertex -18.7531 -9.6578 81.0296
  endloop
 endfacet
 facet normal 0 0 0
  outer loop
   vertex -18.6115 -10.3759 81.6962
   vertex -21.6941 -9.2874 67.1936
   vertex -21.8434 -9.9688 66.4912
  endloop
 endfacet
 facet normal 0 0 0
  outer loop
   vertex -18.5269 5.1688 82.0943
   vertex -19.9941 5.1688 82.4061
   vertex -23.2260 5.5759 67.2012
  endloop
 endfacet
 facet normal 0 0 0
  outer loop
   vertex -18.5269 5.1688 82.0943
   vertex -19.9941 5.1688 82.4061
   vertex -18.5269 5.1688 82.0943
  endloop
 endfacet
 facet normal 0 0 0
  outer loop
   vertex -19.9941 5.1688 82.4061
   vertex -18.5269 5.1688 82.0943
   vertex -20.0787 -10.3759 82.0081
  endloop
 endfacet
 facet normal 0 0 0
  outer loop
   vertex -20.0787 -10.3759 82.0081
   vertex -18.5280 4.9643 82.0890
   vertex -18.5841 -5.3459 81.8250
  endloop
 endfacet
 facet normal 0 0 0
  outer loop
   vertex -20.0787 -10.3759 82.0081
   vertex -18.5841 -5.3459 81.8250
   vertex -18.6115 -10.3759 81.6962
  endloop
 endfacet
 facet normal 0 0 0
  outer loop
   vertex -18.5280 4.9643 82.0890
   vertex -20.0787 -10.3759 82.0081
   vertex -18.5269 5.1688 82.0943
  endloop
 endfacet
 facet normal 0 0 0
  outer loop
   vertex -20.0787 -10.3759 82.0081
   vertex -18.6115 -10.3759 81.6962
   vertex -23.3106 -9.9688 66.8031
  endloop
 endfacet
 facet normal 0 0 0
  outer loop
   vertex -21.5006 -17.6065 81.4008
   vertex -25.1226 -18.6212 82.1435
   vertex -24.4708 -16.6141 82.0587
  endloop
 endfacet
 facet normal 0 0 0
  outer loop
   vertex -25.1226 -18.6212 82.1435
   vertex -21.5006 -17.6065 81.4008
   vertex -24.2380 -26.0361 81.7570
  endloop
 endfacet
 facet normal 0 0 0
  outer loop
   vertex -24.2380 -26.0361 81.7570
   vertex -28.7802 -29.8845 82.6195
   vertex -25.1226 -18.6212 82.1435
  endloop
 endfacet
 facet normal 0 0 0
  outer loop
   vertex -25.8674 -31.0538 81.9690
   vertex -28.7802 -29.8845 82.6195
   vertex -24.2380 -26.0361 81.7570
  endloop
 endfacet
 facet normal 0 0 0
  outer loop
   vertex -28.7802 -29.8845 82.6195
   vertex -25.8674 -31.0538 81.9690
   vertex -28.8376 -30.0614 82.6269
  endloop
 endfacet
 facet normal 0 0 0
  outer loop
   vertex -23.3441 -17.3743 72.7274
   vertex -27.4117 -16.2437 68.2227
   vertex -24.4415 -17.2360 67.5647
  endloop
 endfacet
 facet normal 0 0 0
  outer loop
   vertex -27.4117 -16.2437 68.2227
   vertex -23.3441 -17.3743 72.7274
   vertex -24.9098 -16.5588 79.9936
  endloop
 endfacet
 facet normal 0 0 0
  outer loop
   vertex -23.0492 -17.7012 67.2563
   vertex -23.9092 -20.3495 67.3683
   vertex -23.1067 -17.8781 67.2638
  endloop
 endfacet
 facet normal 0 0 0
  outer loop
   vertex -27.4692 -16.4206 68.2301
   vertex -24.4415 -17.2360 67.5647
   vertex -27.4117 -16.2437 68.2227
  endloop
 endfacet
 facet normal 0 0 0
  outer loop
   vertex -28.8083 -30.6833 68.1330
   vertex -27.4692 -16.4206 68.2301
   vertex -31.7786 -29.6910 68.7909
  endloop
 endfacet
 facet normal 0 0 0
  outer loop
   vertex -27.4692 -16.4206 68.2301
   vertex -28.8083 -30.6833 68.1330
   vertex -24.4415 -17.2360 67.5647
  endloop
 endfacet
 facet normal 0 0 0
  outer loop
   vertex -25.8674 -31.0538 81.9690
   vertex -29.2766 -30.0061 80.5619
   vertex -28.8376 -30.0614 82.6269
  endloop
 endfacet
 facet normal 0 0 0
  outer loop
   vertex -29.2766 -30.0061 80.5619
   vertex -25.8674 -31.0538 81.9690
   vertex -27.7110 -30.8216 73.2957
  endloop
 endfacet
 facet normal 0 0 0
  outer loop
   vertex -27.7110 -30.8216 73.2957
   vertex -31.7786 -29.6910 68.7909
   vertex -29.2766 -30.0061 80.5619
  endloop
 endfacet
 facet normal 0 0 0
  outer loop
   vertex -31.7786 -29.6910 68.7909
   vertex -27.7110 -30.8216 73.2957
   vertex -28.8083 -30.6833 68.1330
  endloop
 endfacet
 facet normal 0 0 0
  outer loop
   vertex -21.5006 -17.6065 81.4008
   vertex -24.9098 -16.5588 79.9936
   vertex -23.3441 -17.3743 72.7274
  endloop
 endfacet
 facet normal 0 0 0
  outer loop
   vertex -24.9098 -16.5588 79.9936
   vertex -21.5006 -17.6065 81.4008
   vertex -24.4708 -16.6141 82.0587
  endloop
 endfacet
 facet normal 0 0 0
  outer loop
   vertex -24.2380 -26.0361 81.7570
   vertex -25.9379 -31.7374 82.6816
   vertex -25.8674 -31.0538 81.9690
  endloop
 endfacet
 facet normal 0 0 0
  outer loop
   vertex -25.9379 -31.7374 82.6816
   vertex -27.7110 -30.8216 73.2957
   vertex -25.8674 -31.0538 81.9690
  endloop
 endfacet
 facet normal 0 0 0
  outer loop
   vertex -29.1698 -31.3303 67.4766
   vertex -27.7110 -30.8216 73.2957
   vertex -25.9379 -31.7374 82.6816
  endloop
 endfacet
 facet normal 0 0 0
  outer loop
   vertex -28.8083 -30.6833 68.1330
   vertex -29.1698 -31.3303 67.4766
   vertex -24.4415 -17.2360 67.5647
  endloop
 endfacet
 facet normal 0 0 0
  outer loop
   vertex -27.7110 -30.8216 73.2957
   vertex -29.1698 -31.3303 67.4766
   vertex -28.8083 -30.6833 68.1330
  endloop
 endfacet
 facet normal 0 0 0
  outer loop
   vertex -25.9379 -31.7374 82.6816
   vertex -24.2380 -26.0361 81.7570
   vertex -21.1390 -16.9596 82.0571
  endloop
 endfacet
 facet normal 0 0 0
  outer loop
   vertex -21.5006 -17.6065 81.4008
   vertex -21.1390 -16.9596 82.0571
   vertex -24.2380 -26.0361 81.7570
  endloop
 endfacet
 facet normal 0 0 0
  outer loop
   vertex -23.3441 -17.3743 72.7274
   vertex -21.1390 -16.9596 82.0571
   vertex -21.5006 -17.6065 81.4008
  endloop
 endfacet
 facet normal 0 0 0
  outer loop
   vertex -24.3710 -16.5525 66.8522
   vertex -23.3441 -17.3743 72.7274
   vertex -24.4415 -17.2360 67.5647
  endloop
 endfacet
 facet normal 0 0 0
  outer loop
   vertex -23.3441 -17.3743 72.7274
   vertex -24.3710 -16.5525 66.8522
   vertex -21.1390 -16.9596 82.0571
  endloop
 endfacet
 facet normal 0 0 0
  outer loop
   vertex -24.3710 -16.5525 66.8522
   vertex -24.4415 -17.2360 67.5647
   vertex -29.1698 -31.3303 67.4766
  endloop
 endfacet
 facet normal 0 0 0
  outer loop
   vertex -21.1390 -16.9596 82.0571
   vertex -24.3710 -16.5525 66.8522
   vertex -22.9787 -17.0176 66.5438
  endloop
 endfacet
 facet normal 0 0 0
  outer loop
   vertex -29.1698 -31.3303 67.4766
   vertex -24.5456 -32.2025 82.3732
   vertex -27.7775 -31.7954 67.1683
  endloop
 endfacet
 facet normal 0 0 0
  outer loop
   vertex -20.1083 -18.0716 81.0924
   vertex -21.8116 -23.7834 82.0174
   vertex -19.7467 -17.4247 81.7487
  endloop
 endfacet
 facet normal 0 0 0
  outer loop
   vertex -21.8116 -23.7834 82.0174
   vertex -20.1083 -18.0716 81.0924
   vertex -21.9872 -23.8578 81.3369
  endloop
 endfacet
 facet normal 0 0 0
  outer loop
   vertex -19.7467 -17.4247 81.7487
   vertex -22.6103 -17.7565 69.3214
   vertex -20.1083 -18.0716 81.0924
  endloop
 endfacet
 facet normal 0 0 0
  outer loop
   vertex -22.9787 -17.0176 66.5438
   vertex -22.6103 -17.7565 69.3214
   vertex -19.7467 -17.4247 81.7487
  endloop
 endfacet
 facet normal 0 0 0
  outer loop
   vertex -23.0492 -17.7012 67.2563
   vertex -22.9787 -17.0176 66.5438
   vertex -23.9237 -19.9279 66.6667
  endloop
 endfacet
 facet normal 0 0 0
  outer loop
   vertex -22.6103 -17.7565 69.3214
   vertex -22.9787 -17.0176 66.5438
   vertex -23.0492 -17.7012 67.2563
  endloop
 endfacet
 facet normal 0 0 0
  outer loop
   vertex -23.9092 -20.3495 67.3683
   vertex -23.0492 -17.7012 67.2563
   vertex -23.9237 -19.9279 66.6667
  endloop
 endfacet
 facet normal 0 0 0
  outer loop
   vertex -21.8116 -23.7834 82.0174
   vertex -21.1390 -16.9596 82.0571
   vertex -19.7467 -17.4247 81.7487
  endloop
 endfacet
 facet normal 0 0 0
  outer loop
   vertex -21.8116 -23.7834 82.0174
   vertex -25.9379 -31.7374 82.6816
   vertex -21.1390 -16.9596 82.0571
  endloop
 endfacet
 facet normal 0 0 0
  outer loop
   vertex -24.4825 -32.0081 82.3650
   vertex -25.9379 -31.7374 82.6816
   vertex -21.8116 -23.7834 82.0174
  endloop
 endfacet
 facet normal 0 0 0
  outer loop
   vertex -25.9379 -31.7374 82.6816
   vertex -24.4825 -32.0081 82.3650
   vertex -24.5456 -32.2025 82.3732
  endloop
 endfacet
 facet normal 0 0 0
  outer loop
   vertex -24.3710 -16.5525 66.8522
   vertex -23.9237 -19.9279 66.6667
   vertex -22.9787 -17.0176 66.5438
  endloop
 endfacet
 facet normal 0 0 0
  outer loop
   vertex -29.1698 -31.3303 67.4766
   vertex -23.9237 -19.9279 66.6667
   vertex -24.3710 -16.5525 66.8522
  endloop
 endfacet
 facet normal 0 0 0
  outer loop
   vertex -23.9237 -19.9279 66.6667
   vertex -29.1698 -31.3303 67.4766
   vertex -27.7775 -31.7954 67.1683
  endloop
 endfacet
 facet normal 0 0 0
  outer loop
   vertex -25.9379 -31.7374 82.6816
   vertex -24.5456 -32.2025 82.3732
   vertex -29.1698 -31.3303 67.4766
  endloop
 endfacet
 facet normal 0 0 0
  outer loop
   vertex -19.7467 -17.4247 81.7487
   vertex -21.1390 -16.9596 82.0571
   vertex -22.9787 -17.0176 66.5438
  endloop
 endfacet
 facet normal 0 0 0
  outer loop
   vertex -42.7402 -47.4389 72.8056
   vertex -40.6618 -49.2704 70.1549
   vertex -43.1791 -47.3836 70.7405
  endloop
 endfacet
 facet normal 0 0 0
  outer loop
   vertex -40.6618 -49.2704 70.1549
   vertex -42.7402 -47.4389 72.8056
   vertex -38.8182 -49.5026 78.8282
  endloop
 endfacet
 facet normal 0 0 0
  outer loop
   vertex -40.2382 -47.7540 84.5765
   vertex -38.8182 -49.5026 78.8282
   vertex -42.7402 -47.4389 72.8056
  endloop
 endfacet
 facet normal 0 0 0
  outer loop
   vertex -38.8182 -49.5026 78.8282
   vertex -40.2382 -47.7540 84.5765
   vertex -37.7208 -49.6408 83.9909
  endloop
 endfacet
 facet normal 0 0 0
  outer loop
   vertex -43.1791 -47.3836 70.7405
   vertex -37.5924 -45.0082 69.6166
   vertex -36.1811 -37.6659 69.5132
  endloop
 endfacet
 facet normal 0 0 0
  outer loop
   vertex -37.5924 -45.0082 69.6166
   vertex -43.1791 -47.3836 70.7405
   vertex -40.6618 -49.2704 70.1549
  endloop
 endfacet
 facet normal 0 0 0
  outer loop
   vertex -36.4326 -50.3749 83.6974
   vertex -36.5408 -50.5252 83.7164
   vertex -32.9747 -45.5733 83.0910
  endloop
 endfacet
 facet normal 0 0 0
  outer loop
   vertex -29.4950 -38.2182 82.5483
   vertex -40.2382 -47.7540 84.5765
   vertex -32.0124 -36.3314 83.1339
  endloop
 endfacet
 facet normal 0 0 0
  outer loop
   vertex -40.2382 -47.7540 84.5765
   vertex -29.4950 -38.2182 82.5483
   vertex -37.7208 -49.6408 83.9909
  endloop
 endfacet
 facet normal 0 0 0
  outer loop
   vertex -38.2540 -48.4499 69.6651
   vertex -31.3642 -38.8825 68.4568
   vertex -31.2559 -38.7322 68.4378
  endloop
 endfacet
 facet normal 0 0 0
  outer loop
   vertex -36.1811 -37.6659 69.5132
   vertex -32.4359 -37.8478 68.7123
   vertex -34.9533 -35.9610 69.2979
  endloop
 endfacet
 facet normal 0 0 0
  outer loop
   vertex -32.4359 -37.8478 68.7123
   vertex -36.1811 -37.6659 69.5132
   vertex -37.5924 -45.0082 69.6166
  endloop
 endfacet
 facet normal 0 0 0
  outer loop
   vertex -29.4950 -38.2182 82.5483
   vertex -34.9533 -35.9610 69.2979
   vertex -32.4359 -37.8478 68.7123
  endloop
 endfacet
 facet normal 0 0 0
  outer loop
   vertex -34.9533 -35.9610 69.2979
   vertex -29.4950 -38.2182 82.5483
   vertex -32.0124 -36.3314 83.1339
  endloop
 endfacet
 facet normal 0 0 0
  outer loop
   vertex -37.9823 -50.2242 84.7467
   vertex -38.8182 -49.5026 78.8282
   vertex -37.7208 -49.6408 83.9909
  endloop
 endfacet
 facet normal 0 0 0
  outer loop
   vertex -41.2142 -49.8171 69.5418
   vertex -38.8182 -49.5026 78.8282
   vertex -37.9823 -50.2242 84.7467
  endloop
 endfacet
 facet normal 0 0 0
  outer loop
   vertex -38.8182 -49.5026 78.8282
   vertex -41.2142 -49.8171 69.5418
   vertex -40.6618 -49.2704 70.1549
  endloop
 endfacet
 facet normal 0 0 0
  outer loop
   vertex -41.2142 -49.8171 69.5418
   vertex -37.5924 -45.0082 69.6166
   vertex -40.6618 -49.2704 70.1549
  endloop
 endfacet
 facet normal 0 0 0
  outer loop
   vertex -32.1745 -37.2644 67.9565
   vertex -37.5924 -45.0082 69.6166
   vertex -41.2142 -49.8171 69.5418
  endloop
 endfacet
 facet normal 0 0 0
  outer loop
   vertex -37.5924 -45.0082 69.6166
   vertex -32.1745 -37.2644 67.9565
   vertex -32.4359 -37.8478 68.7123
  endloop
 endfacet
 facet normal 0 0 0
  outer loop
   vertex -37.7208 -49.6408 83.9909
   vertex -28.9426 -37.6715 83.1614
   vertex -37.9823 -50.2242 84.7467
  endloop
 endfacet
 facet normal 0 0 0
  outer loop
   vertex -29.4950 -38.2182 82.5483
   vertex -28.9426 -37.6715 83.1614
   vertex -37.7208 -49.6408 83.9909
  endloop
 endfacet
 facet normal 0 0 0
  outer loop
   vertex -32.4359 -37.8478 68.7123
   vertex -28.9426 -37.6715 83.1614
   vertex -29.4950 -38.2182 82.5483
  endloop
 endfacet
 facet normal 0 0 0
  outer loop
   vertex -28.9426 -37.6715 83.1614
   vertex -32.4359 -37.8478 68.7123
   vertex -32.1745 -37.2644 67.9565
  endloop
 endfacet
 facet normal 0 0 0
  outer loop
   vertex -27.7626 -38.5559 82.8869
   vertex -28.9426 -37.6715 83.1614
   vertex -32.1745 -37.2644 67.9565
  endloop
 endfacet
 facet normal 0 0 0
  outer loop
   vertex -33.7283 -46.8400 83.9331
   vertex -28.9426 -37.6715 83.1614
   vertex -27.7626 -38.5559 82.8869
  endloop
 endfacet
 facet normal 0 0 0
  outer loop
   vertex -33.7283 -46.8400 83.9331
   vertex -37.9823 -50.2242 84.7467
   vertex -28.9426 -37.6715 83.1614
  endloop
 endfacet
 facet normal 0 0 0
  outer loop
   vertex -37.9823 -50.2242 84.7467
   vertex -33.7283 -46.8400 83.9331
   vertex -36.8022 -51.1086 84.4722
  endloop
 endfacet
 facet normal 0 0 0
  outer loop
   vertex -41.2142 -49.8171 69.5418
   vertex -30.9945 -38.1488 67.6820
   vertex -32.1745 -37.2644 67.9565
  endloop
 endfacet
 facet normal 0 0 0
  outer loop
   vertex -30.9945 -38.1488 67.6820
   vertex -41.2142 -49.8171 69.5418
   vertex -40.0342 -50.7015 69.2673
  endloop
 endfacet
 facet normal 0 0 0
  outer loop
   vertex -28.7280 -38.4343 78.3450
   vertex -32.1745 -37.2644 67.9565
   vertex -30.9945 -38.1488 67.6820
  endloop
 endfacet
 facet normal 0 0 0
  outer loop
   vertex -32.1745 -37.2644 67.9565
   vertex -28.7280 -38.4343 78.3450
   vertex -27.7626 -38.5559 82.8869
  endloop
 endfacet
 facet normal 0 0 0
  outer loop
   vertex -28.7280 -38.4343 78.3450
   vertex -31.2559 -38.7322 68.4378
   vertex -29.0690 -39.0077 78.7262
  endloop
 endfacet
 facet normal 0 0 0
  outer loop
   vertex -31.2559 -38.7322 68.4378
   vertex -28.7280 -38.4343 78.3450
   vertex -30.9945 -38.1488 67.6820
  endloop
 endfacet
 facet normal 0 0 0
  outer loop
   vertex -33.7283 -46.8400 83.9331
   vertex -32.9747 -45.5733 83.0910
   vertex -36.5408 -50.5252 83.7164
  endloop
 endfacet
 facet normal 0 0 0
  outer loop
   vertex -36.5408 -50.5252 83.7164
   vertex -36.8022 -51.1086 84.4722
   vertex -33.7283 -46.8400 83.9331
  endloop
 endfacet
 facet normal 0 0 0
  outer loop
   vertex -36.9798 -50.4700 81.6513
   vertex -36.8022 -51.1086 84.4722
   vertex -36.5408 -50.5252 83.7164
  endloop
 endfacet
 facet normal 0 0 0
  outer loop
   vertex -40.0342 -50.7015 69.2673
   vertex -36.9798 -50.4700 81.6513
   vertex -39.4817 -50.1548 69.8804
  endloop
 endfacet
 facet normal 0 0 0
  outer loop
   vertex -36.9798 -50.4700 81.6513
   vertex -40.0342 -50.7015 69.2673
   vertex -36.8022 -51.1086 84.4722
  endloop
 endfacet
 facet normal 0 0 0
  outer loop
   vertex -38.2540 -48.4499 69.6651
   vertex -40.0342 -50.7015 69.2673
   vertex -39.4817 -50.1548 69.8804
  endloop
 endfacet
 facet normal 0 0 0
  outer loop
   vertex -30.9945 -38.1488 67.6820
   vertex -38.2540 -48.4499 69.6651
   vertex -31.2559 -38.7322 68.4378
  endloop
 endfacet
 facet normal 0 0 0
  outer loop
   vertex -38.2540 -48.4499 69.6651
   vertex -30.9945 -38.1488 67.6820
   vertex -40.0342 -50.7015 69.2673
  endloop
 endfacet
 facet normal 0 0 0
  outer loop
   vertex -37.9823 -50.2242 84.7467
   vertex -36.8022 -51.1086 84.4722
   vertex -40.0342 -50.7015 69.2673
  endloop
 endfacet
 facet normal 0 0 0
  outer loop
   vertex -41.2142 -49.8171 69.5418
   vertex -37.9823 -50.2242 84.7467
   vertex -40.0342 -50.7015 69.2673
  endloop
 endfacet
 facet normal 0 0 0
  outer loop
   vertex -26.8660 19.7097 107.9884
   vertex -28.5884 16.9517 111.5893
   vertex -28.1062 17.2767 111.7630
  endloop
 endfacet
 facet normal 0 0 0
  outer loop
   vertex -26.8660 19.7097 107.9884
   vertex -28.1062 17.2767 111.7630
   vertex -27.3708 17.7313 112.1361
  endloop
 endfacet
 facet normal 0 0 0
  outer loop
   vertex -28.5884 16.9517 111.5893
   vertex -26.8660 19.7097 107.9884
   vertex -30.7090 19.0084 101.6125
  endloop
 endfacet
 facet normal 0 0 0
  outer loop
   vertex -26.6981 18.1044 112.5907
   vertex -26.8660 19.7097 107.9884
   vertex -27.3708 17.7313 112.1361
  endloop
 endfacet
 facet normal 0 0 0
  outer loop
   vertex -25.7899 18.6660 113.0510
   vertex -26.6981 18.1044 112.5907
   vertex -26.1617 18.3589 113.0667
  endloop
 endfacet
 facet normal 0 0 0
  outer loop
   vertex -26.6981 18.1044 112.5907
   vertex -25.7899 18.6660 113.0510
   vertex -26.8660 19.7097 107.9884
  endloop
 endfacet
 facet normal 0 0 0
  outer loop
   vertex -28.8223 18.5524 113.6721
   vertex -31.1472 25.2782 115.5524
   vertex -25.7899 18.6660 113.0510
  endloop
 endfacet
 facet normal 0 0 0
  outer loop
   vertex -31.1472 25.2782 115.5524
   vertex -28.8223 18.5524 113.6721
   vertex -29.6147 18.5693 113.8441
  endloop
 endfacet
 facet normal 0 0 0
  outer loop
   vertex -25.7899 18.6660 113.0510
   vertex -26.3401 18.3816 113.1094
   vertex -28.8223 18.5524 113.6721
  endloop
 endfacet
 facet normal 0 0 0
  outer loop
   vertex -26.3401 18.3816 113.1094
   vertex -25.7899 18.6660 113.0510
   vertex -26.1617 18.3589 113.0667
  endloop
 endfacet
 facet normal 0 0 0
  outer loop
   vertex -28.7936 23.9922 100.0301
   vertex -27.5181 22.4178 99.4345
   vertex -27.6305 22.5566 99.4870
  endloop
 endfacet
 facet normal 0 0 0
  outer loop
   vertex -31.1395 19.4258 99.5875
   vertex -31.8627 25.3987 100.9724
   vertex -38.4101 28.3995 102.9827
  endloop
 endfacet
 facet normal 0 0 0
  outer loop
   vertex -31.8627 25.3987 100.9724
   vertex -31.1395 19.4258 99.5875
   vertex -28.6738 21.4629 99.4833
  endloop
 endfacet
 facet normal 0 0 0
  outer loop
   vertex -35.4122 30.2576 111.9793
   vertex -36.8017 27.1769 117.1464
   vertex -39.2552 29.5563 105.6034
  endloop
 endfacet
 facet normal 0 0 0
  outer loop
   vertex -36.8017 27.1769 117.1464
   vertex -35.4122 30.2576 111.9793
   vertex -34.3361 29.2140 117.0414
  endloop
 endfacet
 facet normal 0 0 0
  outer loop
   vertex -33.0679 30.0301 116.9404
   vertex -31.9048 28.5946 116.3974
   vertex -33.1803 30.1689 116.9934
  endloop
 endfacet
 facet normal 0 0 0
  outer loop
   vertex -31.1472 25.2782 115.5524
   vertex -36.8017 27.1769 117.1464
   vertex -34.3361 29.2140 117.0414
  endloop
 endfacet
 facet normal 0 0 0
  outer loop
   vertex -31.1472 25.2782 115.5524
   vertex -29.8314 18.5739 113.8911
   vertex -36.8017 27.1769 117.1464
  endloop
 endfacet
 facet normal 0 0 0
  outer loop
   vertex -29.8314 18.5739 113.8911
   vertex -31.1472 25.2782 115.5524
   vertex -29.6147 18.5693 113.8441
  endloop
 endfacet
 facet normal 0 0 0
  outer loop
   vertex -39.5732 29.8350 103.5258
   vertex -37.2200 32.0109 103.4742
   vertex -39.6856 29.9738 103.5783
  endloop
 endfacet
 facet normal 0 0 0
  outer loop
   vertex -38.4101 28.3995 102.9827
   vertex -37.2200 32.0109 103.4742
   vertex -39.5732 29.8350 103.5258
  endloop
 endfacet
 facet normal 0 0 0
  outer loop
   vertex -37.2200 32.0109 103.4742
   vertex -38.4101 28.3995 102.9827
   vertex -31.8627 25.3987 100.9724
  endloop
 endfacet
 facet normal 0 0 0
  outer loop
   vertex -30.7090 19.0084 101.6125
   vertex -28.6738 21.4629 99.4833
   vertex -31.1395 19.4258 99.5875
  endloop
 endfacet
 facet normal 0 0 0
  outer loop
   vertex -28.6738 21.4629 99.4833
   vertex -30.7090 19.0084 101.6125
   vertex -26.8660 19.7097 107.9884
  endloop
 endfacet
 facet normal 0 0 0
  outer loop
   vertex -37.2200 32.0109 103.4742
   vertex -39.2552 29.5563 105.6034
   vertex -39.6856 29.9738 103.5783
  endloop
 endfacet
 facet normal 0 0 0
  outer loop
   vertex -39.2552 29.5563 105.6034
   vertex -37.2200 32.0109 103.4742
   vertex -35.4122 30.2576 111.9793
  endloop
 endfacet
 facet normal 0 0 0
  outer loop
   vertex -34.6162 29.5975 117.9104
   vertex -31.1472 25.2782 115.5524
   vertex -34.3361 29.2140 117.0414
  endloop
 endfacet
 facet normal 0 0 0
  outer loop
   vertex -25.6722 18.5584 113.7339
   vertex -31.1472 25.2782 115.5524
   vertex -34.6162 29.5975 117.9104
  endloop
 endfacet
 facet normal 0 0 0
  outer loop
   vertex -25.7899 18.6660 113.0510
   vertex -25.6722 18.5584 113.7339
   vertex -25.6698 18.5524 113.6721
  endloop
 endfacet
 facet normal 0 0 0
  outer loop
   vertex -25.7899 18.6660 113.0510
   vertex -25.6698 18.5524 113.6721
   vertex -25.5525 18.3816 113.1094
  endloop
 endfacet
 facet normal 0 0 0
  outer loop
   vertex -25.6722 18.5584 113.7339
   vertex -25.7899 18.6660 113.0510
   vertex -31.1472 25.2782 115.5524
  endloop
 endfacet
 facet normal 0 0 0
  outer loop
   vertex -25.3960 18.1723 112.7176
   vertex -25.7899 18.6660 113.0510
   vertex -25.5525 18.3816 113.1094
  endloop
 endfacet
 facet normal 0 0 0
  outer loop
   vertex -25.3960 18.1723 112.7176
   vertex -26.8660 19.7097 107.9884
   vertex -25.7899 18.6660 113.0510
  endloop
 endfacet
 facet normal 0 0 0
  outer loop
   vertex -28.3937 21.0795 98.6147
   vertex -26.8660 19.7097 107.9884
   vertex -25.3960 18.1723 112.7176
  endloop
 endfacet
 facet normal 0 0 0
  outer loop
   vertex -26.8660 19.7097 107.9884
   vertex -28.3937 21.0795 98.6147
   vertex -28.6738 21.4629 99.4833
  endloop
 endfacet
 facet normal 0 0 0
  outer loop
   vertex -37.7854 32.6711 103.0004
   vertex -28.3937 21.0795 98.6147
   vertex -27.2379 22.0344 98.5658
  endloop
 endfacet
 facet normal 0 0 0
  outer loop
   vertex -34.6162 29.5975 117.9104
   vertex -33.4604 30.5524 117.8614
   vertex -24.0687 18.9608 113.4760
  endloop
 endfacet
 facet normal 0 0 0
  outer loop
   vertex -35.4122 30.2576 111.9793
   vertex -34.6162 29.5975 117.9104
   vertex -34.3361 29.2140 117.0414
  endloop
 endfacet
 facet normal 0 0 0
  outer loop
   vertex -37.7854 32.6711 103.0004
   vertex -35.4122 30.2576 111.9793
   vertex -37.2200 32.0109 103.4742
  endloop
 endfacet
 facet normal 0 0 0
  outer loop
   vertex -35.4122 30.2576 111.9793
   vertex -37.7854 32.6711 103.0004
   vertex -34.6162 29.5975 117.9104
  endloop
 endfacet
 facet normal 0 0 0
  outer loop
   vertex -31.8627 25.3987 100.9724
   vertex -37.7854 32.6711 103.0004
   vertex -37.2200 32.0109 103.4742
  endloop
 endfacet
 facet normal 0 0 0
  outer loop
   vertex -28.3937 21.0795 98.6147
   vertex -31.8627 25.3987 100.9724
   vertex -28.6738 21.4629 99.4833
  endloop
 endfacet
 facet normal 0 0 0
  outer loop
   vertex -31.8627 25.3987 100.9724
   vertex -28.3937 21.0795 98.6147
   vertex -37.7854 32.6711 103.0004
  endloop
 endfacet
 facet normal 0 0 0
  outer loop
   vertex -24.0687 18.9608 113.4760
   vertex -25.6722 18.5584 113.7339
   vertex -34.6162 29.5975 117.9104
  endloop
 endfacet
 facet normal 0 0 0
  outer loop
   vertex -24.0687 18.9608 113.4760
   vertex -25.3877 18.5524 113.6721
   vertex -25.6722 18.5584 113.7339
  endloop
 endfacet
 facet normal 0 0 0
  outer loop
   vertex -25.3877 18.5524 113.6721
   vertex -24.0687 18.9608 113.4760
   vertex -24.6264 18.5000 113.4995
  endloop
 endfacet
 facet normal 0 0 0
  outer loop
   vertex -37.7854 32.6711 103.0004
   vertex -33.0562 29.2155 101.2829
   vertex -36.6297 33.6260 102.9516
  endloop
 endfacet
 facet normal 0 0 0
  outer loop
   vertex -33.0562 29.2155 101.2829
   vertex -37.7854 32.6711 103.0004
   vertex -27.2379 22.0344 98.5658
  endloop
 endfacet
 facet normal 0 0 0
  outer loop
   vertex -33.4604 30.5524 117.8614
   vertex -33.6108 30.5864 114.9684
   vertex -33.1803 30.1689 116.9934
  endloop
 endfacet
 facet normal 0 0 0
  outer loop
   vertex -35.9506 32.9674 106.1462
   vertex -33.6108 30.5864 114.9684
   vertex -33.4604 30.5524 117.8614
  endloop
 endfacet
 facet normal 0 0 0
  outer loop
   vertex -33.6108 30.5864 114.9684
   vertex -35.9506 32.9674 106.1462
   vertex -35.5196 32.4376 105.9878
  endloop
 endfacet
 facet normal 0 0 0
  outer loop
   vertex -31.9048 28.5946 116.3974
   vertex -33.4604 30.5524 117.8614
   vertex -33.1803 30.1689 116.9934
  endloop
 endfacet
 facet normal 0 0 0
  outer loop
   vertex -31.9048 28.5946 116.3974
   vertex -24.0687 18.9608 113.4760
   vertex -33.4604 30.5524 117.8614
  endloop
 endfacet
 facet normal 0 0 0
  outer loop
   vertex -24.0687 18.9608 113.4760
   vertex -31.9048 28.5946 116.3974
   vertex -24.6341 19.6209 113.0022
  endloop
 endfacet
 facet normal 0 0 0
  outer loop
   vertex -33.0562 29.2155 101.2829
   vertex -28.7936 23.9922 100.0301
   vertex -33.1979 29.4281 102.0868
  endloop
 endfacet
 facet normal 0 0 0
  outer loop
   vertex -27.2379 22.0344 98.5658
   vertex -28.7936 23.9922 100.0301
   vertex -33.0562 29.2155 101.2829
  endloop
 endfacet
 facet normal 0 0 0
  outer loop
   vertex -28.7936 23.9922 100.0301
   vertex -27.2379 22.0344 98.5658
   vertex -27.5181 22.4178 99.4345
  endloop
 endfacet
 facet normal 0 0 0
  outer loop
   vertex -25.0646 20.0384 110.9772
   vertex -24.0687 18.9608 113.4760
   vertex -24.6341 19.6209 113.0022
  endloop
 endfacet
 facet normal 0 0 0
  outer loop
   vertex -27.2379 22.0344 98.5658
   vertex -25.0646 20.0384 110.9772
   vertex -27.5181 22.4178 99.4345
  endloop
 endfacet
 facet normal 0 0 0
  outer loop
   vertex -25.0646 20.0384 110.9772
   vertex -27.2379 22.0344 98.5658
   vertex -24.0687 18.9608 113.4760
  endloop
 endfacet
 facet normal 0 0 0
  outer loop
   vertex -25.3960 18.1723 112.7176
   vertex -27.2379 22.0344 98.5658
   vertex -28.3937 21.0795 98.6147
  endloop
 endfacet
 facet normal 0 0 0
  outer loop
   vertex -24.0687 18.9608 113.4760
   vertex -25.3960 18.1723 112.7176
   vertex -24.9547 18.3816 113.1094
  endloop
 endfacet
 facet normal 0 0 0
  outer loop
   vertex -24.0687 18.9608 113.4760
   vertex -24.9547 18.3816 113.1094
   vertex -24.6264 18.5000 113.4995
  endloop
 endfacet
 facet normal 0 0 0
  outer loop
   vertex -25.3960 18.1723 112.7176
   vertex -24.0687 18.9608 113.4760
   vertex -27.2379 22.0344 98.5658
  endloop
 endfacet
 facet normal 0 0 0
  outer loop
   vertex -35.9506 32.9674 106.1462
   vertex -37.7854 32.6711 103.0004
   vertex -36.6297 33.6260 102.9516
  endloop
 endfacet
 facet normal 0 0 0
  outer loop
   vertex -37.7854 32.6711 103.0004
   vertex -35.9506 32.9674 106.1462
   vertex -33.4604 30.5524 117.8614
  endloop
 endfacet
 facet normal 0 0 0
  outer loop
   vertex -33.4604 30.5524 117.8614
   vertex -34.6162 29.5975 117.9104
   vertex -37.7854 32.6711 103.0004
  endloop
 endfacet
 facet normal 0 0 0
  outer loop
   vertex -27.7168 13.0527 97.5462
   vertex -24.7905 14.3096 97.1833
   vertex -27.7727 13.2240 97.5934
  endloop
 endfacet
 facet normal 0 0 0
  outer loop
   vertex -27.7168 13.0527 97.5462
   vertex -23.2067 9.4538 95.8457
   vertex -24.7905 14.3096 97.1833
  endloop
 endfacet
 facet normal 0 0 0
  outer loop
   vertex -23.2067 9.4538 95.8457
   vertex -27.7168 13.0527 97.5462
   vertex -24.1616 2.1527 94.5435
  endloop
 endfacet
 facet normal 0 0 0
  outer loop
   vertex -17.6621 -1.5009 107.1661
   vertex -21.2777 -0.6442 108.1113
   vertex -20.3228 6.6569 109.4134
  endloop
 endfacet
 facet normal 0 0 0
  outer loop
   vertex -17.6621 -1.5009 107.1661
   vertex -20.7000 -2.4153 107.6234
   vertex -21.2777 -0.6442 108.1113
  endloop
 endfacet
 facet normal 0 0 0
  outer loop
   vertex -20.7000 -2.4153 107.6234
   vertex -17.6621 -1.5009 107.1661
   vertex -20.6442 -2.5865 107.5762
  endloop
 endfacet
 facet normal 0 0 0
  outer loop
   vertex -23.7145 13.2660 102.2459
   vertex -27.7727 13.2240 97.5934
   vertex -24.7905 14.3096 97.1833
  endloop
 endfacet
 facet normal 0 0 0
  outer loop
   vertex -27.7727 13.2240 97.5934
   vertex -23.7145 13.2660 102.2459
   vertex -25.3192 10.8445 109.1361
  endloop
 endfacet
 facet normal 0 0 0
  outer loop
   vertex -17.6621 -1.5009 107.1661
   vertex -21.0746 -2.1691 105.5512
   vertex -20.6442 -2.5865 107.5762
  endloop
 endfacet
 facet normal 0 0 0
  outer loop
   vertex -21.0746 -2.1691 105.5512
   vertex -17.6621 -1.5009 107.1661
   vertex -19.4699 0.2524 98.6610
  endloop
 endfacet
 facet normal 0 0 0
  outer loop
   vertex -19.4699 0.2524 98.6610
   vertex -23.5281 0.2104 94.0085
   vertex -21.0746 -2.1691 105.5512
  endloop
 endfacet
 facet normal 0 0 0
  outer loop
   vertex -23.5281 0.2104 94.0085
   vertex -19.4699 0.2524 98.6610
   vertex -20.5460 1.2960 93.5984
  endloop
 endfacet
 facet normal 0 0 0
  outer loop
   vertex -21.9066 11.5127 110.7510
   vertex -25.3192 10.8445 109.1361
   vertex -23.7145 13.2660 102.2459
  endloop
 endfacet
 facet normal 0 0 0
  outer loop
   vertex -25.3192 10.8445 109.1361
   vertex -21.9066 11.5127 110.7510
   vertex -24.8888 10.4271 111.1611
  endloop
 endfacet
 facet normal 0 0 0
  outer loop
   vertex -20.5087 12.0216 110.5588
   vertex -20.4529 11.8504 110.5116
   vertex -19.8951 10.1402 110.0405
  endloop
 endfacet
 facet normal 0 0 0
  outer loop
   vertex -20.3228 6.6569 109.4134
   vertex -24.8888 10.4271 111.1611
   vertex -21.9066 11.5127 110.7510
  endloop
 endfacet
 facet normal 0 0 0
  outer loop
   vertex -24.8888 10.4271 111.1611
   vertex -20.3228 6.6569 109.4134
   vertex -21.2777 -0.6442 108.1113
  endloop
 endfacet
 facet normal 0 0 0
  outer loop
   vertex -24.1616 2.1527 94.5435
   vertex -20.5460 1.2960 93.5984
   vertex -23.2067 9.4538 95.8457
  endloop
 endfacet
 facet normal 0 0 0
  outer loop
   vertex -20.5460 1.2960 93.5984
   vertex -24.1616 2.1527 94.5435
   vertex -23.5281 0.2104 94.0085
  endloop
 endfacet
 facet normal 0 0 0
  outer loop
   vertex -21.9739 12.0181 111.5996
   vertex -20.3228 6.6569 109.4134
   vertex -21.9066 11.5127 110.7510
  endloop
 endfacet
 facet normal 0 0 0
  outer loop
   vertex -17.3094 -2.2830 107.6600
   vertex -20.3228 6.6569 109.4134
   vertex -21.9739 12.0181 111.5996
  endloop
 endfacet
 facet normal 0 0 0
  outer loop
   vertex -17.3094 -2.2830 107.6600
   vertex -17.6621 -1.5009 107.1661
   vertex -20.3228 6.6569 109.4134
  endloop
 endfacet
 facet normal 0 0 0
  outer loop
   vertex -17.3094 -2.2830 107.6600
   vertex -19.4699 0.2524 98.6610
   vertex -17.6621 -1.5009 107.1661
  endloop
 endfacet
 facet normal 0 0 0
  outer loop
   vertex -20.4787 0.7906 92.7499
   vertex -19.4699 0.2524 98.6610
   vertex -17.3094 -2.2830 107.6600
  endloop
 endfacet
 facet normal 0 0 0
  outer loop
   vertex -19.4699 0.2524 98.6610
   vertex -20.4787 0.7906 92.7499
   vertex -20.5460 1.2960 93.5984
  endloop
 endfacet
 facet normal 0 0 0
  outer loop
   vertex -20.5761 12.5270 111.4073
   vertex -21.9739 12.0181 111.5996
   vertex -25.1432 15.0917 96.6895
  endloop
 endfacet
 facet normal 0 0 0
  outer loop
   vertex -19.8550 10.3162 110.7983
   vertex -21.9739 12.0181 111.5996
   vertex -20.5761 12.5270 111.4073
  endloop
 endfacet
 facet normal 0 0 0
  outer loop
   vertex -17.3094 -2.2830 107.6600
   vertex -19.8550 10.3162 110.7983
   vertex -15.9115 -1.7741 107.4678
  endloop
 endfacet
 facet normal 0 0 0
  outer loop
   vertex -19.8550 10.3162 110.7983
   vertex -17.3094 -2.2830 107.6600
   vertex -21.9739 12.0181 111.5996
  endloop
 endfacet
 facet normal 0 0 0
  outer loop
   vertex -23.7145 13.2660 102.2459
   vertex -21.9739 12.0181 111.5996
   vertex -21.9066 11.5127 110.7510
  endloop
 endfacet
 facet normal 0 0 0
  outer loop
   vertex -25.1432 15.0917 96.6895
   vertex -23.7145 13.2660 102.2459
   vertex -24.7905 14.3096 97.1833
  endloop
 endfacet
 facet normal 0 0 0
  outer loop
   vertex -23.7145 13.2660 102.2459
   vertex -25.1432 15.0917 96.6895
   vertex -21.9739 12.0181 111.5996
  endloop
 endfacet
 facet normal 0 0 0
  outer loop
   vertex -23.2067 9.4538 95.8457
   vertex -25.1432 15.0917 96.6895
   vertex -24.7905 14.3096 97.1833
  endloop
 endfacet
 facet normal 0 0 0
  outer loop
   vertex -20.4787 0.7906 92.7499
   vertex -23.2067 9.4538 95.8457
   vertex -20.5460 1.2960 93.5984
  endloop
 endfacet
 facet normal 0 0 0
  outer loop
   vertex -23.2067 9.4538 95.8457
   vertex -20.4787 0.7906 92.7499
   vertex -25.1432 15.0917 96.6895
  endloop
 endfacet
 facet normal 0 0 0
  outer loop
   vertex -17.3094 -2.2830 107.6600
   vertex -15.9115 -1.7741 107.4678
   vertex -20.4787 0.7906 92.7499
  endloop
 endfacet
 facet normal 0 0 0
  outer loop
   vertex -23.7453 15.6006 96.4972
   vertex -25.1432 15.0917 96.6895
   vertex -20.4787 0.7906 92.7499
  endloop
 endfacet
 facet normal 0 0 0
  outer loop
   vertex -20.5761 12.5270 111.4073
   vertex -25.1432 15.0917 96.6895
   vertex -23.7453 15.6006 96.4972
  endloop
 endfacet
 facet normal 0 0 0
  outer loop
   vertex -20.5761 12.5270 111.4073
   vertex -20.5087 12.0216 110.5588
   vertex -19.8550 10.3162 110.7983
  endloop
 endfacet
 facet normal 0 0 0
  outer loop
   vertex -20.5761 12.5270 111.4073
   vertex -22.9622 14.4010 99.0161
   vertex -20.5087 12.0216 110.5588
  endloop
 endfacet
 facet normal 0 0 0
  outer loop
   vertex -23.7453 15.6006 96.4972
   vertex -22.9622 14.4010 99.0161
   vertex -20.5761 12.5270 111.4073
  endloop
 endfacet
 facet normal 0 0 0
  outer loop
   vertex -22.9622 14.4010 99.0161
   vertex -23.7453 15.6006 96.4972
   vertex -23.3927 14.8185 96.9911
  endloop
 endfacet
 facet normal 0 0 0
  outer loop
   vertex -23.3297 14.3266 96.1463
   vertex -23.3927 14.8185 96.9911
   vertex -23.7453 15.6006 96.4972
  endloop
 endfacet
 facet normal 0 0 0
  outer loop
   vertex -23.3927 14.8185 96.9911
   vertex -23.3297 14.3266 96.1463
   vertex -23.1255 13.9994 96.7654
  endloop
 endfacet
 facet normal 0 0 0
  outer loop
   vertex -19.8550 10.3162 110.7983
   vertex -20.5087 12.0216 110.5588
   vertex -19.8951 10.1402 110.0405
  endloop
 endfacet
 facet normal 0 0 0
  outer loop
   vertex -20.4787 0.7906 92.7499
   vertex -19.1421 1.4876 92.6095
   vertex -23.3297 14.3266 96.1463
  endloop
 endfacet
 facet normal 0 0 0
  outer loop
   vertex -19.1421 1.4876 92.6095
   vertex -20.4787 0.7906 92.7499
   vertex -19.0808 1.2995 92.5576
  endloop
 endfacet
 facet normal 0 0 0
  outer loop
   vertex -20.4787 0.7906 92.7499
   vertex -23.3297 14.3266 96.1463
   vertex -23.7453 15.6006 96.4972
  endloop
 endfacet
 facet normal 0 0 0
  outer loop
   vertex -20.4787 0.7906 92.7499
   vertex -15.9115 -1.7741 107.4678
   vertex -19.0808 1.2995 92.5576
  endloop
 endfacet
 facet normal 0 0 0
  outer loop
   vertex -20.2615 -23.5339 103.1768
   vertex -18.2075 -22.4902 97.4489
   vertex -22.7150 -21.1544 91.6341
  endloop
 endfacet
 facet normal 0 0 0
  outer loop
   vertex -18.2075 -22.4902 97.4489
   vertex -20.2615 -23.5339 103.1768
   vertex -17.1314 -23.5339 102.5115
  endloop
 endfacet
 facet normal 0 0 0
  outer loop
   vertex -18.0533 -8.9364 90.9593
   vertex -17.9742 -7.0487 91.3316
   vertex -17.9711 -6.9752 91.3461
  endloop
 endfacet
 facet normal 0 0 0
  outer loop
   vertex -22.5638 -6.8662 92.3448
   vertex -19.6508 -12.0418 90.6587
   vertex -19.4338 -6.8662 91.6795
  endloop
 endfacet
 facet normal 0 0 0
  outer loop
   vertex -19.6508 -12.0418 90.6587
   vertex -22.5638 -6.8662 92.3448
   vertex -23.0586 -18.6667 90.0174
  endloop
 endfacet
 facet normal 0 0 0
  outer loop
   vertex -17.6259 -8.6194 100.1847
   vertex -19.6799 -9.6630 105.9126
   vertex -22.1334 -7.2836 94.3699
  endloop
 endfacet
 facet normal 0 0 0
  outer loop
   vertex -19.6799 -9.6630 105.9126
   vertex -17.6259 -8.6194 100.1847
   vertex -16.5498 -9.6630 105.2472
  endloop
 endfacet
 facet normal 0 0 0
  outer loop
   vertex -16.5498 -9.6630 105.2472
   vertex -19.6876 -9.8455 105.8766
   vertex -19.6799 -9.6630 105.9126
  endloop
 endfacet
 facet normal 0 0 0
  outer loop
   vertex -16.7668 -14.8387 104.2264
   vertex -19.6876 -9.8455 105.8766
   vertex -16.5498 -9.6630 105.2472
  endloop
 endfacet
 facet normal 0 0 0
  outer loop
   vertex -19.6876 -9.8455 105.8766
   vertex -16.7668 -14.8387 104.2264
   vertex -20.1747 -21.4636 103.5851
  endloop
 endfacet
 facet normal 0 0 0
  outer loop
   vertex -15.6565 -23.3513 102.2356
   vertex -15.6642 -23.5339 102.1996
   vertex -15.1694 -11.7333 104.5271
  endloop
 endfacet
 facet normal 0 0 0
  outer loop
   vertex -17.1314 -23.5339 102.5115
   vertex -20.1747 -21.4636 103.5851
   vertex -16.7668 -14.8387 104.2264
  endloop
 endfacet
 facet normal 0 0 0
  outer loop
   vertex -20.1747 -21.4636 103.5851
   vertex -17.1314 -23.5339 102.5115
   vertex -20.2615 -23.5339 103.1768
  endloop
 endfacet
 facet normal 0 0 0
  outer loop
   vertex -19.4338 -6.8662 91.6795
   vertex -22.1334 -7.2836 94.3699
   vertex -22.5638 -6.8662 92.3448
  endloop
 endfacet
 facet normal 0 0 0
  outer loop
   vertex -22.1334 -7.2836 94.3699
   vertex -19.4338 -6.8662 91.6795
   vertex -17.6259 -8.6194 100.1847
  endloop
 endfacet
 facet normal 0 0 0
  outer loop
   vertex -20.0153 -20.7370 88.9438
   vertex -23.0586 -18.6667 90.0174
   vertex -23.1377 -20.5545 89.6451
  endloop
 endfacet
 facet normal 0 0 0
  outer loop
   vertex -20.0153 -20.7370 88.9438
   vertex -23.1377 -20.5545 89.6451
   vertex -23.1454 -20.7370 89.6091
  endloop
 endfacet
 facet normal 0 0 0
  outer loop
   vertex -23.0586 -18.6667 90.0174
   vertex -20.0153 -20.7370 88.9438
   vertex -19.6508 -12.0418 90.6587
  endloop
 endfacet
 facet normal 0 0 0
  outer loop
   vertex -22.7150 -21.1544 91.6341
   vertex -20.0153 -20.7370 88.9438
   vertex -23.1454 -20.7370 89.6091
  endloop
 endfacet
 facet normal 0 0 0
  outer loop
   vertex -20.0153 -20.7370 88.9438
   vertex -22.7150 -21.1544 91.6341
   vertex -18.2075 -22.4902 97.4489
  endloop
 endfacet
 facet normal 0 0 0
  outer loop
   vertex -16.3784 -9.1152 106.0538
   vertex -16.7668 -14.8387 104.2264
   vertex -16.5498 -9.6630 105.2472
  endloop
 endfacet
 facet normal 0 0 0
  outer loop
   vertex -17.0175 -24.3584 103.0473
   vertex -16.7668 -14.8387 104.2264
   vertex -16.3784 -9.1152 106.0538
  endloop
 endfacet
 facet normal 0 0 0
  outer loop
   vertex -17.0175 -24.3584 103.0473
   vertex -17.1314 -23.5339 102.5115
   vertex -16.7668 -14.8387 104.2264
  endloop
 endfacet
 facet normal 0 0 0
  outer loop
   vertex -17.0175 -24.3584 103.0473
   vertex -18.2075 -22.4902 97.4489
   vertex -17.1314 -23.5339 102.5115
  endloop
 endfacet
 facet normal 0 0 0
  outer loop
   vertex -20.1868 -21.2848 88.1372
   vertex -18.2075 -22.4902 97.4489
   vertex -17.0175 -24.3584 103.0473
  endloop
 endfacet
 facet normal 0 0 0
  outer loop
   vertex -18.2075 -22.4902 97.4489
   vertex -20.1868 -21.2848 88.1372
   vertex -20.0153 -20.7370 88.9438
  endloop
 endfacet
 facet normal 0 0 0
  outer loop
   vertex -15.5503 -24.3584 102.7355
   vertex -16.3784 -9.1152 106.0538
   vertex -14.9112 -9.1152 105.7419
  endloop
 endfacet
 facet normal 0 0 0
  outer loop
   vertex -16.3784 -9.1152 106.0538
   vertex -15.5503 -24.3584 102.7355
   vertex -17.0175 -24.3584 103.0473
  endloop
 endfacet
 facet normal 0 0 0
  outer loop
   vertex -17.6259 -8.6194 100.1847
   vertex -16.3784 -9.1152 106.0538
   vertex -16.5498 -9.6630 105.2472
  endloop
 endfacet
 facet normal 0 0 0
  outer loop
   vertex -19.5476 -6.0416 91.1437
   vertex -17.6259 -8.6194 100.1847
   vertex -19.4338 -6.8662 91.6795
  endloop
 endfacet
 facet normal 0 0 0
  outer loop
   vertex -17.6259 -8.6194 100.1847
   vertex -19.5476 -6.0416 91.1437
   vertex -16.3784 -9.1152 106.0538
  endloop
 endfacet
 facet normal 0 0 0
  outer loop
   vertex -19.6508 -12.0418 90.6587
   vertex -19.5476 -6.0416 91.1437
   vertex -19.4338 -6.8662 91.6795
  endloop
 endfacet
 facet normal 0 0 0
  outer loop
   vertex -20.1868 -21.2848 88.1372
   vertex -19.6508 -12.0418 90.6587
   vertex -20.0153 -20.7370 88.9438
  endloop
 endfacet
 facet normal 0 0 0
  outer loop
   vertex -19.6508 -12.0418 90.6587
   vertex -20.1868 -21.2848 88.1372
   vertex -19.5476 -6.0416 91.1437
  endloop
 endfacet
 facet normal 0 0 0
  outer loop
   vertex -14.9112 -9.1152 105.7419
   vertex -15.5131 -9.2456 102.9103
   vertex -15.0826 -9.6630 104.9354
  endloop
 endfacet
 facet normal 0 0 0
  outer loop
   vertex -17.9846 -6.1345 91.2825
   vertex -15.5131 -9.2456 102.9103
   vertex -14.9112 -9.1152 105.7419
  endloop
 endfacet
 facet normal 0 0 0
  outer loop
   vertex -15.5131 -9.2456 102.9103
   vertex -17.9846 -6.1345 91.2825
   vertex -17.9414 -6.8905 91.4858
  endloop
 endfacet
 facet normal 0 0 0
  outer loop
   vertex -15.1694 -11.7333 104.5271
   vertex -14.9112 -9.1152 105.7419
   vertex -15.0826 -9.6630 104.9354
  endloop
 endfacet
 facet normal 0 0 0
  outer loop
   vertex -15.1694 -11.7333 104.5271
   vertex -15.5503 -24.3584 102.7355
   vertex -14.9112 -9.1152 105.7419
  endloop
 endfacet
 facet normal 0 0 0
  outer loop
   vertex -15.5503 -24.3584 102.7355
   vertex -15.1694 -11.7333 104.5271
   vertex -15.6642 -23.5339 102.1996
  endloop
 endfacet
 facet normal 0 0 0
  outer loop
   vertex -19.5476 -6.0416 91.1437
   vertex -18.0888 -6.2422 90.7922
   vertex -18.0804 -6.0416 90.8318
  endloop
 endfacet
 facet normal 0 0 0
  outer loop
   vertex -19.5476 -6.0416 91.1437
   vertex -18.0979 -6.4578 90.7497
   vertex -18.0888 -6.2422 90.7922
  endloop
 endfacet
 facet normal 0 0 0
  outer loop
   vertex -20.1868 -21.2848 88.1372
   vertex -18.0979 -6.4578 90.7497
   vertex -19.5476 -6.0416 91.1437
  endloop
 endfacet
 facet normal 0 0 0
  outer loop
   vertex -18.0979 -6.4578 90.7497
   vertex -20.1868 -21.2848 88.1372
   vertex -18.7195 -21.2848 87.8254
  endloop
 endfacet
 facet normal 0 0 0
  outer loop
   vertex -17.9846 -6.1345 91.2825
   vertex -19.5476 -6.0416 91.1437
   vertex -18.0804 -6.0416 90.8318
  endloop
 endfacet
 facet normal 0 0 0
  outer loop
   vertex -17.9846 -6.1345 91.2825
   vertex -16.3784 -9.1152 106.0538
   vertex -19.5476 -6.0416 91.1437
  endloop
 endfacet
 facet normal 0 0 0
  outer loop
   vertex -16.3784 -9.1152 106.0538
   vertex -17.9846 -6.1345 91.2825
   vertex -14.9112 -9.1152 105.7419
  endloop
 endfacet
 facet normal 0 0 0
  outer loop
   vertex -18.0033 -6.8438 91.1947
   vertex -18.0533 -8.9364 90.9593
   vertex -17.9711 -6.9752 91.3461
  endloop
 endfacet
 facet normal 0 0 0
  outer loop
   vertex -18.0979 -6.4578 90.7497
   vertex -18.0533 -8.9364 90.9593
   vertex -18.0033 -6.8438 91.1947
  endloop
 endfacet
 facet normal 0 0 0
  outer loop
   vertex -18.7195 -21.2848 87.8254
   vertex -18.0533 -8.9364 90.9593
   vertex -18.0979 -6.4578 90.7497
  endloop
 endfacet
 facet normal 0 0 0
  outer loop
   vertex -18.0533 -8.9364 90.9593
   vertex -18.7195 -21.2848 87.8254
   vertex -18.5481 -20.7370 88.6319
  endloop
 endfacet
 facet normal 0 0 0
  outer loop
   vertex -16.0946 -23.1164 100.1746
   vertex -15.5503 -24.3584 102.7355
   vertex -15.6642 -23.5339 102.1996
  endloop
 endfacet
 facet normal 0 0 0
  outer loop
   vertex -18.7195 -21.2848 87.8254
   vertex -16.0946 -23.1164 100.1746
   vertex -18.5481 -20.7370 88.6319
  endloop
 endfacet
 facet normal 0 0 0
  outer loop
   vertex -16.0946 -23.1164 100.1746
   vertex -18.7195 -21.2848 87.8254
   vertex -15.5503 -24.3584 102.7355
  endloop
 endfacet
 facet normal 0 0 0
  outer loop
   vertex -17.0175 -24.3584 103.0473
   vertex -18.7195 -21.2848 87.8254
   vertex -20.1868 -21.2848 88.1372
  endloop
 endfacet
 facet normal 0 0 0
  outer loop
   vertex -18.7195 -21.2848 87.8254
   vertex -17.0175 -24.3584 103.0473
   vertex -15.5503 -24.3584 102.7355
  endloop
 endfacet
 facet normal 0 0 0
  outer loop
   vertex -27.1476 -41.9127 86.0946
   vertex -29.2423 -38.8848 87.1640
   vertex -29.9685 -40.6558 86.9533
  endloop
 endfacet
 facet normal 0 0 0
  outer loop
   vertex -27.1476 -41.9127 86.0946
   vertex -29.9685 -40.6558 86.9533
   vertex -30.0387 -40.8271 86.9329
  endloop
 endfacet
 facet normal 0 0 0
  outer loop
   vertex -29.2423 -38.8848 87.1640
   vertex -27.1476 -41.9127 86.0946
   vertex -23.8027 -33.7549 87.0653
  endloop
 endfacet
 facet normal 0 0 0
  outer loop
   vertex -21.7368 -30.6412 102.0253
   vertex -21.8892 -30.7816 102.0287
   vertex -21.8378 -30.6563 102.0436
  endloop
 endfacet
 facet normal 0 0 0
  outer loop
   vertex -18.9278 -31.6960 101.2108
   vertex -21.8892 -30.7816 102.0287
   vertex -21.7368 -30.6412 102.0253
  endloop
 endfacet
 facet normal 0 0 0
  outer loop
   vertex -24.2636 -44.7096 99.6623
   vertex -21.8892 -30.7816 102.0287
   vertex -18.9278 -31.6960 101.2108
  endloop
 endfacet
 facet normal 0 0 0
  outer loop
   vertex -21.8892 -30.7816 102.0287
   vertex -24.2636 -44.7096 99.6623
   vertex -27.1548 -43.6240 100.5007
  endloop
 endfacet
 facet normal 0 0 0
  outer loop
   vertex -27.1548 -43.6240 100.5007
   vertex -25.3397 -43.6660 94.5997
   vertex -29.6083 -41.2445 88.9580
  endloop
 endfacet
 facet normal 0 0 0
  outer loop
   vertex -25.3397 -43.6660 94.5997
   vertex -27.1548 -43.6240 100.5007
   vertex -24.2636 -44.7096 99.6623
  endloop
 endfacet
 facet normal 0 0 0
  outer loop
   vertex -21.8117 -28.8991 87.6430
   vertex -24.2724 -28.2309 90.5064
   vertex -24.7029 -27.8135 88.4814
  endloop
 endfacet
 facet normal 0 0 0
  outer loop
   vertex -24.2724 -28.2309 90.5064
   vertex -21.8117 -28.8991 87.6430
   vertex -20.0039 -30.6524 96.1482
  endloop
 endfacet
 facet normal 0 0 0
  outer loop
   vertex -24.7029 -27.8135 88.4814
   vertex -23.8027 -33.7549 87.0653
   vertex -21.8117 -28.8991 87.6430
  endloop
 endfacet
 facet normal 0 0 0
  outer loop
   vertex -23.8027 -33.7549 87.0653
   vertex -24.7029 -27.8135 88.4814
   vertex -29.2423 -38.8848 87.1640
  endloop
 endfacet
 facet normal 0 0 0
  outer loop
   vertex -29.6083 -41.2445 88.9580
   vertex -27.1476 -41.9127 86.0946
   vertex -30.0387 -40.8271 86.9329
  endloop
 endfacet
 facet normal 0 0 0
  outer loop
   vertex -27.1476 -41.9127 86.0946
   vertex -29.6083 -41.2445 88.9580
   vertex -25.3397 -43.6660 94.5997
  endloop
 endfacet
 facet normal 0 0 0
  outer loop
   vertex -20.0039 -30.6524 96.1482
   vertex -21.8364 -30.5934 101.9671
   vertex -24.2724 -28.2309 90.5064
  endloop
 endfacet
 facet normal 0 0 0
  outer loop
   vertex -18.9278 -31.6960 101.2108
   vertex -21.8364 -30.5934 101.9671
   vertex -20.0039 -30.6524 96.1482
  endloop
 endfacet
 facet normal 0 0 0
  outer loop
   vertex -21.8364 -30.5934 101.9671
   vertex -18.9278 -31.6960 101.2108
   vertex -21.7368 -30.6412 102.0253
  endloop
 endfacet
 facet normal 0 0 0
  outer loop
   vertex -23.0297 -46.0006 99.8640
   vertex -18.5212 -31.1906 101.9586
   vertex -17.1660 -31.6995 101.5656
  endloop
 endfacet
 facet normal 0 0 0
  outer loop
   vertex -18.5212 -31.1906 101.9586
   vertex -23.0297 -46.0006 99.8640
   vertex -24.3849 -45.4917 100.2569
  endloop
 endfacet
 facet normal 0 0 0
  outer loop
   vertex -24.2636 -44.7096 99.6623
   vertex -18.5212 -31.1906 101.9586
   vertex -24.3849 -45.4917 100.2569
  endloop
 endfacet
 facet normal 0 0 0
  outer loop
   vertex -18.5212 -31.1906 101.9586
   vertex -24.2636 -44.7096 99.6623
   vertex -18.9278 -31.6960 101.2108
  endloop
 endfacet
 facet normal 0 0 0
  outer loop
   vertex -24.3849 -45.4917 100.2569
   vertex -25.3397 -43.6660 94.5997
   vertex -24.2636 -44.7096 99.6623
  endloop
 endfacet
 facet normal 0 0 0
  outer loop
   vertex -27.5542 -42.4181 85.3468
   vertex -25.3397 -43.6660 94.5997
   vertex -24.3849 -45.4917 100.2569
  endloop
 endfacet
 facet normal 0 0 0
  outer loop
   vertex -25.3397 -43.6660 94.5997
   vertex -27.5542 -42.4181 85.3468
   vertex -27.1476 -41.9127 86.0946
  endloop
 endfacet
 facet normal 0 0 0
  outer loop
   vertex -20.0039 -30.6524 96.1482
   vertex -18.5212 -31.1906 101.9586
   vertex -18.9278 -31.6960 101.2108
  endloop
 endfacet
 facet normal 0 0 0
  outer loop
   vertex -21.6904 -28.1170 87.0484
   vertex -20.0039 -30.6524 96.1482
   vertex -21.8117 -28.8991 87.6430
  endloop
 endfacet
 facet normal 0 0 0
  outer loop
   vertex -20.0039 -30.6524 96.1482
   vertex -21.6904 -28.1170 87.0484
   vertex -18.5212 -31.1906 101.9586
  endloop
 endfacet
 facet normal 0 0 0
  outer loop
   vertex -23.8027 -33.7549 87.0653
   vertex -21.6904 -28.1170 87.0484
   vertex -21.8117 -28.8991 87.6430
  endloop
 endfacet
 facet normal 0 0 0
  outer loop
   vertex -27.5542 -42.4181 85.3468
   vertex -23.8027 -33.7549 87.0653
   vertex -27.1476 -41.9127 86.0946
  endloop
 endfacet
 facet normal 0 0 0
  outer loop
   vertex -23.8027 -33.7549 87.0653
   vertex -27.5542 -42.4181 85.3468
   vertex -21.6904 -28.1170 87.0484
  endloop
 endfacet
 facet normal 0 0 0
  outer loop
   vertex -19.0128 -29.9083 92.8768
   vertex -20.4565 -29.4080 87.2501
   vertex -19.2532 -30.5750 92.9113
  endloop
 endfacet
 facet normal 0 0 0
  outer loop
   vertex -20.3352 -28.6258 86.6555
   vertex -20.4565 -29.4080 87.2501
   vertex -19.0128 -29.9083 92.8768
  endloop
 endfacet
 facet normal 0 0 0
  outer loop
   vertex -20.3352 -28.6258 86.6555
   vertex -21.2529 -31.3503 87.0190
   vertex -20.4565 -29.4080 87.2501
  endloop
 endfacet
 facet normal 0 0 0
  outer loop
   vertex -26.1990 -42.9270 84.9538
   vertex -21.2529 -31.3503 87.0190
   vertex -20.3352 -28.6258 86.6555
  endloop
 endfacet
 facet normal 0 0 0
  outer loop
   vertex -21.2529 -31.3503 87.0190
   vertex -26.1990 -42.9270 84.9538
   vertex -25.7923 -42.4216 85.7016
  endloop
 endfacet
 facet normal 0 0 0
  outer loop
   vertex -25.7923 -42.4216 85.7016
   vertex -24.3521 -44.7181 93.6426
   vertex -24.1118 -44.0515 93.6081
  endloop
 endfacet
 facet normal 0 0 0
  outer loop
   vertex -24.3521 -44.7181 93.6426
   vertex -25.7923 -42.4216 85.7016
   vertex -26.1990 -42.9270 84.9538
  endloop
 endfacet
 facet normal 0 0 0
  outer loop
   vertex -26.1990 -42.9270 84.9538
   vertex -21.6904 -28.1170 87.0484
   vertex -27.5542 -42.4181 85.3468
  endloop
 endfacet
 facet normal 0 0 0
  outer loop
   vertex -21.6904 -28.1170 87.0484
   vertex -26.1990 -42.9270 84.9538
   vertex -20.3352 -28.6258 86.6555
  endloop
 endfacet
 facet normal 0 0 0
  outer loop
   vertex -19.0128 -29.9083 92.8768
   vertex -21.6904 -28.1170 87.0484
   vertex -20.3352 -28.6258 86.6555
  endloop
 endfacet
 facet normal 0 0 0
  outer loop
   vertex -19.0128 -29.9083 92.8768
   vertex -18.5212 -31.1906 101.9586
   vertex -21.6904 -28.1170 87.0484
  endloop
 endfacet
 facet normal 0 0 0
  outer loop
   vertex -18.5212 -31.1906 101.9586
   vertex -19.0128 -29.9083 92.8768
   vertex -17.1660 -31.6995 101.5656
  endloop
 endfacet
 facet normal 0 0 0
  outer loop
   vertex -24.3521 -44.7181 93.6426
   vertex -27.5542 -42.4181 85.3468
   vertex -24.3849 -45.4917 100.2569
  endloop
 endfacet
 facet normal 0 0 0
  outer loop
   vertex -27.5542 -42.4181 85.3468
   vertex -24.3521 -44.7181 93.6426
   vertex -26.1990 -42.9270 84.9538
  endloop
 endfacet
 facet normal 0 0 0
  outer loop
   vertex -24.3521 -44.7181 93.6426
   vertex -24.3849 -45.4917 100.2569
   vertex -23.0297 -46.0006 99.8640
  endloop
 endfacet
 facet normal 0 0 0
  outer loop
   vertex -24.3052 13.0289 131.7404
   vertex -22.9157 16.1097 126.5734
   vertex -26.7587 15.4084 120.1974
  endloop
 endfacet
 facet normal 0 0 0
  outer loop
   vertex -22.9157 16.1097 126.5734
   vertex -24.3052 13.0289 131.7404
   vertex -21.8396 15.0660 131.6354
  endloop
 endfacet
 facet normal 0 0 0
  outer loop
   vertex -21.9594 17.5953 132.1824
   vertex -20.7963 16.1597 131.6394
   vertex -20.6838 16.0209 131.5874
  endloop
 endfacet
 facet normal 0 0 0
  outer loop
   vertex -24.3052 13.0289 131.7404
   vertex -25.0285 19.0019 133.1254
   vertex -21.8396 15.0660 131.6354
  endloop
 endfacet
 facet normal 0 0 0
  outer loop
   vertex -25.0285 19.0019 133.1254
   vertex -24.3052 13.0289 131.7404
   vertex -31.5759 22.0026 135.1354
  endloop
 endfacet
 facet normal 0 0 0
  outer loop
   vertex -35.7353 26.3738 122.1634
   vertex -30.0808 24.4751 120.5694
   vertex -33.2697 28.4109 122.0594
  endloop
 endfacet
 facet normal 0 0 0
  outer loop
   vertex -30.0808 24.4751 120.5694
   vertex -35.7353 26.3738 122.1634
   vertex -28.4647 17.4001 118.7684
  endloop
 endfacet
 facet normal 0 0 0
  outer loop
   vertex -32.1936 27.3673 127.1214
   vertex -35.7353 26.3738 122.1634
   vertex -33.2697 28.4109 122.0594
  endloop
 endfacet
 facet normal 0 0 0
  outer loop
   vertex -35.7353 26.3738 122.1634
   vertex -32.1936 27.3673 127.1214
   vertex -33.2818 23.9943 133.7054
  endloop
 endfacet
 facet normal 0 0 0
  outer loop
   vertex -30.3858 25.6140 135.6264
   vertex -32.7390 23.4381 135.6784
   vertex -32.8514 23.5769 135.7304
  endloop
 endfacet
 facet normal 0 0 0
  outer loop
   vertex -30.3858 25.6140 135.6264
   vertex -31.5759 22.0026 135.1354
   vertex -32.7390 23.4381 135.6784
  endloop
 endfacet
 facet normal 0 0 0
  outer loop
   vertex -31.5759 22.0026 135.1354
   vertex -30.3858 25.6140 135.6264
   vertex -25.0285 19.0019 133.1254
  endloop
 endfacet
 facet normal 0 0 0
  outer loop
   vertex -28.4647 17.4001 118.7684
   vertex -24.7235 17.8629 118.0684
   vertex -30.0808 24.4751 120.5694
  endloop
 endfacet
 facet normal 0 0 0
  outer loop
   vertex -27.3016 15.9646 118.2244
   vertex -24.7235 17.8629 118.0684
   vertex -28.4647 17.4001 118.7684
  endloop
 endfacet
 facet normal 0 0 0
  outer loop
   vertex -24.7235 17.8629 118.0684
   vertex -27.3016 15.9646 118.2244
   vertex -27.1891 15.8258 118.1724
  endloop
 endfacet
 facet normal 0 0 0
  outer loop
   vertex -30.3858 25.6140 135.6264
   vertex -33.2818 23.9943 133.7054
   vertex -32.1936 27.3673 127.1214
  endloop
 endfacet
 facet normal 0 0 0
  outer loop
   vertex -33.2818 23.9943 133.7054
   vertex -30.3858 25.6140 135.6264
   vertex -32.8514 23.5769 135.7304
  endloop
 endfacet
 facet normal 0 0 0
  outer loop
   vertex -26.7587 15.4084 120.1974
   vertex -24.7235 17.8629 118.0684
   vertex -27.1891 15.8258 118.1724
  endloop
 endfacet
 facet normal 0 0 0
  outer loop
   vertex -24.7235 17.8629 118.0684
   vertex -26.7587 15.4084 120.1974
   vertex -22.9157 16.1097 126.5734
  endloop
 endfacet
 facet normal 0 0 0
  outer loop
   vertex -21.2741 14.4059 132.1094
   vertex -22.9157 16.1097 126.5734
   vertex -21.8396 15.0660 131.6354
  endloop
 endfacet
 facet normal 0 0 0
  outer loop
   vertex -24.4434 17.4795 117.1994
   vertex -22.9157 16.1097 126.5734
   vertex -21.2741 14.4059 132.1094
  endloop
 endfacet
 facet normal 0 0 0
  outer loop
   vertex -22.9157 16.1097 126.5734
   vertex -24.4434 17.4795 117.1994
   vertex -24.7235 17.8629 118.0684
  endloop
 endfacet
 facet normal 0 0 0
  outer loop
   vertex -30.0808 24.4751 120.5694
   vertex -33.8351 29.0711 121.5854
   vertex -33.2697 28.4109 122.0594
  endloop
 endfacet
 facet normal 0 0 0
  outer loop
   vertex -24.4434 17.4795 117.1994
   vertex -30.0808 24.4751 120.5694
   vertex -24.7235 17.8629 118.0684
  endloop
 endfacet
 facet normal 0 0 0
  outer loop
   vertex -30.0808 24.4751 120.5694
   vertex -24.4434 17.4795 117.1994
   vertex -33.8351 29.0711 121.5854
  endloop
 endfacet
 facet normal 0 0 0
  outer loop
   vertex -24.4434 17.4795 117.1994
   vertex -21.2741 14.4059 132.1094
   vertex -23.2876 18.4344 117.1504
  endloop
 endfacet
 facet normal 0 0 0
  outer loop
   vertex -21.2741 14.4059 132.1094
   vertex -21.8362 17.0267 123.9794
   vertex -23.2876 18.4344 117.1504
  endloop
 endfacet
 facet normal 0 0 0
  outer loop
   vertex -21.8362 17.0267 123.9794
   vertex -21.2741 14.4059 132.1094
   vertex -20.1184 15.3608 132.0604
  endloop
 endfacet
 facet normal 0 0 0
  outer loop
   vertex -30.6659 25.9975 136.4954
   vertex -25.0285 19.0019 133.1254
   vertex -30.3858 25.6140 135.6264
  endloop
 endfacet
 facet normal 0 0 0
  outer loop
   vertex -21.2741 14.4059 132.1094
   vertex -25.0285 19.0019 133.1254
   vertex -30.6659 25.9975 136.4954
  endloop
 endfacet
 facet normal 0 0 0
  outer loop
   vertex -25.0285 19.0019 133.1254
   vertex -21.2741 14.4059 132.1094
   vertex -21.8396 15.0660 131.6354
  endloop
 endfacet
 facet normal 0 0 0
  outer loop
   vertex -32.1936 27.3673 127.1214
   vertex -30.6659 25.9975 136.4954
   vertex -30.3858 25.6140 135.6264
  endloop
 endfacet
 facet normal 0 0 0
  outer loop
   vertex -33.8351 29.0711 121.5854
   vertex -32.1936 27.3673 127.1214
   vertex -33.2697 28.4109 122.0594
  endloop
 endfacet
 facet normal 0 0 0
  outer loop
   vertex -32.1936 27.3673 127.1214
   vertex -33.8351 29.0711 121.5854
   vertex -30.6659 25.9975 136.4954
  endloop
 endfacet
 facet normal 0 0 0
  outer loop
   vertex -32.6794 30.0260 121.5364
   vertex -33.8351 29.0711 121.5854
   vertex -24.4434 17.4795 117.1994
  endloop
 endfacet
 facet normal 0 0 0
  outer loop
   vertex -32.6794 30.0260 121.5364
   vertex -30.6659 25.9975 136.4954
   vertex -33.8351 29.0711 121.5854
  endloop
 endfacet
 facet normal 0 0 0
  outer loop
   vertex -21.2741 14.4059 132.1094
   vertex -24.6326 20.9323 134.1684
   vertex -20.1184 15.3608 132.0604
  endloop
 endfacet
 facet normal 0 0 0
  outer loop
   vertex -24.6326 20.9323 134.1684
   vertex -21.2741 14.4059 132.1094
   vertex -29.5101 26.9524 136.4464
  endloop
 endfacet
 facet normal 0 0 0
  outer loop
   vertex -21.9594 17.5953 132.1824
   vertex -24.6326 20.9323 134.1684
   vertex -24.7916 21.0909 133.5054
  endloop
 endfacet
 facet normal 0 0 0
  outer loop
   vertex -21.9594 17.5953 132.1824
   vertex -20.1184 15.3608 132.0604
   vertex -24.6326 20.9323 134.1684
  endloop
 endfacet
 facet normal 0 0 0
  outer loop
   vertex -20.6838 16.0209 131.5874
   vertex -20.1184 15.3608 132.0604
   vertex -21.9594 17.5953 132.1824
  endloop
 endfacet
 facet normal 0 0 0
  outer loop
   vertex -21.1143 16.4384 129.5624
   vertex -20.1184 15.3608 132.0604
   vertex -20.6838 16.0209 131.5874
  endloop
 endfacet
 facet normal 0 0 0
  outer loop
   vertex -21.8362 17.0267 123.9794
   vertex -21.1143 16.4384 129.5624
   vertex -22.2470 17.5369 124.2334
  endloop
 endfacet
 facet normal 0 0 0
  outer loop
   vertex -21.1143 16.4384 129.5624
   vertex -21.8362 17.0267 123.9794
   vertex -20.1184 15.3608 132.0604
  endloop
 endfacet
 facet normal 0 0 0
  outer loop
   vertex -32.5558 29.8735 121.4784
   vertex -24.4434 17.4795 117.1994
   vertex -23.2876 18.4344 117.1504
  endloop
 endfacet
 facet normal 0 0 0
  outer loop
   vertex -24.4434 17.4795 117.1994
   vertex -32.5558 29.8735 121.4784
   vertex -32.6794 30.0260 121.5364
  endloop
 endfacet
 facet normal 0 0 0
  outer loop
   vertex -29.5101 26.9524 136.4464
   vertex -30.6659 25.9975 136.4954
   vertex -32.6794 30.0260 121.5364
  endloop
 endfacet
 facet normal 0 0 0
  outer loop
   vertex -30.6659 25.9975 136.4954
   vertex -29.5101 26.9524 136.4464
   vertex -21.2741 14.4059 132.1094
  endloop
 endfacet
 facet normal 0 0 0
  outer loop
   vertex -19.0324 8.9563 124.2734
   vertex -20.9385 6.8271 129.7464
   vertex -23.3919 9.2065 118.2034
  endloop
 endfacet
 facet normal 0 0 0
  outer loop
   vertex -20.9385 6.8271 129.7464
   vertex -19.0324 8.9563 124.2734
   vertex -17.9563 7.9127 129.3354
  endloop
 endfacet
 facet normal 0 0 0
  outer loop
   vertex -13.7117 -5.1009 125.7514
   vertex -17.3274 -4.2442 126.6964
   vertex -16.3725 3.0569 127.9984
  endloop
 endfacet
 facet normal 0 0 0
  outer loop
   vertex -17.3274 -4.2442 126.6964
   vertex -13.7117 -5.1009 125.7514
   vertex -16.6939 -6.1865 126.1614
  endloop
 endfacet
 facet normal 0 0 0
  outer loop
   vertex -13.7117 -5.1009 125.7514
   vertex -17.1243 -5.7691 124.1364
   vertex -16.6939 -6.1865 126.1614
  endloop
 endfacet
 facet normal 0 0 0
  outer loop
   vertex -17.1243 -5.7691 124.1364
   vertex -13.7117 -5.1009 125.7514
   vertex -15.5196 -3.3476 117.2454
  endloop
 endfacet
 facet normal 0 0 0
  outer loop
   vertex -15.5196 -3.3476 117.2454
   vertex -19.5778 -3.3896 112.5933
   vertex -17.1243 -5.7691 124.1364
  endloop
 endfacet
 facet normal 0 0 0
  outer loop
   vertex -19.5778 -3.3896 112.5933
   vertex -15.5196 -3.3476 117.2454
   vertex -16.5956 -2.3040 112.1832
  endloop
 endfacet
 facet normal 0 0 0
  outer loop
   vertex -17.9563 7.9127 129.3354
   vertex -20.8826 6.6559 129.6984
   vertex -20.9385 6.8271 129.7464
  endloop
 endfacet
 facet normal 0 0 0
  outer loop
   vertex -16.3725 3.0569 127.9984
   vertex -20.8826 6.6559 129.6984
   vertex -17.9563 7.9127 129.3354
  endloop
 endfacet
 facet normal 0 0 0
  outer loop
   vertex -20.8826 6.6559 129.6984
   vertex -16.3725 3.0569 127.9984
   vertex -17.3274 -4.2442 126.6964
  endloop
 endfacet
 facet normal 0 0 0
  outer loop
   vertex -20.8402 10.7096 115.7684
   vertex -23.3919 9.2065 118.2034
   vertex -23.8224 9.6240 116.1784
  endloop
 endfacet
 facet normal 0 0 0
  outer loop
   vertex -23.3919 9.2065 118.2034
   vertex -20.8402 10.7096 115.7684
   vertex -19.0324 8.9563 124.2734
  endloop
 endfacet
 facet normal 0 0 0
  outer loop
   vertex -23.8224 9.6240 116.1784
   vertex -16.5956 -2.3040 112.1832
   vertex -20.8402 10.7096 115.7684
  endloop
 endfacet
 facet normal 0 0 0
  outer loop
   vertex -19.6336 -3.2184 112.6405
   vertex -16.5956 -2.3040 112.1832
   vertex -23.8224 9.6240 116.1784
  endloop
 endfacet
 facet normal 0 0 0
  outer loop
   vertex -16.5956 -2.3040 112.1832
   vertex -19.6336 -3.2184 112.6405
   vertex -19.5778 -3.3896 112.5933
  endloop
 endfacet
 facet normal 0 0 0
  outer loop
   vertex -18.0236 8.4181 130.1844
   vertex -16.6257 8.9270 129.9924
   vertex -13.3591 -5.8830 126.2444
  endloop
 endfacet
 facet normal 0 0 0
  outer loop
   vertex -18.0236 8.4181 130.1844
   vertex -16.3725 3.0569 127.9984
   vertex -17.9563 7.9127 129.3354
  endloop
 endfacet
 facet normal 0 0 0
  outer loop
   vertex -13.3591 -5.8830 126.2444
   vertex -16.3725 3.0569 127.9984
   vertex -18.0236 8.4181 130.1844
  endloop
 endfacet
 facet normal 0 0 0
  outer loop
   vertex -13.3591 -5.8830 126.2444
   vertex -13.7117 -5.1009 125.7514
   vertex -16.3725 3.0569 127.9984
  endloop
 endfacet
 facet normal 0 0 0
  outer loop
   vertex -13.3591 -5.8830 126.2444
   vertex -15.5196 -3.3476 117.2454
   vertex -13.7117 -5.1009 125.7514
  endloop
 endfacet
 facet normal 0 0 0
  outer loop
   vertex -16.5283 -2.8094 111.3347
   vertex -15.5196 -3.3476 117.2454
   vertex -13.3591 -5.8830 126.2444
  endloop
 endfacet
 facet normal 0 0 0
  outer loop
   vertex -15.5196 -3.3476 117.2454
   vertex -16.5283 -2.8094 111.3347
   vertex -16.5956 -2.3040 112.1832
  endloop
 endfacet
 facet normal 0 0 0
  outer loop
   vertex -19.0324 8.9563 124.2734
   vertex -18.0236 8.4181 130.1844
   vertex -17.9563 7.9127 129.3354
  endloop
 endfacet
 facet normal 0 0 0
  outer loop
   vertex -21.1929 11.4917 115.2744
   vertex -19.0324 8.9563 124.2734
   vertex -20.8402 10.7096 115.7684
  endloop
 endfacet
 facet normal 0 0 0
  outer loop
   vertex -19.0324 8.9563 124.2734
   vertex -21.1929 11.4917 115.2744
   vertex -18.0236 8.4181 130.1844
  endloop
 endfacet
 facet normal 0 0 0
  outer loop
   vertex -16.5956 -2.3040 112.1832
   vertex -21.1929 11.4917 115.2744
   vertex -20.8402 10.7096 115.7684
  endloop
 endfacet
 facet normal 0 0 0
  outer loop
   vertex -21.1929 11.4917 115.2744
   vertex -16.5956 -2.3040 112.1832
   vertex -16.5283 -2.8094 111.3347
  endloop
 endfacet
 facet normal 0 0 0
  outer loop
   vertex -13.3591 -5.8830 126.2444
   vertex -13.9571 -3.4385 116.6624
   vertex -15.1305 -2.3005 111.1425
  endloop
 endfacet
 facet normal 0 0 0
  outer loop
   vertex -13.9571 -3.4385 116.6624
   vertex -13.3591 -5.8830 126.2444
   vertex -11.9612 -5.3742 126.0524
  endloop
 endfacet
 facet normal 0 0 0
  outer loop
   vertex -16.5283 -2.8094 111.3347
   vertex -13.3591 -5.8830 126.2444
   vertex -15.1305 -2.3005 111.1425
  endloop
 endfacet
 facet normal 0 0 0
  outer loop
   vertex -16.5283 -2.8094 111.3347
   vertex -15.1305 -2.3005 111.1425
   vertex -15.1305 -2.3005 111.1424
  endloop
 endfacet
 facet normal 0 0 0
  outer loop
   vertex -21.1929 11.4917 115.2744
   vertex -19.7950 12.0006 115.0824
   vertex -18.0236 8.4181 130.1844
  endloop
 endfacet
 facet normal 0 0 0
  outer loop
   vertex -16.6257 8.9270 129.9924
   vertex -18.0236 8.4181 130.1844
   vertex -19.7950 12.0006 115.0824
  endloop
 endfacet
 facet normal 0 0 0
  outer loop
   vertex -12.3139 -4.5920 125.5584
   vertex -13.5342 -0.5513 127.3814
   vertex -13.5645 -0.7577 126.6154
  endloop
 endfacet
 facet normal 0 0 0
  outer loop
   vertex -13.5342 -0.5513 127.3814
   vertex -12.3139 -4.5920 125.5584
   vertex -11.9612 -5.3742 126.0524
  endloop
 endfacet
 facet normal 0 0 0
  outer loop
   vertex -13.9007 -3.0531 118.0934
   vertex -11.9612 -5.3742 126.0524
   vertex -12.3139 -4.5920 125.5584
  endloop
 endfacet
 facet normal 0 0 0
  outer loop
   vertex -11.9612 -5.3742 126.0524
   vertex -13.9007 -3.0531 118.0934
   vertex -13.9571 -3.4385 116.6624
  endloop
 endfacet
 facet normal 0 0 0
  outer loop
   vertex -13.3591 -5.8830 126.2444
   vertex -13.5342 -0.5513 127.3814
   vertex -11.9612 -5.3742 126.0524
  endloop
 endfacet
 facet normal 0 0 0
  outer loop
   vertex -13.5342 -0.5513 127.3814
   vertex -13.3591 -5.8830 126.2444
   vertex -16.6257 8.9270 129.9924
  endloop
 endfacet
 facet normal 0 0 0
  outer loop
   vertex -21.1929 11.4917 115.2744
   vertex -15.1305 -2.3005 111.1424
   vertex -19.7950 12.0006 115.0824
  endloop
 endfacet
 facet normal 0 0 0
  outer loop
   vertex -15.1305 -2.3005 111.1424
   vertex -21.1929 11.4917 115.2744
   vertex -16.5283 -2.8094 111.3347
  endloop
 endfacet
 facet normal 0 0 0
  outer loop
   vertex -14.5901 -24.1545 107.2527
   vertex -14.5110 -22.2667 107.6250
   vertex -14.5978 -24.3370 107.2167
  endloop
 endfacet
 facet normal 0 0 0
  outer loop
   vertex -19.1951 -24.3370 108.1939
   vertex -15.8480 -19.1613 108.5494
   vertex -18.7003 -12.5364 110.5213
  endloop
 endfacet
 facet normal 0 0 0
  outer loop
   vertex -15.8480 -19.1613 108.5494
   vertex -19.1951 -24.3370 108.1939
   vertex -16.0650 -24.3370 107.5286
  endloop
 endfacet
 facet normal 0 0 0
  outer loop
   vertex -11.1399 -13.4455 123.4844
   vertex -11.6271 -25.0636 121.1924
   vertex -11.1323 -13.2630 123.5204
  endloop
 endfacet
 facet normal 0 0 0
  outer loop
   vertex -12.5995 -13.2630 123.8324
   vertex -15.8164 -15.3333 124.0894
   vertex -15.7296 -13.2630 124.4974
  endloop
 endfacet
 facet normal 0 0 0
  outer loop
   vertex -15.8164 -15.3333 124.0894
   vertex -12.5995 -13.2630 123.8324
   vertex -12.9641 -21.9582 122.1174
  endloop
 endfacet
 facet normal 0 0 0
  outer loop
   vertex -12.9641 -21.9582 122.1174
   vertex -16.3035 -26.9513 121.7974
   vertex -15.8164 -15.3333 124.0894
  endloop
 endfacet
 facet normal 0 0 0
  outer loop
   vertex -13.1811 -27.1339 121.0964
   vertex -16.3035 -26.9513 121.7974
   vertex -12.9641 -21.9582 122.1174
  endloop
 endfacet
 facet normal 0 0 0
  outer loop
   vertex -16.3035 -26.9513 121.7974
   vertex -13.1811 -27.1339 121.0964
   vertex -16.3112 -27.1339 121.7614
  endloop
 endfacet
 facet normal 0 0 0
  outer loop
   vertex -14.4073 -11.5098 115.3274
   vertex -18.6135 -10.4661 110.9296
   vertex -15.4834 -10.4661 110.2643
  endloop
 endfacet
 facet normal 0 0 0
  outer loop
   vertex -18.6135 -10.4661 110.9296
   vertex -14.4073 -11.5098 115.3274
   vertex -16.1600 -12.8456 122.4724
  endloop
 endfacet
 facet normal 0 0 0
  outer loop
   vertex -12.5995 -13.2630 123.8324
   vertex -16.1600 -12.8456 122.4724
   vertex -14.4073 -11.5098 115.3274
  endloop
 endfacet
 facet normal 0 0 0
  outer loop
   vertex -16.1600 -12.8456 122.4724
   vertex -12.5995 -13.2630 123.8324
   vertex -15.7296 -13.2630 124.4974
  endloop
 endfacet
 facet normal 0 0 0
  outer loop
   vertex -18.6212 -10.6487 110.8936
   vertex -15.4834 -10.4661 110.2643
   vertex -18.6135 -10.4661 110.9296
  endloop
 endfacet
 facet normal 0 0 0
  outer loop
   vertex -18.7003 -12.5364 110.5213
   vertex -15.4834 -10.4661 110.2643
   vertex -18.6212 -10.6487 110.8936
  endloop
 endfacet
 facet normal 0 0 0
  outer loop
   vertex -15.4834 -10.4661 110.2643
   vertex -18.7003 -12.5364 110.5213
   vertex -15.8480 -19.1613 108.5494
  endloop
 endfacet
 facet normal 0 0 0
  outer loop
   vertex -13.1811 -27.1339 121.0964
   vertex -16.7416 -26.7164 119.7364
   vertex -16.3112 -27.1339 121.7614
  endloop
 endfacet
 facet normal 0 0 0
  outer loop
   vertex -16.7416 -26.7164 119.7364
   vertex -13.1811 -27.1339 121.0964
   vertex -14.9889 -25.3806 112.5911
  endloop
 endfacet
 facet normal 0 0 0
  outer loop
   vertex -14.9889 -25.3806 112.5911
   vertex -19.1951 -24.3370 108.1939
   vertex -16.7416 -26.7164 119.7364
  endloop
 endfacet
 facet normal 0 0 0
  outer loop
   vertex -19.1951 -24.3370 108.1939
   vertex -14.9889 -25.3806 112.5911
   vertex -16.0650 -24.3370 107.5286
  endloop
 endfacet
 facet normal 0 0 0
  outer loop
   vertex -13.0672 -27.9584 121.6324
   vertex -14.9889 -25.3806 112.5911
   vertex -13.1811 -27.1339 121.0964
  endloop
 endfacet
 facet normal 0 0 0
  outer loop
   vertex -16.2364 -24.8848 106.7220
   vertex -14.9889 -25.3806 112.5911
   vertex -13.0672 -27.9584 121.6324
  endloop
 endfacet
 facet normal 0 0 0
  outer loop
   vertex -14.9889 -25.3806 112.5911
   vertex -16.2364 -24.8848 106.7220
   vertex -16.0650 -24.3370 107.5286
  endloop
 endfacet
 facet normal 0 0 0
  outer loop
   vertex -15.8480 -19.1613 108.5494
   vertex -15.5973 -9.6416 109.7285
   vertex -15.4834 -10.4661 110.2643
  endloop
 endfacet
 facet normal 0 0 0
  outer loop
   vertex -16.2364 -24.8848 106.7220
   vertex -15.8480 -19.1613 108.5494
   vertex -16.0650 -24.3370 107.5286
  endloop
 endfacet
 facet normal 0 0 0
  outer loop
   vertex -15.8480 -19.1613 108.5494
   vertex -16.2364 -24.8848 106.7220
   vertex -15.5973 -9.6416 109.7285
  endloop
 endfacet
 facet normal 0 0 0
  outer loop
   vertex -13.0672 -27.9584 121.6324
   vertex -11.6000 -27.9584 121.3204
   vertex -16.2364 -24.8848 106.7220
  endloop
 endfacet
 facet normal 0 0 0
  outer loop
   vertex -14.7692 -24.8848 106.4102
   vertex -15.5973 -9.6416 109.7285
   vertex -16.2364 -24.8848 106.7220
  endloop
 endfacet
 facet normal 0 0 0
  outer loop
   vertex -15.5973 -9.6416 109.7285
   vertex -14.7692 -24.8848 106.4102
   vertex -14.1301 -9.6416 109.4166
  endloop
 endfacet
 facet normal 0 0 0
  outer loop
   vertex -12.4281 -12.7152 124.6384
   vertex -12.9641 -21.9582 122.1174
   vertex -12.5995 -13.2630 123.8324
  endloop
 endfacet
 facet normal 0 0 0
  outer loop
   vertex -13.0672 -27.9584 121.6324
   vertex -12.9641 -21.9582 122.1174
   vertex -12.4281 -12.7152 124.6384
  endloop
 endfacet
 facet normal 0 0 0
  outer loop
   vertex -12.9641 -21.9582 122.1174
   vertex -13.0672 -27.9584 121.6324
   vertex -13.1811 -27.1339 121.0964
  endloop
 endfacet
 facet normal 0 0 0
  outer loop
   vertex -14.4073 -11.5098 115.3274
   vertex -12.4281 -12.7152 124.6384
   vertex -12.5995 -13.2630 123.8324
  endloop
 endfacet
 facet normal 0 0 0
  outer loop
   vertex -15.5973 -9.6416 109.7285
   vertex -14.4073 -11.5098 115.3274
   vertex -15.4834 -10.4661 110.2643
  endloop
 endfacet
 facet normal 0 0 0
  outer loop
   vertex -14.4073 -11.5098 115.3274
   vertex -15.5973 -9.6416 109.7285
   vertex -12.4281 -12.7152 124.6384
  endloop
 endfacet
 facet normal 0 0 0
  outer loop
   vertex -14.1301 -9.6416 109.4166
   vertex -12.4281 -12.7152 124.6384
   vertex -15.5973 -9.6416 109.7285
  endloop
 endfacet
 facet normal 0 0 0
  outer loop
   vertex -12.4281 -12.7152 124.6384
   vertex -14.1301 -9.6416 109.4166
   vertex -10.9609 -12.7152 124.3264
  endloop
 endfacet
 facet normal 0 0 0
  outer loop
   vertex -12.4281 -12.7152 124.6384
   vertex -10.9609 -12.7152 124.3264
   vertex -13.0672 -27.9584 121.6324
  endloop
 endfacet
 facet normal 0 0 0
  outer loop
   vertex -13.0672 -27.9584 121.6324
   vertex -10.9609 -12.7152 124.3264
   vertex -11.6000 -27.9584 121.3204
  endloop
 endfacet
 facet normal 0 0 0
  outer loop
   vertex -10.9609 -12.7152 124.3264
   vertex -13.5858 -10.8836 111.9775
   vertex -11.1323 -13.2630 123.5204
  endloop
 endfacet
 facet normal 0 0 0
  outer loop
   vertex -14.1301 -9.6416 109.4166
   vertex -13.5858 -10.8836 111.9775
   vertex -10.9609 -12.7152 124.3264
  endloop
 endfacet
 facet normal 0 0 0
  outer loop
   vertex -13.5858 -10.8836 111.9775
   vertex -14.1301 -9.6416 109.4166
   vertex -14.0162 -10.4661 109.9525
  endloop
 endfacet
 facet normal 0 0 0
  outer loop
   vertex -14.1301 -9.6416 109.4166
   vertex -14.5110 -22.2667 107.6250
   vertex -14.0162 -10.4661 109.9525
  endloop
 endfacet
 facet normal 0 0 0
  outer loop
   vertex -14.7692 -24.8848 106.4102
   vertex -14.5110 -22.2667 107.6250
   vertex -14.1301 -9.6416 109.4166
  endloop
 endfacet
 facet normal 0 0 0
  outer loop
   vertex -14.5110 -22.2667 107.6250
   vertex -14.7692 -24.8848 106.4102
   vertex -14.5978 -24.3370 107.2167
  endloop
 endfacet
 facet normal 0 0 0
  outer loop
   vertex -11.6271 -25.0636 121.1924
   vertex -10.9609 -12.7152 124.3264
   vertex -11.1323 -13.2630 123.5204
  endloop
 endfacet
 facet normal 0 0 0
  outer loop
   vertex -10.9609 -12.7152 124.3264
   vertex -11.6271 -25.0636 121.1924
   vertex -11.6000 -27.9584 121.3204
  endloop
 endfacet
 facet normal 0 0 0
  outer loop
   vertex -11.7139 -27.1339 120.7844
   vertex -11.6000 -27.9584 121.3204
   vertex -11.6271 -25.0636 121.1924
  endloop
 endfacet
 facet normal 0 0 0
  outer loop
   vertex -14.1673 -24.7544 109.2417
   vertex -11.6000 -27.9584 121.3204
   vertex -11.7139 -27.1339 120.7844
  endloop
 endfacet
 facet normal 0 0 0
  outer loop
   vertex -14.7692 -24.8848 106.4102
   vertex -14.1673 -24.7544 109.2417
   vertex -14.5978 -24.3370 107.2167
  endloop
 endfacet
 facet normal 0 0 0
  outer loop
   vertex -14.1673 -24.7544 109.2417
   vertex -14.7692 -24.8848 106.4102
   vertex -11.6000 -27.9584 121.3204
  endloop
 endfacet
 facet normal 0 0 0
  outer loop
   vertex -16.2364 -24.8848 106.7220
   vertex -11.6000 -27.9584 121.3204
   vertex -14.7692 -24.8848 106.4102
  endloop
 endfacet
 facet normal 0 0 0
  outer loop
   vertex -23.2045 -47.2240 119.0854
   vertex -21.3894 -47.2660 113.1846
   vertex -25.6579 -44.8445 107.5428
  endloop
 endfacet
 facet normal 0 0 0
  outer loop
   vertex -21.3894 -47.2660 113.1846
   vertex -23.2045 -47.2240 119.0854
   vertex -20.3133 -48.3096 118.2474
  endloop
 endfacet
 facet normal 0 0 0
  outer loop
   vertex -18.3223 -43.4538 118.8254
   vertex -23.1342 -47.0527 119.1054
   vertex -18.6650 -36.1527 120.4024
  endloop
 endfacet
 facet normal 0 0 0
  outer loop
   vertex -20.3133 -48.3096 118.2474
   vertex -23.1342 -47.0527 119.1054
   vertex -18.3223 -43.4538 118.8254
  endloop
 endfacet
 facet normal 0 0 0
  outer loop
   vertex -23.1342 -47.0527 119.1054
   vertex -20.3133 -48.3096 118.2474
   vertex -23.2045 -47.2240 119.0854
  endloop
 endfacet
 facet normal 0 0 0
  outer loop
   vertex -26.0884 -44.4271 105.5177
   vertex -21.2063 -40.6569 105.2572
   vertex -21.5489 -33.3558 106.8351
  endloop
 endfacet
 facet normal 0 0 0
  outer loop
   vertex -21.2063 -40.6569 105.2572
   vertex -26.0884 -44.4271 105.5177
   vertex -23.1972 -45.5127 104.6794
  endloop
 endfacet
 facet normal 0 0 0
  outer loop
   vertex -14.9775 -35.2960 119.7954
   vertex -18.6650 -36.1527 120.4024
   vertex -17.8686 -34.2104 120.6344
  endloop
 endfacet
 facet normal 0 0 0
  outer loop
   vertex -18.6650 -36.1527 120.4024
   vertex -14.9775 -35.2960 119.7954
   vertex -18.3223 -43.4538 118.8254
  endloop
 endfacet
 facet normal 0 0 0
  outer loop
   vertex -14.9775 -35.2960 119.7954
   vertex -18.2991 -33.7929 118.6084
   vertex -16.7853 -33.5427 111.2904
  endloop
 endfacet
 facet normal 0 0 0
  outer loop
   vertex -18.2991 -33.7929 118.6084
   vertex -14.9775 -35.2960 119.7954
   vertex -17.8686 -34.2104 120.6344
  endloop
 endfacet
 facet normal 0 0 0
  outer loop
   vertex -25.6579 -44.8445 107.5428
   vertex -23.1972 -45.5127 104.6794
   vertex -26.0884 -44.4271 105.5177
  endloop
 endfacet
 facet normal 0 0 0
  outer loop
   vertex -23.1972 -45.5127 104.6794
   vertex -25.6579 -44.8445 107.5428
   vertex -21.3894 -47.2660 113.1846
  endloop
 endfacet
 facet normal 0 0 0
  outer loop
   vertex -20.8228 -31.5847 107.0458
   vertex -17.8614 -32.4991 106.2278
   vertex -20.7525 -31.4135 107.0662
  endloop
 endfacet
 facet normal 0 0 0
  outer loop
   vertex -21.5489 -33.3558 106.8351
   vertex -17.8614 -32.4991 106.2278
   vertex -20.8228 -31.5847 107.0458
  endloop
 endfacet
 facet normal 0 0 0
  outer loop
   vertex -17.8614 -32.4991 106.2278
   vertex -21.5489 -33.3558 106.8351
   vertex -21.2063 -40.6569 105.2572
  endloop
 endfacet
 facet normal 0 0 0
  outer loop
   vertex -16.7853 -33.5427 111.2904
   vertex -20.7525 -31.4135 107.0662
   vertex -17.8614 -32.4991 106.2278
  endloop
 endfacet
 facet normal 0 0 0
  outer loop
   vertex -20.7525 -31.4135 107.0662
   vertex -16.7853 -33.5427 111.2904
   vertex -18.2991 -33.7929 118.6084
  endloop
 endfacet
 facet normal 0 0 0
  outer loop
   vertex -15.0625 -33.5083 111.4617
   vertex -14.5709 -34.7906 120.5434
   vertex -16.3849 -32.2258 105.2403
  endloop
 endfacet
 facet normal 0 0 0
  outer loop
   vertex -14.5709 -34.7906 120.5434
   vertex -15.0625 -33.5083 111.4617
   vertex -13.2156 -35.2995 120.1504
  endloop
 endfacet
 facet normal 0 0 0
  outer loop
   vertex -18.3223 -43.4538 118.8254
   vertex -14.5709 -34.7906 120.5434
   vertex -20.4346 -49.0917 118.8414
  endloop
 endfacet
 facet normal 0 0 0
  outer loop
   vertex -14.5709 -34.7906 120.5434
   vertex -18.3223 -43.4538 118.8254
   vertex -14.9775 -35.2960 119.7954
  endloop
 endfacet
 facet normal 0 0 0
  outer loop
   vertex -20.4346 -49.0917 118.8414
   vertex -20.3133 -48.3096 118.2474
   vertex -18.3223 -43.4538 118.8254
  endloop
 endfacet
 facet normal 0 0 0
  outer loop
   vertex -20.4346 -49.0917 118.8414
   vertex -21.3894 -47.2660 113.1846
   vertex -20.3133 -48.3096 118.2474
  endloop
 endfacet
 facet normal 0 0 0
  outer loop
   vertex -23.6039 -46.0181 103.9316
   vertex -21.3894 -47.2660 113.1846
   vertex -20.4346 -49.0917 118.8414
  endloop
 endfacet
 facet normal 0 0 0
  outer loop
   vertex -21.3894 -47.2660 113.1846
   vertex -23.6039 -46.0181 103.9316
   vertex -23.1972 -45.5127 104.6794
  endloop
 endfacet
 facet normal 0 0 0
  outer loop
   vertex -16.7853 -33.5427 111.2904
   vertex -14.5709 -34.7906 120.5434
   vertex -14.9775 -35.2960 119.7954
  endloop
 endfacet
 facet normal 0 0 0
  outer loop
   vertex -17.7401 -31.7170 105.6333
   vertex -16.7853 -33.5427 111.2904
   vertex -17.8614 -32.4991 106.2278
  endloop
 endfacet
 facet normal 0 0 0
  outer loop
   vertex -16.7853 -33.5427 111.2904
   vertex -17.7401 -31.7170 105.6333
   vertex -14.5709 -34.7906 120.5434
  endloop
 endfacet
 facet normal 0 0 0
  outer loop
   vertex -21.2063 -40.6569 105.2572
   vertex -17.7401 -31.7170 105.6333
   vertex -17.8614 -32.4991 106.2278
  endloop
 endfacet
 facet normal 0 0 0
  outer loop
   vertex -23.6039 -46.0181 103.9316
   vertex -21.2063 -40.6569 105.2572
   vertex -23.1972 -45.5127 104.6794
  endloop
 endfacet
 facet normal 0 0 0
  outer loop
   vertex -21.2063 -40.6569 105.2572
   vertex -23.6039 -46.0181 103.9316
   vertex -17.7401 -31.7170 105.6333
  endloop
 endfacet
 facet normal 0 0 0
  outer loop
   vertex -14.5709 -34.7906 120.5434
   vertex -13.2156 -35.2995 120.1504
   vertex -20.4346 -49.0917 118.8414
  endloop
 endfacet
 facet normal 0 0 0
  outer loop
   vertex -20.4346 -49.0917 118.8414
   vertex -19.0794 -49.6006 118.4484
   vertex -22.2486 -46.5270 103.5386
  endloop
 endfacet
 facet normal 0 0 0
  outer loop
   vertex -23.6039 -46.0181 103.9316
   vertex -20.4346 -49.0917 118.8414
   vertex -22.2486 -46.5270 103.5386
  endloop
 endfacet
 facet normal 0 0 0
  outer loop
   vertex -15.0625 -33.5083 111.4617
   vertex -16.0758 -33.4254 107.8599
   vertex -15.3666 -34.1132 111.1962
  endloop
 endfacet
 facet normal 0 0 0
  outer loop
   vertex -16.3849 -32.2258 105.2403
   vertex -16.0758 -33.4254 107.8599
   vertex -15.0625 -33.5083 111.4617
  endloop
 endfacet
 facet normal 0 0 0
  outer loop
   vertex -16.0758 -33.4254 107.8599
   vertex -16.3849 -32.2258 105.2403
   vertex -16.5062 -33.0080 105.8349
  endloop
 endfacet
 facet normal 0 0 0
  outer loop
   vertex -16.3849 -32.2258 105.2403
   vertex -21.0456 -44.0793 104.5176
   vertex -16.5062 -33.0080 105.8349
  endloop
 endfacet
 facet normal 0 0 0
  outer loop
   vertex -22.2486 -46.5270 103.5386
   vertex -21.0456 -44.0793 104.5176
   vertex -16.3849 -32.2258 105.2403
  endloop
 endfacet
 facet normal 0 0 0
  outer loop
   vertex -21.0456 -44.0793 104.5176
   vertex -22.2486 -46.5270 103.5386
   vertex -21.8420 -46.0216 104.2864
  endloop
 endfacet
 facet normal 0 0 0
  outer loop
   vertex -17.7401 -31.7170 105.6333
   vertex -23.6039 -46.0181 103.9316
   vertex -22.2486 -46.5270 103.5386
  endloop
 endfacet
 facet normal 0 0 0
  outer loop
   vertex -18.1617 -46.8762 118.0854
   vertex -17.8072 -46.4978 118.8184
   vertex -17.9589 -46.3816 118.1444
  endloop
 endfacet
 facet normal 0 0 0
  outer loop
   vertex -18.9581 -48.8185 117.8544
   vertex -17.8072 -46.4978 118.8184
   vertex -18.1617 -46.8762 118.0854
  endloop
 endfacet
 facet normal 0 0 0
  outer loop
   vertex -17.8072 -46.4978 118.8184
   vertex -18.9581 -48.8185 117.8544
   vertex -19.0794 -49.6006 118.4484
  endloop
 endfacet
 facet normal 0 0 0
  outer loop
   vertex -19.3885 -48.4010 115.8294
   vertex -19.0794 -49.6006 118.4484
   vertex -18.9581 -48.8185 117.8544
  endloop
 endfacet
 facet normal 0 0 0
  outer loop
   vertex -22.2486 -46.5270 103.5386
   vertex -19.3885 -48.4010 115.8294
   vertex -21.8420 -46.0216 104.2864
  endloop
 endfacet
 facet normal 0 0 0
  outer loop
   vertex -19.3885 -48.4010 115.8294
   vertex -22.2486 -46.5270 103.5386
   vertex -19.0794 -49.6006 118.4484
  endloop
 endfacet
 facet normal 0 0 0
  outer loop
   vertex -17.8072 -46.4978 118.8184
   vertex -20.4346 -49.0917 118.8414
   vertex -13.2156 -35.2995 120.1504
  endloop
 endfacet
 facet normal 0 0 0
  outer loop
   vertex -20.4346 -49.0917 118.8414
   vertex -17.8072 -46.4978 118.8184
   vertex -19.0794 -49.6006 118.4484
  endloop
 endfacet
 facet normal 0 0 0
  outer loop
   vertex -16.3849 -32.2258 105.2403
   vertex -17.7401 -31.7170 105.6333
   vertex -22.2486 -46.5270 103.5386
  endloop
 endfacet
 facet normal 0 0 0
  outer loop
   vertex -14.5709 -34.7906 120.5434
   vertex -17.7401 -31.7170 105.6333
   vertex -16.3849 -32.2258 105.2403
  endloop
 endfacet
 facet normal 0 0 0
  outer loop
   vertex -45.5500 25.3665 20.8329
   vertex -44.5524 25.5779 20.5753
   vertex -45.5500 25.5779 20.5753
  endloop
 endfacet
 facet normal 0 0 0
  outer loop
   vertex -44.5524 25.5779 20.5753
   vertex -45.5500 25.3665 20.8329
   vertex -44.2986 25.3665 20.8329
  endloop
 endfacet
 facet normal 0 0 0
  outer loop
   vertex -45.5500 27.1117 23.4447
   vertex -44.6747 27.4306 23.3480
   vertex -44.4103 27.1117 23.4447
  endloop
 endfacet
 facet normal 0 0 0
  outer loop
   vertex -44.6747 27.4306 23.3480
   vertex -45.5500 27.1117 23.4447
   vertex -45.5500 27.4306 23.3480
  endloop
 endfacet
 facet normal 0 0 0
  outer loop
   vertex -45.5500 26.7800 23.4774
   vertex -44.4103 27.1117 23.4447
   vertex -44.1638 26.7800 23.4774
  endloop
 endfacet
 facet normal 0 0 0
  outer loop
   vertex -44.4103 27.1117 23.4447
   vertex -45.5500 26.7800 23.4774
   vertex -45.5500 27.1117 23.4447
  endloop
 endfacet
 facet normal 0 0 0
  outer loop
   vertex -45.5500 27.4306 23.3480
   vertex -44.9468 27.7245 23.1909
   vertex -44.6747 27.4306 23.3480
  endloop
 endfacet
 facet normal 0 0 0
  outer loop
   vertex -44.9468 27.7245 23.1909
   vertex -45.5500 27.4306 23.3480
   vertex -45.5500 27.7245 23.1909
  endloop
 endfacet
 facet normal 0 0 0
  outer loop
   vertex -45.5500 25.2094 22.4280
   vertex -43.5874 25.1127 22.1090
   vertex -45.5500 25.1127 22.1090
  endloop
 endfacet
 facet normal 0 0 0
  outer loop
   vertex -43.5874 25.1127 22.1090
   vertex -45.5500 25.2094 22.4280
   vertex -43.5199 25.2094 22.4280
  endloop
 endfacet
 facet normal 0 0 0
  outer loop
   vertex -45.5500 25.8355 20.3639
   vertex -45.0871 26.1294 20.2068
   vertex -45.5500 26.1294 20.2068
  endloop
 endfacet
 facet normal 0 0 0
  outer loop
   vertex -45.0871 26.1294 20.2068
   vertex -45.5500 25.8355 20.3639
   vertex -44.8187 25.8355 20.3639
  endloop
 endfacet
 facet normal 0 0 0
  outer loop
   vertex -45.5500 26.4483 23.4447
   vertex -44.1638 26.7800 23.4774
   vertex -43.9956 26.5253 23.4523
  endloop
 endfacet
 facet normal 0 0 0
  outer loop
   vertex -45.5500 26.4483 23.4447
   vertex -43.9956 26.5253 23.4523
   vertex -43.9457 26.4483 23.4447
  endloop
 endfacet
 facet normal 0 0 0
  outer loop
   vertex -44.1638 26.7800 23.4774
   vertex -45.5500 26.4483 23.4447
   vertex -45.5500 26.7800 23.4774
  endloop
 endfacet
 facet normal 0 0 0
  outer loop
   vertex -45.5500 27.7245 23.1909
   vertex -45.2163 27.9821 22.9795
   vertex -44.9468 27.7245 23.1909
  endloop
 endfacet
 facet normal 0 0 0
  outer loop
   vertex -45.2163 27.9821 22.9795
   vertex -45.5500 27.7245 23.1909
   vertex -45.5500 27.9821 22.9795
  endloop
 endfacet
 facet normal 0 0 0
  outer loop
   vertex -45.5500 26.1294 23.3480
   vertex -43.9457 26.4483 23.4447
   vertex -43.7668 26.1294 23.3480
  endloop
 endfacet
 facet normal 0 0 0
  outer loop
   vertex -43.9457 26.4483 23.4447
   vertex -45.5500 26.1294 23.3480
   vertex -45.5500 26.4483 23.4447
  endloop
 endfacet
 facet normal 0 0 0
  outer loop
   vertex -45.5500 25.8355 23.1909
   vertex -43.7668 26.1294 23.3480
   vertex -43.6304 25.8355 23.1909
  endloop
 endfacet
 facet normal 0 0 0
  outer loop
   vertex -43.7668 26.1294 23.3480
   vertex -45.5500 25.8355 23.1909
   vertex -45.5500 26.1294 23.3480
  endloop
 endfacet
 facet normal 0 0 0
  outer loop
   vertex -45.5500 26.4483 20.1101
   vertex -45.3474 26.4483 20.1101
   vertex -45.5500 26.7259 20.0827
  endloop
 endfacet
 facet normal 0 0 0
  outer loop
   vertex -45.5500 25.5779 20.5753
   vertex -44.8187 25.8355 20.3639
   vertex -45.5500 25.8355 20.3639
  endloop
 endfacet
 facet normal 0 0 0
  outer loop
   vertex -44.8187 25.8355 20.3639
   vertex -45.5500 25.5779 20.5753
   vertex -44.5524 25.5779 20.5753
  endloop
 endfacet
 facet normal 0 0 0
  outer loop
   vertex -45.4727 28.1935 22.7219
   vertex -45.5500 27.9821 22.9795
   vertex -45.5500 28.1935 22.7219
  endloop
 endfacet
 facet normal 0 0 0
  outer loop
   vertex -45.5500 27.9821 22.9795
   vertex -45.4727 28.1935 22.7219
   vertex -45.2163 27.9821 22.9795
  endloop
 endfacet
 facet normal 0 0 0
  outer loop
   vertex -45.4727 28.1935 22.7219
   vertex -45.5500 28.1935 22.7219
   vertex -45.5500 28.2455 22.6246
  endloop
 endfacet
 facet normal 0 0 0
  outer loop
   vertex -43.5419 25.5779 22.9795
   vertex -45.5500 25.3665 22.7219
   vertex -45.5500 25.5779 22.9795
  endloop
 endfacet
 facet normal 0 0 0
  outer loop
   vertex -45.5500 25.3665 22.7219
   vertex -43.5419 25.5779 22.9795
   vertex -43.5046 25.3665 22.7219
  endloop
 endfacet
 facet normal 0 0 0
  outer loop
   vertex -45.5500 25.3665 22.7219
   vertex -43.5199 25.2094 22.4280
   vertex -45.5500 25.2094 22.4280
  endloop
 endfacet
 facet normal 0 0 0
  outer loop
   vertex -43.5199 25.2094 22.4280
   vertex -45.5500 25.3665 22.7219
   vertex -43.5046 25.3665 22.7219
  endloop
 endfacet
 facet normal 0 0 0
  outer loop
   vertex -45.5500 25.1127 22.1090
   vertex -43.7043 25.0800 21.7774
   vertex -45.5500 25.0800 21.7774
  endloop
 endfacet
 facet normal 0 0 0
  outer loop
   vertex -43.7043 25.0800 21.7774
   vertex -45.5500 25.1127 22.1090
   vertex -43.5874 25.1127 22.1090
  endloop
 endfacet
 facet normal 0 0 0
  outer loop
   vertex -45.5500 25.5779 22.9795
   vertex -43.6304 25.8355 23.1909
   vertex -43.5419 25.5779 22.9795
  endloop
 endfacet
 facet normal 0 0 0
  outer loop
   vertex -43.6304 25.8355 23.1909
   vertex -45.5500 25.5779 22.9795
   vertex -45.5500 25.8355 23.1909
  endloop
 endfacet
 facet normal 0 0 0
  outer loop
   vertex -45.5500 25.2094 21.1268
   vertex -44.2986 25.3665 20.8329
   vertex -45.5500 25.3665 20.8329
  endloop
 endfacet
 facet normal 0 0 0
  outer loop
   vertex -44.2986 25.3665 20.8329
   vertex -45.5500 25.2094 21.1268
   vertex -44.0668 25.2094 21.1268
  endloop
 endfacet
 facet normal 0 0 0
  outer loop
   vertex -45.5500 26.1294 20.2068
   vertex -45.3474 26.4483 20.1101
   vertex -45.5500 26.4483 20.1101
  endloop
 endfacet
 facet normal 0 0 0
  outer loop
   vertex -45.3474 26.4483 20.1101
   vertex -45.5500 26.1294 20.2068
   vertex -45.0871 26.1294 20.2068
  endloop
 endfacet
 facet normal 0 0 0
  outer loop
   vertex -45.5500 25.0800 21.7774
   vertex -43.8662 25.1127 21.4458
   vertex -45.5500 25.1127 21.4458
  endloop
 endfacet
 facet normal 0 0 0
  outer loop
   vertex -43.8662 25.1127 21.4458
   vertex -45.5500 25.0800 21.7774
   vertex -43.7043 25.0800 21.7774
  endloop
 endfacet
 facet normal 0 0 0
  outer loop
   vertex -45.5500 25.1127 21.4458
   vertex -44.0668 25.2094 21.1268
   vertex -45.5500 25.2094 21.1268
  endloop
 endfacet
 facet normal 0 0 0
  outer loop
   vertex -44.0668 25.2094 21.1268
   vertex -45.5500 25.1127 21.4458
   vertex -43.8662 25.1127 21.4458
  endloop
 endfacet
 facet normal 0 0 0
  outer loop
   vertex -46.3406 29.5516 22.9254
   vertex -53.3079 29.2744 23.4441
   vertex -53.9198 29.5516 22.9254
  endloop
 endfacet
 facet normal 0 0 0
  outer loop
   vertex -53.3079 29.2744 23.4441
   vertex -46.3406 29.5516 22.9254
   vertex -45.9285 29.2744 23.4441
  endloop
 endfacet
 facet normal 0 0 0
  outer loop
   vertex -50.4729 27.3653 24.7198
   vertex -45.5500 27.9281 24.5490
   vertex -45.5500 27.3653 24.7198
  endloop
 endfacet
 facet normal 0 0 0
  outer loop
   vertex -45.5500 27.9281 24.5490
   vertex -50.4729 27.3653 24.7198
   vertex -51.1853 27.9281 24.5490
  endloop
 endfacet
 facet normal 0 0 0
  outer loop
   vertex -45.5500 27.3653 24.7198
   vertex -49.9177 26.8795 24.7676
   vertex -50.4729 27.3653 24.7198
  endloop
 endfacet
 facet normal 0 0 0
  outer loop
   vertex -49.8451 26.7800 24.7774
   vertex -45.5500 27.3653 24.7198
   vertex -45.5500 26.7800 24.7774
  endloop
 endfacet
 facet normal 0 0 0
  outer loop
   vertex -45.5500 27.3653 24.7198
   vertex -49.8451 26.7800 24.7774
   vertex -49.9177 26.8795 24.7676
  endloop
 endfacet
 facet normal 0 0 0
  outer loop
   vertex -51.1853 27.9281 24.5490
   vertex -45.5500 28.4467 24.2718
   vertex -45.5500 27.9281 24.5490
  endloop
 endfacet
 facet normal 0 0 0
  outer loop
   vertex -45.5500 28.4467 24.2718
   vertex -51.1853 27.9281 24.5490
   vertex -51.9139 28.4467 24.2718
  endloop
 endfacet
 facet normal 0 0 0
  outer loop
   vertex -47.2515 29.7800 21.7774
   vertex -54.4168 29.7224 22.3627
   vertex -54.7979 29.7800 21.7774
  endloop
 endfacet
 facet normal 0 0 0
  outer loop
   vertex -54.4168 29.7224 22.3627
   vertex -47.2515 29.7800 21.7774
   vertex -46.8463 29.7224 22.3627
  endloop
 endfacet
 facet normal 0 0 0
  outer loop
   vertex -49.1474 25.6320 24.5490
   vertex -45.5500 26.1947 24.7198
   vertex -45.5500 25.6320 24.5490
  endloop
 endfacet
 facet normal 0 0 0
  outer loop
   vertex -45.5500 26.1947 24.7198
   vertex -49.1474 25.6320 24.5490
   vertex -49.4654 26.1947 24.7198
  endloop
 endfacet
 facet normal 0 0 0
  outer loop
   vertex -52.4506 26.1309 18.8544
   vertex -45.7087 26.1947 18.8350
   vertex -52.5257 26.1947 18.8350
  endloop
 endfacet
 facet normal 0 0 0
  outer loop
   vertex -51.8636 25.6320 19.0058
   vertex -45.7087 26.1947 18.8350
   vertex -52.4506 26.1309 18.8544
  endloop
 endfacet
 facet normal 0 0 0
  outer loop
   vertex -45.5500 25.6320 19.0058
   vertex -45.7087 26.1947 18.8350
   vertex -51.8636 25.6320 19.0058
  endloop
 endfacet
 facet normal 0 0 0
  outer loop
   vertex -45.7087 26.1947 18.8350
   vertex -45.5500 25.6320 19.0058
   vertex -45.5500 26.0003 18.8940
  endloop
 endfacet
 facet normal 0 0 0
  outer loop
   vertex -45.5500 24.2856 20.1107
   vertex -49.6318 24.0084 20.6293
   vertex -45.5500 24.0084 20.6293
  endloop
 endfacet
 facet normal 0 0 0
  outer loop
   vertex -49.6318 24.0084 20.6293
   vertex -45.5500 24.2856 20.1107
   vertex -50.0350 24.2856 20.1107
  endloop
 endfacet
 facet normal 0 0 0
  outer loop
   vertex -45.5500 23.8376 21.1921
   vertex -49.0049 23.7800 21.7774
   vertex -45.5500 23.7800 21.7774
  endloop
 endfacet
 facet normal 0 0 0
  outer loop
   vertex -49.0049 23.7800 21.7774
   vertex -45.5500 23.8376 21.1921
   vertex -49.2840 23.8376 21.1921
  endloop
 endfacet
 facet normal 0 0 0
  outer loop
   vertex -51.9139 28.4467 24.2718
   vertex -45.5500 28.9013 23.8987
   vertex -45.5500 28.4467 24.2718
  endloop
 endfacet
 facet normal 0 0 0
  outer loop
   vertex -45.5500 28.9013 23.8987
   vertex -51.9139 28.4467 24.2718
   vertex -52.6306 28.9013 23.8987
  endloop
 endfacet
 facet normal 0 0 0
  outer loop
   vertex -45.5500 25.1133 24.2718
   vertex -48.7818 24.7694 23.9896
   vertex -48.9034 25.1133 24.2718
  endloop
 endfacet
 facet normal 0 0 0
  outer loop
   vertex -48.7425 24.6587 23.8987
   vertex -45.5500 25.1133 24.2718
   vertex -45.5500 24.6587 23.8987
  endloop
 endfacet
 facet normal 0 0 0
  outer loop
   vertex -45.5500 25.1133 24.2718
   vertex -48.7425 24.6587 23.8987
   vertex -48.7818 24.7694 23.9896
  endloop
 endfacet
 facet normal 0 0 0
  outer loop
   vertex -47.6859 29.5516 20.6293
   vertex -55.0575 29.7224 21.1921
   vertex -55.1856 29.5516 20.6294
  endloop
 endfacet
 facet normal 0 0 0
  outer loop
   vertex -55.0575 29.7224 21.1921
   vertex -47.6859 29.5516 20.6293
   vertex -47.5350 29.7224 21.1921
  endloop
 endfacet
 facet normal 0 0 0
  outer loop
   vertex -47.6985 29.2744 20.1107
   vertex -55.1856 29.5516 20.6294
   vertex -55.1773 29.2744 20.1107
  endloop
 endfacet
 facet normal 0 0 0
  outer loop
   vertex -55.1856 29.5516 20.6294
   vertex -47.6985 29.2744 20.1107
   vertex -47.6859 29.5516 20.6293
  endloop
 endfacet
 facet normal 0 0 0
  outer loop
   vertex -55.0276 28.9013 19.6561
   vertex -55.1773 29.2744 20.1107
   vertex -55.0458 28.9347 19.6968
  endloop
 endfacet
 facet normal 0 0 0
  outer loop
   vertex -55.0276 28.9013 19.6561
   vertex -47.6985 29.2744 20.1107
   vertex -55.1773 29.2744 20.1107
  endloop
 endfacet
 facet normal 0 0 0
  outer loop
   vertex -47.6985 29.2744 20.1107
   vertex -55.0276 28.9013 19.6561
   vertex -47.5723 28.9013 19.6561
  endloop
 endfacet
 facet normal 0 0 0
  outer loop
   vertex -45.5500 24.6587 23.8987
   vertex -48.7308 24.5963 23.8228
   vertex -48.7425 24.6587 23.8987
  endloop
 endfacet
 facet normal 0 0 0
  outer loop
   vertex -48.7308 24.5963 23.8228
   vertex -45.5500 24.6587 23.8987
   vertex -48.6715 24.2856 23.4441
  endloop
 endfacet
 facet normal 0 0 0
  outer loop
   vertex -48.6715 24.2856 23.4441
   vertex -45.5500 24.6587 23.8987
   vertex -45.5500 24.2856 23.4441
  endloop
 endfacet
 facet normal 0 0 0
  outer loop
   vertex -46.8463 29.7224 22.3627
   vertex -54.0555 29.5960 22.7794
   vertex -54.4168 29.7224 22.3627
  endloop
 endfacet
 facet normal 0 0 0
  outer loop
   vertex -54.0555 29.5960 22.7794
   vertex -46.8463 29.7224 22.3627
   vertex -53.9198 29.5516 22.9254
  endloop
 endfacet
 facet normal 0 0 0
  outer loop
   vertex -46.5709 29.6304 22.6659
   vertex -53.9198 29.5516 22.9254
   vertex -46.8463 29.7224 22.3627
  endloop
 endfacet
 facet normal 0 0 0
  outer loop
   vertex -46.3406 29.5516 22.9254
   vertex -46.5709 29.6304 22.6659
   vertex -46.5708 29.6304 22.6659
  endloop
 endfacet
 facet normal 0 0 0
  outer loop
   vertex -46.3406 29.5516 22.9254
   vertex -46.5708 29.6304 22.6659
   vertex -46.3532 29.5577 22.9056
  endloop
 endfacet
 facet normal 0 0 0
  outer loop
   vertex -46.5709 29.6304 22.6659
   vertex -46.3406 29.5516 22.9254
   vertex -53.9198 29.5516 22.9254
  endloop
 endfacet
 facet normal 0 0 0
  outer loop
   vertex -54.7963 28.5752 19.3884
   vertex -47.5723 28.9013 19.6561
   vertex -55.0276 28.9013 19.6561
  endloop
 endfacet
 facet normal 0 0 0
  outer loop
   vertex -54.7051 28.4467 19.2830
   vertex -47.5723 28.9013 19.6561
   vertex -54.7963 28.5752 19.3884
  endloop
 endfacet
 facet normal 0 0 0
  outer loop
   vertex -47.5723 28.9013 19.6561
   vertex -54.7051 28.4467 19.2830
   vertex -47.3121 28.4467 19.2830
  endloop
 endfacet
 facet normal 0 0 0
  outer loop
   vertex -49.4654 26.1947 24.7198
   vertex -45.5500 26.7800 24.7774
   vertex -45.5500 26.1947 24.7198
  endloop
 endfacet
 facet normal 0 0 0
  outer loop
   vertex -45.5500 26.7800 24.7774
   vertex -49.4654 26.1947 24.7198
   vertex -49.8451 26.7800 24.7774
  endloop
 endfacet
 facet normal 0 0 0
  outer loop
   vertex -51.2036 25.1133 19.2830
   vertex -45.5500 25.6320 19.0058
   vertex -51.8636 25.6320 19.0058
  endloop
 endfacet
 facet normal 0 0 0
  outer loop
   vertex -45.5500 25.6320 19.0058
   vertex -51.2036 25.1133 19.2830
   vertex -45.5500 25.1133 19.2830
  endloop
 endfacet
 facet normal 0 0 0
  outer loop
   vertex -45.5500 24.0084 20.6293
   vertex -49.2840 23.8376 21.1921
   vertex -45.5500 23.8376 21.1921
  endloop
 endfacet
 facet normal 0 0 0
  outer loop
   vertex -49.2840 23.8376 21.1921
   vertex -45.5500 24.0084 20.6293
   vertex -49.6318 24.0084 20.6293
  endloop
 endfacet
 facet normal 0 0 0
  outer loop
   vertex -45.5500 23.8376 22.3627
   vertex -48.6926 24.0084 22.9254
   vertex -45.5500 24.0084 22.9254
  endloop
 endfacet
 facet normal 0 0 0
  outer loop
   vertex -48.6926 24.0084 22.9254
   vertex -45.5500 23.8376 22.3627
   vertex -48.8052 23.8376 22.3627
  endloop
 endfacet
 facet normal 0 0 0
  outer loop
   vertex -53.1644 26.7800 18.7774
   vertex -46.5213 27.3653 18.8350
   vertex -53.7552 27.3653 18.8350
  endloop
 endfacet
 facet normal 0 0 0
  outer loop
   vertex -46.5213 27.3653 18.8350
   vertex -53.1644 26.7800 18.7774
   vertex -46.1960 26.8729 18.7865
  endloop
 endfacet
 facet normal 0 0 0
  outer loop
   vertex -46.1960 26.8729 18.7865
   vertex -53.1644 26.7800 18.7774
   vertex -46.1359 26.7800 18.7774
  endloop
 endfacet
 facet normal 0 0 0
  outer loop
   vertex -45.5500 24.0084 22.9254
   vertex -48.6715 24.2856 23.4441
   vertex -45.5500 24.2856 23.4441
  endloop
 endfacet
 facet normal 0 0 0
  outer loop
   vertex -48.6715 24.2856 23.4441
   vertex -45.5500 24.0084 22.9254
   vertex -48.6926 24.0084 22.9254
  endloop
 endfacet
 facet normal 0 0 0
  outer loop
   vertex -45.5500 24.6587 19.6561
   vertex -50.0350 24.2856 20.1107
   vertex -45.5500 24.2856 20.1107
  endloop
 endfacet
 facet normal 0 0 0
  outer loop
   vertex -50.0350 24.2856 20.1107
   vertex -45.5500 24.6587 19.6561
   vertex -50.2940 24.5037 19.8450
  endloop
 endfacet
 facet normal 0 0 0
  outer loop
   vertex -50.2940 24.5037 19.8450
   vertex -45.5500 24.6587 19.6561
   vertex -50.5608 24.6587 19.6561
  endloop
 endfacet
 facet normal 0 0 0
  outer loop
   vertex -53.9346 27.5593 18.8939
   vertex -46.9279 27.9281 19.0058
   vertex -54.2755 27.9281 19.0058
  endloop
 endfacet
 facet normal 0 0 0
  outer loop
   vertex -53.7552 27.3653 18.8350
   vertex -46.9279 27.9281 19.0058
   vertex -53.9346 27.5593 18.8939
  endloop
 endfacet
 facet normal 0 0 0
  outer loop
   vertex -46.5213 27.3653 18.8350
   vertex -46.9279 27.9281 19.0058
   vertex -53.7552 27.3653 18.8350
  endloop
 endfacet
 facet normal 0 0 0
  outer loop
   vertex -46.9279 27.9281 19.0058
   vertex -46.5213 27.3653 18.8350
   vertex -46.6866 27.6528 18.9223
  endloop
 endfacet
 facet normal 0 0 0
  outer loop
   vertex -48.9034 25.1133 24.2718
   vertex -45.5500 25.6320 24.5490
   vertex -45.5500 25.1133 24.2718
  endloop
 endfacet
 facet normal 0 0 0
  outer loop
   vertex -45.5500 25.6320 24.5490
   vertex -48.9034 25.1133 24.2718
   vertex -49.1474 25.6320 24.5490
  endloop
 endfacet
 facet normal 0 0 0
  outer loop
   vertex -45.9285 29.2744 23.4441
   vertex -52.6306 28.9013 23.8987
   vertex -53.3079 29.2744 23.4441
  endloop
 endfacet
 facet normal 0 0 0
  outer loop
   vertex -45.5500 28.9013 23.8987
   vertex -45.9285 29.2744 23.4441
   vertex -45.5500 28.9623 23.8244
  endloop
 endfacet
 facet normal 0 0 0
  outer loop
   vertex -45.9285 29.2744 23.4441
   vertex -45.5500 28.9013 23.8987
   vertex -52.6306 28.9013 23.8987
  endloop
 endfacet
 facet normal 0 0 0
  outer loop
   vertex -45.5500 27.3653 24.7198
   vertex -45.5500 27.1117 23.4447
   vertex -45.5500 26.7800 23.4774
  endloop
 endfacet
 facet normal 0 0 0
  outer loop
   vertex -45.5500 28.9013 23.8987
   vertex -45.5500 27.4306 23.3480
   vertex -45.5500 27.1117 23.4447
  endloop
 endfacet
 facet normal 0 0 0
  outer loop
   vertex -45.5500 28.9013 23.8987
   vertex -45.5500 27.7245 23.1909
   vertex -45.5500 27.4306 23.3480
  endloop
 endfacet
 facet normal 0 0 0
  outer loop
   vertex -45.5500 28.9013 23.8987
   vertex -45.5500 27.9821 22.9795
   vertex -45.5500 27.7245 23.1909
  endloop
 endfacet
 facet normal 0 0 0
  outer loop
   vertex -45.5500 28.9623 23.8244
   vertex -45.5500 28.1935 22.7219
   vertex -45.5500 27.9821 22.9795
  endloop
 endfacet
 facet normal 0 0 0
  outer loop
   vertex -45.5500 28.1935 22.7219
   vertex -45.5500 28.9623 23.8244
   vertex -45.5500 28.2455 22.6246
  endloop
 endfacet
 facet normal 0 0 0
  outer loop
   vertex -45.5500 26.7800 23.4774
   vertex -45.5500 26.7800 24.7774
   vertex -45.5500 27.3653 24.7198
  endloop
 endfacet
 facet normal 0 0 0
  outer loop
   vertex -45.5500 27.1117 23.4447
   vertex -45.5500 27.3653 24.7198
   vertex -45.5500 27.9281 24.5490
  endloop
 endfacet
 facet normal 0 0 0
  outer loop
   vertex -45.5500 26.7800 24.7774
   vertex -45.5500 26.7800 23.4774
   vertex -45.5500 26.1947 24.7198
  endloop
 endfacet
 facet normal 0 0 0
  outer loop
   vertex -45.5500 27.1117 23.4447
   vertex -45.5500 27.9281 24.5490
   vertex -45.5500 28.4467 24.2718
  endloop
 endfacet
 facet normal 0 0 0
  outer loop
   vertex -45.5500 26.4483 23.4447
   vertex -45.5500 26.1947 24.7198
   vertex -45.5500 26.7800 23.4774
  endloop
 endfacet
 facet normal 0 0 0
  outer loop
   vertex -45.5500 27.1117 23.4447
   vertex -45.5500 28.4467 24.2718
   vertex -45.5500 28.9013 23.8987
  endloop
 endfacet
 facet normal 0 0 0
  outer loop
   vertex -45.5500 26.1947 24.7198
   vertex -45.5500 26.4483 23.4447
   vertex -45.5500 25.6320 24.5490
  endloop
 endfacet
 facet normal 0 0 0
  outer loop
   vertex -45.5500 27.9821 22.9795
   vertex -45.5500 28.9013 23.8987
   vertex -45.5500 28.9623 23.8244
  endloop
 endfacet
 facet normal 0 0 0
  outer loop
   vertex -45.5500 26.1294 23.3480
   vertex -45.5500 25.6320 24.5490
   vertex -45.5500 26.4483 23.4447
  endloop
 endfacet
 facet normal 0 0 0
  outer loop
   vertex -45.5500 25.6320 24.5490
   vertex -45.5500 26.1294 23.3480
   vertex -45.5500 25.1133 24.2718
  endloop
 endfacet
 facet normal 0 0 0
  outer loop
   vertex -45.5500 25.8355 23.1909
   vertex -45.5500 25.1133 24.2718
   vertex -45.5500 26.1294 23.3480
  endloop
 endfacet
 facet normal 0 0 0
  outer loop
   vertex -45.5500 25.1133 24.2718
   vertex -45.5500 25.8355 23.1909
   vertex -45.5500 24.6587 23.8987
  endloop
 endfacet
 facet normal 0 0 0
  outer loop
   vertex -45.5500 25.5779 22.9795
   vertex -45.5500 24.6587 23.8987
   vertex -45.5500 25.8355 23.1909
  endloop
 endfacet
 facet normal 0 0 0
  outer loop
   vertex -45.5500 24.6587 23.8987
   vertex -45.5500 25.5779 22.9795
   vertex -45.5500 24.2856 23.4441
  endloop
 endfacet
 facet normal 0 0 0
  outer loop
   vertex -45.5500 25.3665 22.7219
   vertex -45.5500 24.2856 23.4441
   vertex -45.5500 25.5779 22.9795
  endloop
 endfacet
 facet normal 0 0 0
  outer loop
   vertex -45.5500 24.2856 23.4441
   vertex -45.5500 25.3665 22.7219
   vertex -45.5500 24.0084 22.9254
  endloop
 endfacet
 facet normal 0 0 0
  outer loop
   vertex -45.5500 25.2094 22.4280
   vertex -45.5500 24.0084 22.9254
   vertex -45.5500 25.3665 22.7219
  endloop
 endfacet
 facet normal 0 0 0
  outer loop
   vertex -45.5500 25.2094 22.4280
   vertex -45.5500 23.8376 22.3627
   vertex -45.5500 24.0084 22.9254
  endloop
 endfacet
 facet normal 0 0 0
  outer loop
   vertex -45.5500 25.1127 22.1090
   vertex -45.5500 23.8376 22.3627
   vertex -45.5500 25.2094 22.4280
  endloop
 endfacet
 facet normal 0 0 0
  outer loop
   vertex -45.5500 25.0800 21.7774
   vertex -45.5500 23.8376 22.3627
   vertex -45.5500 25.1127 22.1090
  endloop
 endfacet
 facet normal 0 0 0
  outer loop
   vertex -45.5500 25.0800 21.7774
   vertex -45.5500 23.7800 21.7774
   vertex -45.5500 23.8376 22.3627
  endloop
 endfacet
 facet normal 0 0 0
  outer loop
   vertex -45.5500 25.1127 21.4458
   vertex -45.5500 23.7800 21.7774
   vertex -45.5500 25.0800 21.7774
  endloop
 endfacet
 facet normal 0 0 0
  outer loop
   vertex -45.5500 25.1127 21.4458
   vertex -45.5500 23.8376 21.1921
   vertex -45.5500 23.7800 21.7774
  endloop
 endfacet
 facet normal 0 0 0
  outer loop
   vertex -45.5500 25.2094 21.1268
   vertex -45.5500 23.8376 21.1921
   vertex -45.5500 25.1127 21.4458
  endloop
 endfacet
 facet normal 0 0 0
  outer loop
   vertex -45.5500 24.0084 20.6293
   vertex -45.5500 25.2094 21.1268
   vertex -45.5500 25.3665 20.8329
  endloop
 endfacet
 facet normal 0 0 0
  outer loop
   vertex -45.5500 25.2094 21.1268
   vertex -45.5500 24.0084 20.6293
   vertex -45.5500 23.8376 21.1921
  endloop
 endfacet
 facet normal 0 0 0
  outer loop
   vertex -45.5500 24.2856 20.1107
   vertex -45.5500 25.3665 20.8329
   vertex -45.5500 25.5779 20.5753
  endloop
 endfacet
 facet normal 0 0 0
  outer loop
   vertex -45.5500 24.6587 19.6561
   vertex -45.5500 25.5779 20.5753
   vertex -45.5500 25.8355 20.3639
  endloop
 endfacet
 facet normal 0 0 0
  outer loop
   vertex -45.5500 25.1133 19.2830
   vertex -45.5500 25.8355 20.3639
   vertex -45.5500 26.1294 20.2068
  endloop
 endfacet
 facet normal 0 0 0
  outer loop
   vertex -45.5500 25.3665 20.8329
   vertex -45.5500 24.2856 20.1107
   vertex -45.5500 24.0084 20.6293
  endloop
 endfacet
 facet normal 0 0 0
  outer loop
   vertex -45.5500 26.0003 18.8940
   vertex -45.5500 26.1294 20.2068
   vertex -45.5500 26.4483 20.1101
  endloop
 endfacet
 facet normal 0 0 0
  outer loop
   vertex -45.5500 26.0003 18.8940
   vertex -45.5500 26.4483 20.1101
   vertex -45.5500 26.7259 20.0827
  endloop
 endfacet
 facet normal 0 0 0
  outer loop
   vertex -45.5500 25.5779 20.5753
   vertex -45.5500 24.6587 19.6561
   vertex -45.5500 24.2856 20.1107
  endloop
 endfacet
 facet normal 0 0 0
  outer loop
   vertex -45.5500 25.8355 20.3639
   vertex -45.5500 25.1133 19.2830
   vertex -45.5500 24.6587 19.6561
  endloop
 endfacet
 facet normal 0 0 0
  outer loop
   vertex -45.5500 26.1294 20.2068
   vertex -45.5500 25.6320 19.0058
   vertex -45.5500 25.1133 19.2830
  endloop
 endfacet
 facet normal 0 0 0
  outer loop
   vertex -45.5500 26.1294 20.2068
   vertex -45.5500 26.0003 18.8940
   vertex -45.5500 25.6320 19.0058
  endloop
 endfacet
 facet normal 0 0 0
  outer loop
   vertex -47.5350 29.7224 21.1921
   vertex -54.7979 29.7800 21.7774
   vertex -55.0575 29.7224 21.1921
  endloop
 endfacet
 facet normal 0 0 0
  outer loop
   vertex -54.7979 29.7800 21.7774
   vertex -47.5350 29.7224 21.1921
   vertex -47.2515 29.7800 21.7774
  endloop
 endfacet
 facet normal 0 0 0
  outer loop
   vertex -45.5500 23.7800 21.7774
   vertex -48.8052 23.8376 22.3627
   vertex -45.5500 23.8376 22.3627
  endloop
 endfacet
 facet normal 0 0 0
  outer loop
   vertex -48.8052 23.8376 22.3627
   vertex -45.5500 23.7800 21.7774
   vertex -49.0049 23.7800 21.7774
  endloop
 endfacet
 facet normal 0 0 0
  outer loop
   vertex -50.7994 24.8228 19.5214
   vertex -45.5500 25.1133 19.2830
   vertex -51.2036 25.1133 19.2830
  endloop
 endfacet
 facet normal 0 0 0
  outer loop
   vertex -50.6983 24.7502 19.5810
   vertex -45.5500 25.1133 19.2830
   vertex -50.7994 24.8228 19.5214
  endloop
 endfacet
 facet normal 0 0 0
  outer loop
   vertex -50.5608 24.6587 19.6561
   vertex -45.5500 25.1133 19.2830
   vertex -50.6983 24.7502 19.5810
  endloop
 endfacet
 facet normal 0 0 0
  outer loop
   vertex -45.5500 25.1133 19.2830
   vertex -50.5608 24.6587 19.6561
   vertex -45.5500 24.6587 19.6561
  endloop
 endfacet
 facet normal 0 0 0
  outer loop
   vertex -52.5257 26.1947 18.8350
   vertex -46.1359 26.7800 18.7774
   vertex -53.1644 26.7800 18.7774
  endloop
 endfacet
 facet normal 0 0 0
  outer loop
   vertex -46.1359 26.7800 18.7774
   vertex -52.5257 26.1947 18.8350
   vertex -45.7087 26.1947 18.8350
  endloop
 endfacet
 facet normal 0 0 0
  outer loop
   vertex -54.2755 27.9281 19.0058
   vertex -47.3121 28.4467 19.2830
   vertex -54.7051 28.4467 19.2830
  endloop
 endfacet
 facet normal 0 0 0
  outer loop
   vertex -47.1245 28.1935 19.1476
   vertex -47.3121 28.4467 19.2830
   vertex -54.2755 27.9281 19.0058
  endloop
 endfacet
 facet normal 0 0 0
  outer loop
   vertex -47.3121 28.4467 19.2830
   vertex -47.1245 28.1935 19.1476
   vertex -47.1245 28.1935 19.1477
  endloop
 endfacet
 facet normal 0 0 0
  outer loop
   vertex -47.1245 28.1935 19.1476
   vertex -54.2755 27.9281 19.0058
   vertex -46.9279 27.9281 19.0058
  endloop
 endfacet
 facet normal 0 0 0
  outer loop
   vertex -35.1879 -17.8583 27.2347
   vertex -36.4300 -17.5394 27.1380
   vertex -35.1037 -17.5394 27.1380
  endloop
 endfacet
 facet normal 0 0 0
  outer loop
   vertex -36.4300 -17.5394 27.1380
   vertex -35.1879 -17.8583 27.2347
   vertex -36.4300 -17.8583 27.2347
  endloop
 endfacet
 facet normal 0 0 0
  outer loop
   vertex -35.2463 -18.1900 27.2674
   vertex -36.4300 -17.8583 27.2347
   vertex -35.1879 -17.8583 27.2347
  endloop
 endfacet
 facet normal 0 0 0
  outer loop
   vertex -36.4300 -17.8583 27.2347
   vertex -35.2463 -18.1900 27.2674
   vertex -36.4300 -18.1900 27.2674
  endloop
 endfacet
 facet normal 0 0 0
  outer loop
   vertex -35.1037 -17.5394 27.1380
   vertex -36.4300 -17.2455 26.9809
   vertex -34.9969 -17.2455 26.9809
  endloop
 endfacet
 facet normal 0 0 0
  outer loop
   vertex -36.4300 -17.2455 26.9809
   vertex -35.1037 -17.5394 27.1380
   vertex -36.4300 -17.5394 27.1380
  endloop
 endfacet
 facet normal 0 0 0
  outer loop
   vertex -36.4300 -16.9879 24.3653
   vertex -34.2152 -16.7765 24.6229
   vertex -36.4300 -16.7765 24.6229
  endloop
 endfacet
 facet normal 0 0 0
  outer loop
   vertex -34.2152 -16.7765 24.6229
   vertex -36.4300 -16.9879 24.3653
   vertex -34.1688 -16.9879 24.3653
  endloop
 endfacet
 facet normal 0 0 0
  outer loop
   vertex -35.2767 -18.5217 27.2347
   vertex -36.4300 -18.1900 27.2674
   vertex -35.2463 -18.1900 27.2674
  endloop
 endfacet
 facet normal 0 0 0
  outer loop
   vertex -36.4300 -18.1900 27.2674
   vertex -35.2767 -18.5217 27.2347
   vertex -36.4300 -18.5217 27.2347
  endloop
 endfacet
 facet normal 0 0 0
  outer loop
   vertex -36.4300 -16.5227 25.8991
   vertex -34.6171 -16.6194 26.2180
   vertex -36.4300 -16.6194 26.2180
  endloop
 endfacet
 facet normal 0 0 0
  outer loop
   vertex -34.6171 -16.6194 26.2180
   vertex -36.4300 -16.5227 25.8991
   vertex -34.5240 -16.5227 25.8991
  endloop
 endfacet
 facet normal 0 0 0
  outer loop
   vertex -34.3860 -18.1900 23.8674
   vertex -36.4300 -17.8583 23.9001
   vertex -36.4300 -18.1900 23.8674
  endloop
 endfacet
 facet normal 0 0 0
  outer loop
   vertex -36.4300 -17.8583 23.9001
   vertex -34.3860 -18.1900 23.8674
   vertex -34.3143 -17.8583 23.9001
  endloop
 endfacet
 facet normal 0 0 0
  outer loop
   vertex -36.4300 -16.4900 25.5674
   vertex -34.5240 -16.5227 25.8991
   vertex -36.4300 -16.5227 25.8991
  endloop
 endfacet
 facet normal 0 0 0
  outer loop
   vertex -34.5240 -16.5227 25.8991
   vertex -36.4300 -16.4900 25.5674
   vertex -34.4339 -16.4900 25.5674
  endloop
 endfacet
 facet normal 0 0 0
  outer loop
   vertex -36.4300 -16.6194 26.2180
   vertex -34.7326 -16.7765 26.5119
   vertex -36.4300 -16.7765 26.5119
  endloop
 endfacet
 facet normal 0 0 0
  outer loop
   vertex -36.4300 -16.6194 26.2180
   vertex -34.6710 -16.7108 26.3889
   vertex -34.7326 -16.7765 26.5119
  endloop
 endfacet
 facet normal 0 0 0
  outer loop
   vertex -34.6710 -16.7108 26.3889
   vertex -36.4300 -16.6194 26.2180
   vertex -34.6171 -16.6194 26.2180
  endloop
 endfacet
 facet normal 0 0 0
  outer loop
   vertex -36.4300 -17.2455 24.1539
   vertex -34.1688 -16.9879 24.3653
   vertex -36.4300 -16.9879 24.3653
  endloop
 endfacet
 facet normal 0 0 0
  outer loop
   vertex -34.1688 -16.9879 24.3653
   vertex -36.4300 -17.2455 24.1539
   vertex -34.1483 -17.2455 24.1539
  endloop
 endfacet
 facet normal 0 0 0
  outer loop
   vertex -34.1688 -16.9879 24.3653
   vertex -34.1483 -17.2455 24.1539
   vertex -34.1415 -17.2255 24.1703
  endloop
 endfacet
 facet normal 0 0 0
  outer loop
   vertex -36.4300 -19.3921 26.7695
   vertex -35.2496 -19.1345 26.9809
   vertex -35.1932 -19.3921 26.7695
  endloop
 endfacet
 facet normal 0 0 0
  outer loop
   vertex -35.2496 -19.1345 26.9809
   vertex -36.4300 -19.3921 26.7695
   vertex -36.4300 -19.1345 26.9809
  endloop
 endfacet
 facet normal 0 0 0
  outer loop
   vertex -34.9969 -17.2455 26.9809
   vertex -36.4300 -16.9879 26.7695
   vertex -34.8716 -16.9879 26.7695
  endloop
 endfacet
 facet normal 0 0 0
  outer loop
   vertex -36.4300 -16.9879 26.7695
   vertex -34.9969 -17.2455 26.9809
   vertex -36.4300 -17.2455 26.9809
  endloop
 endfacet
 facet normal 0 0 0
  outer loop
   vertex -34.3143 -17.8583 23.9001
   vertex -36.4300 -17.5394 23.9968
   vertex -36.4300 -17.8583 23.9001
  endloop
 endfacet
 facet normal 0 0 0
  outer loop
   vertex -36.4300 -17.5394 23.9968
   vertex -34.3143 -17.8583 23.9001
   vertex -34.2341 -17.5394 23.9968
  endloop
 endfacet
 facet normal 0 0 0
  outer loop
   vertex -35.1932 -19.3921 26.7695
   vertex -36.4300 -19.6035 26.5119
   vertex -36.4300 -19.3921 26.7695
  endloop
 endfacet
 facet normal 0 0 0
  outer loop
   vertex -36.4300 -19.6035 26.5119
   vertex -35.1932 -19.3921 26.7695
   vertex -35.1109 -19.6035 26.5119
  endloop
 endfacet
 facet normal 0 0 0
  outer loop
   vertex -34.4928 -18.8406 23.9968
   vertex -36.4300 -18.5217 23.9001
   vertex -36.4300 -18.8406 23.9968
  endloop
 endfacet
 facet normal 0 0 0
  outer loop
   vertex -36.4300 -18.5217 23.9001
   vertex -34.4928 -18.8406 23.9968
   vertex -34.4462 -18.5217 23.9001
  endloop
 endfacet
 facet normal 0 0 0
  outer loop
   vertex -35.2778 -18.8406 27.1380
   vertex -36.4300 -18.5217 27.2347
   vertex -35.2767 -18.5217 27.2347
  endloop
 endfacet
 facet normal 0 0 0
  outer loop
   vertex -36.4300 -18.5217 27.2347
   vertex -35.2778 -18.8406 27.1380
   vertex -36.4300 -18.8406 27.1380
  endloop
 endfacet
 facet normal 0 0 0
  outer loop
   vertex -35.1109 -19.6035 26.5119
   vertex -36.4300 -19.7606 26.2180
   vertex -36.4300 -19.6035 26.5119
  endloop
 endfacet
 facet normal 0 0 0
  outer loop
   vertex -36.4300 -19.7606 26.2180
   vertex -35.1109 -19.6035 26.5119
   vertex -35.0056 -19.7606 26.2180
  endloop
 endfacet
 facet normal 0 0 0
  outer loop
   vertex -36.4300 -19.1345 26.9809
   vertex -35.2778 -18.8406 27.1380
   vertex -35.2496 -19.1345 26.9809
  endloop
 endfacet
 facet normal 0 0 0
  outer loop
   vertex -35.2778 -18.8406 27.1380
   vertex -36.4300 -19.1345 26.9809
   vertex -36.4300 -18.8406 27.1380
  endloop
 endfacet
 facet normal 0 0 0
  outer loop
   vertex -36.4300 -16.5227 25.2357
   vertex -34.4339 -16.4900 25.5674
   vertex -36.4300 -16.4900 25.5674
  endloop
 endfacet
 facet normal 0 0 0
  outer loop
   vertex -34.4339 -16.4900 25.5674
   vertex -36.4300 -16.5227 25.2357
   vertex -34.3503 -16.5227 25.2357
  endloop
 endfacet
 facet normal 0 0 0
  outer loop
   vertex -35.0056 -19.7606 26.2180
   vertex -36.4300 -19.8573 25.8991
   vertex -36.4300 -19.7606 26.2180
  endloop
 endfacet
 facet normal 0 0 0
  outer loop
   vertex -36.4300 -19.8573 25.8991
   vertex -35.0056 -19.7606 26.2180
   vertex -34.8815 -19.8573 25.8991
  endloop
 endfacet
 facet normal 0 0 0
  outer loop
   vertex -34.2341 -17.5394 23.9968
   vertex -36.4300 -17.2455 24.1539
   vertex -36.4300 -17.5394 23.9968
  endloop
 endfacet
 facet normal 0 0 0
  outer loop
   vertex -36.4300 -17.2455 24.1539
   vertex -34.2341 -17.5394 23.9968
   vertex -34.1483 -17.2455 24.1539
  endloop
 endfacet
 facet normal 0 0 0
  outer loop
   vertex -36.4300 -16.6194 24.9168
   vertex -34.3503 -16.5227 25.2357
   vertex -36.4300 -16.5227 25.2357
  endloop
 endfacet
 facet normal 0 0 0
  outer loop
   vertex -34.3503 -16.5227 25.2357
   vertex -36.4300 -16.6194 24.9168
   vertex -34.2764 -16.6194 24.9168
  endloop
 endfacet
 facet normal 0 0 0
  outer loop
   vertex -36.4300 -16.7765 24.6229
   vertex -34.2764 -16.6194 24.9168
   vertex -36.4300 -16.6194 24.9168
  endloop
 endfacet
 facet normal 0 0 0
  outer loop
   vertex -34.2764 -16.6194 24.9168
   vertex -36.4300 -16.7765 24.6229
   vertex -34.2152 -16.7765 24.6229
  endloop
 endfacet
 facet normal 0 0 0
  outer loop
   vertex -34.8815 -19.8573 25.8991
   vertex -36.4300 -19.8900 25.5674
   vertex -36.4300 -19.8573 25.8991
  endloop
 endfacet
 facet normal 0 0 0
  outer loop
   vertex -34.8190 -19.8721 25.7488
   vertex -36.4300 -19.8900 25.5674
   vertex -34.8815 -19.8573 25.8991
  endloop
 endfacet
 facet normal 0 0 0
  outer loop
   vertex -36.4300 -19.8900 25.5674
   vertex -34.8190 -19.8721 25.7488
   vertex -34.7733 -19.8900 25.5674
  endloop
 endfacet
 facet normal 0 0 0
  outer loop
   vertex -36.4300 -16.7765 26.5119
   vertex -34.8716 -16.9879 26.7695
   vertex -36.4300 -16.9879 26.7695
  endloop
 endfacet
 facet normal 0 0 0
  outer loop
   vertex -34.8716 -16.9879 26.7695
   vertex -36.4300 -16.7765 26.5119
   vertex -34.7326 -16.7765 26.5119
  endloop
 endfacet
 facet normal 0 0 0
  outer loop
   vertex -34.4462 -18.5217 23.9001
   vertex -36.4300 -18.1900 23.8674
   vertex -36.4300 -18.5217 23.9001
  endloop
 endfacet
 facet normal 0 0 0
  outer loop
   vertex -36.4300 -18.1900 23.8674
   vertex -34.4462 -18.5217 23.9001
   vertex -34.3860 -18.1900 23.8674
  endloop
 endfacet
 facet normal 0 0 0
  outer loop
   vertex -34.5238 -19.1345 24.1539
   vertex -36.4300 -18.8406 23.9968
   vertex -36.4300 -19.1345 24.1539
  endloop
 endfacet
 facet normal 0 0 0
  outer loop
   vertex -36.4300 -18.8406 23.9968
   vertex -34.5238 -19.1345 24.1539
   vertex -34.4928 -18.8406 23.9968
  endloop
 endfacet
 facet normal 0 0 0
  outer loop
   vertex -36.4300 -19.6035 24.6229
   vertex -34.5382 -19.3921 24.3653
   vertex -36.4300 -19.3921 24.3653
  endloop
 endfacet
 facet normal 0 0 0
  outer loop
   vertex -34.5382 -19.3921 24.3653
   vertex -36.4300 -19.6035 24.6229
   vertex -34.5354 -19.6035 24.6229
  endloop
 endfacet
 facet normal 0 0 0
  outer loop
   vertex -34.5382 -19.3921 24.3653
   vertex -36.4300 -19.1345 24.1539
   vertex -36.4300 -19.3921 24.3653
  endloop
 endfacet
 facet normal 0 0 0
  outer loop
   vertex -36.4300 -19.1345 24.1539
   vertex -34.5382 -19.3921 24.3653
   vertex -34.5238 -19.1345 24.1539
  endloop
 endfacet
 facet normal 0 0 0
  outer loop
   vertex -34.5900 -19.7606 24.9168
   vertex -36.4300 -19.6035 24.6229
   vertex -36.4300 -19.7606 24.9168
  endloop
 endfacet
 facet normal 0 0 0
  outer loop
   vertex -34.5900 -19.7606 24.9168
   vertex -34.5354 -19.6035 24.6229
   vertex -36.4300 -19.6035 24.6229
  endloop
 endfacet
 facet normal 0 0 0
  outer loop
   vertex -34.5354 -19.6035 24.6229
   vertex -34.5900 -19.7606 24.9168
   vertex -34.5286 -19.6566 24.7222
  endloop
 endfacet
 facet normal 0 0 0
  outer loop
   vertex -34.7733 -19.8900 25.5674
   vertex -36.4300 -19.8573 25.2357
   vertex -36.4300 -19.8900 25.5674
  endloop
 endfacet
 facet normal 0 0 0
  outer loop
   vertex -36.4300 -19.8573 25.2357
   vertex -34.7733 -19.8900 25.5674
   vertex -34.6832 -19.8573 25.2357
  endloop
 endfacet
 facet normal 0 0 0
  outer loop
   vertex -34.6832 -19.8573 25.2357
   vertex -36.4300 -19.7606 24.9168
   vertex -36.4300 -19.8573 25.2357
  endloop
 endfacet
 facet normal 0 0 0
  outer loop
   vertex -36.4300 -19.7606 24.9168
   vertex -34.6832 -19.8573 25.2357
   vertex -34.5900 -19.7606 24.9168
  endloop
 endfacet
 facet normal 0 0 0
  outer loop
   vertex -36.4300 -19.3381 22.7958
   vertex -39.6480 -18.7753 22.6250
   vertex -39.7302 -19.3381 22.7958
  endloop
 endfacet
 facet normal 0 0 0
  outer loop
   vertex -39.6480 -18.7753 22.6250
   vertex -36.4300 -19.3381 22.7958
   vertex -36.4300 -18.7753 22.6250
  endloop
 endfacet
 facet normal 0 0 0
  outer loop
   vertex -36.4300 -17.6047 28.5098
   vertex -39.8107 -17.0420 28.3390
   vertex -36.4300 -17.0420 28.3390
  endloop
 endfacet
 facet normal 0 0 0
  outer loop
   vertex -39.8107 -17.0420 28.3390
   vertex -36.4300 -17.6047 28.5098
   vertex -39.8910 -17.6047 28.5098
  endloop
 endfacet
 facet normal 0 0 0
  outer loop
   vertex -36.4300 -18.1900 28.5674
   vertex -39.8910 -17.6047 28.5098
   vertex -36.4300 -17.6047 28.5098
  endloop
 endfacet
 facet normal 0 0 0
  outer loop
   vertex -39.8910 -17.6047 28.5098
   vertex -36.4300 -18.1900 28.5674
   vertex -39.9824 -18.1034 28.5589
  endloop
 endfacet
 facet normal 0 0 0
  outer loop
   vertex -39.9824 -18.1034 28.5589
   vertex -36.4300 -18.1900 28.5674
   vertex -39.9924 -18.1578 28.5642
  endloop
 endfacet
 facet normal 0 0 0
  outer loop
   vertex -39.9924 -18.1578 28.5642
   vertex -36.4300 -18.1900 28.5674
   vertex -40.0053 -18.1900 28.5674
  endloop
 endfacet
 facet normal 0 0 0
  outer loop
   vertex -36.4300 -17.0420 28.3390
   vertex -39.7604 -16.5233 28.0618
   vertex -36.4300 -16.5233 28.0618
  endloop
 endfacet
 facet normal 0 0 0
  outer loop
   vertex -39.7604 -16.5233 28.0618
   vertex -36.4300 -17.0420 28.3390
   vertex -39.7882 -16.8101 28.2151
  endloop
 endfacet
 facet normal 0 0 0
  outer loop
   vertex -39.7882 -16.8101 28.2151
   vertex -36.4300 -17.0420 28.3390
   vertex -39.8107 -17.0420 28.3390
  endloop
 endfacet
 facet normal 0 0 0
  outer loop
   vertex -36.4300 -18.7753 28.5098
   vertex -40.0053 -18.1900 28.5674
   vertex -36.4300 -18.1900 28.5674
  endloop
 endfacet
 facet normal 0 0 0
  outer loop
   vertex -40.0053 -18.1900 28.5674
   vertex -36.4300 -18.7753 28.5098
   vertex -40.2623 -18.7753 28.5098
  endloop
 endfacet
 facet normal 0 0 0
  outer loop
   vertex -36.4300 -15.1900 25.5674
   vertex -39.0581 -15.2476 24.9821
   vertex -36.4300 -15.2476 24.9821
  endloop
 endfacet
 facet normal 0 0 0
  outer loop
   vertex -39.0581 -15.2476 24.9821
   vertex -36.4300 -15.1900 25.5674
   vertex -39.1035 -15.2019 25.4465
  endloop
 endfacet
 facet normal 0 0 0
  outer loop
   vertex -39.1035 -15.2019 25.4465
   vertex -36.4300 -15.1900 25.5674
   vertex -39.1386 -15.1900 25.5674
  endloop
 endfacet
 facet normal 0 0 0
  outer loop
   vertex -36.4300 -20.6844 23.9007
   vertex -39.7702 -20.9616 24.4193
   vertex -36.4300 -20.9616 24.4193
  endloop
 endfacet
 facet normal 0 0 0
  outer loop
   vertex -39.7702 -20.9616 24.4193
   vertex -36.4300 -20.6844 23.9007
   vertex -39.8054 -20.6844 23.9007
  endloop
 endfacet
 facet normal 0 0 0
  outer loop
   vertex -36.4300 -20.3113 27.6887
   vertex -40.7294 -20.6844 27.2341
   vertex -40.8887 -20.3113 27.6887
  endloop
 endfacet
 facet normal 0 0 0
  outer loop
   vertex -40.7294 -20.6844 27.2341
   vertex -36.4300 -20.3113 27.6887
   vertex -36.4300 -20.6844 27.2341
  endloop
 endfacet
 facet normal 0 0 0
  outer loop
   vertex -36.4300 -16.5233 28.0618
   vertex -39.7421 -16.0687 27.6887
   vertex -36.4300 -16.0687 27.6887
  endloop
 endfacet
 facet normal 0 0 0
  outer loop
   vertex -39.7421 -16.0687 27.6887
   vertex -36.4300 -16.5233 28.0618
   vertex -39.7604 -16.5233 28.0618
  endloop
 endfacet
 facet normal 0 0 0
  outer loop
   vertex -36.4300 -19.3381 28.3390
   vertex -40.2623 -18.7753 28.5098
   vertex -36.4300 -18.7753 28.5098
  endloop
 endfacet
 facet normal 0 0 0
  outer loop
   vertex -40.2623 -18.7753 28.5098
   vertex -36.4300 -19.3381 28.3390
   vertex -40.3157 -18.8874 28.4758
  endloop
 endfacet
 facet normal 0 0 0
  outer loop
   vertex -40.3157 -18.8874 28.4758
   vertex -36.4300 -19.3381 28.3390
   vertex -40.5304 -19.3381 28.3390
  endloop
 endfacet
 facet normal 0 0 0
  outer loop
   vertex -36.4300 -20.3113 23.4461
   vertex -39.7850 -19.8567 23.0730
   vertex -39.8104 -20.3113 23.4461
  endloop
 endfacet
 facet normal 0 0 0
  outer loop
   vertex -39.7850 -19.8567 23.0730
   vertex -36.4300 -20.3113 23.4461
   vertex -36.4300 -19.8567 23.0730
  endloop
 endfacet
 facet normal 0 0 0
  outer loop
   vertex -36.4300 -16.0687 23.4461
   vertex -39.0682 -16.0244 23.5000
   vertex -39.0796 -16.0687 23.4461
  endloop
 endfacet
 facet normal 0 0 0
  outer loop
   vertex -36.4300 -16.0687 23.4461
   vertex -38.9830 -15.6956 23.9007
   vertex -39.0682 -16.0244 23.5000
  endloop
 endfacet
 facet normal 0 0 0
  outer loop
   vertex -38.9830 -15.6956 23.9007
   vertex -36.4300 -16.0687 23.4461
   vertex -36.4300 -15.6956 23.9007
  endloop
 endfacet
 facet normal 0 0 0
  outer loop
   vertex -36.4300 -15.2476 26.1527
   vertex -39.1386 -15.1900 25.5674
   vertex -36.4300 -15.1900 25.5674
  endloop
 endfacet
 facet normal 0 0 0
  outer loop
   vertex -39.1386 -15.1900 25.5674
   vertex -36.4300 -15.2476 26.1527
   vertex -39.3252 -15.2476 26.1527
  endloop
 endfacet
 facet normal 0 0 0
  outer loop
   vertex -38.9830 -15.6956 23.9007
   vertex -36.4300 -15.6956 23.9007
   vertex -38.9514 -15.6161 24.0495
  endloop
 endfacet
 facet normal 0 0 0
  outer loop
   vertex -36.4300 -15.4184 24.4193
   vertex -38.9514 -15.6161 24.0495
   vertex -36.4300 -15.6956 23.9007
  endloop
 endfacet
 facet normal 0 0 0
  outer loop
   vertex -38.9514 -15.6161 24.0495
   vertex -36.4300 -15.4184 24.4193
   vertex -38.9966 -15.4184 24.4193
  endloop
 endfacet
 facet normal 0 0 0
  outer loop
   vertex -36.4300 -15.6956 27.2341
   vertex -39.5217 -15.4184 26.7154
   vertex -36.4300 -15.4184 26.7154
  endloop
 endfacet
 facet normal 0 0 0
  outer loop
   vertex -39.5217 -15.4184 26.7154
   vertex -36.4300 -15.6956 27.2341
   vertex -39.7204 -15.6956 27.2341
  endloop
 endfacet
 facet normal 0 0 0
  outer loop
   vertex -36.4300 -16.5233 23.0730
   vertex -39.0796 -16.0687 23.4461
   vertex -39.1589 -16.5233 23.0730
  endloop
 endfacet
 facet normal 0 0 0
  outer loop
   vertex -39.0796 -16.0687 23.4461
   vertex -36.4300 -16.5233 23.0730
   vertex -36.4300 -16.0687 23.4461
  endloop
 endfacet
 facet normal 0 0 0
  outer loop
   vertex -36.4300 -18.1900 22.5674
   vertex -39.4153 -17.6047 22.6250
   vertex -39.5417 -18.1900 22.5674
  endloop
 endfacet
 facet normal 0 0 0
  outer loop
   vertex -39.4153 -17.6047 22.6250
   vertex -36.4300 -18.1900 22.5674
   vertex -36.4300 -17.6047 22.6250
  endloop
 endfacet
 facet normal 0 0 0
  outer loop
   vertex -36.4300 -15.2476 24.9821
   vertex -38.9966 -15.4184 24.4193
   vertex -36.4300 -15.4184 24.4193
  endloop
 endfacet
 facet normal 0 0 0
  outer loop
   vertex -38.9966 -15.4184 24.4193
   vertex -36.4300 -15.2476 24.9821
   vertex -39.0581 -15.2476 24.9821
  endloop
 endfacet
 facet normal 0 0 0
  outer loop
   vertex -36.4300 -19.8567 23.0730
   vertex -39.7302 -19.3381 22.7958
   vertex -39.7850 -19.8567 23.0730
  endloop
 endfacet
 facet normal 0 0 0
  outer loop
   vertex -39.7302 -19.3381 22.7958
   vertex -36.4300 -19.8567 23.0730
   vertex -36.4300 -19.3381 22.7958
  endloop
 endfacet
 facet normal 0 0 0
  outer loop
   vertex -36.4300 -20.3113 27.6887
   vertex -40.7994 -19.8567 28.0618
   vertex -36.4300 -19.8567 28.0618
  endloop
 endfacet
 facet normal 0 0 0
  outer loop
   vertex -40.7994 -19.8567 28.0618
   vertex -36.4300 -20.3113 27.6887
   vertex -40.8887 -20.3113 27.6887
  endloop
 endfacet
 facet normal 0 0 0
  outer loop
   vertex -40.7994 -19.8567 28.0618
   vertex -40.8887 -20.3113 27.6887
   vertex -40.9311 -20.0874 27.8725
  endloop
 endfacet
 facet normal 0 0 0
  outer loop
   vertex -36.4300 -15.4184 26.7154
   vertex -39.3252 -15.2476 26.1527
   vertex -36.4300 -15.2476 26.1527
  endloop
 endfacet
 facet normal 0 0 0
  outer loop
   vertex -39.3252 -15.2476 26.1527
   vertex -36.4300 -15.4184 26.7154
   vertex -39.5217 -15.4184 26.7154
  endloop
 endfacet
 facet normal 0 0 0
  outer loop
   vertex -36.4300 -20.9616 26.7154
   vertex -40.2184 -21.1324 26.1527
   vertex -40.5030 -20.9616 26.7154
  endloop
 endfacet
 facet normal 0 0 0
  outer loop
   vertex -40.2184 -21.1324 26.1527
   vertex -36.4300 -20.9616 26.7154
   vertex -36.4300 -21.1324 26.1527
  endloop
 endfacet
 facet normal 0 0 0
  outer loop
   vertex -36.4300 -20.6844 27.2341
   vertex -40.5030 -20.9616 26.7154
   vertex -40.7294 -20.6844 27.2341
  endloop
 endfacet
 facet normal 0 0 0
  outer loop
   vertex -40.5030 -20.9616 26.7154
   vertex -36.4300 -20.6844 27.2341
   vertex -36.4300 -20.9616 26.7154
  endloop
 endfacet
 facet normal 0 0 0
  outer loop
   vertex -36.4300 -20.3113 23.4461
   vertex -39.8054 -20.6844 23.9007
   vertex -36.4300 -20.6844 23.9007
  endloop
 endfacet
 facet normal 0 0 0
  outer loop
   vertex -39.8054 -20.6844 23.9007
   vertex -36.4300 -20.3113 23.4461
   vertex -39.8104 -20.3113 23.4461
  endloop
 endfacet
 facet normal 0 0 0
  outer loop
   vertex -36.4300 -19.8567 28.0618
   vertex -40.5304 -19.3381 28.3390
   vertex -36.4300 -19.3381 28.3390
  endloop
 endfacet
 facet normal 0 0 0
  outer loop
   vertex -40.5304 -19.3381 28.3390
   vertex -36.4300 -19.8567 28.0618
   vertex -40.7994 -19.8567 28.0618
  endloop
 endfacet
 facet normal 0 0 0
  outer loop
   vertex -39.7204 -15.6956 27.2341
   vertex -39.7421 -16.0687 27.6887
   vertex -39.7540 -15.7603 27.3129
  endloop
 endfacet
 facet normal 0 0 0
  outer loop
   vertex -36.4300 -16.0687 27.6887
   vertex -39.7204 -15.6956 27.2341
   vertex -36.4300 -15.6956 27.2341
  endloop
 endfacet
 facet normal 0 0 0
  outer loop
   vertex -39.7204 -15.6956 27.2341
   vertex -36.4300 -16.0687 27.6887
   vertex -39.7421 -16.0687 27.6887
  endloop
 endfacet
 facet normal 0 0 0
  outer loop
   vertex -39.8863 -21.1900 25.5674
   vertex -39.6648 -21.1618 25.2813
   vertex -39.7335 -21.1660 25.3235
  endloop
 endfacet
 facet normal 0 0 0
  outer loop
   vertex -39.6648 -21.1618 25.2813
   vertex -36.4300 -21.1900 25.5674
   vertex -39.6614 -21.1609 25.2715
  endloop
 endfacet
 facet normal 0 0 0
  outer loop
   vertex -36.4300 -21.1900 25.5674
   vertex -39.6648 -21.1618 25.2813
   vertex -39.8863 -21.1900 25.5674
  endloop
 endfacet
 facet normal 0 0 0
  outer loop
   vertex -36.4300 -21.1324 24.9821
   vertex -39.6614 -21.1609 25.2715
   vertex -36.4300 -21.1900 25.5674
  endloop
 endfacet
 facet normal 0 0 0
  outer loop
   vertex -39.6614 -21.1609 25.2715
   vertex -36.4300 -21.1324 24.9821
   vertex -39.7061 -21.1324 24.9821
  endloop
 endfacet
 facet normal 0 0 0
  outer loop
   vertex -36.4300 -17.6047 22.6250
   vertex -39.2737 -17.0420 22.7958
   vertex -39.4153 -17.6047 22.6250
  endloop
 endfacet
 facet normal 0 0 0
  outer loop
   vertex -39.2737 -17.0420 22.7958
   vertex -36.4300 -17.6047 22.6250
   vertex -36.4300 -17.0420 22.7958
  endloop
 endfacet
 facet normal 0 0 0
  outer loop
   vertex -36.4300 -21.1324 26.1527
   vertex -39.8863 -21.1900 25.5674
   vertex -40.2184 -21.1324 26.1527
  endloop
 endfacet
 facet normal 0 0 0
  outer loop
   vertex -39.8863 -21.1900 25.5674
   vertex -36.4300 -21.1324 26.1527
   vertex -36.4300 -21.1900 25.5674
  endloop
 endfacet
 facet normal 0 0 0
  outer loop
   vertex -36.4300 -18.1900 27.2674
   vertex -36.4300 -18.1900 28.5674
   vertex -36.4300 -17.6047 28.5098
  endloop
 endfacet
 facet normal 0 0 0
  outer loop
   vertex -36.4300 -17.8583 27.2347
   vertex -36.4300 -17.6047 28.5098
   vertex -36.4300 -17.0420 28.3390
  endloop
 endfacet
 facet normal 0 0 0
  outer loop
   vertex -36.4300 -18.1900 28.5674
   vertex -36.4300 -18.1900 27.2674
   vertex -36.4300 -18.7753 28.5098
  endloop
 endfacet
 facet normal 0 0 0
  outer loop
   vertex -36.4300 -17.5394 27.1380
   vertex -36.4300 -17.0420 28.3390
   vertex -36.4300 -16.5233 28.0618
  endloop
 endfacet
 facet normal 0 0 0
  outer loop
   vertex -36.4300 -18.5217 27.2347
   vertex -36.4300 -18.7753 28.5098
   vertex -36.4300 -18.1900 27.2674
  endloop
 endfacet
 facet normal 0 0 0
  outer loop
   vertex -36.4300 -17.2455 26.9809
   vertex -36.4300 -16.5233 28.0618
   vertex -36.4300 -16.0687 27.6887
  endloop
 endfacet
 facet normal 0 0 0
  outer loop
   vertex -36.4300 -18.7753 28.5098
   vertex -36.4300 -18.5217 27.2347
   vertex -36.4300 -19.3381 28.3390
  endloop
 endfacet
 facet normal 0 0 0
  outer loop
   vertex -36.4300 -18.8406 27.1380
   vertex -36.4300 -19.3381 28.3390
   vertex -36.4300 -18.5217 27.2347
  endloop
 endfacet
 facet normal 0 0 0
  outer loop
   vertex -36.4300 -17.6047 28.5098
   vertex -36.4300 -17.8583 27.2347
   vertex -36.4300 -18.1900 27.2674
  endloop
 endfacet
 facet normal 0 0 0
  outer loop
   vertex -36.4300 -16.9879 26.7695
   vertex -36.4300 -16.0687 27.6887
   vertex -36.4300 -15.6956 27.2341
  endloop
 endfacet
 facet normal 0 0 0
  outer loop
   vertex -36.4300 -17.0420 28.3390
   vertex -36.4300 -17.5394 27.1380
   vertex -36.4300 -17.8583 27.2347
  endloop
 endfacet
 facet normal 0 0 0
  outer loop
   vertex -36.4300 -16.5233 28.0618
   vertex -36.4300 -17.2455 26.9809
   vertex -36.4300 -17.5394 27.1380
  endloop
 endfacet
 facet normal 0 0 0
  outer loop
   vertex -36.4300 -16.0687 27.6887
   vertex -36.4300 -16.9879 26.7695
   vertex -36.4300 -17.2455 26.9809
  endloop
 endfacet
 facet normal 0 0 0
  outer loop
   vertex -36.4300 -16.7765 26.5119
   vertex -36.4300 -15.6956 27.2341
   vertex -36.4300 -15.4184 26.7154
  endloop
 endfacet
 facet normal 0 0 0
  outer loop
   vertex -36.4300 -15.6956 27.2341
   vertex -36.4300 -16.7765 26.5119
   vertex -36.4300 -16.9879 26.7695
  endloop
 endfacet
 facet normal 0 0 0
  outer loop
   vertex -36.4300 -15.4184 26.7154
   vertex -36.4300 -16.6194 26.2180
   vertex -36.4300 -16.7765 26.5119
  endloop
 endfacet
 facet normal 0 0 0
  outer loop
   vertex -36.4300 -15.2476 26.1527
   vertex -36.4300 -16.6194 26.2180
   vertex -36.4300 -15.4184 26.7154
  endloop
 endfacet
 facet normal 0 0 0
  outer loop
   vertex -36.4300 -15.2476 26.1527
   vertex -36.4300 -16.5227 25.8991
   vertex -36.4300 -16.6194 26.2180
  endloop
 endfacet
 facet normal 0 0 0
  outer loop
   vertex -36.4300 -15.1900 25.5674
   vertex -36.4300 -16.5227 25.8991
   vertex -36.4300 -15.2476 26.1527
  endloop
 endfacet
 facet normal 0 0 0
  outer loop
   vertex -36.4300 -15.1900 25.5674
   vertex -36.4300 -16.4900 25.5674
   vertex -36.4300 -16.5227 25.8991
  endloop
 endfacet
 facet normal 0 0 0
  outer loop
   vertex -36.4300 -15.1900 25.5674
   vertex -36.4300 -16.5227 25.2357
   vertex -36.4300 -16.4900 25.5674
  endloop
 endfacet
 facet normal 0 0 0
  outer loop
   vertex -36.4300 -15.2476 24.9821
   vertex -36.4300 -16.5227 25.2357
   vertex -36.4300 -15.1900 25.5674
  endloop
 endfacet
 facet normal 0 0 0
  outer loop
   vertex -36.4300 -15.2476 24.9821
   vertex -36.4300 -16.6194 24.9168
   vertex -36.4300 -16.5227 25.2357
  endloop
 endfacet
 facet normal 0 0 0
  outer loop
   vertex -36.4300 -15.4184 24.4193
   vertex -36.4300 -16.6194 24.9168
   vertex -36.4300 -15.2476 24.9821
  endloop
 endfacet
 facet normal 0 0 0
  outer loop
   vertex -36.4300 -16.6194 24.9168
   vertex -36.4300 -15.4184 24.4193
   vertex -36.4300 -16.7765 24.6229
  endloop
 endfacet
 facet normal 0 0 0
  outer loop
   vertex -36.4300 -15.6956 23.9007
   vertex -36.4300 -16.7765 24.6229
   vertex -36.4300 -15.4184 24.4193
  endloop
 endfacet
 facet normal 0 0 0
  outer loop
   vertex -36.4300 -16.7765 24.6229
   vertex -36.4300 -15.6956 23.9007
   vertex -36.4300 -16.9879 24.3653
  endloop
 endfacet
 facet normal 0 0 0
  outer loop
   vertex -36.4300 -16.0687 23.4461
   vertex -36.4300 -16.9879 24.3653
   vertex -36.4300 -15.6956 23.9007
  endloop
 endfacet
 facet normal 0 0 0
  outer loop
   vertex -36.4300 -16.9879 24.3653
   vertex -36.4300 -16.0687 23.4461
   vertex -36.4300 -17.2455 24.1539
  endloop
 endfacet
 facet normal 0 0 0
  outer loop
   vertex -36.4300 -16.5233 23.0730
   vertex -36.4300 -17.2455 24.1539
   vertex -36.4300 -16.0687 23.4461
  endloop
 endfacet
 facet normal 0 0 0
  outer loop
   vertex -36.4300 -17.2455 24.1539
   vertex -36.4300 -16.5233 23.0730
   vertex -36.4300 -17.5394 23.9968
  endloop
 endfacet
 facet normal 0 0 0
  outer loop
   vertex -36.4300 -17.0420 22.7958
   vertex -36.4300 -17.5394 23.9968
   vertex -36.4300 -16.5233 23.0730
  endloop
 endfacet
 facet normal 0 0 0
  outer loop
   vertex -36.4300 -19.3381 28.3390
   vertex -36.4300 -18.8406 27.1380
   vertex -36.4300 -19.8567 28.0618
  endloop
 endfacet
 facet normal 0 0 0
  outer loop
   vertex -36.4300 -19.1345 26.9809
   vertex -36.4300 -19.8567 28.0618
   vertex -36.4300 -18.8406 27.1380
  endloop
 endfacet
 facet normal 0 0 0
  outer loop
   vertex -36.4300 -19.8567 28.0618
   vertex -36.4300 -19.1345 26.9809
   vertex -36.4300 -20.3113 27.6887
  endloop
 endfacet
 facet normal 0 0 0
  outer loop
   vertex -36.4300 -19.3921 26.7695
   vertex -36.4300 -20.3113 27.6887
   vertex -36.4300 -19.1345 26.9809
  endloop
 endfacet
 facet normal 0 0 0
  outer loop
   vertex -36.4300 -20.3113 27.6887
   vertex -36.4300 -19.3921 26.7695
   vertex -36.4300 -20.6844 27.2341
  endloop
 endfacet
 facet normal 0 0 0
  outer loop
   vertex -36.4300 -19.6035 26.5119
   vertex -36.4300 -20.6844 27.2341
   vertex -36.4300 -19.3921 26.7695
  endloop
 endfacet
 facet normal 0 0 0
  outer loop
   vertex -36.4300 -20.6844 27.2341
   vertex -36.4300 -19.6035 26.5119
   vertex -36.4300 -20.9616 26.7154
  endloop
 endfacet
 facet normal 0 0 0
  outer loop
   vertex -36.4300 -19.7606 26.2180
   vertex -36.4300 -20.9616 26.7154
   vertex -36.4300 -19.6035 26.5119
  endloop
 endfacet
 facet normal 0 0 0
  outer loop
   vertex -36.4300 -19.7606 26.2180
   vertex -36.4300 -21.1324 26.1527
   vertex -36.4300 -20.9616 26.7154
  endloop
 endfacet
 facet normal 0 0 0
  outer loop
   vertex -36.4300 -19.8573 25.8991
   vertex -36.4300 -21.1324 26.1527
   vertex -36.4300 -19.7606 26.2180
  endloop
 endfacet
 facet normal 0 0 0
  outer loop
   vertex -36.4300 -19.8900 25.5674
   vertex -36.4300 -21.1324 26.1527
   vertex -36.4300 -19.8573 25.8991
  endloop
 endfacet
 facet normal 0 0 0
  outer loop
   vertex -36.4300 -19.8900 25.5674
   vertex -36.4300 -21.1900 25.5674
   vertex -36.4300 -21.1324 26.1527
  endloop
 endfacet
 facet normal 0 0 0
  outer loop
   vertex -36.4300 -19.8573 25.2357
   vertex -36.4300 -21.1900 25.5674
   vertex -36.4300 -19.8900 25.5674
  endloop
 endfacet
 facet normal 0 0 0
  outer loop
   vertex -36.4300 -19.8573 25.2357
   vertex -36.4300 -21.1324 24.9821
   vertex -36.4300 -21.1900 25.5674
  endloop
 endfacet
 facet normal 0 0 0
  outer loop
   vertex -36.4300 -19.7606 24.9168
   vertex -36.4300 -21.1324 24.9821
   vertex -36.4300 -19.8573 25.2357
  endloop
 endfacet
 facet normal 0 0 0
  outer loop
   vertex -36.4300 -20.9616 24.4193
   vertex -36.4300 -19.7606 24.9168
   vertex -36.4300 -19.6035 24.6229
  endloop
 endfacet
 facet normal 0 0 0
  outer loop
   vertex -36.4300 -19.7606 24.9168
   vertex -36.4300 -20.9616 24.4193
   vertex -36.4300 -21.1324 24.9821
  endloop
 endfacet
 facet normal 0 0 0
  outer loop
   vertex -36.4300 -20.6844 23.9007
   vertex -36.4300 -19.6035 24.6229
   vertex -36.4300 -19.3921 24.3653
  endloop
 endfacet
 facet normal 0 0 0
  outer loop
   vertex -36.4300 -20.3113 23.4461
   vertex -36.4300 -19.3921 24.3653
   vertex -36.4300 -19.1345 24.1539
  endloop
 endfacet
 facet normal 0 0 0
  outer loop
   vertex -36.4300 -19.8567 23.0730
   vertex -36.4300 -19.1345 24.1539
   vertex -36.4300 -18.8406 23.9968
  endloop
 endfacet
 facet normal 0 0 0
  outer loop
   vertex -36.4300 -19.6035 24.6229
   vertex -36.4300 -20.6844 23.9007
   vertex -36.4300 -20.9616 24.4193
  endloop
 endfacet
 facet normal 0 0 0
  outer loop
   vertex -36.4300 -19.3381 22.7958
   vertex -36.4300 -18.8406 23.9968
   vertex -36.4300 -18.5217 23.9001
  endloop
 endfacet
 facet normal 0 0 0
  outer loop
   vertex -36.4300 -18.7753 22.6250
   vertex -36.4300 -18.5217 23.9001
   vertex -36.4300 -18.1900 23.8674
  endloop
 endfacet
 facet normal 0 0 0
  outer loop
   vertex -36.4300 -17.5394 23.9968
   vertex -36.4300 -17.0420 22.7958
   vertex -36.4300 -17.8583 23.9001
  endloop
 endfacet
 facet normal 0 0 0
  outer loop
   vertex -36.4300 -19.3921 24.3653
   vertex -36.4300 -20.3113 23.4461
   vertex -36.4300 -20.6844 23.9007
  endloop
 endfacet
 facet normal 0 0 0
  outer loop
   vertex -36.4300 -17.6047 22.6250
   vertex -36.4300 -17.8583 23.9001
   vertex -36.4300 -17.0420 22.7958
  endloop
 endfacet
 facet normal 0 0 0
  outer loop
   vertex -36.4300 -19.1345 24.1539
   vertex -36.4300 -19.8567 23.0730
   vertex -36.4300 -20.3113 23.4461
  endloop
 endfacet
 facet normal 0 0 0
  outer loop
   vertex -36.4300 -17.8583 23.9001
   vertex -36.4300 -17.6047 22.6250
   vertex -36.4300 -18.1900 23.8674
  endloop
 endfacet
 facet normal 0 0 0
  outer loop
   vertex -36.4300 -18.8406 23.9968
   vertex -36.4300 -19.3381 22.7958
   vertex -36.4300 -19.8567 23.0730
  endloop
 endfacet
 facet normal 0 0 0
  outer loop
   vertex -36.4300 -18.1900 22.5674
   vertex -36.4300 -18.1900 23.8674
   vertex -36.4300 -17.6047 22.6250
  endloop
 endfacet
 facet normal 0 0 0
  outer loop
   vertex -36.4300 -18.5217 23.9001
   vertex -36.4300 -18.7753 22.6250
   vertex -36.4300 -19.3381 22.7958
  endloop
 endfacet
 facet normal 0 0 0
  outer loop
   vertex -36.4300 -18.1900 23.8674
   vertex -36.4300 -18.1900 22.5674
   vertex -36.4300 -18.7753 22.6250
  endloop
 endfacet
 facet normal 0 0 0
  outer loop
   vertex -36.4300 -18.7753 22.6250
   vertex -39.5417 -18.1900 22.5674
   vertex -39.6480 -18.7753 22.6250
  endloop
 endfacet
 facet normal 0 0 0
  outer loop
   vertex -39.5417 -18.1900 22.5674
   vertex -36.4300 -18.7753 22.6250
   vertex -36.4300 -18.1900 22.5674
  endloop
 endfacet
 facet normal 0 0 0
  outer loop
   vertex -39.1823 -16.7287 22.9632
   vertex -36.4300 -16.5233 23.0730
   vertex -39.1589 -16.5233 23.0730
  endloop
 endfacet
 facet normal 0 0 0
  outer loop
   vertex -36.4300 -17.0420 22.7958
   vertex -39.1823 -16.7287 22.9632
   vertex -39.2737 -17.0420 22.7958
  endloop
 endfacet
 facet normal 0 0 0
  outer loop
   vertex -39.1823 -16.7287 22.9632
   vertex -36.4300 -17.0420 22.7958
   vertex -36.4300 -16.5233 23.0730
  endloop
 endfacet
 facet normal 0 0 0
  outer loop
   vertex -36.4300 -20.9616 24.4193
   vertex -39.7061 -21.1324 24.9821
   vertex -36.4300 -21.1324 24.9821
  endloop
 endfacet
 facet normal 0 0 0
  outer loop
   vertex -39.7061 -21.1324 24.9821
   vertex -36.4300 -20.9616 24.4193
   vertex -39.7702 -20.9616 24.4193
  endloop
 endfacet
 facet normal 0 0 0
  outer loop
   vertex -28.7300 -32.0700 65.1674
   vertex -27.5328 -32.1027 65.4991
   vertex -28.7300 -32.1027 65.4991
  endloop
 endfacet
 facet normal 0 0 0
  outer loop
   vertex -28.7300 -32.0700 65.1674
   vertex -27.5307 -32.1024 65.4961
   vertex -27.5328 -32.1027 65.4991
  endloop
 endfacet
 facet normal 0 0 0
  outer loop
   vertex -27.5307 -32.1024 65.4961
   vertex -28.7300 -32.0700 65.1674
   vertex -27.3260 -32.0700 65.1674
  endloop
 endfacet
 facet normal 0 0 0
  outer loop
   vertex -28.3193 -33.1350 66.7427
   vertex -28.7300 -33.1194 66.7380
   vertex -28.3152 -33.1194 66.7380
  endloop
 endfacet
 facet normal 0 0 0
  outer loop
   vertex -28.3326 -33.1846 66.7578
   vertex -28.7300 -33.1194 66.7380
   vertex -28.3193 -33.1350 66.7427
  endloop
 endfacet
 facet normal 0 0 0
  outer loop
   vertex -28.4483 -33.4383 66.8347
   vertex -28.7300 -33.1194 66.7380
   vertex -28.3326 -33.1846 66.7578
  endloop
 endfacet
 facet normal 0 0 0
  outer loop
   vertex -28.7300 -33.1194 66.7380
   vertex -28.4483 -33.4383 66.8347
   vertex -28.7300 -33.4383 66.8347
  endloop
 endfacet
 facet normal 0 0 0
  outer loop
   vertex -28.6149 -33.7700 66.8674
   vertex -28.7300 -33.4383 66.8347
   vertex -28.4483 -33.4383 66.8347
  endloop
 endfacet
 facet normal 0 0 0
  outer loop
   vertex -28.7300 -33.4383 66.8347
   vertex -28.6149 -33.7700 66.8674
   vertex -28.7300 -33.7700 66.8674
  endloop
 endfacet
 facet normal 0 0 0
  outer loop
   vertex -28.0099 -33.7700 63.4674
   vertex -28.7300 -33.4383 63.5001
   vertex -28.7300 -33.7700 63.4674
  endloop
 endfacet
 facet normal 0 0 0
  outer loop
   vertex -28.7300 -33.4383 63.5001
   vertex -28.0099 -33.7700 63.4674
   vertex -27.8511 -33.4383 63.5001
  endloop
 endfacet
 facet normal 0 0 0
  outer loop
   vertex -28.6406 -35.1062 64.1287
   vertex -28.7300 -35.1835 64.2229
   vertex -28.6703 -35.1835 64.2229
  endloop
 endfacet
 facet normal 0 0 0
  outer loop
   vertex -28.7300 -35.1835 64.2229
   vertex -28.6406 -35.1062 64.1287
   vertex -28.7300 -34.9721 63.9653
  endloop
 endfacet
 facet normal 0 0 0
  outer loop
   vertex -28.7300 -34.9721 63.9653
   vertex -28.6406 -35.1062 64.1287
   vertex -28.5892 -34.9721 63.9653
  endloop
 endfacet
 facet normal 0 0 0
  outer loop
   vertex -28.7300 -32.1027 65.4991
   vertex -27.7844 -32.1994 65.8180
   vertex -28.7300 -32.1994 65.8180
  endloop
 endfacet
 facet normal 0 0 0
  outer loop
   vertex -27.7844 -32.1994 65.8180
   vertex -28.7300 -32.1027 65.4991
   vertex -27.5328 -32.1027 65.4991
  endloop
 endfacet
 facet normal 0 0 0
  outer loop
   vertex -27.3537 -32.5679 63.9653
   vertex -28.7300 -32.3565 64.2229
   vertex -28.7300 -32.5679 63.9653
  endloop
 endfacet
 facet normal 0 0 0
  outer loop
   vertex -28.7300 -32.3565 64.2229
   vertex -27.3537 -32.5679 63.9653
   vertex -27.2022 -32.3565 64.2229
  endloop
 endfacet
 facet normal 0 0 0
  outer loop
   vertex -28.7300 -32.5679 63.9653
   vertex -27.4267 -32.6833 63.8706
   vertex -27.3537 -32.5679 63.9653
  endloop
 endfacet
 facet normal 0 0 0
  outer loop
   vertex -27.5166 -32.8255 63.7539
   vertex -28.7300 -32.5679 63.9653
   vertex -28.7300 -32.8255 63.7539
  endloop
 endfacet
 facet normal 0 0 0
  outer loop
   vertex -28.7300 -32.5679 63.9653
   vertex -27.5166 -32.8255 63.7539
   vertex -27.4267 -32.6833 63.8706
  endloop
 endfacet
 facet normal 0 0 0
  outer loop
   vertex -28.4685 -34.7145 63.7539
   vertex -28.7300 -34.4206 63.5968
   vertex -28.7300 -34.7145 63.7539
  endloop
 endfacet
 facet normal 0 0 0
  outer loop
   vertex -28.7300 -34.4206 63.5968
   vertex -28.4685 -34.7145 63.7539
   vertex -28.3129 -34.4206 63.5968
  endloop
 endfacet
 facet normal 0 0 0
  outer loop
   vertex -27.2022 -32.3565 64.2229
   vertex -28.7300 -32.1994 64.5168
   vertex -28.7300 -32.3565 64.2229
  endloop
 endfacet
 facet normal 0 0 0
  outer loop
   vertex -27.1806 -32.3313 64.2701
   vertex -28.7300 -32.1994 64.5168
   vertex -27.2022 -32.3565 64.2229
  endloop
 endfacet
 facet normal 0 0 0
  outer loop
   vertex -28.7300 -32.1994 64.5168
   vertex -27.1806 -32.3313 64.2701
   vertex -27.0678 -32.1994 64.5168
  endloop
 endfacet
 facet normal 0 0 0
  outer loop
   vertex -28.2086 -32.5067 66.2949
   vertex -28.7300 -32.5679 66.3695
   vertex -28.7300 -32.3565 66.1119
  endloop
 endfacet
 facet normal 0 0 0
  outer loop
   vertex -28.7300 -32.5679 66.3695
   vertex -28.2086 -32.5067 66.2949
   vertex -28.2126 -32.5679 66.3695
  endloop
 endfacet
 facet normal 0 0 0
  outer loop
   vertex -28.2086 -32.5067 66.2949
   vertex -28.7300 -32.3565 66.1119
   vertex -28.0363 -32.3565 66.1119
  endloop
 endfacet
 facet normal 0 0 0
  outer loop
   vertex -28.7300 -32.1994 65.8180
   vertex -28.0363 -32.3565 66.1119
   vertex -28.7300 -32.3565 66.1119
  endloop
 endfacet
 facet normal 0 0 0
  outer loop
   vertex -28.0363 -32.3565 66.1119
   vertex -28.7300 -32.1994 65.8180
   vertex -27.7844 -32.1994 65.8180
  endloop
 endfacet
 facet normal 0 0 0
  outer loop
   vertex -28.2179 -32.6031 66.3983
   vertex -28.7300 -32.5679 66.3695
   vertex -28.2126 -32.5679 66.3695
  endloop
 endfacet
 facet normal 0 0 0
  outer loop
   vertex -28.2518 -32.8255 66.5809
   vertex -28.7300 -32.5679 66.3695
   vertex -28.2179 -32.6031 66.3983
  endloop
 endfacet
 facet normal 0 0 0
  outer loop
   vertex -28.7300 -32.5679 66.3695
   vertex -28.2518 -32.8255 66.5809
   vertex -28.7300 -32.8255 66.5809
  endloop
 endfacet
 facet normal 0 0 0
  outer loop
   vertex -27.8511 -33.4383 63.5001
   vertex -28.7300 -33.1194 63.5968
   vertex -28.7300 -33.4383 63.5001
  endloop
 endfacet
 facet normal 0 0 0
  outer loop
   vertex -28.7300 -33.1194 63.5968
   vertex -27.8511 -33.4383 63.5001
   vertex -27.6845 -33.1194 63.5968
  endloop
 endfacet
 facet normal 0 0 0
  outer loop
   vertex -28.7300 -33.7700 66.8674
   vertex -28.6149 -33.7700 66.8674
   vertex -28.7300 -33.9805 66.8467
  endloop
 endfacet
 facet normal 0 0 0
  outer loop
   vertex -28.3152 -33.1194 66.7380
   vertex -28.7300 -32.8255 66.5809
   vertex -28.2518 -32.8255 66.5809
  endloop
 endfacet
 facet normal 0 0 0
  outer loop
   vertex -28.7300 -32.8255 66.5809
   vertex -28.3152 -33.1194 66.7380
   vertex -28.7300 -33.1194 66.7380
  endloop
 endfacet
 facet normal 0 0 0
  outer loop
   vertex -28.7300 -32.1994 64.5168
   vertex -27.1445 -32.1027 64.8357
   vertex -28.7300 -32.1027 64.8357
  endloop
 endfacet
 facet normal 0 0 0
  outer loop
   vertex -27.0678 -32.1994 64.5168
   vertex -27.1445 -32.1027 64.8357
   vertex -28.7300 -32.1994 64.5168
  endloop
 endfacet
 facet normal 0 0 0
  outer loop
   vertex -27.1445 -32.1027 64.8357
   vertex -27.0678 -32.1994 64.5168
   vertex -27.0366 -32.1725 64.6056
  endloop
 endfacet
 facet normal 0 0 0
  outer loop
   vertex -28.7300 -32.1027 64.8357
   vertex -27.3260 -32.0700 65.1674
   vertex -28.7300 -32.0700 65.1674
  endloop
 endfacet
 facet normal 0 0 0
  outer loop
   vertex -27.3260 -32.0700 65.1674
   vertex -28.7300 -32.1027 64.8357
   vertex -27.1445 -32.1027 64.8357
  endloop
 endfacet
 facet normal 0 0 0
  outer loop
   vertex -27.6845 -33.1194 63.5968
   vertex -28.7300 -32.8255 63.7539
   vertex -28.7300 -33.1194 63.5968
  endloop
 endfacet
 facet normal 0 0 0
  outer loop
   vertex -28.7300 -32.8255 63.7539
   vertex -27.6845 -33.1194 63.5968
   vertex -27.5166 -32.8255 63.7539
  endloop
 endfacet
 facet normal 0 0 0
  outer loop
   vertex -28.7300 -34.1017 63.5001
   vertex -28.2105 -34.2434 63.5431
   vertex -28.1547 -34.1017 63.5001
  endloop
 endfacet
 facet normal 0 0 0
  outer loop
   vertex -28.3129 -34.4206 63.5968
   vertex -28.7300 -34.1017 63.5001
   vertex -28.7300 -34.4206 63.5968
  endloop
 endfacet
 facet normal 0 0 0
  outer loop
   vertex -28.7300 -34.1017 63.5001
   vertex -28.3129 -34.4206 63.5968
   vertex -28.2105 -34.2434 63.5431
  endloop
 endfacet
 facet normal 0 0 0
  outer loop
   vertex -28.1547 -34.1017 63.5001
   vertex -28.7300 -33.7700 63.4674
   vertex -28.7300 -34.1017 63.5001
  endloop
 endfacet
 facet normal 0 0 0
  outer loop
   vertex -28.7300 -33.7700 63.4674
   vertex -28.1547 -34.1017 63.5001
   vertex -28.0099 -33.7700 63.4674
  endloop
 endfacet
 facet normal 0 0 0
  outer loop
   vertex -28.7300 -34.7145 63.7539
   vertex -28.5616 -34.9132 63.9170
   vertex -28.4685 -34.7145 63.7539
  endloop
 endfacet
 facet normal 0 0 0
  outer loop
   vertex -28.7300 -34.9721 63.9653
   vertex -28.5616 -34.9132 63.9170
   vertex -28.7300 -34.7145 63.7539
  endloop
 endfacet
 facet normal 0 0 0
  outer loop
   vertex -28.5616 -34.9132 63.9170
   vertex -28.7300 -34.9721 63.9653
   vertex -28.5651 -34.9207 63.9231
  endloop
 endfacet
 facet normal 0 0 0
  outer loop
   vertex -28.5651 -34.9207 63.9231
   vertex -28.7300 -34.9721 63.9653
   vertex -28.5892 -34.9721 63.9653
  endloop
 endfacet
 facet normal 0 0 0
  outer loop
   vertex -28.7088 -35.3406 64.5168
   vertex -28.7300 -35.1835 64.2229
   vertex -28.7300 -35.3406 64.5168
  endloop
 endfacet
 facet normal 0 0 0
  outer loop
   vertex -28.7300 -35.1835 64.2229
   vertex -28.7088 -35.3406 64.5168
   vertex -28.6703 -35.1835 64.2229
  endloop
 endfacet
 facet normal 0 0 0
  outer loop
   vertex -28.6853 -35.4492 64.9561
   vertex -28.7300 -35.4373 64.8357
   vertex -28.7300 -35.4572 65.0375
  endloop
 endfacet
 facet normal 0 0 0
  outer loop
   vertex -28.7300 -35.4373 64.8357
   vertex -28.6853 -35.4492 64.9561
   vertex -28.7032 -35.4373 64.8357
  endloop
 endfacet
 facet normal 0 0 0
  outer loop
   vertex -28.7300 -35.4373 64.8357
   vertex -28.7088 -35.3406 64.5168
   vertex -28.7300 -35.3406 64.5168
  endloop
 endfacet
 facet normal 0 0 0
  outer loop
   vertex -28.7088 -35.3406 64.5168
   vertex -28.7300 -35.4373 64.8357
   vertex -28.7032 -35.4373 64.8357
  endloop
 endfacet
 facet normal 0 0 0
  outer loop
   vertex -35.7156 -36.5416 66.3155
   vertex -35.4595 -36.7124 65.7527
   vertex -35.6790 -36.6653 65.9077
  endloop
 endfacet
 facet normal 0 0 0
  outer loop
   vertex -29.9592 -36.5416 66.3155
   vertex -35.4595 -36.7124 65.7527
   vertex -35.7156 -36.5416 66.3155
  endloop
 endfacet
 facet normal 0 0 0
  outer loop
   vertex -35.4595 -36.7124 65.7527
   vertex -29.9592 -36.5416 66.3155
   vertex -29.7747 -36.7124 65.7527
  endloop
 endfacet
 facet normal 0 0 0
  outer loop
   vertex -28.7300 -33.1847 68.1098
   vertex -33.2606 -32.6219 67.9390
   vertex -28.7300 -32.6219 67.9390
  endloop
 endfacet
 facet normal 0 0 0
  outer loop
   vertex -33.2606 -32.6219 67.9390
   vertex -28.7300 -33.1847 68.1098
   vertex -33.5172 -33.1847 68.1098
  endloop
 endfacet
 facet normal 0 0 0
  outer loop
   vertex -28.7300 -33.7700 68.1674
   vertex -33.5172 -33.1847 68.1098
   vertex -28.7300 -33.1847 68.1098
  endloop
 endfacet
 facet normal 0 0 0
  outer loop
   vertex -33.5172 -33.1847 68.1098
   vertex -28.7300 -33.7700 68.1674
   vertex -33.8112 -33.7700 68.1674
  endloop
 endfacet
 facet normal 0 0 0
  outer loop
   vertex -28.7300 -32.6219 67.9390
   vertex -33.0513 -32.1033 67.6618
   vertex -28.7300 -32.1033 67.6618
  endloop
 endfacet
 facet normal 0 0 0
  outer loop
   vertex -33.0513 -32.1033 67.6618
   vertex -28.7300 -32.6219 67.9390
   vertex -33.2606 -32.6219 67.9390
  endloop
 endfacet
 facet normal 0 0 0
  outer loop
   vertex -28.7300 -33.1847 68.1098
   vertex -28.7300 -33.4383 66.8347
   vertex -28.7300 -33.7700 66.8674
  endloop
 endfacet
 facet normal 0 0 0
  outer loop
   vertex -28.7300 -32.5679 66.3695
   vertex -28.7300 -31.6487 67.2887
   vertex -28.7300 -31.2756 66.8341
  endloop
 endfacet
 facet normal 0 0 0
  outer loop
   vertex -28.7300 -32.1033 67.6618
   vertex -28.7300 -33.1194 66.7380
   vertex -28.7300 -33.4383 66.8347
  endloop
 endfacet
 facet normal 0 0 0
  outer loop
   vertex -28.7300 -32.1033 67.6618
   vertex -28.7300 -32.8255 66.5809
   vertex -28.7300 -33.1194 66.7380
  endloop
 endfacet
 facet normal 0 0 0
  outer loop
   vertex -28.7300 -31.6487 67.2887
   vertex -28.7300 -32.5679 66.3695
   vertex -28.7300 -32.8255 66.5809
  endloop
 endfacet
 facet normal 0 0 0
  outer loop
   vertex -28.7300 -32.3565 66.1119
   vertex -28.7300 -31.2756 66.8341
   vertex -28.7300 -30.9984 66.3155
  endloop
 endfacet
 facet normal 0 0 0
  outer loop
   vertex -28.7300 -31.2756 66.8341
   vertex -28.7300 -32.3565 66.1119
   vertex -28.7300 -32.5679 66.3695
  endloop
 endfacet
 facet normal 0 0 0
  outer loop
   vertex -28.7300 -30.9984 66.3155
   vertex -28.7300 -32.1994 65.8180
   vertex -28.7300 -32.3565 66.1119
  endloop
 endfacet
 facet normal 0 0 0
  outer loop
   vertex -28.7300 -30.8276 65.7527
   vertex -28.7300 -32.1994 65.8180
   vertex -28.7300 -30.9984 66.3155
  endloop
 endfacet
 facet normal 0 0 0
  outer loop
   vertex -28.7300 -30.8276 65.7527
   vertex -28.7300 -32.1027 65.4991
   vertex -28.7300 -32.1994 65.8180
  endloop
 endfacet
 facet normal 0 0 0
  outer loop
   vertex -28.7300 -30.7700 65.1674
   vertex -28.7300 -32.1027 65.4991
   vertex -28.7300 -30.8276 65.7527
  endloop
 endfacet
 facet normal 0 0 0
  outer loop
   vertex -28.7300 -30.7700 65.1674
   vertex -28.7300 -32.0700 65.1674
   vertex -28.7300 -32.1027 65.4991
  endloop
 endfacet
 facet normal 0 0 0
  outer loop
   vertex -28.7300 -30.7700 65.1674
   vertex -28.7300 -32.1027 64.8357
   vertex -28.7300 -32.0700 65.1674
  endloop
 endfacet
 facet normal 0 0 0
  outer loop
   vertex -28.7300 -30.8276 64.5821
   vertex -28.7300 -32.1027 64.8357
   vertex -28.7300 -30.7700 65.1674
  endloop
 endfacet
 facet normal 0 0 0
  outer loop
   vertex -28.7300 -30.8276 64.5821
   vertex -28.7300 -32.1994 64.5168
   vertex -28.7300 -32.1027 64.8357
  endloop
 endfacet
 facet normal 0 0 0
  outer loop
   vertex -28.7300 -30.9984 64.0193
   vertex -28.7300 -32.1994 64.5168
   vertex -28.7300 -30.8276 64.5821
  endloop
 endfacet
 facet normal 0 0 0
  outer loop
   vertex -28.7300 -32.1994 64.5168
   vertex -28.7300 -30.9984 64.0193
   vertex -28.7300 -32.3565 64.2229
  endloop
 endfacet
 facet normal 0 0 0
  outer loop
   vertex -28.7300 -31.2756 63.5007
   vertex -28.7300 -32.3565 64.2229
   vertex -28.7300 -30.9984 64.0193
  endloop
 endfacet
 facet normal 0 0 0
  outer loop
   vertex -28.7300 -32.3565 64.2229
   vertex -28.7300 -31.2756 63.5007
   vertex -28.7300 -32.5679 63.9653
  endloop
 endfacet
 facet normal 0 0 0
  outer loop
   vertex -28.7300 -31.6487 63.0461
   vertex -28.7300 -32.5679 63.9653
   vertex -28.7300 -31.2756 63.5007
  endloop
 endfacet
 facet normal 0 0 0
  outer loop
   vertex -28.7300 -32.5679 63.9653
   vertex -28.7300 -31.6487 63.0461
   vertex -28.7300 -32.8255 63.7539
  endloop
 endfacet
 facet normal 0 0 0
  outer loop
   vertex -28.7300 -32.1033 62.6730
   vertex -28.7300 -32.8255 63.7539
   vertex -28.7300 -31.6487 63.0461
  endloop
 endfacet
 facet normal 0 0 0
  outer loop
   vertex -28.7300 -32.8255 63.7539
   vertex -28.7300 -32.1033 62.6730
   vertex -28.7300 -33.1194 63.5968
  endloop
 endfacet
 facet normal 0 0 0
  outer loop
   vertex -28.7300 -32.6219 62.3958
   vertex -28.7300 -33.1194 63.5968
   vertex -28.7300 -32.1033 62.6730
  endloop
 endfacet
 facet normal 0 0 0
  outer loop
   vertex -28.7300 -33.1194 63.5968
   vertex -28.7300 -32.6219 62.3958
   vertex -28.7300 -33.4383 63.5001
  endloop
 endfacet
 facet normal 0 0 0
  outer loop
   vertex -28.7300 -33.1847 62.2250
   vertex -28.7300 -33.4383 63.5001
   vertex -28.7300 -32.6219 62.3958
  endloop
 endfacet
 facet normal 0 0 0
  outer loop
   vertex -28.7300 -33.4383 63.5001
   vertex -28.7300 -33.1847 62.2250
   vertex -28.7300 -33.7700 63.4674
  endloop
 endfacet
 facet normal 0 0 0
  outer loop
   vertex -28.7300 -33.7700 62.1674
   vertex -28.7300 -33.7700 63.4674
   vertex -28.7300 -33.1847 62.2250
  endloop
 endfacet
 facet normal 0 0 0
  outer loop
   vertex -28.7300 -34.3553 62.2250
   vertex -28.7300 -33.7700 63.4674
   vertex -28.7300 -33.7700 62.1674
  endloop
 endfacet
 facet normal 0 0 0
  outer loop
   vertex -28.7300 -33.7700 63.4674
   vertex -28.7300 -34.8776 63.0170
   vertex -28.7300 -34.9207 63.1472
  endloop
 endfacet
 facet normal 0 0 0
  outer loop
   vertex -28.7300 -33.7700 63.4674
   vertex -28.7300 -34.3553 62.2250
   vertex -28.7300 -34.8776 63.0170
  endloop
 endfacet
 facet normal 0 0 0
  outer loop
   vertex -28.7300 -34.8776 63.0170
   vertex -28.7300 -34.3553 62.2250
   vertex -28.7300 -34.6448 62.3129
  endloop
 endfacet
 facet normal 0 0 0
  outer loop
   vertex -28.7300 -33.7700 66.8674
   vertex -28.7300 -33.7700 68.1674
   vertex -28.7300 -33.1847 68.1098
  endloop
 endfacet
 facet normal 0 0 0
  outer loop
   vertex -28.7300 -33.9805 66.8467
   vertex -28.7300 -33.7700 68.1674
   vertex -28.7300 -33.7700 66.8674
  endloop
 endfacet
 facet normal 0 0 0
  outer loop
   vertex -28.7300 -33.4383 66.8347
   vertex -28.7300 -33.1847 68.1098
   vertex -28.7300 -32.6219 67.9390
  endloop
 endfacet
 facet normal 0 0 0
  outer loop
   vertex -28.7300 -33.4383 66.8347
   vertex -28.7300 -32.6219 67.9390
   vertex -28.7300 -32.1033 67.6618
  endloop
 endfacet
 facet normal 0 0 0
  outer loop
   vertex -28.7300 -32.8255 66.5809
   vertex -28.7300 -32.1033 67.6618
   vertex -28.7300 -31.6487 67.2887
  endloop
 endfacet
 facet normal 0 0 0
  outer loop
   vertex -28.7300 -33.7700 68.1674
   vertex -28.7300 -33.9805 66.8467
   vertex -28.7300 -34.3553 68.1098
  endloop
 endfacet
 facet normal 0 0 0
  outer loop
   vertex -28.7300 -34.3553 68.1098
   vertex -28.7300 -33.9805 66.8467
   vertex -28.7300 -34.5062 68.0640
  endloop
 endfacet
 facet normal 0 0 0
  outer loop
   vertex -28.7300 -35.4373 64.8357
   vertex -28.7300 -35.5219 64.9656
   vertex -28.7300 -35.4572 65.0375
  endloop
 endfacet
 facet normal 0 0 0
  outer loop
   vertex -28.7300 -35.3406 64.5168
   vertex -28.7300 -35.5219 64.9656
   vertex -28.7300 -35.4373 64.8357
  endloop
 endfacet
 facet normal 0 0 0
  outer loop
   vertex -28.7300 -35.3406 64.5168
   vertex -28.7300 -35.2515 64.1477
   vertex -28.7300 -35.5219 64.9656
  endloop
 endfacet
 facet normal 0 0 0
  outer loop
   vertex -28.7300 -35.1835 64.2229
   vertex -28.7300 -35.2515 64.1477
   vertex -28.7300 -35.3406 64.5168
  endloop
 endfacet
 facet normal 0 0 0
  outer loop
   vertex -28.7300 -34.9721 63.9653
   vertex -28.7300 -35.2515 64.1477
   vertex -28.7300 -35.1835 64.2229
  endloop
 endfacet
 facet normal 0 0 0
  outer loop
   vertex -28.7300 -34.9207 63.1472
   vertex -28.7300 -34.9721 63.9653
   vertex -28.7300 -34.7145 63.7539
  endloop
 endfacet
 facet normal 0 0 0
  outer loop
   vertex -28.7300 -34.9721 63.9653
   vertex -28.7300 -34.9207 63.1472
   vertex -28.7300 -35.2515 64.1477
  endloop
 endfacet
 facet normal 0 0 0
  outer loop
   vertex -28.7300 -34.4206 63.5968
   vertex -28.7300 -34.9207 63.1472
   vertex -28.7300 -34.7145 63.7539
  endloop
 endfacet
 facet normal 0 0 0
  outer loop
   vertex -28.7300 -34.1017 63.5001
   vertex -28.7300 -34.9207 63.1472
   vertex -28.7300 -34.4206 63.5968
  endloop
 endfacet
 facet normal 0 0 0
  outer loop
   vertex -28.7300 -34.9207 63.1472
   vertex -28.7300 -34.1017 63.5001
   vertex -28.7300 -33.7700 63.4674
  endloop
 endfacet
 facet normal 0 0 0
  outer loop
   vertex -31.5347 -34.9180 62.3958
   vertex -30.8944 -35.2862 62.5925
   vertex -30.6995 -34.9180 62.3958
  endloop
 endfacet
 facet normal 0 0 0
  outer loop
   vertex -30.1903 -34.9180 62.3958
   vertex -28.8894 -34.9207 62.3972
   vertex -28.8880 -34.9180 62.3958
  endloop
 endfacet
 facet normal 0 0 0
  outer loop
   vertex -29.2882 -35.4367 62.6730
   vertex -28.8894 -34.9207 62.3972
   vertex -30.1903 -34.9180 62.3958
  endloop
 endfacet
 facet normal 0 0 0
  outer loop
   vertex -28.8894 -34.9207 62.3972
   vertex -29.2882 -35.4367 62.6730
   vertex -29.1625 -35.4367 62.6730
  endloop
 endfacet
 facet normal 0 0 0
  outer loop
   vertex -28.7300 -30.9984 66.3155
   vertex -32.3243 -30.8276 65.7527
   vertex -28.7300 -30.8276 65.7527
  endloop
 endfacet
 facet normal 0 0 0
  outer loop
   vertex -32.3243 -30.8276 65.7527
   vertex -28.7300 -30.9984 66.3155
   vertex -32.6636 -30.9984 66.3155
  endloop
 endfacet
 facet normal 0 0 0
  outer loop
   vertex -31.7643 -30.8276 64.5821
   vertex -28.7300 -30.8276 64.5821
   vertex -31.7128 -30.8080 64.7817
  endloop
 endfacet
 facet normal 0 0 0
  outer loop
   vertex -28.7300 -30.7700 65.1674
   vertex -31.7128 -30.8080 64.7817
   vertex -28.7300 -30.8276 64.5821
  endloop
 endfacet
 facet normal 0 0 0
  outer loop
   vertex -31.7128 -30.8080 64.7817
   vertex -28.7300 -30.7700 65.1674
   vertex -31.9825 -30.7700 65.1674
  endloop
 endfacet
 facet normal 0 0 0
  outer loop
   vertex -35.2626 -36.5416 64.0193
   vertex -33.5020 -36.2644 63.5007
   vertex -35.2432 -36.4622 63.8708
  endloop
 endfacet
 facet normal 0 0 0
  outer loop
   vertex -35.2626 -36.5416 64.0193
   vertex -31.3644 -36.4041 63.7620
   vertex -33.5020 -36.2644 63.5007
  endloop
 endfacet
 facet normal 0 0 0
  outer loop
   vertex -29.5867 -36.5416 64.0193
   vertex -31.1396 -36.3785 63.7142
   vertex -31.3644 -36.4041 63.7620
  endloop
 endfacet
 facet normal 0 0 0
  outer loop
   vertex -29.5867 -36.5416 64.0193
   vertex -31.3644 -36.4041 63.7620
   vertex -35.2626 -36.5416 64.0193
  endloop
 endfacet
 facet normal 0 0 0
  outer loop
   vertex -31.1396 -36.3785 63.7142
   vertex -29.5867 -36.5416 64.0193
   vertex -30.1352 -36.2644 63.5007
  endloop
 endfacet
 facet normal 0 0 0
  outer loop
   vertex -30.1352 -36.2644 63.5007
   vertex -29.5867 -36.5416 64.0193
   vertex -29.5187 -36.2644 63.5007
  endloop
 endfacet
 facet normal 0 0 0
  outer loop
   vertex -33.5020 -36.2644 63.5007
   vertex -31.3644 -36.4041 63.7620
   vertex -31.3302 -36.2644 63.5007
  endloop
 endfacet
 facet normal 0 0 0
  outer loop
   vertex -28.7300 -31.2756 63.5007
   vertex -31.9620 -30.9984 64.0193
   vertex -32.1992 -31.2756 63.5007
  endloop
 endfacet
 facet normal 0 0 0
  outer loop
   vertex -31.9620 -30.9984 64.0193
   vertex -28.7300 -31.2756 63.5007
   vertex -28.7300 -30.9984 64.0193
  endloop
 endfacet
 facet normal 0 0 0
  outer loop
   vertex -35.6803 -36.2644 66.8341
   vertex -29.9311 -36.2644 66.8341
   vertex -30.0580 -36.3982 66.5838
  endloop
 endfacet
 facet normal 0 0 0
  outer loop
   vertex -30.0580 -36.3982 66.5838
   vertex -35.7156 -36.5416 66.3155
   vertex -35.6803 -36.2644 66.8341
  endloop
 endfacet
 facet normal 0 0 0
  outer loop
   vertex -29.9592 -36.5416 66.3155
   vertex -30.0580 -36.3982 66.5838
   vertex -29.9658 -36.5240 66.3485
  endloop
 endfacet
 facet normal 0 0 0
  outer loop
   vertex -30.0580 -36.3982 66.5838
   vertex -29.9592 -36.5416 66.3155
   vertex -35.7156 -36.5416 66.3155
  endloop
 endfacet
 facet normal 0 0 0
  outer loop
   vertex -28.7300 -32.1033 62.6730
   vertex -32.4666 -31.6487 63.0461
   vertex -32.5884 -31.8414 62.8879
  endloop
 endfacet
 facet normal 0 0 0
  outer loop
   vertex -28.7300 -32.1033 62.6730
   vertex -32.5884 -31.8414 62.8879
   vertex -32.7540 -32.1033 62.6730
  endloop
 endfacet
 facet normal 0 0 0
  outer loop
   vertex -32.4666 -31.6487 63.0461
   vertex -28.7300 -32.1033 62.6730
   vertex -28.7300 -31.6487 63.0461
  endloop
 endfacet
 facet normal 0 0 0
  outer loop
   vertex -28.7300 -32.1033 67.6618
   vertex -32.8974 -31.6487 67.2887
   vertex -28.7300 -31.6487 67.2887
  endloop
 endfacet
 facet normal 0 0 0
  outer loop
   vertex -32.8974 -31.6487 67.2887
   vertex -28.7300 -32.1033 67.6618
   vertex -33.0513 -32.1033 67.6618
  endloop
 endfacet
 facet normal 0 0 0
  outer loop
   vertex -29.6324 -35.8913 67.2887
   vertex -34.9410 -35.4367 67.6618
   vertex -29.3093 -35.4367 67.6618
  endloop
 endfacet
 facet normal 0 0 0
  outer loop
   vertex -34.9410 -35.4367 67.6618
   vertex -29.6324 -35.8913 67.2887
   vertex -34.9546 -35.4512 67.6499
  endloop
 endfacet
 facet normal 0 0 0
  outer loop
   vertex -34.9546 -35.4512 67.6499
   vertex -29.6324 -35.8913 67.2887
   vertex -35.3685 -35.8913 67.2887
  endloop
 endfacet
 facet normal 0 0 0
  outer loop
   vertex -35.1654 -36.7700 65.1674
   vertex -29.5768 -36.7124 64.5821
   vertex -35.2528 -36.7124 64.5821
  endloop
 endfacet
 facet normal 0 0 0
  outer loop
   vertex -29.5168 -36.7700 65.1674
   vertex -29.5768 -36.7124 64.5821
   vertex -35.1654 -36.7700 65.1674
  endloop
 endfacet
 facet normal 0 0 0
  outer loop
   vertex -29.5768 -36.7124 64.5821
   vertex -29.5168 -36.7700 65.1674
   vertex -29.4953 -36.7661 65.1282
  endloop
 endfacet
 facet normal 0 0 0
  outer loop
   vertex -28.7300 -30.9984 64.0193
   vertex -31.7643 -30.8276 64.5821
   vertex -31.9620 -30.9984 64.0193
  endloop
 endfacet
 facet normal 0 0 0
  outer loop
   vertex -31.7643 -30.8276 64.5821
   vertex -28.7300 -30.9984 64.0193
   vertex -28.7300 -30.8276 64.5821
  endloop
 endfacet
 facet normal 0 0 0
  outer loop
   vertex -35.3685 -35.8913 67.2887
   vertex -35.6803 -36.2644 66.8341
   vertex -35.6472 -36.1611 66.9600
  endloop
 endfacet
 facet normal 0 0 0
  outer loop
   vertex -35.3685 -35.8913 67.2887
   vertex -29.9311 -36.2644 66.8341
   vertex -35.6803 -36.2644 66.8341
  endloop
 endfacet
 facet normal 0 0 0
  outer loop
   vertex -29.9311 -36.2644 66.8341
   vertex -35.3685 -35.8913 67.2887
   vertex -29.6324 -35.8913 67.2887
  endloop
 endfacet
 facet normal 0 0 0
  outer loop
   vertex -28.7300 -34.3553 68.1098
   vertex -33.8112 -33.7700 68.1674
   vertex -28.7300 -33.7700 68.1674
  endloop
 endfacet
 facet normal 0 0 0
  outer loop
   vertex -33.8112 -33.7700 68.1674
   vertex -28.7300 -34.3553 68.1098
   vertex -34.1314 -34.3553 68.1098
  endloop
 endfacet
 facet normal 0 0 0
  outer loop
   vertex -35.2528 -36.7124 64.5821
   vertex -29.5867 -36.5416 64.0193
   vertex -35.2626 -36.5416 64.0193
  endloop
 endfacet
 facet normal 0 0 0
  outer loop
   vertex -35.2528 -36.7124 64.5821
   vertex -29.5812 -36.6355 64.3286
   vertex -29.5867 -36.5416 64.0193
  endloop
 endfacet
 facet normal 0 0 0
  outer loop
   vertex -29.5812 -36.6355 64.3286
   vertex -35.2528 -36.7124 64.5821
   vertex -29.5768 -36.7124 64.5821
  endloop
 endfacet
 facet normal 0 0 0
  outer loop
   vertex -28.9744 -34.9180 67.9390
   vertex -28.7300 -34.3553 68.1098
   vertex -28.7300 -34.5062 68.0640
  endloop
 endfacet
 facet normal 0 0 0
  outer loop
   vertex -28.7300 -34.3553 68.1098
   vertex -28.9744 -34.9180 67.9390
   vertex -34.1314 -34.3553 68.1098
  endloop
 endfacet
 facet normal 0 0 0
  outer loop
   vertex -34.1314 -34.3553 68.1098
   vertex -28.9744 -34.9180 67.9390
   vertex -34.4067 -34.8192 67.9690
  endloop
 endfacet
 facet normal 0 0 0
  outer loop
   vertex -34.4067 -34.8192 67.9690
   vertex -28.9744 -34.9180 67.9390
   vertex -34.4877 -34.9180 67.9390
  endloop
 endfacet
 facet normal 0 0 0
  outer loop
   vertex -30.5697 -34.6936 62.3277
   vertex -28.7300 -34.3553 62.2250
   vertex -32.4860 -34.3553 62.2250
  endloop
 endfacet
 facet normal 0 0 0
  outer loop
   vertex -30.1903 -34.9180 62.3958
   vertex -28.7300 -34.3553 62.2250
   vertex -30.5697 -34.6936 62.3277
  endloop
 endfacet
 facet normal 0 0 0
  outer loop
   vertex -31.5347 -34.9180 62.3958
   vertex -30.5697 -34.6936 62.3277
   vertex -32.4860 -34.3553 62.2250
  endloop
 endfacet
 facet normal 0 0 0
  outer loop
   vertex -30.5697 -34.6936 62.3277
   vertex -31.5347 -34.9180 62.3958
   vertex -30.6995 -34.9180 62.3958
  endloop
 endfacet
 facet normal 0 0 0
  outer loop
   vertex -28.8500 -34.8522 62.3758
   vertex -28.7300 -34.3553 62.2250
   vertex -30.1903 -34.9180 62.3958
  endloop
 endfacet
 facet normal 0 0 0
  outer loop
   vertex -28.7300 -34.3553 62.2250
   vertex -28.8500 -34.8522 62.3758
   vertex -28.7300 -34.6448 62.3129
  endloop
 endfacet
 facet normal 0 0 0
  outer loop
   vertex -28.8500 -34.8522 62.3758
   vertex -30.1903 -34.9180 62.3958
   vertex -28.8880 -34.9180 62.3958
  endloop
 endfacet
 facet normal 0 0 0
  outer loop
   vertex -29.3093 -35.4367 67.6618
   vertex -34.4877 -34.9180 67.9390
   vertex -28.9744 -34.9180 67.9390
  endloop
 endfacet
 facet normal 0 0 0
  outer loop
   vertex -34.4877 -34.9180 67.9390
   vertex -29.3093 -35.4367 67.6618
   vertex -34.9410 -35.4367 67.6618
  endloop
 endfacet
 facet normal 0 0 0
  outer loop
   vertex -33.4499 -33.7700 62.1674
   vertex -33.4860 -33.1847 62.2250
   vertex -33.7503 -33.5828 62.1858
  endloop
 endfacet
 facet normal 0 0 0
  outer loop
   vertex -33.4860 -33.1847 62.2250
   vertex -33.4499 -33.7700 62.1674
   vertex -28.7300 -33.1847 62.2250
  endloop
 endfacet
 facet normal 0 0 0
  outer loop
   vertex -28.7300 -33.1847 62.2250
   vertex -33.4499 -33.7700 62.1674
   vertex -28.7300 -33.7700 62.1674
  endloop
 endfacet
 facet normal 0 0 0
  outer loop
   vertex -31.9825 -30.7700 65.1674
   vertex -32.3243 -30.8276 65.7527
   vertex -32.1142 -30.7868 65.3380
  endloop
 endfacet
 facet normal 0 0 0
  outer loop
   vertex -28.7300 -30.8276 65.7527
   vertex -31.9825 -30.7700 65.1674
   vertex -28.7300 -30.7700 65.1674
  endloop
 endfacet
 facet normal 0 0 0
  outer loop
   vertex -31.9825 -30.7700 65.1674
   vertex -28.7300 -30.8276 65.7527
   vertex -32.3243 -30.8276 65.7527
  endloop
 endfacet
 facet normal 0 0 0
  outer loop
   vertex -28.7300 -31.6487 63.0461
   vertex -32.1992 -31.2756 63.5007
   vertex -32.4666 -31.6487 63.0461
  endloop
 endfacet
 facet normal 0 0 0
  outer loop
   vertex -32.1992 -31.2756 63.5007
   vertex -28.7300 -31.6487 63.0461
   vertex -28.7300 -31.2756 63.5007
  endloop
 endfacet
 facet normal 0 0 0
  outer loop
   vertex -28.7300 -31.6487 67.2887
   vertex -32.8046 -31.2756 66.8341
   vertex -28.7300 -31.2756 66.8341
  endloop
 endfacet
 facet normal 0 0 0
  outer loop
   vertex -32.8046 -31.2756 66.8341
   vertex -28.7300 -31.6487 67.2887
   vertex -32.8974 -31.6487 67.2887
  endloop
 endfacet
 facet normal 0 0 0
  outer loop
   vertex -35.4595 -36.7124 65.7527
   vertex -29.7747 -36.7124 65.7527
   vertex -35.0747 -36.7376 65.4963
  endloop
 endfacet
 facet normal 0 0 0
  outer loop
   vertex -29.7747 -36.7124 65.7527
   vertex -35.1654 -36.7700 65.1674
   vertex -35.0747 -36.7376 65.4963
  endloop
 endfacet
 facet normal 0 0 0
  outer loop
   vertex -35.1654 -36.7700 65.1674
   vertex -29.7747 -36.7124 65.7527
   vertex -29.5168 -36.7700 65.1674
  endloop
 endfacet
 facet normal 0 0 0
  outer loop
   vertex -32.6636 -30.9984 66.3155
   vertex -32.8046 -31.2756 66.8341
   vertex -32.7860 -31.0904 66.4876
  endloop
 endfacet
 facet normal 0 0 0
  outer loop
   vertex -28.7300 -31.2756 66.8341
   vertex -32.6636 -30.9984 66.3155
   vertex -28.7300 -30.9984 66.3155
  endloop
 endfacet
 facet normal 0 0 0
  outer loop
   vertex -32.6636 -30.9984 66.3155
   vertex -28.7300 -31.2756 66.8341
   vertex -32.8046 -31.2756 66.8341
  endloop
 endfacet
 facet normal 0 0 0
  outer loop
   vertex -29.2882 -35.4367 62.6730
   vertex -29.1885 -35.4921 62.7184
   vertex -29.1625 -35.4367 62.6730
  endloop
 endfacet
 facet normal 0 0 0
  outer loop
   vertex -31.3632 -35.8913 63.0461
   vertex -31.1870 -35.8913 63.0461
   vertex -31.1626 -35.8394 63.0034
  endloop
 endfacet
 facet normal 0 0 0
  outer loop
   vertex -30.1352 -36.2644 63.5007
   vertex -29.5187 -36.2644 63.5007
   vertex -29.4744 -36.1492 63.3602
  endloop
 endfacet
 facet normal 0 0 0
  outer loop
   vertex -31.3302 -36.2644 63.5007
   vertex -31.3632 -35.8913 63.0461
   vertex -33.5020 -36.2644 63.5007
  endloop
 endfacet
 facet normal 0 0 0
  outer loop
   vertex -31.3632 -35.8913 63.0461
   vertex -31.3302 -36.2644 63.5007
   vertex -31.1870 -35.8913 63.0461
  endloop
 endfacet
 facet normal 0 0 0
  outer loop
   vertex -28.7300 -33.1847 62.2250
   vertex -33.0880 -32.6219 62.3958
   vertex -33.4860 -33.1847 62.2250
  endloop
 endfacet
 facet normal 0 0 0
  outer loop
   vertex -33.0880 -32.6219 62.3958
   vertex -28.7300 -33.1847 62.2250
   vertex -28.7300 -32.6219 62.3958
  endloop
 endfacet
 facet normal 0 0 0
  outer loop
   vertex -28.7300 -32.6219 62.3958
   vertex -32.7540 -32.1033 62.6730
   vertex -32.9343 -32.4188 62.5043
  endloop
 endfacet
 facet normal 0 0 0
  outer loop
   vertex -28.7300 -32.6219 62.3958
   vertex -32.9343 -32.4188 62.5043
   vertex -33.0880 -32.6219 62.3958
  endloop
 endfacet
 facet normal 0 0 0
  outer loop
   vertex -32.7540 -32.1033 62.6730
   vertex -28.7300 -32.6219 62.3958
   vertex -28.7300 -32.1033 62.6730
  endloop
 endfacet
 facet normal 0 0 0
  outer loop
   vertex -32.4860 -34.3553 62.2250
   vertex -28.7300 -33.7700 62.1674
   vertex -33.4499 -33.7700 62.1674
  endloop
 endfacet
 facet normal 0 0 0
  outer loop
   vertex -28.7300 -33.7700 62.1674
   vertex -32.4860 -34.3553 62.2250
   vertex -28.7300 -34.3553 62.2250
  endloop
 endfacet
 facet normal 0 0 0
  outer loop
   vertex -22.8900 14.1965 113.3129
   vertex -21.1801 14.4079 113.0553
   vertex -22.8900 14.4079 113.0553
  endloop
 endfacet
 facet normal 0 0 0
  outer loop
   vertex -21.1801 14.4079 113.0553
   vertex -22.8900 14.1965 113.3129
   vertex -20.9966 14.1965 113.3129
  endloop
 endfacet
 facet normal 0 0 0
  outer loop
   vertex -22.8900 15.9417 115.9244
   vertex -21.8666 16.2606 115.8284
   vertex -21.6746 15.9417 115.9244
  endloop
 endfacet
 facet normal 0 0 0
  outer loop
   vertex -21.8666 16.2606 115.8284
   vertex -22.8900 15.9417 115.9244
   vertex -22.8900 16.2606 115.8284
  endloop
 endfacet
 facet normal 0 0 0
  outer loop
   vertex -22.8900 15.6100 115.9574
   vertex -21.6746 15.9417 115.9244
   vertex -21.4814 15.6100 115.9574
  endloop
 endfacet
 facet normal 0 0 0
  outer loop
   vertex -21.6746 15.9417 115.9244
   vertex -22.8900 15.6100 115.9574
   vertex -22.8900 15.9417 115.9244
  endloop
 endfacet
 facet normal 0 0 0
  outer loop
   vertex -22.8900 16.2606 115.8284
   vertex -22.0499 16.5545 115.6704
   vertex -21.8666 16.2606 115.8284
  endloop
 endfacet
 facet normal 0 0 0
  outer loop
   vertex -22.0499 16.5545 115.6704
   vertex -22.8900 16.2606 115.8284
   vertex -22.8900 16.5545 115.6704
  endloop
 endfacet
 facet normal 0 0 0
  outer loop
   vertex -20.6802 14.0394 114.9084
   vertex -22.8900 13.9427 114.5894
   vertex -22.8900 14.0394 114.9084
  endloop
 endfacet
 facet normal 0 0 0
  outer loop
   vertex -22.8900 13.9427 114.5894
   vertex -20.6802 14.0394 114.9084
   vertex -20.6549 13.9427 114.5894
  endloop
 endfacet
 facet normal 0 0 0
  outer loop
   vertex -22.8900 14.6655 112.8439
   vertex -21.5497 14.9594 112.6868
   vertex -22.8900 14.9594 112.6868
  endloop
 endfacet
 facet normal 0 0 0
  outer loop
   vertex -21.5497 14.9594 112.6868
   vertex -22.8900 14.6655 112.8439
   vertex -21.3664 14.6655 112.8439
  endloop
 endfacet
 facet normal 0 0 0
  outer loop
   vertex -22.8900 15.6100 112.5574
   vertex -22.1219 15.9417 112.5901
   vertex -22.8900 15.9417 112.5901
  endloop
 endfacet
 facet normal 0 0 0
  outer loop
   vertex -22.1219 15.9417 112.5901
   vertex -22.8900 15.6100 112.5574
   vertex -21.9348 15.6100 112.5574
  endloop
 endfacet
 facet normal 0 0 0
  outer loop
   vertex -22.8900 15.2783 115.9244
   vertex -21.4814 15.6100 115.9574
   vertex -21.2944 15.2783 115.9244
  endloop
 endfacet
 facet normal 0 0 0
  outer loop
   vertex -21.4814 15.6100 115.9574
   vertex -22.8900 15.2783 115.9244
   vertex -22.8900 15.6100 115.9574
  endloop
 endfacet
 facet normal 0 0 0
  outer loop
   vertex -22.8900 16.5545 115.6704
   vertex -22.2175 16.8121 115.4594
   vertex -22.2126 16.8045 115.4654
  endloop
 endfacet
 facet normal 0 0 0
  outer loop
   vertex -22.8900 16.5545 115.6704
   vertex -22.2126 16.8045 115.4654
   vertex -22.0499 16.5545 115.6704
  endloop
 endfacet
 facet normal 0 0 0
  outer loop
   vertex -22.2175 16.8121 115.4594
   vertex -22.8900 16.5545 115.6704
   vertex -22.8900 16.8121 115.4594
  endloop
 endfacet
 facet normal 0 0 0
  outer loop
   vertex -22.8900 14.9594 115.8284
   vertex -21.2944 15.2783 115.9244
   vertex -21.1207 14.9594 115.8284
  endloop
 endfacet
 facet normal 0 0 0
  outer loop
   vertex -21.2944 15.2783 115.9244
   vertex -22.8900 14.9594 115.8284
   vertex -22.8900 15.2783 115.9244
  endloop
 endfacet
 facet normal 0 0 0
  outer loop
   vertex -22.7478 17.2780 113.9323
   vertex -22.8900 17.2773 113.9258
   vertex -22.7488 17.2773 113.9258
  endloop
 endfacet
 facet normal 0 0 0
  outer loop
   vertex -22.8900 17.2773 113.9258
   vertex -22.7478 17.2780 113.9323
   vertex -22.8900 17.3100 114.2574
  endloop
 endfacet
 facet normal 0 0 0
  outer loop
   vertex -22.8900 17.3100 114.2574
   vertex -22.7478 17.2780 113.9323
   vertex -22.6987 17.3100 114.2574
  endloop
 endfacet
 facet normal 0 0 0
  outer loop
   vertex -22.8900 16.8121 113.0553
   vertex -22.6738 17.0235 113.3129
   vertex -22.8900 17.0235 113.3129
  endloop
 endfacet
 facet normal 0 0 0
  outer loop
   vertex -22.6738 17.0235 113.3129
   vertex -22.8900 16.8121 113.0553
   vertex -22.5769 16.8121 113.0553
  endloop
 endfacet
 facet normal 0 0 0
  outer loop
   vertex -22.8900 17.0235 113.3129
   vertex -22.7361 17.1806 113.6068
   vertex -22.8900 17.1806 113.6068
  endloop
 endfacet
 facet normal 0 0 0
  outer loop
   vertex -22.7361 17.1806 113.6068
   vertex -22.8900 17.0235 113.3129
   vertex -22.6738 17.0235 113.3129
  endloop
 endfacet
 facet normal 0 0 0
  outer loop
   vertex -22.8900 17.1806 113.6068
   vertex -22.7519 17.2411 113.8063
   vertex -22.8900 17.2773 113.9258
  endloop
 endfacet
 facet normal 0 0 0
  outer loop
   vertex -22.7519 17.2411 113.8063
   vertex -22.8900 17.1806 113.6068
   vertex -22.7361 17.1806 113.6068
  endloop
 endfacet
 facet normal 0 0 0
  outer loop
   vertex -22.8900 17.2773 113.9258
   vertex -22.7519 17.2411 113.8063
   vertex -22.7488 17.2773 113.9258
  endloop
 endfacet
 facet normal 0 0 0
  outer loop
   vertex -22.8900 14.6655 115.6704
   vertex -21.1207 14.9594 115.8284
   vertex -20.9671 14.6655 115.6704
  endloop
 endfacet
 facet normal 0 0 0
  outer loop
   vertex -21.1207 14.9594 115.8284
   vertex -22.8900 14.6655 115.6704
   vertex -22.8900 14.9594 115.8284
  endloop
 endfacet
 facet normal 0 0 0
  outer loop
   vertex -22.8900 16.5545 112.8439
   vertex -22.5769 16.8121 113.0553
   vertex -22.8900 16.8121 113.0553
  endloop
 endfacet
 facet normal 0 0 0
  outer loop
   vertex -22.5769 16.8121 113.0553
   vertex -22.8900 16.5545 112.8439
   vertex -22.4492 16.5545 112.8439
  endloop
 endfacet
 facet normal 0 0 0
  outer loop
   vertex -22.8900 15.2783 112.5901
   vertex -21.9348 15.6100 112.5574
   vertex -22.8900 15.6100 112.5574
  endloop
 endfacet
 facet normal 0 0 0
  outer loop
   vertex -21.9348 15.6100 112.5574
   vertex -22.8900 15.2783 112.5901
   vertex -21.7417 15.2783 112.5901
  endloop
 endfacet
 facet normal 0 0 0
  outer loop
   vertex -22.8900 14.4079 113.0553
   vertex -21.3664 14.6655 112.8439
   vertex -22.8900 14.6655 112.8439
  endloop
 endfacet
 facet normal 0 0 0
  outer loop
   vertex -21.3664 14.6655 112.8439
   vertex -22.8900 14.4079 113.0553
   vertex -21.2899 14.5480 112.9404
  endloop
 endfacet
 facet normal 0 0 0
  outer loop
   vertex -21.2899 14.5480 112.9404
   vertex -22.8900 14.4079 113.0553
   vertex -21.1801 14.4079 113.0553
  endloop
 endfacet
 facet normal 0 0 0
  outer loop
   vertex -22.3630 17.0235 115.2014
   vertex -22.8900 16.8121 115.4594
   vertex -22.8900 17.0235 115.2014
  endloop
 endfacet
 facet normal 0 0 0
  outer loop
   vertex -22.8900 16.8121 115.4594
   vertex -22.3630 17.0235 115.2014
   vertex -22.2175 16.8121 115.4594
  endloop
 endfacet
 facet normal 0 0 0
  outer loop
   vertex -22.8900 15.9417 112.5901
   vertex -22.2955 16.2606 112.6868
   vertex -22.8900 16.2606 112.6868
  endloop
 endfacet
 facet normal 0 0 0
  outer loop
   vertex -22.2955 16.2606 112.6868
   vertex -22.8900 15.9417 112.5901
   vertex -22.1219 15.9417 112.5901
  endloop
 endfacet
 facet normal 0 0 0
  outer loop
   vertex -22.4762 17.1745 114.9194
   vertex -22.8900 17.1806 114.9084
   vertex -22.4823 17.1806 114.9084
  endloop
 endfacet
 facet normal 0 0 0
  outer loop
   vertex -22.8900 17.1806 114.9084
   vertex -22.4762 17.1745 114.9194
   vertex -22.8900 17.0235 115.2014
  endloop
 endfacet
 facet normal 0 0 0
  outer loop
   vertex -22.8900 17.0235 115.2014
   vertex -22.4762 17.1745 114.9194
   vertex -22.3630 17.0235 115.2014
  endloop
 endfacet
 facet normal 0 0 0
  outer loop
   vertex -20.8394 14.4079 115.4594
   vertex -22.8900 14.1965 115.2014
   vertex -22.8900 14.4079 115.4594
  endloop
 endfacet
 facet normal 0 0 0
  outer loop
   vertex -22.8900 14.1965 115.2014
   vertex -20.8394 14.4079 115.4594
   vertex -20.7425 14.1965 115.2014
  endloop
 endfacet
 facet normal 0 0 0
  outer loop
   vertex -20.7425 14.1965 115.2014
   vertex -22.8900 14.0394 114.9084
   vertex -22.8900 14.1965 115.2014
  endloop
 endfacet
 facet normal 0 0 0
  outer loop
   vertex -22.8900 14.0394 114.9084
   vertex -20.7425 14.1965 115.2014
   vertex -20.6802 14.0394 114.9084
  endloop
 endfacet
 facet normal 0 0 0
  outer loop
   vertex -22.8900 13.9427 114.5894
   vertex -20.6674 13.9100 114.2574
   vertex -22.8900 13.9100 114.2574
  endloop
 endfacet
 facet normal 0 0 0
  outer loop
   vertex -20.6674 13.9100 114.2574
   vertex -22.8900 13.9427 114.5894
   vertex -20.6549 13.9427 114.5894
  endloop
 endfacet
 facet normal 0 0 0
  outer loop
   vertex -22.8900 16.2606 112.6868
   vertex -22.4492 16.5545 112.8439
   vertex -22.8900 16.5545 112.8439
  endloop
 endfacet
 facet normal 0 0 0
  outer loop
   vertex -22.4492 16.5545 112.8439
   vertex -22.8900 16.2606 112.6868
   vertex -22.2955 16.2606 112.6868
  endloop
 endfacet
 facet normal 0 0 0
  outer loop
   vertex -22.6987 17.3100 114.2574
   vertex -22.8900 17.2773 114.5894
   vertex -22.8900 17.3100 114.2574
  endloop
 endfacet
 facet normal 0 0 0
  outer loop
   vertex -22.8900 17.2773 114.5894
   vertex -22.6987 17.3100 114.2574
   vertex -22.6088 17.2773 114.5894
  endloop
 endfacet
 facet normal 0 0 0
  outer loop
   vertex -22.8900 14.4079 115.4594
   vertex -20.9671 14.6655 115.6704
   vertex -20.8394 14.4079 115.4594
  endloop
 endfacet
 facet normal 0 0 0
  outer loop
   vertex -20.9671 14.6655 115.6704
   vertex -22.8900 14.4079 115.4594
   vertex -22.8900 14.6655 115.6704
  endloop
 endfacet
 facet normal 0 0 0
  outer loop
   vertex -22.8900 14.0394 113.6068
   vertex -20.9966 14.1965 113.3129
   vertex -22.8900 14.1965 113.3129
  endloop
 endfacet
 facet normal 0 0 0
  outer loop
   vertex -20.9966 14.1965 113.3129
   vertex -22.8900 14.0394 113.6068
   vertex -20.8386 14.0394 113.6068
  endloop
 endfacet
 facet normal 0 0 0
  outer loop
   vertex -22.6088 17.2773 114.5894
   vertex -22.8900 17.1806 114.9084
   vertex -22.8900 17.2773 114.5894
  endloop
 endfacet
 facet normal 0 0 0
  outer loop
   vertex -22.8900 17.1806 114.9084
   vertex -22.6088 17.2773 114.5894
   vertex -22.4823 17.1806 114.9084
  endloop
 endfacet
 facet normal 0 0 0
  outer loop
   vertex -22.8900 14.9594 112.6868
   vertex -21.7417 15.2783 112.5901
   vertex -22.8900 15.2783 112.5901
  endloop
 endfacet
 facet normal 0 0 0
  outer loop
   vertex -21.7417 15.2783 112.5901
   vertex -22.8900 14.9594 112.6868
   vertex -21.5497 14.9594 112.6868
  endloop
 endfacet
 facet normal 0 0 0
  outer loop
   vertex -22.8900 13.9100 114.2574
   vertex -20.7175 13.9427 113.9258
   vertex -22.8900 13.9427 113.9258
  endloop
 endfacet
 facet normal 0 0 0
  outer loop
   vertex -22.8900 13.9100 114.2574
   vertex -20.7165 13.9420 113.9323
   vertex -20.7175 13.9427 113.9258
  endloop
 endfacet
 facet normal 0 0 0
  outer loop
   vertex -20.7165 13.9420 113.9323
   vertex -22.8900 13.9100 114.2574
   vertex -20.6674 13.9100 114.2574
  endloop
 endfacet
 facet normal 0 0 0
  outer loop
   vertex -22.8900 13.9427 113.9258
   vertex -20.8386 14.0394 113.6068
   vertex -22.8900 14.0394 113.6068
  endloop
 endfacet
 facet normal 0 0 0
  outer loop
   vertex -22.8900 13.9427 113.9258
   vertex -20.7573 13.9772 113.8119
   vertex -20.8386 14.0394 113.6068
  endloop
 endfacet
 facet normal 0 0 0
  outer loop
   vertex -20.7175 13.9427 113.9258
   vertex -20.7573 13.9772 113.8119
   vertex -22.8900 13.9427 113.9258
  endloop
 endfacet
 facet normal 0 0 0
  outer loop
   vertex -20.7573 13.9772 113.8119
   vertex -20.7175 13.9427 113.9258
   vertex -20.7286 13.9552 113.8844
  endloop
 endfacet
 facet normal 0 0 0
  outer loop
   vertex -22.8900 12.8384 115.4054
   vertex -25.4785 12.7203 115.0164
   vertex -25.4684 12.8384 115.4054
  endloop
 endfacet
 facet normal 0 0 0
  outer loop
   vertex -22.8900 12.6676 114.8424
   vertex -25.4785 12.7203 115.0164
   vertex -22.8900 12.8384 115.4054
  endloop
 endfacet
 facet normal 0 0 0
  outer loop
   vertex -25.4785 12.7203 115.0164
   vertex -22.8900 12.6676 114.8424
   vertex -25.4830 12.6676 114.8424
  endloop
 endfacet
 facet normal 0 0 0
  outer loop
   vertex -27.5355 16.1953 117.1994
   vertex -22.8900 16.7580 117.0294
   vertex -22.8900 16.1953 117.1994
  endloop
 endfacet
 facet normal 0 0 0
  outer loop
   vertex -22.8900 16.7580 117.0294
   vertex -27.5355 16.1953 117.1994
   vertex -28.0077 16.7580 117.0294
  endloop
 endfacet
 facet normal 0 0 0
  outer loop
   vertex -27.0495 15.6100 117.2574
   vertex -22.8900 16.1953 117.1994
   vertex -22.8900 15.6100 117.2574
  endloop
 endfacet
 facet normal 0 0 0
  outer loop
   vertex -22.8900 16.1953 117.1994
   vertex -27.0495 15.6100 117.2574
   vertex -27.5355 16.1953 117.1994
  endloop
 endfacet
 facet normal 0 0 0
  outer loop
   vertex -22.8900 17.2767 116.7514
   vertex -28.1785 16.9593 116.9214
   vertex -28.4966 17.2767 116.7514
  endloop
 endfacet
 facet normal 0 0 0
  outer loop
   vertex -28.0077 16.7580 117.0294
   vertex -22.8900 17.2767 116.7514
   vertex -22.8900 16.7580 117.0294
  endloop
 endfacet
 facet normal 0 0 0
  outer loop
   vertex -22.8900 17.2767 116.7514
   vertex -28.0077 16.7580 117.0294
   vertex -28.1785 16.9593 116.9214
  endloop
 endfacet
 facet normal 0 0 0
  outer loop
   vertex -22.8900 16.1953 117.1994
   vertex -22.8900 15.9417 115.9244
   vertex -22.8900 15.6100 115.9574
  endloop
 endfacet
 facet normal 0 0 0
  outer loop
   vertex -22.8900 17.7313 116.3784
   vertex -22.8900 16.2606 115.8284
   vertex -22.8900 15.9417 115.9244
  endloop
 endfacet
 facet normal 0 0 0
  outer loop
   vertex -22.8900 17.7313 116.3784
   vertex -22.8900 16.5545 115.6704
   vertex -22.8900 16.2606 115.8284
  endloop
 endfacet
 facet normal 0 0 0
  outer loop
   vertex -22.8900 17.7313 116.3784
   vertex -22.8900 17.8734 115.5924
   vertex -22.8900 16.8121 115.4594
  endloop
 endfacet
 facet normal 0 0 0
  outer loop
   vertex -22.8900 17.7313 116.3784
   vertex -22.8900 16.8121 115.4594
   vertex -22.8900 16.5545 115.6704
  endloop
 endfacet
 facet normal 0 0 0
  outer loop
   vertex -22.8900 17.8734 115.5924
   vertex -22.8900 17.0235 115.2014
   vertex -22.8900 16.8121 115.4594
  endloop
 endfacet
 facet normal 0 0 0
  outer loop
   vertex -22.8900 17.8507 115.1464
   vertex -22.8900 17.0235 115.2014
   vertex -22.8900 17.8734 115.5924
  endloop
 endfacet
 facet normal 0 0 0
  outer loop
   vertex -22.8900 17.8507 115.1464
   vertex -22.8900 17.1806 114.9084
   vertex -22.8900 17.0235 115.2014
  endloop
 endfacet
 facet normal 0 0 0
  outer loop
   vertex -22.8900 17.8507 115.1464
   vertex -22.8900 17.2773 114.5894
   vertex -22.8900 17.1806 114.9084
  endloop
 endfacet
 facet normal 0 0 0
  outer loop
   vertex -22.8900 17.6773 114.4142
   vertex -22.8900 17.2773 114.5894
   vertex -22.8900 17.8507 115.1464
  endloop
 endfacet
 facet normal 0 0 0
  outer loop
   vertex -22.8900 17.6773 114.4142
   vertex -22.8900 17.3100 114.2574
   vertex -22.8900 17.2773 114.5894
  endloop
 endfacet
 facet normal 0 0 0
  outer loop
   vertex -22.8900 17.5137 113.9409
   vertex -22.8900 17.3100 114.2574
   vertex -22.8900 17.6773 114.4142
  endloop
 endfacet
 facet normal 0 0 0
  outer loop
   vertex -22.8900 17.5137 113.9409
   vertex -22.8900 17.2773 113.9258
   vertex -22.8900 17.3100 114.2574
  endloop
 endfacet
 facet normal 0 0 0
  outer loop
   vertex -22.8900 17.4954 113.8881
   vertex -22.8900 17.2773 113.9258
   vertex -22.8900 17.5137 113.9409
  endloop
 endfacet
 facet normal 0 0 0
  outer loop
   vertex -22.8900 17.4954 113.8881
   vertex -22.8900 17.1806 113.6068
   vertex -22.8900 17.2773 113.9258
  endloop
 endfacet
 facet normal 0 0 0
  outer loop
   vertex -22.8900 17.4954 113.8881
   vertex -22.8900 17.0235 113.3129
   vertex -22.8900 17.1806 113.6068
  endloop
 endfacet
 facet normal 0 0 0
  outer loop
   vertex -22.8900 15.6100 111.2574
   vertex -22.8900 15.6100 112.5574
   vertex -22.8900 15.9417 112.5901
  endloop
 endfacet
 facet normal 0 0 0
  outer loop
   vertex -22.8900 15.6100 112.5574
   vertex -22.8900 13.9433 111.7630
   vertex -22.8900 13.4887 112.1361
  endloop
 endfacet
 facet normal 0 0 0
  outer loop
   vertex -22.8900 16.1953 111.3150
   vertex -22.8900 15.9417 112.5901
   vertex -22.8900 16.2606 112.6868
  endloop
 endfacet
 facet normal 0 0 0
  outer loop
   vertex -22.8900 17.1328 111.6861
   vertex -22.8900 17.0235 113.3129
   vertex -22.8900 17.4954 113.8881
  endloop
 endfacet
 facet normal 0 0 0
  outer loop
   vertex -22.8900 17.1328 111.6861
   vertex -22.8900 16.8121 113.0553
   vertex -22.8900 17.0235 113.3129
  endloop
 endfacet
 facet normal 0 0 0
  outer loop
   vertex -22.8900 17.1328 111.6861
   vertex -22.8900 16.5545 112.8439
   vertex -22.8900 16.8121 113.0553
  endloop
 endfacet
 facet normal 0 0 0
  outer loop
   vertex -22.8900 17.1328 111.6861
   vertex -22.8900 16.2606 112.6868
   vertex -22.8900 16.5545 112.8439
  endloop
 endfacet
 facet normal 0 0 0
  outer loop
   vertex -22.8900 16.7580 111.4858
   vertex -22.8900 16.2606 112.6868
   vertex -22.8900 17.1328 111.6861
  endloop
 endfacet
 facet normal 0 0 0
  outer loop
   vertex -22.8900 16.2606 112.6868
   vertex -22.8900 16.7580 111.4858
   vertex -22.8900 16.1953 111.3150
  endloop
 endfacet
 facet normal 0 0 0
  outer loop
   vertex -22.8900 15.6100 112.5574
   vertex -22.8900 14.4619 111.4858
   vertex -22.8900 13.9433 111.7630
  endloop
 endfacet
 facet normal 0 0 0
  outer loop
   vertex -22.8900 15.9417 112.5901
   vertex -22.8900 16.1953 111.3150
   vertex -22.8900 15.6100 111.2574
  endloop
 endfacet
 facet normal 0 0 0
  outer loop
   vertex -22.8900 15.6100 112.5574
   vertex -22.8900 15.0247 111.3150
   vertex -22.8900 14.4619 111.4858
  endloop
 endfacet
 facet normal 0 0 0
  outer loop
   vertex -22.8900 15.6100 112.5574
   vertex -22.8900 15.6100 111.2574
   vertex -22.8900 15.0247 111.3150
  endloop
 endfacet
 facet normal 0 0 0
  outer loop
   vertex -22.8900 15.6100 115.9574
   vertex -22.8900 15.6100 117.2574
   vertex -22.8900 16.1953 117.1994
  endloop
 endfacet
 facet normal 0 0 0
  outer loop
   vertex -22.8900 15.9417 115.9244
   vertex -22.8900 16.1953 117.1994
   vertex -22.8900 16.7580 117.0294
  endloop
 endfacet
 facet normal 0 0 0
  outer loop
   vertex -22.8900 15.6100 117.2574
   vertex -22.8900 15.6100 115.9574
   vertex -22.8900 15.0247 117.1994
  endloop
 endfacet
 facet normal 0 0 0
  outer loop
   vertex -22.8900 15.9417 115.9244
   vertex -22.8900 16.7580 117.0294
   vertex -22.8900 17.2767 116.7514
  endloop
 endfacet
 facet normal 0 0 0
  outer loop
   vertex -22.8900 15.2783 115.9244
   vertex -22.8900 15.0247 117.1994
   vertex -22.8900 15.6100 115.9574
  endloop
 endfacet
 facet normal 0 0 0
  outer loop
   vertex -22.8900 15.9417 115.9244
   vertex -22.8900 17.2767 116.7514
   vertex -22.8900 17.7313 116.3784
  endloop
 endfacet
 facet normal 0 0 0
  outer loop
   vertex -22.8900 15.0247 117.1994
   vertex -22.8900 15.2783 115.9244
   vertex -22.8900 14.4619 117.0294
  endloop
 endfacet
 facet normal 0 0 0
  outer loop
   vertex -22.8900 17.8734 115.5924
   vertex -22.8900 17.7313 116.3784
   vertex -22.8900 17.9029 116.1694
  endloop
 endfacet
 facet normal 0 0 0
  outer loop
   vertex -22.8900 14.9594 115.8284
   vertex -22.8900 14.4619 117.0294
   vertex -22.8900 15.2783 115.9244
  endloop
 endfacet
 facet normal 0 0 0
  outer loop
   vertex -22.8900 14.4619 117.0294
   vertex -22.8900 14.9594 115.8284
   vertex -22.8900 13.9433 116.7514
  endloop
 endfacet
 facet normal 0 0 0
  outer loop
   vertex -22.8900 14.6655 115.6704
   vertex -22.8900 13.9433 116.7514
   vertex -22.8900 14.9594 115.8284
  endloop
 endfacet
 facet normal 0 0 0
  outer loop
   vertex -22.8900 13.9433 116.7514
   vertex -22.8900 14.6655 115.6704
   vertex -22.8900 13.4887 116.3784
  endloop
 endfacet
 facet normal 0 0 0
  outer loop
   vertex -22.8900 14.4079 115.4594
   vertex -22.8900 13.4887 116.3784
   vertex -22.8900 14.6655 115.6704
  endloop
 endfacet
 facet normal 0 0 0
  outer loop
   vertex -22.8900 13.4887 116.3784
   vertex -22.8900 14.4079 115.4594
   vertex -22.8900 13.1156 115.9244
  endloop
 endfacet
 facet normal 0 0 0
  outer loop
   vertex -22.8900 14.1965 115.2014
   vertex -22.8900 13.1156 115.9244
   vertex -22.8900 14.4079 115.4594
  endloop
 endfacet
 facet normal 0 0 0
  outer loop
   vertex -22.8900 13.1156 115.9244
   vertex -22.8900 14.1965 115.2014
   vertex -22.8900 12.8384 115.4054
  endloop
 endfacet
 facet normal 0 0 0
  outer loop
   vertex -22.8900 14.0394 114.9084
   vertex -22.8900 12.8384 115.4054
   vertex -22.8900 14.1965 115.2014
  endloop
 endfacet
 facet normal 0 0 0
  outer loop
   vertex -22.8900 14.0394 114.9084
   vertex -22.8900 12.6676 114.8424
   vertex -22.8900 12.8384 115.4054
  endloop
 endfacet
 facet normal 0 0 0
  outer loop
   vertex -22.8900 13.9427 114.5894
   vertex -22.8900 12.6676 114.8424
   vertex -22.8900 14.0394 114.9084
  endloop
 endfacet
 facet normal 0 0 0
  outer loop
   vertex -22.8900 13.9100 114.2574
   vertex -22.8900 12.6676 114.8424
   vertex -22.8900 13.9427 114.5894
  endloop
 endfacet
 facet normal 0 0 0
  outer loop
   vertex -22.8900 13.9100 114.2574
   vertex -22.8900 12.6100 114.2574
   vertex -22.8900 12.6676 114.8424
  endloop
 endfacet
 facet normal 0 0 0
  outer loop
   vertex -22.8900 13.9427 113.9258
   vertex -22.8900 12.6100 114.2574
   vertex -22.8900 13.9100 114.2574
  endloop
 endfacet
 facet normal 0 0 0
  outer loop
   vertex -22.8900 13.9427 113.9258
   vertex -22.8900 12.6676 113.6721
   vertex -22.8900 12.6100 114.2574
  endloop
 endfacet
 facet normal 0 0 0
  outer loop
   vertex -22.8900 14.0394 113.6068
   vertex -22.8900 12.6676 113.6721
   vertex -22.8900 13.9427 113.9258
  endloop
 endfacet
 facet normal 0 0 0
  outer loop
   vertex -22.8900 12.8384 113.1094
   vertex -22.8900 14.0394 113.6068
   vertex -22.8900 14.1965 113.3129
  endloop
 endfacet
 facet normal 0 0 0
  outer loop
   vertex -22.8900 14.0394 113.6068
   vertex -22.8900 12.8384 113.1094
   vertex -22.8900 12.6676 113.6721
  endloop
 endfacet
 facet normal 0 0 0
  outer loop
   vertex -22.8900 13.1156 112.5907
   vertex -22.8900 14.1965 113.3129
   vertex -22.8900 14.4079 113.0553
  endloop
 endfacet
 facet normal 0 0 0
  outer loop
   vertex -22.8900 13.4887 112.1361
   vertex -22.8900 14.4079 113.0553
   vertex -22.8900 14.6655 112.8439
  endloop
 endfacet
 facet normal 0 0 0
  outer loop
   vertex -22.8900 13.4887 112.1361
   vertex -22.8900 14.6655 112.8439
   vertex -22.8900 14.9594 112.6868
  endloop
 endfacet
 facet normal 0 0 0
  outer loop
   vertex -22.8900 14.1965 113.3129
   vertex -22.8900 13.1156 112.5907
   vertex -22.8900 12.8384 113.1094
  endloop
 endfacet
 facet normal 0 0 0
  outer loop
   vertex -22.8900 13.4887 112.1361
   vertex -22.8900 14.9594 112.6868
   vertex -22.8900 15.2783 112.5901
  endloop
 endfacet
 facet normal 0 0 0
  outer loop
   vertex -22.8900 13.4887 112.1361
   vertex -22.8900 15.2783 112.5901
   vertex -22.8900 15.6100 112.5574
  endloop
 endfacet
 facet normal 0 0 0
  outer loop
   vertex -22.8900 14.4079 113.0553
   vertex -22.8900 13.4887 112.1361
   vertex -22.8900 13.1156 112.5907
  endloop
 endfacet
 facet normal 0 0 0
  outer loop
   vertex -26.5680 13.9433 111.7630
   vertex -22.8900 14.4619 111.4858
   vertex -26.8915 14.4619 111.4858
  endloop
 endfacet
 facet normal 0 0 0
  outer loop
   vertex -22.8900 14.4619 111.4858
   vertex -26.5680 13.9433 111.7630
   vertex -22.8900 13.9433 111.7630
  endloop
 endfacet
 facet normal 0 0 0
  outer loop
   vertex -23.5784 18.5524 114.8424
   vertex -29.6086 18.3816 115.4054
   vertex -29.7734 18.5524 114.8424
  endloop
 endfacet
 facet normal 0 0 0
  outer loop
   vertex -23.3178 18.3816 115.4054
   vertex -23.5784 18.5524 114.8424
   vertex -23.3330 18.3974 115.3534
  endloop
 endfacet
 facet normal 0 0 0
  outer loop
   vertex -23.5784 18.5524 114.8424
   vertex -23.3178 18.3816 115.4054
   vertex -29.6086 18.3816 115.4054
  endloop
 endfacet
 facet normal 0 0 0
  outer loop
   vertex -28.8223 18.5524 113.6721
   vertex -25.6698 18.5524 113.6721
   vertex -25.6722 18.5584 113.7339
  endloop
 endfacet
 facet normal 0 0 0
  outer loop
   vertex -29.6147 18.5693 113.8441
   vertex -29.8458 18.6100 114.2574
   vertex -29.8314 18.5739 113.8911
  endloop
 endfacet
 facet normal 0 0 0
  outer loop
   vertex -28.8223 18.5524 113.6721
   vertex -29.8458 18.6100 114.2574
   vertex -29.6147 18.5693 113.8441
  endloop
 endfacet
 facet normal 0 0 0
  outer loop
   vertex -25.6722 18.5584 113.7339
   vertex -29.8458 18.6100 114.2574
   vertex -28.8223 18.5524 113.6721
  endloop
 endfacet
 facet normal 0 0 0
  outer loop
   vertex -25.6722 18.5584 113.7339
   vertex -23.7459 18.6100 114.2574
   vertex -29.8458 18.6100 114.2574
  endloop
 endfacet
 facet normal 0 0 0
  outer loop
   vertex -25.3877 18.5524 113.6721
   vertex -23.7459 18.6100 114.2574
   vertex -25.6722 18.5584 113.7339
  endloop
 endfacet
 facet normal 0 0 0
  outer loop
   vertex -23.7459 18.6100 114.2574
   vertex -25.3877 18.5524 113.6721
   vertex -23.7230 18.5524 113.6721
  endloop
 endfacet
 facet normal 0 0 0
  outer loop
   vertex -22.8900 13.1156 112.5907
   vertex -25.8075 12.8384 113.1094
   vertex -22.8900 12.8384 113.1094
  endloop
 endfacet
 facet normal 0 0 0
  outer loop
   vertex -25.8075 12.8384 113.1094
   vertex -22.8900 13.1156 112.5907
   vertex -26.0154 13.1156 112.5907
  endloop
 endfacet
 facet normal 0 0 0
  outer loop
   vertex -25.3960 18.1723 112.7176
   vertex -26.1617 18.3589 113.0667
   vertex -26.6981 18.1044 112.5907
  endloop
 endfacet
 facet normal 0 0 0
  outer loop
   vertex -26.1617 18.3589 113.0667
   vertex -25.3960 18.1723 112.7176
   vertex -25.5525 18.3816 113.1094
  endloop
 endfacet
 facet normal 0 0 0
  outer loop
   vertex -23.3986 18.1044 112.5907
   vertex -24.9547 18.3816 113.1094
   vertex -25.3960 18.1723 112.7176
  endloop
 endfacet
 facet normal 0 0 0
  outer loop
   vertex -24.9547 18.3816 113.1094
   vertex -23.3986 18.1044 112.5907
   vertex -23.6057 18.3816 113.1094
  endloop
 endfacet
 facet normal 0 0 0
  outer loop
   vertex -23.3986 18.1044 112.5907
   vertex -25.3960 18.1723 112.7176
   vertex -26.6981 18.1044 112.5907
  endloop
 endfacet
 facet normal 0 0 0
  outer loop
   vertex -26.3401 18.3816 113.1094
   vertex -26.1617 18.3589 113.0667
   vertex -25.5525 18.3816 113.1094
  endloop
 endfacet
 facet normal 0 0 0
  outer loop
   vertex -22.8900 13.1156 115.9244
   vertex -25.4805 12.8943 115.5104
   vertex -25.5683 13.1156 115.9244
  endloop
 endfacet
 facet normal 0 0 0
  outer loop
   vertex -22.8900 12.8384 115.4054
   vertex -25.4805 12.8943 115.5104
   vertex -22.8900 13.1156 115.9244
  endloop
 endfacet
 facet normal 0 0 0
  outer loop
   vertex -25.4805 12.8943 115.5104
   vertex -22.8900 12.8384 115.4054
   vertex -25.4684 12.8384 115.4054
  endloop
 endfacet
 facet normal 0 0 0
  outer loop
   vertex -22.9652 17.2767 111.7630
   vertex -27.3708 17.7313 112.1361
   vertex -28.1062 17.2767 111.7630
  endloop
 endfacet
 facet normal 0 0 0
  outer loop
   vertex -27.3708 17.7313 112.1361
   vertex -22.9652 17.2767 111.7630
   vertex -23.1906 17.7313 112.1361
  endloop
 endfacet
 facet normal 0 0 0
  outer loop
   vertex -28.4966 17.2767 116.7514
   vertex -22.8900 17.7313 116.3784
   vertex -22.8900 17.2767 116.7514
  endloop
 endfacet
 facet normal 0 0 0
  outer loop
   vertex -22.8900 17.7313 116.3784
   vertex -28.4966 17.2767 116.7514
   vertex -28.9797 17.7313 116.3784
  endloop
 endfacet
 facet normal 0 0 0
  outer loop
   vertex -25.7392 13.4887 116.3784
   vertex -22.8900 13.9433 116.7514
   vertex -22.8900 13.4887 116.3784
  endloop
 endfacet
 facet normal 0 0 0
  outer loop
   vertex -22.8900 13.9433 116.7514
   vertex -25.7392 13.4887 116.3784
   vertex -25.9646 13.9433 116.7514
  endloop
 endfacet
 facet normal 0 0 0
  outer loop
   vertex -23.6057 18.3816 113.1094
   vertex -24.6264 18.5000 113.4995
   vertex -24.9547 18.3816 113.1094
  endloop
 endfacet
 facet normal 0 0 0
  outer loop
   vertex -24.6264 18.5000 113.4995
   vertex -23.6057 18.3816 113.1094
   vertex -23.7230 18.5524 113.6721
  endloop
 endfacet
 facet normal 0 0 0
  outer loop
   vertex -25.3877 18.5524 113.6721
   vertex -24.6264 18.5000 113.4995
   vertex -23.7230 18.5524 113.6721
  endloop
 endfacet
 facet normal 0 0 0
  outer loop
   vertex -26.3401 18.3816 113.1094
   vertex -25.6698 18.5524 113.6721
   vertex -28.8223 18.5524 113.6721
  endloop
 endfacet
 facet normal 0 0 0
  outer loop
   vertex -25.6698 18.5524 113.6721
   vertex -26.3401 18.3816 113.1094
   vertex -25.5525 18.3816 113.1094
  endloop
 endfacet
 facet normal 0 0 0
  outer loop
   vertex -22.8900 13.4887 116.3784
   vertex -25.5683 13.1156 115.9244
   vertex -25.7392 13.4887 116.3784
  endloop
 endfacet
 facet normal 0 0 0
  outer loop
   vertex -25.5683 13.1156 115.9244
   vertex -22.8900 13.4887 116.3784
   vertex -22.8900 13.1156 115.9244
  endloop
 endfacet
 facet normal 0 0 0
  outer loop
   vertex -22.8900 15.6100 117.2574
   vertex -26.9983 15.5477 117.2514
   vertex -27.0495 15.6100 117.2574
  endloop
 endfacet
 facet normal 0 0 0
  outer loop
   vertex -26.5684 15.0247 117.1994
   vertex -22.8900 15.6100 117.2574
   vertex -22.8900 15.0247 117.1994
  endloop
 endfacet
 facet normal 0 0 0
  outer loop
   vertex -22.8900 15.6100 117.2574
   vertex -26.5684 15.0247 117.1994
   vertex -26.9983 15.5477 117.2514
  endloop
 endfacet
 facet normal 0 0 0
  outer loop
   vertex -22.8900 12.8384 113.1094
   vertex -25.6565 12.6676 113.6721
   vertex -22.8900 12.6676 113.6721
  endloop
 endfacet
 facet normal 0 0 0
  outer loop
   vertex -25.6565 12.6676 113.6721
   vertex -22.8900 12.8384 113.1094
   vertex -25.8075 12.8384 113.1094
  endloop
 endfacet
 facet normal 0 0 0
  outer loop
   vertex -22.8900 15.0247 117.1994
   vertex -26.4892 14.9274 117.1704
   vertex -26.5684 15.0247 117.1994
  endloop
 endfacet
 facet normal 0 0 0
  outer loop
   vertex -26.2357 14.4619 117.0294
   vertex -22.8900 15.0247 117.1994
   vertex -22.8900 14.4619 117.0294
  endloop
 endfacet
 facet normal 0 0 0
  outer loop
   vertex -22.8900 15.0247 117.1994
   vertex -26.2357 14.4619 117.0294
   vertex -26.4892 14.9274 117.1704
  endloop
 endfacet
 facet normal 0 0 0
  outer loop
   vertex -26.8915 14.4619 111.4858
   vertex -22.8900 15.0247 111.3150
   vertex -27.2302 15.0247 111.3150
  endloop
 endfacet
 facet normal 0 0 0
  outer loop
   vertex -22.8900 15.0247 111.3150
   vertex -26.8915 14.4619 111.4858
   vertex -22.8900 14.4619 111.4858
  endloop
 endfacet
 facet normal 0 0 0
  outer loop
   vertex -25.9646 13.9433 116.7514
   vertex -22.8900 14.4619 117.0294
   vertex -22.8900 13.9433 116.7514
  endloop
 endfacet
 facet normal 0 0 0
  outer loop
   vertex -22.8900 14.4619 117.0294
   vertex -25.9646 13.9433 116.7514
   vertex -26.2357 14.4619 117.0294
  endloop
 endfacet
 facet normal 0 0 0
  outer loop
   vertex -27.7398 15.9091 111.2869
   vertex -22.8900 16.1953 111.3150
   vertex -27.9750 16.1953 111.3150
  endloop
 endfacet
 facet normal 0 0 0
  outer loop
   vertex -27.5711 15.6100 111.2574
   vertex -22.8900 16.1953 111.3150
   vertex -27.7398 15.9091 111.2869
  endloop
 endfacet
 facet normal 0 0 0
  outer loop
   vertex -22.8900 16.1953 111.3150
   vertex -27.5711 15.6100 111.2574
   vertex -22.8900 15.6100 111.2574
  endloop
 endfacet
 facet normal 0 0 0
  outer loop
   vertex -23.7459 18.6100 114.2574
   vertex -29.7734 18.5524 114.8424
   vertex -29.8458 18.6100 114.2574
  endloop
 endfacet
 facet normal 0 0 0
  outer loop
   vertex -23.7409 18.6060 114.2979
   vertex -29.7734 18.5524 114.8424
   vertex -23.7459 18.6100 114.2574
  endloop
 endfacet
 facet normal 0 0 0
  outer loop
   vertex -23.7181 18.5985 114.3742
   vertex -29.7734 18.5524 114.8424
   vertex -23.7409 18.6060 114.2979
  endloop
 endfacet
 facet normal 0 0 0
  outer loop
   vertex -29.7734 18.5524 114.8424
   vertex -23.7181 18.5985 114.3742
   vertex -23.5784 18.5524 114.8424
  endloop
 endfacet
 facet normal 0 0 0
  outer loop
   vertex -23.1906 17.7313 112.1361
   vertex -26.6981 18.1044 112.5907
   vertex -27.3708 17.7313 112.1361
  endloop
 endfacet
 facet normal 0 0 0
  outer loop
   vertex -26.6981 18.1044 112.5907
   vertex -23.1906 17.7313 112.1361
   vertex -23.3986 18.1044 112.5907
  endloop
 endfacet
 facet normal 0 0 0
  outer loop
   vertex -23.3986 18.1044 112.5907
   vertex -23.1906 17.7313 112.1361
   vertex -23.3346 18.0218 112.4901
  endloop
 endfacet
 facet normal 0 0 0
  outer loop
   vertex -23.3346 18.0218 112.4901
   vertex -23.1906 17.7313 112.1361
   vertex -23.3079 17.9874 112.4481
  endloop
 endfacet
 facet normal 0 0 0
  outer loop
   vertex -28.9963 17.7458 116.3614
   vertex -29.3097 18.0498 115.9904
   vertex -29.3576 18.1044 115.9244
  endloop
 endfacet
 facet normal 0 0 0
  outer loop
   vertex -29.3097 18.0498 115.9904
   vertex -28.9963 17.7458 116.3614
   vertex -29.1950 17.9191 116.1494
  endloop
 endfacet
 facet normal 0 0 0
  outer loop
   vertex -23.0668 18.1044 115.9244
   vertex -28.9963 17.7458 116.3614
   vertex -29.3576 18.1044 115.9244
  endloop
 endfacet
 facet normal 0 0 0
  outer loop
   vertex -28.9963 17.7458 116.3614
   vertex -23.0668 18.1044 115.9244
   vertex -28.9797 17.7313 116.3784
  endloop
 endfacet
 facet normal 0 0 0
  outer loop
   vertex -22.8900 17.7313 116.3784
   vertex -23.0668 18.1044 115.9244
   vertex -22.8900 17.9029 116.1694
  endloop
 endfacet
 facet normal 0 0 0
  outer loop
   vertex -23.0668 18.1044 115.9244
   vertex -22.8900 17.7313 116.3784
   vertex -28.9797 17.7313 116.3784
  endloop
 endfacet
 facet normal 0 0 0
  outer loop
   vertex -22.8900 12.6100 114.2574
   vertex -25.5672 12.6127 114.2849
   vertex -25.4830 12.6676 114.8424
  endloop
 endfacet
 facet normal 0 0 0
  outer loop
   vertex -22.8900 12.6100 114.2574
   vertex -25.4830 12.6676 114.8424
   vertex -22.8900 12.6676 114.8424
  endloop
 endfacet
 facet normal 0 0 0
  outer loop
   vertex -25.5672 12.6127 114.2849
   vertex -22.8900 12.6100 114.2574
   vertex -25.5683 12.6100 114.2574
  endloop
 endfacet
 facet normal 0 0 0
  outer loop
   vertex -23.3178 18.3816 115.4054
   vertex -29.5714 18.3405 115.4824
   vertex -29.6086 18.3816 115.4054
  endloop
 endfacet
 facet normal 0 0 0
  outer loop
   vertex -29.5714 18.3405 115.4824
   vertex -23.3178 18.3816 115.4054
   vertex -29.3576 18.1044 115.9244
  endloop
 endfacet
 facet normal 0 0 0
  outer loop
   vertex -23.1263 18.1702 115.8014
   vertex -29.3576 18.1044 115.9244
   vertex -23.3178 18.3816 115.4054
  endloop
 endfacet
 facet normal 0 0 0
  outer loop
   vertex -29.3576 18.1044 115.9244
   vertex -23.1263 18.1702 115.8014
   vertex -23.0668 18.1044 115.9244
  endloop
 endfacet
 facet normal 0 0 0
  outer loop
   vertex -26.2722 13.4887 112.1361
   vertex -22.8900 13.9433 111.7630
   vertex -26.5680 13.9433 111.7630
  endloop
 endfacet
 facet normal 0 0 0
  outer loop
   vertex -22.8900 13.9433 111.7630
   vertex -26.2722 13.4887 112.1361
   vertex -22.8900 13.4887 112.1361
  endloop
 endfacet
 facet normal 0 0 0
  outer loop
   vertex -22.8900 12.6676 113.6721
   vertex -25.6429 12.6587 113.7625
   vertex -25.5683 12.6100 114.2574
  endloop
 endfacet
 facet normal 0 0 0
  outer loop
   vertex -22.8900 12.6676 113.6721
   vertex -25.5683 12.6100 114.2574
   vertex -22.8900 12.6100 114.2574
  endloop
 endfacet
 facet normal 0 0 0
  outer loop
   vertex -25.6429 12.6587 113.7625
   vertex -22.8900 12.6676 113.6721
   vertex -25.6565 12.6676 113.6721
  endloop
 endfacet
 facet normal 0 0 0
  outer loop
   vertex -22.8900 13.4887 112.1361
   vertex -26.0154 13.1156 112.5907
   vertex -22.8900 13.1156 112.5907
  endloop
 endfacet
 facet normal 0 0 0
  outer loop
   vertex -26.0154 13.1156 112.5907
   vertex -22.8900 13.4887 112.1361
   vertex -26.2722 13.4887 112.1361
  endloop
 endfacet
 facet normal 0 0 0
  outer loop
   vertex -27.9750 16.1953 111.3150
   vertex -22.8900 16.7580 111.4858
   vertex -28.4328 16.7580 111.4858
  endloop
 endfacet
 facet normal 0 0 0
  outer loop
   vertex -22.8900 16.7580 111.4858
   vertex -27.9750 16.1953 111.3150
   vertex -22.8900 16.1953 111.3150
  endloop
 endfacet
 facet normal 0 0 0
  outer loop
   vertex -22.8900 16.7580 111.4858
   vertex -22.9652 17.2767 111.7630
   vertex -28.1062 17.2767 111.7630
  endloop
 endfacet
 facet normal 0 0 0
  outer loop
   vertex -28.4328 16.7580 111.4858
   vertex -28.1062 17.2767 111.7630
   vertex -28.5884 16.9517 111.5893
  endloop
 endfacet
 facet normal 0 0 0
  outer loop
   vertex -22.8900 16.7580 111.4858
   vertex -28.1062 17.2767 111.7630
   vertex -28.4328 16.7580 111.4858
  endloop
 endfacet
 facet normal 0 0 0
  outer loop
   vertex -22.9652 17.2767 111.7630
   vertex -22.8900 16.7580 111.4858
   vertex -22.8900 17.1328 111.6861
  endloop
 endfacet
 facet normal 0 0 0
  outer loop
   vertex -27.2706 15.0942 111.3082
   vertex -22.8900 15.6100 111.2574
   vertex -27.5711 15.6100 111.2574
  endloop
 endfacet
 facet normal 0 0 0
  outer loop
   vertex -27.2302 15.0247 111.3150
   vertex -22.8900 15.6100 111.2574
   vertex -27.2706 15.0942 111.3082
  endloop
 endfacet
 facet normal 0 0 0
  outer loop
   vertex -22.8900 15.6100 111.2574
   vertex -27.2302 15.0247 111.3150
   vertex -22.8900 15.0247 111.3150
  endloop
 endfacet
 facet normal 0 0 0
  outer loop
   vertex -16.0558 -28.0083 102.2601
   vertex -17.4800 -27.6894 102.3568
   vertex -17.4800 -28.0083 102.2601
  endloop
 endfacet
 facet normal 0 0 0
  outer loop
   vertex -17.4800 -27.6894 102.3568
   vertex -16.0558 -28.0083 102.2601
   vertex -15.9741 -27.6894 102.3568
  endloop
 endfacet
 facet normal 0 0 0
  outer loop
   vertex -17.4800 -30.0073 104.2591
   vertex -16.0220 -30.0400 103.9274
   vertex -17.4800 -30.0400 103.9274
  endloop
 endfacet
 facet normal 0 0 0
  outer loop
   vertex -16.0220 -30.0400 103.9274
   vertex -17.4800 -30.0073 104.2591
   vertex -15.9453 -30.0073 104.2591
  endloop
 endfacet
 facet normal 0 0 0
  outer loop
   vertex -15.2647 -28.0083 105.5947
   vertex -17.4800 -27.6894 105.4980
   vertex -15.2314 -27.6894 105.4980
  endloop
 endfacet
 facet normal 0 0 0
  outer loop
   vertex -17.4800 -27.6894 105.4980
   vertex -15.2647 -28.0083 105.5947
   vertex -17.4800 -28.0083 105.5947
  endloop
 endfacet
 facet normal 0 0 0
  outer loop
   vertex -15.3163 -28.3400 105.6274
   vertex -17.4800 -28.0083 105.5947
   vertex -15.2647 -28.0083 105.5947
  endloop
 endfacet
 facet normal 0 0 0
  outer loop
   vertex -17.4800 -28.0083 105.5947
   vertex -15.3163 -28.3400 105.6274
   vertex -17.4800 -28.3400 105.6274
  endloop
 endfacet
 facet normal 0 0 0
  outer loop
   vertex -15.2314 -27.6894 105.4980
   vertex -17.4800 -27.3955 105.3409
   vertex -15.2176 -27.3955 105.3409
  endloop
 endfacet
 facet normal 0 0 0
  outer loop
   vertex -17.4800 -27.3955 105.3409
   vertex -15.2314 -27.6894 105.4980
   vertex -17.4800 -27.6894 105.4980
  endloop
 endfacet
 facet normal 0 0 0
  outer loop
   vertex -15.3245 -26.6727 104.2591
   vertex -17.4800 -26.7694 104.5780
   vertex -17.4800 -26.6727 104.2591
  endloop
 endfacet
 facet normal 0 0 0
  outer loop
   vertex -17.4800 -26.7694 104.5780
   vertex -15.3245 -26.6727 104.2591
   vertex -15.2746 -26.7694 104.5780
  endloop
 endfacet
 facet normal 0 0 0
  outer loop
   vertex -15.7827 -27.1379 102.7253
   vertex -17.4800 -26.9265 102.9829
   vertex -17.4800 -27.1379 102.7253
  endloop
 endfacet
 facet normal 0 0 0
  outer loop
   vertex -17.4800 -26.9265 102.9829
   vertex -15.7827 -27.1379 102.7253
   vertex -15.6802 -26.9265 102.9829
  endloop
 endfacet
 facet normal 0 0 0
  outer loop
   vertex -17.4800 -27.3955 105.3409
   vertex -15.2240 -27.1379 105.1295
   vertex -15.2176 -27.3955 105.3409
  endloop
 endfacet
 facet normal 0 0 0
  outer loop
   vertex -15.2240 -27.1379 105.1295
   vertex -17.4800 -27.3955 105.3409
   vertex -17.4800 -27.1379 105.1295
  endloop
 endfacet
 facet normal 0 0 0
  outer loop
   vertex -15.8819 -27.3955 102.5139
   vertex -17.4800 -27.1379 102.7253
   vertex -17.4800 -27.3955 102.5139
  endloop
 endfacet
 facet normal 0 0 0
  outer loop
   vertex -17.4800 -27.1379 102.7253
   vertex -15.8819 -27.3955 102.5139
   vertex -15.7827 -27.1379 102.7253
  endloop
 endfacet
 facet normal 0 0 0
  outer loop
   vertex -15.3927 -26.6400 103.9274
   vertex -17.4800 -26.6727 104.2591
   vertex -17.4800 -26.6400 103.9274
  endloop
 endfacet
 facet normal 0 0 0
  outer loop
   vertex -15.3908 -26.6408 103.9357
   vertex -17.4800 -26.6727 104.2591
   vertex -15.3927 -26.6400 103.9274
  endloop
 endfacet
 facet normal 0 0 0
  outer loop
   vertex -15.3703 -26.6495 104.0240
   vertex -17.4800 -26.6727 104.2591
   vertex -15.3908 -26.6408 103.9357
  endloop
 endfacet
 facet normal 0 0 0
  outer loop
   vertex -15.3456 -26.6620 104.1510
   vertex -17.4800 -26.6727 104.2591
   vertex -15.3703 -26.6495 104.0240
  endloop
 endfacet
 facet normal 0 0 0
  outer loop
   vertex -17.4800 -26.6727 104.2591
   vertex -15.3456 -26.6620 104.1510
   vertex -15.3245 -26.6727 104.2591
  endloop
 endfacet
 facet normal 0 0 0
  outer loop
   vertex -16.2224 -29.2845 102.5139
   vertex -17.4800 -28.9906 102.3568
   vertex -17.4800 -29.2845 102.5139
  endloop
 endfacet
 facet normal 0 0 0
  outer loop
   vertex -17.4800 -28.9906 102.3568
   vertex -16.2224 -29.2845 102.5139
   vertex -16.2087 -28.9906 102.3568
  endloop
 endfacet
 facet normal 0 0 0
  outer loop
   vertex -15.5785 -26.7694 103.2768
   vertex -17.4800 -26.6727 103.5957
   vertex -17.4800 -26.7694 103.2768
  endloop
 endfacet
 facet normal 0 0 0
  outer loop
   vertex -17.4800 -26.6727 103.5957
   vertex -15.5785 -26.7694 103.2768
   vertex -15.4814 -26.6727 103.5957
  endloop
 endfacet
 facet normal 0 0 0
  outer loop
   vertex -17.4800 -29.9106 104.5780
   vertex -15.9453 -30.0073 104.2591
   vertex -17.4800 -30.0073 104.2591
  endloop
 endfacet
 facet normal 0 0 0
  outer loop
   vertex -17.4800 -29.9106 104.5780
   vertex -15.8943 -29.9500 104.4482
   vertex -15.9453 -30.0073 104.2591
  endloop
 endfacet
 facet normal 0 0 0
  outer loop
   vertex -15.8943 -29.9500 104.4482
   vertex -17.4800 -29.9106 104.5780
   vertex -15.8593 -29.9106 104.5780
  endloop
 endfacet
 facet normal 0 0 0
  outer loop
   vertex -15.2413 -26.9265 104.8719
   vertex -17.4800 -27.1379 105.1295
   vertex -17.4800 -26.9265 104.8719
  endloop
 endfacet
 facet normal 0 0 0
  outer loop
   vertex -15.2284 -27.1022 105.0860
   vertex -17.4800 -27.1379 105.1295
   vertex -15.2413 -26.9265 104.8719
  endloop
 endfacet
 facet normal 0 0 0
  outer loop
   vertex -17.4800 -27.1379 105.1295
   vertex -15.2284 -27.1022 105.0860
   vertex -15.2240 -27.1379 105.1295
  endloop
 endfacet
 facet normal 0 0 0
  outer loop
   vertex -15.4659 -28.9906 105.4980
   vertex -17.4800 -28.6717 105.5947
   vertex -15.3843 -28.6717 105.5947
  endloop
 endfacet
 facet normal 0 0 0
  outer loop
   vertex -17.4800 -28.6717 105.5947
   vertex -15.4659 -28.9906 105.4980
   vertex -17.4800 -28.9906 105.4980
  endloop
 endfacet
 facet normal 0 0 0
  outer loop
   vertex -17.4800 -29.7535 104.8719
   vertex -15.8593 -29.9106 104.5780
   vertex -17.4800 -29.9106 104.5780
  endloop
 endfacet
 facet normal 0 0 0
  outer loop
   vertex -17.4800 -29.7535 104.8719
   vertex -15.8387 -29.8753 104.6440
   vertex -15.8593 -29.9106 104.5780
  endloop
 endfacet
 facet normal 0 0 0
  outer loop
   vertex -15.8387 -29.8753 104.6440
   vertex -17.4800 -29.7535 104.8719
   vertex -15.7598 -29.7535 104.8719
  endloop
 endfacet
 facet normal 0 0 0
  outer loop
   vertex -16.2120 -29.5750 102.7654
   vertex -17.4800 -29.5421 102.7253
   vertex -17.4800 -29.7535 102.9829
  endloop
 endfacet
 facet normal 0 0 0
  outer loop
   vertex -17.4800 -29.5421 102.7253
   vertex -16.2120 -29.5750 102.7654
   vertex -16.2161 -29.5421 102.7253
  endloop
 endfacet
 facet normal 0 0 0
  outer loop
   vertex -17.4800 -29.7535 102.9829
   vertex -16.1983 -29.6853 102.8999
   vertex -16.2120 -29.5750 102.7654
  endloop
 endfacet
 facet normal 0 0 0
  outer loop
   vertex -16.1983 -29.6853 102.8999
   vertex -17.4800 -29.7535 102.9829
   vertex -16.1899 -29.7535 102.9829
  endloop
 endfacet
 facet normal 0 0 0
  outer loop
   vertex -15.5581 -29.2845 105.3409
   vertex -17.4800 -28.9906 105.4980
   vertex -15.4659 -28.9906 105.4980
  endloop
 endfacet
 facet normal 0 0 0
  outer loop
   vertex -17.4800 -28.9906 105.4980
   vertex -15.5581 -29.2845 105.3409
   vertex -17.4800 -29.2845 105.3409
  endloop
 endfacet
 facet normal 0 0 0
  outer loop
   vertex -15.3843 -28.6717 105.5947
   vertex -17.4800 -28.3400 105.6274
   vertex -15.3163 -28.3400 105.6274
  endloop
 endfacet
 facet normal 0 0 0
  outer loop
   vertex -17.4800 -28.3400 105.6274
   vertex -15.3843 -28.6717 105.5947
   vertex -17.4800 -28.6717 105.5947
  endloop
 endfacet
 facet normal 0 0 0
  outer loop
   vertex -15.6802 -26.9265 102.9829
   vertex -17.4800 -26.7694 103.2768
   vertex -17.4800 -26.9265 102.9829
  endloop
 endfacet
 facet normal 0 0 0
  outer loop
   vertex -15.6028 -26.8070 103.2066
   vertex -17.4800 -26.7694 103.2768
   vertex -15.6802 -26.9265 102.9829
  endloop
 endfacet
 facet normal 0 0 0
  outer loop
   vertex -17.4800 -26.7694 103.2768
   vertex -15.6028 -26.8070 103.2066
   vertex -15.5785 -26.7694 103.2768
  endloop
 endfacet
 facet normal 0 0 0
  outer loop
   vertex -15.2746 -26.7694 104.5780
   vertex -17.4800 -26.9265 104.8719
   vertex -17.4800 -26.7694 104.5780
  endloop
 endfacet
 facet normal 0 0 0
  outer loop
   vertex -17.4800 -26.9265 104.8719
   vertex -15.2746 -26.7694 104.5780
   vertex -15.2413 -26.9265 104.8719
  endloop
 endfacet
 facet normal 0 0 0
  outer loop
   vertex -16.1237 -28.3400 102.2274
   vertex -17.4800 -28.0083 102.2601
   vertex -17.4800 -28.3400 102.2274
  endloop
 endfacet
 facet normal 0 0 0
  outer loop
   vertex -17.4800 -28.0083 102.2601
   vertex -16.1237 -28.3400 102.2274
   vertex -16.0558 -28.0083 102.2601
  endloop
 endfacet
 facet normal 0 0 0
  outer loop
   vertex -17.4800 -29.5421 105.1295
   vertex -15.7598 -29.7535 104.8719
   vertex -17.4800 -29.7535 104.8719
  endloop
 endfacet
 facet normal 0 0 0
  outer loop
   vertex -15.7598 -29.7535 104.8719
   vertex -17.4800 -29.5421 105.1295
   vertex -15.6574 -29.5421 105.1295
  endloop
 endfacet
 facet normal 0 0 0
  outer loop
   vertex -17.4800 -30.0400 103.9274
   vertex -16.0865 -30.0073 103.5957
   vertex -17.4800 -30.0073 103.5957
  endloop
 endfacet
 facet normal 0 0 0
  outer loop
   vertex -16.0865 -30.0073 103.5957
   vertex -17.4800 -30.0400 103.9274
   vertex -16.0220 -30.0400 103.9274
  endloop
 endfacet
 facet normal 0 0 0
  outer loop
   vertex -15.4814 -26.6727 103.5957
   vertex -17.4800 -26.6400 103.9274
   vertex -17.4800 -26.6727 103.5957
  endloop
 endfacet
 facet normal 0 0 0
  outer loop
   vertex -17.4800 -26.6400 103.9274
   vertex -15.4814 -26.6727 103.5957
   vertex -15.3927 -26.6400 103.9274
  endloop
 endfacet
 facet normal 0 0 0
  outer loop
   vertex -15.9741 -27.6894 102.3568
   vertex -17.4800 -27.3955 102.5139
   vertex -17.4800 -27.6894 102.3568
  endloop
 endfacet
 facet normal 0 0 0
  outer loop
   vertex -17.4800 -27.3955 102.5139
   vertex -15.9741 -27.6894 102.3568
   vertex -15.8819 -27.3955 102.5139
  endloop
 endfacet
 facet normal 0 0 0
  outer loop
   vertex -16.2087 -28.9906 102.3568
   vertex -17.4800 -28.6717 102.2601
   vertex -17.4800 -28.9906 102.3568
  endloop
 endfacet
 facet normal 0 0 0
  outer loop
   vertex -17.4800 -28.6717 102.2601
   vertex -16.2087 -28.9906 102.3568
   vertex -16.1753 -28.6717 102.2601
  endloop
 endfacet
 facet normal 0 0 0
  outer loop
   vertex -16.1753 -28.6717 102.2601
   vertex -17.4800 -28.3400 102.2274
   vertex -17.4800 -28.6717 102.2601
  endloop
 endfacet
 facet normal 0 0 0
  outer loop
   vertex -17.4800 -28.3400 102.2274
   vertex -16.1753 -28.6717 102.2601
   vertex -16.1237 -28.3400 102.2274
  endloop
 endfacet
 facet normal 0 0 0
  outer loop
   vertex -17.4800 -29.5421 102.7253
   vertex -16.2224 -29.2845 102.5139
   vertex -17.4800 -29.2845 102.5139
  endloop
 endfacet
 facet normal 0 0 0
  outer loop
   vertex -16.2224 -29.2845 102.5139
   vertex -17.4800 -29.5421 102.7253
   vertex -16.2161 -29.5421 102.7253
  endloop
 endfacet
 facet normal 0 0 0
  outer loop
   vertex -17.4800 -29.9106 103.2768
   vertex -16.1899 -29.7535 102.9829
   vertex -17.4800 -29.7535 102.9829
  endloop
 endfacet
 facet normal 0 0 0
  outer loop
   vertex -16.1899 -29.7535 102.9829
   vertex -17.4800 -29.9106 103.2768
   vertex -16.1448 -29.9106 103.2768
  endloop
 endfacet
 facet normal 0 0 0
  outer loop
   vertex -15.6574 -29.5421 105.1295
   vertex -17.4800 -29.2845 105.3409
   vertex -15.5581 -29.2845 105.3409
  endloop
 endfacet
 facet normal 0 0 0
  outer loop
   vertex -17.4800 -29.2845 105.3409
   vertex -15.6574 -29.5421 105.1295
   vertex -17.4800 -29.5421 105.1295
  endloop
 endfacet
 facet normal 0 0 0
  outer loop
   vertex -17.4800 -30.0073 103.5957
   vertex -16.1448 -29.9106 103.2768
   vertex -17.4800 -29.9106 103.2768
  endloop
 endfacet
 facet normal 0 0 0
  outer loop
   vertex -17.4800 -30.0073 103.5957
   vertex -16.1025 -29.9764 103.4938
   vertex -16.1448 -29.9106 103.2768
  endloop
 endfacet
 facet normal 0 0 0
  outer loop
   vertex -16.1025 -29.9764 103.4938
   vertex -17.4800 -30.0073 103.5957
   vertex -16.0865 -30.0073 103.5957
  endloop
 endfacet
 facet normal 0 0 0
  outer loop
   vertex -17.4800 -27.7547 106.8698
   vertex -19.8302 -27.1919 106.6990
   vertex -17.4800 -27.1919 106.6990
  endloop
 endfacet
 facet normal 0 0 0
  outer loop
   vertex -19.8302 -27.1919 106.6990
   vertex -17.4800 -27.7547 106.8698
   vertex -19.8890 -27.7547 106.8698
  endloop
 endfacet
 facet normal 0 0 0
  outer loop
   vertex -17.4800 -28.3400 106.9274
   vertex -19.8890 -27.7547 106.8698
   vertex -17.4800 -27.7547 106.8698
  endloop
 endfacet
 facet normal 0 0 0
  outer loop
   vertex -19.8890 -27.7547 106.8698
   vertex -17.4800 -28.3400 106.9274
   vertex -19.9802 -28.3400 106.9274
  endloop
 endfacet
 facet normal 0 0 0
  outer loop
   vertex -17.4800 -27.1919 106.6990
   vertex -19.8059 -26.6733 106.4218
   vertex -17.4800 -26.6733 106.4218
  endloop
 endfacet
 facet normal 0 0 0
  outer loop
   vertex -19.8059 -26.6733 106.4218
   vertex -17.4800 -27.1919 106.6990
   vertex -19.8302 -27.1919 106.6990
  endloop
 endfacet
 facet normal 0 0 0
  outer loop
   vertex -21.7368 -30.6412 102.0253
   vertex -21.8392 -30.7205 102.1219
   vertex -21.8417 -30.8344 102.2607
  endloop
 endfacet
 facet normal 0 0 0
  outer loop
   vertex -21.8392 -30.7205 102.1219
   vertex -21.7368 -30.6412 102.0253
   vertex -21.8378 -30.6563 102.0436
  endloop
 endfacet
 facet normal 0 0 0
  outer loop
   vertex -21.7368 -30.6412 102.0253
   vertex -21.8417 -30.8344 102.2607
   vertex -17.4800 -30.8344 102.2607
  endloop
 endfacet
 facet normal 0 0 0
  outer loop
   vertex -21.7368 -30.6412 102.0253
   vertex -21.8335 -30.4613 101.8061
   vertex -21.8364 -30.5934 101.9671
  endloop
 endfacet
 facet normal 0 0 0
  outer loop
   vertex -17.4800 -30.4613 101.8061
   vertex -21.7368 -30.6412 102.0253
   vertex -17.4800 -30.8344 102.2607
  endloop
 endfacet
 facet normal 0 0 0
  outer loop
   vertex -21.7368 -30.6412 102.0253
   vertex -17.4800 -30.4613 101.8061
   vertex -21.8335 -30.4613 101.8061
  endloop
 endfacet
 facet normal 0 0 0
  outer loop
   vertex -17.4800 -26.2187 101.8061
   vertex -20.6542 -25.8456 102.2607
   vertex -20.8349 -26.2187 101.8061
  endloop
 endfacet
 facet normal 0 0 0
  outer loop
   vertex -20.6542 -25.8456 102.2607
   vertex -17.4800 -26.2187 101.8061
   vertex -17.4800 -25.8456 102.2607
  endloop
 endfacet
 facet normal 0 0 0
  outer loop
   vertex -17.4800 -25.5684 105.0754
   vertex -19.8766 -25.7996 105.5081
   vertex -19.9257 -25.5684 105.0754
  endloop
 endfacet
 facet normal 0 0 0
  outer loop
   vertex -17.4800 -25.8456 105.5941
   vertex -19.8766 -25.7996 105.5081
   vertex -17.4800 -25.5684 105.0754
  endloop
 endfacet
 facet normal 0 0 0
  outer loop
   vertex -19.8766 -25.7996 105.5081
   vertex -17.4800 -25.8456 105.5941
   vertex -19.8634 -25.8456 105.5941
  endloop
 endfacet
 facet normal 0 0 0
  outer loop
   vertex -17.4800 -30.8344 105.5941
   vertex -20.6900 -30.4613 106.0487
   vertex -17.4800 -30.4613 106.0487
  endloop
 endfacet
 facet normal 0 0 0
  outer loop
   vertex -20.6900 -30.4613 106.0487
   vertex -17.4800 -30.8344 105.5941
   vertex -20.9619 -30.8344 105.5941
  endloop
 endfacet
 facet normal 0 0 0
  outer loop
   vertex -17.4800 -27.7547 100.9850
   vertex -21.1728 -27.1919 101.1558
   vertex -21.3169 -27.7547 100.9850
  endloop
 endfacet
 facet normal 0 0 0
  outer loop
   vertex -21.1728 -27.1919 101.1558
   vertex -17.4800 -27.7547 100.9850
   vertex -17.4800 -27.1919 101.1558
  endloop
 endfacet
 facet normal 0 0 0
  outer loop
   vertex -17.4800 -28.9253 106.8698
   vertex -19.9802 -28.3400 106.9274
   vertex -17.4800 -28.3400 106.9274
  endloop
 endfacet
 facet normal 0 0 0
  outer loop
   vertex -19.9802 -28.3400 106.9274
   vertex -17.4800 -28.9253 106.8698
   vertex -20.1001 -28.9253 106.8698
  endloop
 endfacet
 facet normal 0 0 0
  outer loop
   vertex -17.4800 -25.5684 102.7793
   vertex -20.3033 -25.3976 103.3421
   vertex -20.4747 -25.5684 102.7793
  endloop
 endfacet
 facet normal 0 0 0
  outer loop
   vertex -20.3033 -25.3976 103.3421
   vertex -17.4800 -25.5684 102.7793
   vertex -17.4800 -25.3976 103.3421
  endloop
 endfacet
 facet normal 0 0 0
  outer loop
   vertex -17.4800 -26.2187 106.0487
   vertex -19.8125 -26.4074 106.2036
   vertex -19.8171 -26.2187 106.0487
  endloop
 endfacet
 facet normal 0 0 0
  outer loop
   vertex -17.4800 -26.6733 106.4218
   vertex -19.8125 -26.4074 106.2036
   vertex -17.4800 -26.2187 106.0487
  endloop
 endfacet
 facet normal 0 0 0
  outer loop
   vertex -19.8125 -26.4074 106.2036
   vertex -17.4800 -26.6733 106.4218
   vertex -19.8059 -26.6733 106.4218
  endloop
 endfacet
 facet normal 0 0 0
  outer loop
   vertex -17.4800 -28.9253 100.9850
   vertex -21.4368 -28.3400 100.9274
   vertex -21.5279 -28.9253 100.9850
  endloop
 endfacet
 facet normal 0 0 0
  outer loop
   vertex -21.4368 -28.3400 100.9274
   vertex -17.4800 -28.9253 100.9850
   vertex -17.4800 -28.3400 100.9274
  endloop
 endfacet
 facet normal 0 0 0
  outer loop
   vertex -17.4800 -30.4613 101.8061
   vertex -21.7709 -30.0067 101.4330
   vertex -21.8335 -30.4613 101.8061
  endloop
 endfacet
 facet normal 0 0 0
  outer loop
   vertex -21.7709 -30.0067 101.4330
   vertex -17.4800 -30.4613 101.8061
   vertex -17.4800 -30.0067 101.4330
  endloop
 endfacet
 facet normal 0 0 0
  outer loop
   vertex -17.4800 -31.1116 105.0754
   vertex -20.9910 -30.8660 105.5350
   vertex -20.9619 -30.8344 105.5941
  endloop
 endfacet
 facet normal 0 0 0
  outer loop
   vertex -17.4800 -31.1116 105.0754
   vertex -20.9619 -30.8344 105.5941
   vertex -17.4800 -30.8344 105.5941
  endloop
 endfacet
 facet normal 0 0 0
  outer loop
   vertex -20.9910 -30.8660 105.5350
   vertex -17.4800 -31.1116 105.0754
   vertex -21.2164 -31.1116 105.0754
  endloop
 endfacet
 facet normal 0 0 0
  outer loop
   vertex -17.4800 -30.0067 106.4218
   vertex -20.2442 -29.4880 106.6990
   vertex -17.4800 -29.4880 106.6990
  endloop
 endfacet
 facet normal 0 0 0
  outer loop
   vertex -20.2442 -29.4880 106.6990
   vertex -17.4800 -30.0067 106.4218
   vertex -20.3375 -29.7856 106.5400
  endloop
 endfacet
 facet normal 0 0 0
  outer loop
   vertex -20.3375 -29.7856 106.5400
   vertex -17.4800 -30.0067 106.4218
   vertex -20.4008 -29.9872 106.4322
  endloop
 endfacet
 facet normal 0 0 0
  outer loop
   vertex -20.4008 -29.9872 106.4322
   vertex -17.4800 -30.0067 106.4218
   vertex -20.4111 -30.0067 106.4218
  endloop
 endfacet
 facet normal 0 0 0
  outer loop
   vertex -17.4800 -31.2824 103.3421
   vertex -21.5765 -31.3400 103.9274
   vertex -17.4800 -31.3400 103.9274
  endloop
 endfacet
 facet normal 0 0 0
  outer loop
   vertex -21.5765 -31.3400 103.9274
   vertex -17.4800 -31.2824 103.3421
   vertex -21.6405 -31.3041 103.5629
  endloop
 endfacet
 facet normal 0 0 0
  outer loop
   vertex -21.6405 -31.3041 103.5629
   vertex -17.4800 -31.2824 103.3421
   vertex -21.6964 -31.2824 103.3421
  endloop
 endfacet
 facet normal 0 0 0
  outer loop
   vertex -17.4800 -29.4880 106.6990
   vertex -20.1001 -28.9253 106.8698
   vertex -17.4800 -28.9253 106.8698
  endloop
 endfacet
 facet normal 0 0 0
  outer loop
   vertex -20.1001 -28.9253 106.8698
   vertex -17.4800 -29.4880 106.6990
   vertex -20.2442 -29.4880 106.6990
  endloop
 endfacet
 facet normal 0 0 0
  outer loop
   vertex -21.3203 -31.1896 104.8184
   vertex -21.4213 -31.2749 104.5373
   vertex -21.3654 -31.2235 104.7065
  endloop
 endfacet
 facet normal 0 0 0
  outer loop
   vertex -17.4800 -31.2824 104.5127
   vertex -21.4213 -31.2749 104.5373
   vertex -21.3203 -31.1896 104.8184
  endloop
 endfacet
 facet normal 0 0 0
  outer loop
   vertex -17.4800 -31.2824 104.5127
   vertex -21.3203 -31.1896 104.8184
   vertex -21.2164 -31.1116 105.0754
  endloop
 endfacet
 facet normal 0 0 0
  outer loop
   vertex -17.4800 -31.2824 104.5127
   vertex -21.2164 -31.1116 105.0754
   vertex -17.4800 -31.1116 105.0754
  endloop
 endfacet
 facet normal 0 0 0
  outer loop
   vertex -21.4213 -31.2749 104.5373
   vertex -17.4800 -31.2824 104.5127
   vertex -21.4294 -31.2824 104.5127
  endloop
 endfacet
 facet normal 0 0 0
  outer loop
   vertex -17.4800 -25.3400 103.9274
   vertex -20.0281 -25.3904 104.4392
   vertex -20.1468 -25.3400 103.9274
  endloop
 endfacet
 facet normal 0 0 0
  outer loop
   vertex -17.4800 -25.3400 103.9274
   vertex -20.0138 -25.3976 104.5127
   vertex -20.0281 -25.3904 104.4392
  endloop
 endfacet
 facet normal 0 0 0
  outer loop
   vertex -20.0138 -25.3976 104.5127
   vertex -17.4800 -25.3400 103.9274
   vertex -17.4800 -25.3976 104.5127
  endloop
 endfacet
 facet normal 0 0 0
  outer loop
   vertex -17.4800 -30.4613 106.0487
   vertex -20.4111 -30.0067 106.4218
   vertex -17.4800 -30.0067 106.4218
  endloop
 endfacet
 facet normal 0 0 0
  outer loop
   vertex -20.4111 -30.0067 106.4218
   vertex -17.4800 -30.4613 106.0487
   vertex -20.6436 -30.3856 106.1109
  endloop
 endfacet
 facet normal 0 0 0
  outer loop
   vertex -20.6436 -30.3856 106.1109
   vertex -17.4800 -30.4613 106.0487
   vertex -20.6900 -30.4613 106.0487
  endloop
 endfacet
 facet normal 0 0 0
  outer loop
   vertex -17.4800 -28.3400 100.9274
   vertex -21.3169 -27.7547 100.9850
   vertex -21.3969 -28.1451 100.9466
  endloop
 endfacet
 facet normal 0 0 0
  outer loop
   vertex -17.4800 -28.3400 100.9274
   vertex -21.3969 -28.1451 100.9466
   vertex -21.4368 -28.3400 100.9274
  endloop
 endfacet
 facet normal 0 0 0
  outer loop
   vertex -21.3169 -27.7547 100.9850
   vertex -17.4800 -28.3400 100.9274
   vertex -17.4800 -27.7547 100.9850
  endloop
 endfacet
 facet normal 0 0 0
  outer loop
   vertex -17.4800 -31.1116 102.7793
   vertex -21.6964 -31.2824 103.3421
   vertex -17.4800 -31.2824 103.3421
  endloop
 endfacet
 facet normal 0 0 0
  outer loop
   vertex -21.6964 -31.2824 103.3421
   vertex -17.4800 -31.1116 102.7793
   vertex -21.7954 -31.1116 102.7793
  endloop
 endfacet
 facet normal 0 0 0
  outer loop
   vertex -17.4800 -30.8344 102.2607
   vertex -21.7954 -31.1116 102.7793
   vertex -17.4800 -31.1116 102.7793
  endloop
 endfacet
 facet normal 0 0 0
  outer loop
   vertex -21.7954 -31.1116 102.7793
   vertex -17.4800 -30.8344 102.2607
   vertex -21.8417 -30.8344 102.2607
  endloop
 endfacet
 facet normal 0 0 0
  outer loop
   vertex -17.4800 -25.3976 104.5127
   vertex -19.9257 -25.5684 105.0754
   vertex -20.0138 -25.3976 104.5127
  endloop
 endfacet
 facet normal 0 0 0
  outer loop
   vertex -19.9257 -25.5684 105.0754
   vertex -17.4800 -25.3976 104.5127
   vertex -17.4800 -25.5684 105.0754
  endloop
 endfacet
 facet normal 0 0 0
  outer loop
   vertex -17.4800 -25.8456 105.5941
   vertex -19.8617 -25.8592 105.6107
   vertex -19.8634 -25.8456 105.5941
  endloop
 endfacet
 facet normal 0 0 0
  outer loop
   vertex -17.4800 -25.8456 105.5941
   vertex -19.8171 -26.2187 106.0487
   vertex -19.8617 -25.8592 105.6107
  endloop
 endfacet
 facet normal 0 0 0
  outer loop
   vertex -19.8171 -26.2187 106.0487
   vertex -17.4800 -25.8456 105.5941
   vertex -17.4800 -26.2187 106.0487
  endloop
 endfacet
 facet normal 0 0 0
  outer loop
   vertex -17.4800 -27.1919 101.1558
   vertex -21.0101 -26.6733 101.4330
   vertex -21.1728 -27.1919 101.1558
  endloop
 endfacet
 facet normal 0 0 0
  outer loop
   vertex -21.0101 -26.6733 101.4330
   vertex -17.4800 -27.1919 101.1558
   vertex -17.4800 -26.6733 101.4330
  endloop
 endfacet
 facet normal 0 0 0
  outer loop
   vertex -17.4800 -25.8456 102.2607
   vertex -20.4747 -25.5684 102.7793
   vertex -20.6542 -25.8456 102.2607
  endloop
 endfacet
 facet normal 0 0 0
  outer loop
   vertex -20.4747 -25.5684 102.7793
   vertex -17.4800 -25.8456 102.2607
   vertex -17.4800 -25.5684 102.7793
  endloop
 endfacet
 facet normal 0 0 0
  outer loop
   vertex -17.4800 -25.3976 103.3421
   vertex -20.1468 -25.3400 103.9274
   vertex -20.3033 -25.3976 103.3421
  endloop
 endfacet
 facet normal 0 0 0
  outer loop
   vertex -20.1468 -25.3400 103.9274
   vertex -17.4800 -25.3976 103.3421
   vertex -17.4800 -25.3400 103.9274
  endloop
 endfacet
 facet normal 0 0 0
  outer loop
   vertex -17.4800 -26.6733 101.4330
   vertex -20.8349 -26.2187 101.8061
   vertex -21.0101 -26.6733 101.4330
  endloop
 endfacet
 facet normal 0 0 0
  outer loop
   vertex -20.8349 -26.2187 101.8061
   vertex -17.4800 -26.6733 101.4330
   vertex -17.4800 -26.2187 101.8061
  endloop
 endfacet
 facet normal 0 0 0
  outer loop
   vertex -17.4800 -31.3400 103.9274
   vertex -21.4294 -31.2824 104.5127
   vertex -17.4800 -31.2824 104.5127
  endloop
 endfacet
 facet normal 0 0 0
  outer loop
   vertex -21.4294 -31.2824 104.5127
   vertex -17.4800 -31.3400 103.9274
   vertex -21.5765 -31.3400 103.9274
  endloop
 endfacet
 facet normal 0 0 0
  outer loop
   vertex -17.4800 -29.4880 101.1558
   vertex -21.5279 -28.9253 100.9850
   vertex -21.5469 -29.1068 101.0401
  endloop
 endfacet
 facet normal 0 0 0
  outer loop
   vertex -17.4800 -29.4880 101.1558
   vertex -21.5469 -29.1068 101.0401
   vertex -21.6565 -29.4880 101.1558
  endloop
 endfacet
 facet normal 0 0 0
  outer loop
   vertex -21.5279 -28.9253 100.9850
   vertex -17.4800 -29.4880 101.1558
   vertex -17.4800 -28.9253 100.9850
  endloop
 endfacet
 facet normal 0 0 0
  outer loop
   vertex -17.4800 -30.0067 101.4330
   vertex -21.6565 -29.4880 101.1558
   vertex -21.7709 -30.0067 101.4330
  endloop
 endfacet
 facet normal 0 0 0
  outer loop
   vertex -21.6565 -29.4880 101.1558
   vertex -17.4800 -30.0067 101.4330
   vertex -17.4800 -29.4880 101.1558
  endloop
 endfacet
 facet normal 0 0 0
  outer loop
   vertex -17.4800 -28.3400 105.6274
   vertex -17.4800 -28.3400 106.9274
   vertex -17.4800 -27.7547 106.8698
  endloop
 endfacet
 facet normal 0 0 0
  outer loop
   vertex -17.4800 -28.0083 105.5947
   vertex -17.4800 -27.7547 106.8698
   vertex -17.4800 -27.1919 106.6990
  endloop
 endfacet
 facet normal 0 0 0
  outer loop
   vertex -17.4800 -28.3400 106.9274
   vertex -17.4800 -28.3400 105.6274
   vertex -17.4800 -28.9253 106.8698
  endloop
 endfacet
 facet normal 0 0 0
  outer loop
   vertex -17.4800 -27.6894 105.4980
   vertex -17.4800 -27.1919 106.6990
   vertex -17.4800 -26.6733 106.4218
  endloop
 endfacet
 facet normal 0 0 0
  outer loop
   vertex -17.4800 -28.6717 105.5947
   vertex -17.4800 -28.9253 106.8698
   vertex -17.4800 -28.3400 105.6274
  endloop
 endfacet
 facet normal 0 0 0
  outer loop
   vertex -17.4800 -27.3955 105.3409
   vertex -17.4800 -26.6733 106.4218
   vertex -17.4800 -26.2187 106.0487
  endloop
 endfacet
 facet normal 0 0 0
  outer loop
   vertex -17.4800 -28.9253 106.8698
   vertex -17.4800 -28.6717 105.5947
   vertex -17.4800 -29.4880 106.6990
  endloop
 endfacet
 facet normal 0 0 0
  outer loop
   vertex -17.4800 -28.9906 105.4980
   vertex -17.4800 -29.4880 106.6990
   vertex -17.4800 -28.6717 105.5947
  endloop
 endfacet
 facet normal 0 0 0
  outer loop
   vertex -17.4800 -27.7547 106.8698
   vertex -17.4800 -28.0083 105.5947
   vertex -17.4800 -28.3400 105.6274
  endloop
 endfacet
 facet normal 0 0 0
  outer loop
   vertex -17.4800 -27.1379 105.1295
   vertex -17.4800 -26.2187 106.0487
   vertex -17.4800 -25.8456 105.5941
  endloop
 endfacet
 facet normal 0 0 0
  outer loop
   vertex -17.4800 -27.1919 106.6990
   vertex -17.4800 -27.6894 105.4980
   vertex -17.4800 -28.0083 105.5947
  endloop
 endfacet
 facet normal 0 0 0
  outer loop
   vertex -17.4800 -26.6733 106.4218
   vertex -17.4800 -27.3955 105.3409
   vertex -17.4800 -27.6894 105.4980
  endloop
 endfacet
 facet normal 0 0 0
  outer loop
   vertex -17.4800 -26.2187 106.0487
   vertex -17.4800 -27.1379 105.1295
   vertex -17.4800 -27.3955 105.3409
  endloop
 endfacet
 facet normal 0 0 0
  outer loop
   vertex -17.4800 -26.9265 104.8719
   vertex -17.4800 -25.8456 105.5941
   vertex -17.4800 -25.5684 105.0754
  endloop
 endfacet
 facet normal 0 0 0
  outer loop
   vertex -17.4800 -25.8456 105.5941
   vertex -17.4800 -26.9265 104.8719
   vertex -17.4800 -27.1379 105.1295
  endloop
 endfacet
 facet normal 0 0 0
  outer loop
   vertex -17.4800 -25.5684 105.0754
   vertex -17.4800 -26.7694 104.5780
   vertex -17.4800 -26.9265 104.8719
  endloop
 endfacet
 facet normal 0 0 0
  outer loop
   vertex -17.4800 -25.3976 104.5127
   vertex -17.4800 -26.7694 104.5780
   vertex -17.4800 -25.5684 105.0754
  endloop
 endfacet
 facet normal 0 0 0
  outer loop
   vertex -17.4800 -25.3976 104.5127
   vertex -17.4800 -26.6727 104.2591
   vertex -17.4800 -26.7694 104.5780
  endloop
 endfacet
 facet normal 0 0 0
  outer loop
   vertex -17.4800 -25.3400 103.9274
   vertex -17.4800 -26.6727 104.2591
   vertex -17.4800 -25.3976 104.5127
  endloop
 endfacet
 facet normal 0 0 0
  outer loop
   vertex -17.4800 -25.3400 103.9274
   vertex -17.4800 -26.6400 103.9274
   vertex -17.4800 -26.6727 104.2591
  endloop
 endfacet
 facet normal 0 0 0
  outer loop
   vertex -17.4800 -25.3400 103.9274
   vertex -17.4800 -26.6727 103.5957
   vertex -17.4800 -26.6400 103.9274
  endloop
 endfacet
 facet normal 0 0 0
  outer loop
   vertex -17.4800 -25.3976 103.3421
   vertex -17.4800 -26.6727 103.5957
   vertex -17.4800 -25.3400 103.9274
  endloop
 endfacet
 facet normal 0 0 0
  outer loop
   vertex -17.4800 -25.3976 103.3421
   vertex -17.4800 -26.7694 103.2768
   vertex -17.4800 -26.6727 103.5957
  endloop
 endfacet
 facet normal 0 0 0
  outer loop
   vertex -17.4800 -25.5684 102.7793
   vertex -17.4800 -26.7694 103.2768
   vertex -17.4800 -25.3976 103.3421
  endloop
 endfacet
 facet normal 0 0 0
  outer loop
   vertex -17.4800 -26.7694 103.2768
   vertex -17.4800 -25.5684 102.7793
   vertex -17.4800 -26.9265 102.9829
  endloop
 endfacet
 facet normal 0 0 0
  outer loop
   vertex -17.4800 -25.8456 102.2607
   vertex -17.4800 -26.9265 102.9829
   vertex -17.4800 -25.5684 102.7793
  endloop
 endfacet
 facet normal 0 0 0
  outer loop
   vertex -17.4800 -26.9265 102.9829
   vertex -17.4800 -25.8456 102.2607
   vertex -17.4800 -27.1379 102.7253
  endloop
 endfacet
 facet normal 0 0 0
  outer loop
   vertex -17.4800 -26.2187 101.8061
   vertex -17.4800 -27.1379 102.7253
   vertex -17.4800 -25.8456 102.2607
  endloop
 endfacet
 facet normal 0 0 0
  outer loop
   vertex -17.4800 -27.1379 102.7253
   vertex -17.4800 -26.2187 101.8061
   vertex -17.4800 -27.3955 102.5139
  endloop
 endfacet
 facet normal 0 0 0
  outer loop
   vertex -17.4800 -26.6733 101.4330
   vertex -17.4800 -27.3955 102.5139
   vertex -17.4800 -26.2187 101.8061
  endloop
 endfacet
 facet normal 0 0 0
  outer loop
   vertex -17.4800 -27.3955 102.5139
   vertex -17.4800 -26.6733 101.4330
   vertex -17.4800 -27.6894 102.3568
  endloop
 endfacet
 facet normal 0 0 0
  outer loop
   vertex -17.4800 -27.1919 101.1558
   vertex -17.4800 -27.6894 102.3568
   vertex -17.4800 -26.6733 101.4330
  endloop
 endfacet
 facet normal 0 0 0
  outer loop
   vertex -17.4800 -29.4880 106.6990
   vertex -17.4800 -28.9906 105.4980
   vertex -17.4800 -30.0067 106.4218
  endloop
 endfacet
 facet normal 0 0 0
  outer loop
   vertex -17.4800 -29.2845 105.3409
   vertex -17.4800 -30.0067 106.4218
   vertex -17.4800 -28.9906 105.4980
  endloop
 endfacet
 facet normal 0 0 0
  outer loop
   vertex -17.4800 -30.0067 106.4218
   vertex -17.4800 -29.2845 105.3409
   vertex -17.4800 -30.4613 106.0487
  endloop
 endfacet
 facet normal 0 0 0
  outer loop
   vertex -17.4800 -29.5421 105.1295
   vertex -17.4800 -30.4613 106.0487
   vertex -17.4800 -29.2845 105.3409
  endloop
 endfacet
 facet normal 0 0 0
  outer loop
   vertex -17.4800 -30.4613 106.0487
   vertex -17.4800 -29.5421 105.1295
   vertex -17.4800 -30.8344 105.5941
  endloop
 endfacet
 facet normal 0 0 0
  outer loop
   vertex -17.4800 -29.7535 104.8719
   vertex -17.4800 -30.8344 105.5941
   vertex -17.4800 -29.5421 105.1295
  endloop
 endfacet
 facet normal 0 0 0
  outer loop
   vertex -17.4800 -30.8344 105.5941
   vertex -17.4800 -29.7535 104.8719
   vertex -17.4800 -31.1116 105.0754
  endloop
 endfacet
 facet normal 0 0 0
  outer loop
   vertex -17.4800 -29.9106 104.5780
   vertex -17.4800 -31.1116 105.0754
   vertex -17.4800 -29.7535 104.8719
  endloop
 endfacet
 facet normal 0 0 0
  outer loop
   vertex -17.4800 -29.9106 104.5780
   vertex -17.4800 -31.2824 104.5127
   vertex -17.4800 -31.1116 105.0754
  endloop
 endfacet
 facet normal 0 0 0
  outer loop
   vertex -17.4800 -30.0073 104.2591
   vertex -17.4800 -31.2824 104.5127
   vertex -17.4800 -29.9106 104.5780
  endloop
 endfacet
 facet normal 0 0 0
  outer loop
   vertex -17.4800 -30.0400 103.9274
   vertex -17.4800 -31.2824 104.5127
   vertex -17.4800 -30.0073 104.2591
  endloop
 endfacet
 facet normal 0 0 0
  outer loop
   vertex -17.4800 -30.0400 103.9274
   vertex -17.4800 -31.3400 103.9274
   vertex -17.4800 -31.2824 104.5127
  endloop
 endfacet
 facet normal 0 0 0
  outer loop
   vertex -17.4800 -30.0073 103.5957
   vertex -17.4800 -31.3400 103.9274
   vertex -17.4800 -30.0400 103.9274
  endloop
 endfacet
 facet normal 0 0 0
  outer loop
   vertex -17.4800 -30.0073 103.5957
   vertex -17.4800 -31.2824 103.3421
   vertex -17.4800 -31.3400 103.9274
  endloop
 endfacet
 facet normal 0 0 0
  outer loop
   vertex -17.4800 -29.9106 103.2768
   vertex -17.4800 -31.2824 103.3421
   vertex -17.4800 -30.0073 103.5957
  endloop
 endfacet
 facet normal 0 0 0
  outer loop
   vertex -17.4800 -31.1116 102.7793
   vertex -17.4800 -29.9106 103.2768
   vertex -17.4800 -29.7535 102.9829
  endloop
 endfacet
 facet normal 0 0 0
  outer loop
   vertex -17.4800 -29.9106 103.2768
   vertex -17.4800 -31.1116 102.7793
   vertex -17.4800 -31.2824 103.3421
  endloop
 endfacet
 facet normal 0 0 0
  outer loop
   vertex -17.4800 -30.8344 102.2607
   vertex -17.4800 -29.7535 102.9829
   vertex -17.4800 -29.5421 102.7253
  endloop
 endfacet
 facet normal 0 0 0
  outer loop
   vertex -17.4800 -30.4613 101.8061
   vertex -17.4800 -29.5421 102.7253
   vertex -17.4800 -29.2845 102.5139
  endloop
 endfacet
 facet normal 0 0 0
  outer loop
   vertex -17.4800 -30.0067 101.4330
   vertex -17.4800 -29.2845 102.5139
   vertex -17.4800 -28.9906 102.3568
  endloop
 endfacet
 facet normal 0 0 0
  outer loop
   vertex -17.4800 -29.7535 102.9829
   vertex -17.4800 -30.8344 102.2607
   vertex -17.4800 -31.1116 102.7793
  endloop
 endfacet
 facet normal 0 0 0
  outer loop
   vertex -17.4800 -29.4880 101.1558
   vertex -17.4800 -28.9906 102.3568
   vertex -17.4800 -28.6717 102.2601
  endloop
 endfacet
 facet normal 0 0 0
  outer loop
   vertex -17.4800 -28.9253 100.9850
   vertex -17.4800 -28.6717 102.2601
   vertex -17.4800 -28.3400 102.2274
  endloop
 endfacet
 facet normal 0 0 0
  outer loop
   vertex -17.4800 -27.6894 102.3568
   vertex -17.4800 -27.1919 101.1558
   vertex -17.4800 -28.0083 102.2601
  endloop
 endfacet
 facet normal 0 0 0
  outer loop
   vertex -17.4800 -29.5421 102.7253
   vertex -17.4800 -30.4613 101.8061
   vertex -17.4800 -30.8344 102.2607
  endloop
 endfacet
 facet normal 0 0 0
  outer loop
   vertex -17.4800 -27.7547 100.9850
   vertex -17.4800 -28.0083 102.2601
   vertex -17.4800 -27.1919 101.1558
  endloop
 endfacet
 facet normal 0 0 0
  outer loop
   vertex -17.4800 -29.2845 102.5139
   vertex -17.4800 -30.0067 101.4330
   vertex -17.4800 -30.4613 101.8061
  endloop
 endfacet
 facet normal 0 0 0
  outer loop
   vertex -17.4800 -28.0083 102.2601
   vertex -17.4800 -27.7547 100.9850
   vertex -17.4800 -28.3400 102.2274
  endloop
 endfacet
 facet normal 0 0 0
  outer loop
   vertex -17.4800 -28.9906 102.3568
   vertex -17.4800 -29.4880 101.1558
   vertex -17.4800 -30.0067 101.4330
  endloop
 endfacet
 facet normal 0 0 0
  outer loop
   vertex -17.4800 -28.3400 100.9274
   vertex -17.4800 -28.3400 102.2274
   vertex -17.4800 -27.7547 100.9850
  endloop
 endfacet
 facet normal 0 0 0
  outer loop
   vertex -17.4800 -28.6717 102.2601
   vertex -17.4800 -28.9253 100.9850
   vertex -17.4800 -29.4880 101.1558
  endloop
 endfacet
 facet normal 0 0 0
  outer loop
   vertex -17.4800 -28.3400 102.2274
   vertex -17.4800 -28.3400 100.9274
   vertex -17.4800 -28.9253 100.9850
  endloop
 endfacet
endsolid p
