solid OpenSCAD_Model
  facet normal 0.0193368 0.693149 0.720535
    outer loop
      vertex 3.34016 39.7962 61.2581
      vertex -12.8583 33.1445 68.0917
      vertex 3.39466 39.6584 61.3892
    endloop
  endfacet
  facet normal 0.0191751 0.693349 0.720346
    outer loop
      vertex -12.8583 33.1445 68.0917
      vertex 3.34016 39.7962 61.2581
      vertex -14.1526 36.417 64.9763
    endloop
  endfacet
  facet normal 0.2754 -0.696214 0.662904
    outer loop
      vertex -12.8583 33.1445 68.0917
      vertex 4.61915 35.969 63.7972
      vertex 4.63449 36.5237 64.3734
    endloop
  endfacet
  facet normal 0.275403 -0.696271 0.662842
    outer loop
      vertex -6.09398 22.2445 53.8315
      vertex -12.8583 33.1445 68.0917
      vertex -13.1977 20.8722 55.3415
    endloop
  endfacet
  facet normal 0.275395 -0.696275 0.662842
    outer loop
      vertex -12.8583 33.1445 68.0917
      vertex -6.09398 22.2445 53.8315
      vertex 4.61915 35.969 63.7972
    endloop
  endfacet
  facet normal 0.275392 -0.696274 0.662843
    outer loop
      vertex -3.05525 22.8315 53.1856
      vertex 4.61915 35.969 63.7972
      vertex -6.09398 22.2445 53.8315
    endloop
  endfacet
  facet normal 0.275392 -0.696274 0.662844
    outer loop
      vertex 4.61915 35.969 63.7972
      vertex -3.05525 22.8315 53.1856
      vertex 4.29501 24.2514 51.6233
    endloop
  endfacet
  facet normal -0.275384 0.696274 -0.662847
    outer loop
      vertex -14.1526 36.417 64.9763
      vertex -13.7232 24.2932 52.0627
      vertex -14.4195 24.1587 52.2107
    endloop
  endfacet
  facet normal -0.275399 0.696271 -0.662844
    outer loop
      vertex 2.97989 27.5199 48.5123
      vertex -13.7232 24.2932 52.0627
      vertex -14.1526 36.417 64.9763
    endloop
  endfacet
  facet normal -0.275068 0.696336 -0.662913
    outer loop
      vertex -14.1526 36.417 64.9763
      vertex -14.4195 24.1587 52.2107
      vertex -14.5074 23.59 51.6498
    endloop
  endfacet
  facet normal 0.0191795 0.693348 0.720347
    outer loop
      vertex 3.39466 39.6584 61.3892
      vertex -12.8583 33.1445 68.0917
      vertex 4.63449 36.5237 64.3734
    endloop
  endfacet
  facet normal -0.275396 0.696274 -0.662842
    outer loop
      vertex 3.34016 39.7962 61.2581
      vertex 2.97989 27.5199 48.5123
      vertex -14.1526 36.417 64.9763
    endloop
  endfacet
  facet normal -0.274456 0.696454 -0.663042
    outer loop
      vertex 2.97989 27.5199 48.5123
      vertex 3.34016 39.7962 61.2581
      vertex 3.00067 27.5239 48.5079
    endloop
  endfacet
  facet normal -0.961042 -0.185913 0.204535
    outer loop
      vertex -14.4424 23.9664 52.2976
      vertex -14.1526 36.417 64.9763
      vertex -14.49 24.0844 52.1812
    endloop
  endfacet
  facet normal -0.96212 -0.183173 0.201923
    outer loop
      vertex -14.49 24.0844 52.1812
      vertex -14.1526 36.417 64.9763
      vertex -14.5074 23.59 51.6498
    endloop
  endfacet
  facet normal -0.961144 -0.185659 0.204288
    outer loop
      vertex -14.1526 36.417 64.9763
      vertex -14.4424 23.9664 52.2976
      vertex -12.8583 33.1445 68.0917
    endloop
  endfacet
  facet normal -0.961148 -0.185645 0.20428
    outer loop
      vertex -13.5654 21.8017 54.4567
      vertex -12.8583 33.1445 68.0917
      vertex -14.4424 23.9664 52.2976
    endloop
  endfacet
  facet normal -0.961125 -0.185707 0.20433
    outer loop
      vertex -13.1977 20.8722 55.3415
      vertex -12.8583 33.1445 68.0917
      vertex -13.5654 21.8017 54.4567
    endloop
  endfacet
  facet normal 0 0 1
    outer loop
      vertex 5.95467 4.88177 41.8277
      vertex 5.95466 4.88172 41.8277
      vertex 5.95467 4.88173 41.8277
    endloop
  endfacet
  facet normal 0.261689 -0.376979 0.888485
    outer loop
      vertex -0.860109 3.56526 43.2763
      vertex 5.95467 4.88177 41.8277
      vertex 5.575 8.7988 43.6015
    endloop
  endfacet
  facet normal 0.260771 -0.377164 0.888676
    outer loop
      vertex 4.44752 20.2131 48.7767
      vertex 5.575 8.7988 43.6015
      vertex 4.4683 20.2171 48.7723
    endloop
  endfacet
  facet normal 0.261694 -0.376984 0.888481
    outer loop
      vertex -0.860109 3.56526 43.2763
      vertex 5.575 8.7988 43.6015
      vertex 4.44752 20.2131 48.7767
    endloop
  endfacet
  facet normal 0.215695 -0.043139 0.975507
    outer loop
      vertex 5.95467 4.88177 41.8277
      vertex -0.860109 3.56526 43.2763
      vertex 5.95466 4.88172 41.8277
    endloop
  endfacet
  facet normal 0.261676 -0.376981 0.888488
    outer loop
      vertex -0.860109 3.56526 43.2763
      vertex 4.44752 20.2131 48.7767
      vertex -10.7484 1.65507 45.3781
    endloop
  endfacet
  facet normal -0.961143 -0.185667 0.204282
    outer loop
      vertex -14.3247 19.3357 48.6433
      vertex -12.4971 2.88415 42.2897
      vertex -11.5833 1.52718 45.3558
    endloop
  endfacet
  facet normal -0.961138 -0.185673 0.2043
    outer loop
      vertex -12.4971 2.88415 42.2897
      vertex -14.3247 19.3357 48.6433
      vertex -12.6976 2.5484 41.0413
    endloop
  endfacet
  facet normal 0.961119 0.185751 -0.204318
    outer loop
      vertex -12.4971 2.88415 42.2897
      vertex -12.6976 2.5484 41.0413
      vertex -12.768 3.27433 41.3701
    endloop
  endfacet
  facet normal 0.26168 -0.376984 0.888486
    outer loop
      vertex -13.0244 16.8379 52.4905
      vertex -10.7484 1.65507 45.3781
      vertex 4.44752 20.2131 48.7767
    endloop
  endfacet
  facet normal 0.261723 -0.376974 0.888477
    outer loop
      vertex -11.5381 1.50252 45.546
      vertex -10.7484 1.65507 45.3781
      vertex -13.0244 16.8379 52.4905
    endloop
  endfacet
  facet normal -0.320905 0.364715 -0.874073
    outer loop
      vertex -11.5381 1.50252 45.546
      vertex -13.0244 16.8379 52.4905
      vertex -11.5335 1.45552 45.5247
    endloop
  endfacet
  facet normal -0.261683 0.376996 -0.888479
    outer loop
      vertex 3.2389 22.0109 44.6055
      vertex -6.67067 20.0747 46.7026
      vertex 3.17583 22.6633 44.9009
    endloop
  endfacet
  facet normal -0.261682 0.376983 -0.888486
    outer loop
      vertex -11.9783 3.42688 41.2022
      vertex -6.67067 20.0747 46.7026
      vertex 3.2389 22.0109 44.6055
    endloop
  endfacet
  facet normal -0.260711 0.377216 -0.888672
    outer loop
      vertex -14.2543 18.6097 48.3146
      vertex -11.9783 3.42688 41.2022
      vertex -11.9991 3.42287 41.2066
    endloop
  endfacet
  facet normal -0.261787 0.37696 -0.888464
    outer loop
      vertex -11.9991 3.42287 41.2066
      vertex -12.5224 3.32178 41.3179
      vertex -14.2543 18.6097 48.3146
    endloop
  endfacet
  facet normal -0.261684 0.376983 -0.888485
    outer loop
      vertex -11.9783 3.42688 41.2022
      vertex -14.2543 18.6097 48.3146
      vertex -6.67067 20.0747 46.7026
    endloop
  endfacet
  facet normal -0.261496 0.37702 -0.888525
    outer loop
      vertex -12.6976 2.5484 41.0413
      vertex -14.2543 18.6097 48.3146
      vertex -12.5224 3.32178 41.3179
    endloop
  endfacet
  facet normal 0.852242 0.28211 -0.440565
    outer loop
      vertex -14.2543 18.6097 48.3146
      vertex -12.6976 2.5484 41.0413
      vertex -14.3247 19.3357 48.6433
    endloop
  endfacet
  facet normal -0.961131 -0.185675 0.204333
    outer loop
      vertex -11.5833 1.52718 45.3558
      vertex -13.9748 18.2071 49.2636
      vertex -14.3247 19.3357 48.6433
    endloop
  endfacet
  facet normal -0.96114 -0.185668 0.204299
    outer loop
      vertex -11.5833 1.52718 45.3558
      vertex -13.0244 16.8379 52.4905
      vertex -13.9748 18.2071 49.2636
    endloop
  endfacet
  facet normal -0.961065 -0.185777 0.204549
    outer loop
      vertex -13.0244 16.8379 52.4905
      vertex -11.5833 1.52718 45.3558
      vertex -11.5335 1.45552 45.5247
    endloop
  endfacet
  facet normal -0.261686 0.376985 -0.888483
    outer loop
      vertex 3.75671 16.6414 42.1747
      vertex -11.9783 3.42688 41.2022
      vertex 3.2389 22.0109 44.6055
    endloop
  endfacet
  facet normal -0.26168 0.376979 -0.888488
    outer loop
      vertex -11.9783 3.42688 41.2022
      vertex 3.75671 16.6414 42.1747
      vertex 4.72476 6.65352 37.6518
    endloop
  endfacet
  facet normal 0.207912 1.17638e-06 0.978148
    outer loop
      vertex -10.0691 -3.10826 44.2452
      vertex -5.20302 -19.3673 43.2109
      vertex 9.68238 -16.4917 40.0469
    endloop
  endfacet
  facet normal 0.207915 2.01794e-06 0.978147
    outer loop
      vertex -7.78958 -19.8669 43.7607
      vertex -5.20302 -19.3673 43.2109
      vertex -10.0691 -3.10826 44.2452
    endloop
  endfacet
  facet normal 0.206983 -0.000130489 0.978345
    outer loop
      vertex -10.0899 -3.11227 44.2496
      vertex -7.78958 -19.8669 43.7607
      vertex -10.0691 -3.10826 44.2452
    endloop
  endfacet
  facet normal 0.207986 1.34908e-05 0.978132
    outer loop
      vertex -10.6754 -3.22538 44.3741
      vertex -7.78958 -19.8669 43.7607
      vertex -10.0899 -3.11227 44.2496
    endloop
  endfacet
  facet normal 0.207996 1.53249e-05 0.97813
    outer loop
      vertex -7.78958 -19.8669 43.7607
      vertex -10.6754 -3.22538 44.3741
      vertex -10.8588 -3.26081 44.4131
    endloop
  endfacet
  facet normal -0.96114 -0.185668 0.204298
    outer loop
      vertex -7.78958 -19.8669 43.7607
      vertex -11.3661 -3.26081 42.0264
      vertex -8.25946 -19.8669 41.5501
    endloop
  endfacet
  facet normal -0.961139 -0.185669 0.204303
    outer loop
      vertex -8.75294 -19.9294 39.1717
      vertex -11.3661 -3.26081 42.0264
      vertex -11.9813 -2.47472 39.8466
    endloop
  endfacet
  facet normal -0.961139 -0.185668 0.2043
    outer loop
      vertex -11.3661 -3.26081 42.0264
      vertex -8.75294 -19.9294 39.1717
      vertex -8.25946 -19.8669 41.5501
    endloop
  endfacet
  facet normal -0.961496 -0.185669 0.202615
    outer loop
      vertex -8.75294 -19.9294 39.1717
      vertex -11.9813 -2.47472 39.8466
      vertex -8.62147 -20.653 39.1325
    endloop
  endfacet
  facet normal -0.961141 -0.185669 0.204293
    outer loop
      vertex -11.3661 -3.26081 42.0264
      vertex -7.78958 -19.8669 43.7607
      vertex -10.8588 -3.26081 44.4131
    endloop
  endfacet
  facet normal 0.207175 -0.000140941 0.978304
    outer loop
      vertex 8.79984 -11.6003 40.2345
      vertex 9.68238 -16.4917 40.0469
      vertex 9.70316 -16.4877 40.0425
    endloop
  endfacet
  facet normal 0.207911 -5.18673e-07 0.978148
    outer loop
      vertex -10.0691 -3.10826 44.2452
      vertex 8.79984 -11.6003 40.2345
      vertex 8.61542 -10.6024 40.2737
    endloop
  endfacet
  facet normal 0.207914 7.15551e-06 0.978147
    outer loop
      vertex -10.0691 -3.10826 44.2452
      vertex 8.61542 -10.6024 40.2737
      vertex 6.63395 0.118383 40.6948
    endloop
  endfacet
  facet normal 0.20791 -2.42188e-06 0.978148
    outer loop
      vertex 8.79984 -11.6003 40.2345
      vertex -10.0691 -3.10826 44.2452
      vertex 9.68238 -16.4917 40.0469
    endloop
  endfacet
  facet normal -0.207934 1.22082e-05 -0.978143
    outer loop
      vertex -8.62147 -20.653 39.1325
      vertex 3.52853 -0.292745 36.5499
      vertex 5.63599 0.114369 36.1019
    endloop
  endfacet
  facet normal -0.207906 -5.09865e-06 -0.978149
    outer loop
      vertex -8.62147 -20.653 39.1325
      vertex -1.09434 -1.18578 37.5325
      vertex 3.52853 -0.292745 36.5499
    endloop
  endfacet
  facet normal -0.207916 -1.41993e-06 -0.978147
    outer loop
      vertex -8.62147 -20.653 39.1325
      vertex -4.91348 -1.92354 38.3443
      vertex -1.09434 -1.18578 37.5325
    endloop
  endfacet
  facet normal -0.20791 -2.56932e-06 -0.978148
    outer loop
      vertex -4.91348 -1.92354 38.3443
      vertex -8.62147 -20.653 39.1325
      vertex -11.9813 -2.47472 39.8466
    endloop
  endfacet
  facet normal -0.207083 0.000155512 -0.978323
    outer loop
      vertex 8.72598 -16.4877 35.4452
      vertex 5.63599 0.114369 36.1019
      vertex 5.65678 0.118383 36.0975
    endloop
  endfacet
  facet normal -0.207914 -6.20871e-06 -0.978147
    outer loop
      vertex -1.24672 -18.4142 37.565
      vertex 5.63599 0.114369 36.1019
      vertex 8.72598 -16.4877 35.4452
    endloop
  endfacet
  facet normal -0.207905 -9.83596e-06 -0.978149
    outer loop
      vertex -5.86961 -19.3073 38.5476
      vertex 5.63599 0.114369 36.1019
      vertex -1.24672 -18.4142 37.565
    endloop
  endfacet
  facet normal -0.207896 -1.54226e-05 -0.978151
    outer loop
      vertex 5.63599 0.114369 36.1019
      vertex -5.86961 -19.3073 38.5476
      vertex -8.62147 -20.653 39.1325
    endloop
  endfacet
  facet normal 0.122303 0.376998 0.918104
    outer loop
      vertex 10.7638 -21.2551 40.8055
      vertex 11.3901 -23.4713 41.6321
      vertex 10.7845 -21.2511 40.8011
    endloop
  endfacet
  facet normal 0.122302 0.376998 0.918104
    outer loop
      vertex -2.32781 -40.6916 50.5306
      vertex 11.3901 -23.4713 41.6321
      vertex 10.7638 -21.2551 40.8055
    endloop
  endfacet
  facet normal 0.122327 0.37698 0.918108
    outer loop
      vertex 11.3901 -23.4713 41.6321
      vertex -2.32781 -40.6916 50.5306
      vertex 14.967 -36.5865 46.5407
    endloop
  endfacet
  facet normal 0.122351 0.376905 0.918136
    outer loop
      vertex 14.967 -36.5865 46.5407
      vertex -2.32781 -40.6916 50.5306
      vertex 15.1425 -37.2303 46.7816
    endloop
  endfacet
  facet normal 0.26077 -0.853509 0.451133
    outer loop
      vertex 15.1649 -37.3124 46.8124
      vertex -2.32781 -40.6916 50.5306
      vertex 15.9338 -37.1639 46.6489
    endloop
  endfacet
  facet normal 0.122141 0.377659 0.917853
    outer loop
      vertex 15.1425 -37.2303 46.7816
      vertex -2.32781 -40.6916 50.5306
      vertex 15.1649 -37.3124 46.8124
    endloop
  endfacet
  facet normal -0.961139 -0.185668 0.2043
    outer loop
      vertex -2.32781 -40.6916 50.5306
      vertex -6.90619 -23.9043 44.2477
      vertex -2.90276 -42.4634 46.2155
    endloop
  endfacet
  facet normal 0.122331 0.37698 0.918107
    outer loop
      vertex -6.70821 -24.6303 44.5194
      vertex -2.32781 -40.6916 50.5306
      vertex 10.7638 -21.2551 40.8055
    endloop
  endfacet
  facet normal 0.609664 -0.126585 -0.782487
    outer loop
      vertex -2.32781 -40.6916 50.5306
      vertex -6.70821 -24.6303 44.5194
      vertex -6.90619 -23.9043 44.2477
    endloop
  endfacet
  facet normal -0.961139 -0.185668 0.2043
    outer loop
      vertex -7.13324 -25.9401 41.3294
      vertex -2.90276 -42.4634 46.2155
      vertex -6.90619 -23.9043 44.2477
    endloop
  endfacet
  facet normal -0.96114 -0.18567 0.204296
    outer loop
      vertex -2.90276 -42.4634 46.2155
      vertex -7.13324 -25.9401 41.3294
      vertex -7.28316 -26.4021 40.2042
    endloop
  endfacet
  facet normal 0.699425 -0.0752535 -0.710733
    outer loop
      vertex -2.90276 -42.4634 46.2155
      vertex -7.28316 -26.4021 40.2042
      vertex -7.48114 -25.6761 39.9325
    endloop
  endfacet
  facet normal -0.12232 -0.377004 -0.918099
    outer loop
      vertex -2.90276 -42.4634 46.2155
      vertex 14.392 -38.3583 42.2256
      vertex 14.59 -39.0842 42.4973
    endloop
  endfacet
  facet normal -0.122328 -0.376978 -0.918108
    outer loop
      vertex -2.90276 -42.4634 46.2155
      vertex 12.3339 -30.8118 39.4012
      vertex 14.392 -38.3583 42.2256
    endloop
  endfacet
  facet normal -0.122324 -0.376982 -0.918107
    outer loop
      vertex -7.48114 -25.6761 39.9325
      vertex 12.3339 -30.8118 39.4012
      vertex -2.90276 -42.4634 46.2155
    endloop
  endfacet
  facet normal -0.122327 -0.376992 -0.918103
    outer loop
      vertex 12.3339 -30.8118 39.4012
      vertex -7.48114 -25.6761 39.9325
      vertex 10.7805 -22.1484 36.0508
    endloop
  endfacet
  facet normal 0.247482 -0.907421 0.339617
    outer loop
      vertex 15.0361 -37.7094 45.8455
      vertex -2.32781 -40.6916 50.5306
      vertex -2.90276 -42.4634 46.2155
    endloop
  endfacet
  facet normal 0.247479 -0.907426 0.339605
    outer loop
      vertex -2.32781 -40.6916 50.5306
      vertex 15.0361 -37.7094 45.8455
      vertex 15.9338 -37.1639 46.6489
    endloop
  endfacet
  facet normal 0.247481 -0.90742 0.339621
    outer loop
      vertex -2.90276 -42.4634 46.2155
      vertex 14.59 -39.0842 42.4973
      vertex 15.0361 -37.7094 45.8455
    endloop
  endfacet
  facet normal 0.0991808 0.703873 0.703368
    outer loop
      vertex 13.5244 43.5596 60.355
      vertex 32.1325 41.7514 59.5406
      vertex 13.4955 43.6642 60.2544
    endloop
  endfacet
  facet normal 0.0991816 0.703888 0.703352
    outer loop
      vertex 32.1325 41.7514 59.5406
      vertex 13.5244 43.5596 60.355
      vertex 13.5931 40.4259 63.4814
    endloop
  endfacet
  facet normal -0.218723 0.281353 -0.934345
    outer loop
      vertex 14.3737 40.4818 63.3155
      vertex 32.1325 41.7514 59.5406
      vertex 13.5931 40.4259 63.4814
    endloop
  endfacet
  facet normal 0.20792 -0 0.978146
    outer loop
      vertex 14.3737 40.4817 63.3155
      vertex 32.1325 41.7514 59.5406
      vertex 14.3737 40.4818 63.3155
    endloop
  endfacet
  facet normal 0.195066 -0.706862 0.679923
    outer loop
      vertex 14.3737 40.4817 63.3155
      vertex 30.5657 36.1154 54.1308
      vertex 32.1325 41.7514 59.5406
    endloop
  endfacet
  facet normal 0.195062 -0.706868 0.679918
    outer loop
      vertex 12.7991 29.3065 52.1491
      vertex 30.5657 36.1154 54.1308
      vertex 14.3737 40.4817 63.3155
    endloop
  endfacet
  facet normal 0.195059 -0.706871 0.679915
    outer loop
      vertex 29.5964 29.2365 47.2574
      vertex 12.7991 29.3065 52.1491
      vertex 12.6182 28.0227 50.8663
    endloop
  endfacet
  facet normal 0.195061 -0.706864 0.679922
    outer loop
      vertex 12.7991 29.3065 52.1491
      vertex 29.5964 29.2365 47.2574
      vertex 30.5657 36.1154 54.1308
    endloop
  endfacet
  facet normal -0.195051 0.706862 -0.679927
    outer loop
      vertex 22.0851 32.0874 45.4635
      vertex 30.3579 44.4696 55.963
      vertex 29.85 40.8649 52.3612
    endloop
  endfacet
  facet normal -0.195064 0.706865 -0.67992
    outer loop
      vertex 30.3579 44.4696 55.963
      vertex 22.0851 32.0874 45.4635
      vertex 11.6993 31.3302 47.6559
    endloop
  endfacet
  facet normal -0.195065 0.70686 -0.679926
    outer loop
      vertex 11.6993 31.3302 47.6559
      vertex 22.0851 32.0874 45.4635
      vertex 11.6433 30.9322 47.2582
    endloop
  endfacet
  facet normal -0.195052 0.706863 -0.679927
    outer loop
      vertex 22.0851 32.0874 45.4635
      vertex 29.85 40.8649 52.3612
      vertex 28.6796 32.5588 44.0618
    endloop
  endfacet
  facet normal -0.195071 0.706762 -0.680026
    outer loop
      vertex 10.8415 30.7261 47.274
      vertex 11.6433 30.9322 47.2582
      vertex 22.0851 32.0874 45.4635
    endloop
  endfacet
  facet normal -0.195069 0.706826 -0.679959
    outer loop
      vertex 13.4569 43.804 60.1198
      vertex 30.4351 45.0179 56.5109
      vertex 13.3776 43.2409 59.5572
    endloop
  endfacet
  facet normal 0.0202643 0.914938 0.403085
    outer loop
      vertex 30.4351 45.0179 56.5109
      vertex 13.4569 43.804 60.1198
      vertex 31.2157 45.0737 56.345
    endloop
  endfacet
  facet normal -0.195065 0.706877 -0.679908
    outer loop
      vertex 30.3579 44.4696 55.963
      vertex 13.3776 43.2409 59.5572
      vertex 30.4351 45.0179 56.5109
    endloop
  endfacet
  facet normal -0.195066 0.706867 -0.679917
    outer loop
      vertex 30.3579 44.4696 55.963
      vertex 11.7859 31.9445 48.2697
      vertex 13.3776 43.2409 59.5572
    endloop
  endfacet
  facet normal -0.195064 0.706865 -0.67992
    outer loop
      vertex 11.7859 31.9445 48.2697
      vertex 30.3579 44.4696 55.963
      vertex 11.6993 31.3302 47.6559
    endloop
  endfacet
  facet normal 0.0991821 0.703894 0.703347
    outer loop
      vertex 31.2157 45.0737 56.345
      vertex 13.4955 43.6642 60.2544
      vertex 32.1325 41.7514 59.5406
    endloop
  endfacet
  facet normal 0.0990837 0.704231 0.703023
    outer loop
      vertex 13.4955 43.6642 60.2544
      vertex 31.2157 45.0737 56.345
      vertex 13.4569 43.804 60.1198
    endloop
  endfacet
  facet normal 0.218644 -0.38268 0.897636
    outer loop
      vertex 12.3472 23.9286 48.1097
      vertex 12.3261 23.9271 48.1142
      vertex 12.2548 20.0118 46.4624
    endloop
  endfacet
  facet normal 0.21819 -0.38271 0.897734
    outer loop
      vertex 12.3472 23.9286 48.1097
      vertex 12.2548 20.0118 46.4624
      vertex 29 9.57059 37.9414
    endloop
  endfacet
  facet normal 0.218186 -0.382715 0.897733
    outer loop
      vertex 12.1258 12.9204 43.4706
      vertex 29 9.57059 37.9414
      vertex 12.2548 20.0118 46.4624
    endloop
  endfacet
  facet normal 0.218182 -0.382728 0.897728
    outer loop
      vertex 29 9.57059 37.9414
      vertex 12.1258 12.9204 43.4706
      vertex 12.0428 8.35827 41.5458
    endloop
  endfacet
  facet normal 0.218816 -0.38267 0.897599
    outer loop
      vertex 29.2698 23.2455 43.7056
      vertex 29 9.57059 37.9414
      vertex 29.0211 9.5721 37.9369
    endloop
  endfacet
  facet normal 0.218183 -0.382736 0.897725
    outer loop
      vertex 12.3472 23.9286 48.1097
      vertex 29.2698 23.2455 43.7056
      vertex 29.3043 25.1409 44.5053
    endloop
  endfacet
  facet normal 0.218186 -0.382714 0.897733
    outer loop
      vertex 29.2698 23.2455 43.7056
      vertex 12.3472 23.9286 48.1097
      vertex 29 9.57059 37.9414
    endloop
  endfacet
  facet normal -0.218644 0.382681 -0.897636
    outer loop
      vertex 27.9956 11.3709 33.7176
      vertex 28.2578 26.9382 40.2904
      vertex 28.2789 26.9397 40.2859
    endloop
  endfacet
  facet normal -0.218168 0.382707 -0.897741
    outer loop
      vertex 26.0388 11.231 34.1335
      vertex 27.9956 11.3709 33.7176
      vertex 27.9927 11.2095 33.6495
    endloop
  endfacet
  facet normal -0.218154 0.382829 -0.897692
    outer loop
      vertex 26.0388 11.231 34.1335
      vertex 27.9927 11.2095 33.6495
      vertex 27.986 10.8441 33.4953
    endloop
  endfacet
  facet normal -0.218168 0.382716 -0.897737
    outer loop
      vertex 27.9956 11.3709 33.7176
      vertex 26.0388 11.231 34.1335
      vertex 28.2578 26.9382 40.2904
    endloop
  endfacet
  facet normal -0.21819 0.382716 -0.897731
    outer loop
      vertex 22.1524 10.9531 34.9596
      vertex 28.2578 26.9382 40.2904
      vertex 26.0388 11.231 34.1335
    endloop
  endfacet
  facet normal -0.218184 0.382715 -0.897733
    outer loop
      vertex 28.2578 26.9382 40.2904
      vertex 22.1524 10.9531 34.9596
      vertex 11.0385 10.1586 37.322
    endloop
  endfacet
  facet normal -0.218189 0.382719 -0.89773
    outer loop
      vertex 28.2578 26.9382 40.2904
      vertex 11.0433 11.5809 37.9272
      vertex 11.3006 25.7258 43.8949
    endloop
  endfacet
  facet normal -0.218196 0.382726 -0.897726
    outer loop
      vertex 11.0385 10.1586 37.322
      vertex 11.0433 11.5809 37.9272
      vertex 28.2578 26.9382 40.2904
    endloop
  endfacet
  facet normal -0.218183 0.382727 -0.897728
    outer loop
      vertex 10.7586 10.1386 37.3815
      vertex 11.0433 11.5809 37.9272
      vertex 11.0385 10.1586 37.322
    endloop
  endfacet
  facet normal -0.21828 0.382736 -0.897701
    outer loop
      vertex 11.0433 11.5809 37.9272
      vertex 10.7586 10.1386 37.3815
      vertex 10.2234 9.36427 37.1815
    endloop
  endfacet
  facet normal 0.207925 1.27897e-05 0.978145
    outer loop
      vertex 12.1937 3.52398 40.5252
      vertex 23.5754 -12.6035 38.106
      vertex 30.2828 -12.124 36.6802
    endloop
  endfacet
  facet normal 0.207917 6.95999e-06 0.978147
    outer loop
      vertex 23.5754 -12.6035 38.106
      vertex 12.1937 3.52398 40.5252
      vertex 13.3257 -13.3363 40.2847
    endloop
  endfacet
  facet normal 0.208576 5.32148e-05 0.978006
    outer loop
      vertex 13.3257 -13.3363 40.2847
      vertex 12.1937 3.52398 40.5252
      vertex 12.1726 3.52247 40.5297
    endloop
  endfacet
  facet normal 0.207896 -7.52292e-06 0.978151
    outer loop
      vertex 30.2251 -7.38762 36.6925
      vertex 30.2828 -12.124 36.6802
      vertex 31.0069 -12.0722 36.5263
    endloop
  endfacet
  facet normal 0.207749 -1.10548e-05 0.978182
    outer loop
      vertex 29.1508 4.73629 36.9208
      vertex 30.2251 -7.38762 36.6925
      vertex 29.3947 4.75373 36.869
    endloop
  endfacet
  facet normal 0.207917 4.48527e-06 0.978146
    outer loop
      vertex 20.4376 4.11336 38.7729
      vertex 30.2251 -7.38762 36.6925
      vertex 29.1508 4.73629 36.9208
    endloop
  endfacet
  facet normal 0.207912 2.59558e-07 0.978147
    outer loop
      vertex 12.1937 3.52398 40.5252
      vertex 30.2251 -7.38762 36.6925
      vertex 20.4376 4.11336 38.7729
    endloop
  endfacet
  facet normal 0.207908 -7.37794e-06 0.978148
    outer loop
      vertex 30.2251 -7.38762 36.6925
      vertex 12.1937 3.52398 40.5252
      vertex 30.2828 -12.124 36.6802
    endloop
  endfacet
  facet normal -0.208576 -5.07696e-05 -0.978006
    outer loop
      vertex 29.3057 -12.124 32.0829
      vertex 28.8327 -4.89953 32.1834
      vertex 29.3268 -12.1225 32.0784
    endloop
  endfacet
  facet normal -0.207919 -5.78115e-06 -0.978146
    outer loop
      vertex 11.194 3.54347 35.9327
      vertex 28.8327 -4.89953 32.1834
      vertex 29.3057 -12.124 32.0829
    endloop
  endfacet
  facet normal -0.207915 2.33929e-06 -0.978147
    outer loop
      vertex 28.8327 -4.89953 32.1834
      vertex 11.194 3.54347 35.9327
      vertex 28.1737 4.73629 32.3235
    endloop
  endfacet
  facet normal -0.207909 -7.66204e-05 -0.978148
    outer loop
      vertex 28.1737 4.73629 32.3235
      vertex 11.194 3.54347 35.9327
      vertex 28.1439 5.17181 32.3298
    endloop
  endfacet
  facet normal -0.207918 1.62232e-05 -0.978146
    outer loop
      vertex 11.1409 4.32051 35.944
      vertex 28.1439 5.17181 32.3298
      vertex 11.194 3.54347 35.9327
    endloop
  endfacet
  facet normal -0.207921 7.64999e-05 -0.978146
    outer loop
      vertex 28.1439 5.17181 32.3298
      vertex 11.1409 4.32051 35.944
      vertex 28.1191 5.53434 32.3351
    endloop
  endfacet
  facet normal -0.207916 -0 -0.978147
    outer loop
      vertex 11.1409 4.32052 35.944
      vertex 28.1191 5.53434 32.3351
      vertex 11.1409 4.32051 35.944
    endloop
  endfacet
  facet normal -0.207919 -6.10111e-06 -0.978146
    outer loop
      vertex 12.3485 -13.3363 35.6874
      vertex 11.194 3.54347 35.9327
      vertex 29.3057 -12.124 32.0829
    endloop
  endfacet
  facet normal 0.165828 0.382723 0.908859
    outer loop
      vertex 13.8786 -18.1706 41.1556
      vertex 16.3847 -34.4779 47.5654
      vertex 34.1435 -33.2082 43.7905
    endloop
  endfacet
  facet normal 0.166586 0.382777 0.908697
    outer loop
      vertex 16.3847 -34.4779 47.5654
      vertex 13.8786 -18.1706 41.1556
      vertex 13.8575 -18.1721 41.1601
    endloop
  endfacet
  facet normal 0.165829 0.382724 0.908858
    outer loop
      vertex 14.9441 -18.0944 40.9291
      vertex 34.1435 -33.2082 43.7905
      vertex 31.6163 -16.9025 37.3852
    endloop
  endfacet
  facet normal 0.16583 0.382726 0.908857
    outer loop
      vertex 34.1435 -33.2082 43.7905
      vertex 14.9441 -18.0944 40.9291
      vertex 13.8786 -18.1706 41.1556
    endloop
  endfacet
  facet normal -0.165822 -0.382729 -0.908857
    outer loop
      vertex 15.6053 -36.2767 43.2937
      vertex 32.4724 -34.3452 39.4029
      vertex 32.5836 -35.0628 39.6848
    endloop
  endfacet
  facet normal -0.165824 -0.382721 -0.90886
    outer loop
      vertex 32.4724 -34.3452 39.4029
      vertex 15.6053 -36.2767 43.2937
      vertex 13.0751 -19.9515 36.8808
    endloop
  endfacet
  facet normal -0.0210561 -0.913487 -0.406323
    outer loop
      vertex 32.5836 -35.0628 39.6848
      vertex 33.3642 -35.007 39.5189
      vertex 15.6053 -36.2767 43.2937
    endloop
  endfacet
  facet normal 0.142809 -0.921169 0.362013
    outer loop
      vertex 33.3642 -35.007 39.5189
      vertex 15.6382 -36.2009 43.4736
      vertex 15.6053 -36.2767 43.2937
    endloop
  endfacet
  facet normal 0.142784 -0.921223 0.361884
    outer loop
      vertex 15.6382 -36.2009 43.4736
      vertex 33.3642 -35.007 39.5189
      vertex 34.1435 -33.2082 43.7905
    endloop
  endfacet
  facet normal 0.142785 -0.92123 0.361868
    outer loop
      vertex 16.3847 -34.4779 47.5654
      vertex 15.6382 -36.2009 43.4736
      vertex 34.1435 -33.2082 43.7905
    endloop
  endfacet
  facet normal -0.165826 -0.382724 -0.908859
    outer loop
      vertex 32.4724 -34.3452 39.4029
      vertex 17.9525 -19.6224 35.8523
      vertex 30.0564 -18.7571 33.2795
    endloop
  endfacet
  facet normal -0.165829 -0.382726 -0.908857
    outer loop
      vertex 32.4724 -34.3452 39.4029
      vertex 14.6392 -19.8593 36.5566
      vertex 17.9525 -19.6224 35.8523
    endloop
  endfacet
  facet normal -0.165824 -0.382721 -0.90886
    outer loop
      vertex 13.0751 -19.9515 36.8808
      vertex 14.6392 -19.8593 36.5566
      vertex 32.4724 -34.3452 39.4029
    endloop
  endfacet
  facet normal -0.16582 -0.382754 -0.908847
    outer loop
      vertex 14.6392 -19.8593 36.5566
      vertex 13.0751 -19.9515 36.8808
      vertex 13.002 -19.4796 36.6954
    endloop
  endfacet
  facet normal 0.176015 -0.532304 0.828053
    outer loop
      vertex 35.2771 46.7433 45.9718
      vertex 45.1172 32.4188 34.6718
      vertex 50.4031 32.4188 33.5482
    endloop
  endfacet
  facet normal 0.176005 -0.53231 0.828051
    outer loop
      vertex 34.3282 39.4845 41.5072
      vertex 45.1172 32.4188 34.6718
      vertex 35.2771 46.7433 45.9718
    endloop
  endfacet
  facet normal 0.175999 -0.532316 0.828048
    outer loop
      vertex 33.4045 32.4188 37.1613
      vertex 45.1172 32.4188 34.6718
      vertex 34.3282 39.4845 41.5072
    endloop
  endfacet
  facet normal 0.110668 0.846553 0.520674
    outer loop
      vertex 51.5907 49.7993 39.0318
      vertex 34.5361 49.9046 42.4855
      vertex 35.3285 47.5081 46.2135
    endloop
  endfacet
  facet normal 0.110628 0.846681 0.520474
    outer loop
      vertex 34.5361 49.9046 42.4855
      vertex 51.5907 49.7993 39.0318
      vertex 51.5559 49.9046 38.8679
    endloop
  endfacet
  facet normal 0 -1 0
    outer loop
      vertex 51.5559 49.9046 38.8679
      vertex 52.3384 49.9046 38.7016
      vertex 33.7536 49.9046 42.6519
    endloop
  endfacet
  facet normal 0 -1 0
    outer loop
      vertex 51.5559 49.9046 38.8679
      vertex 33.7536 49.9046 42.6519
      vertex 34.5361 49.9046 42.4855
    endloop
  endfacet
  facet normal 0.176012 -0.532288 0.828064
    outer loop
      vertex 35.3633 47.4027 46.3774
      vertex 52.2946 46.7255 42.3432
      vertex 52.3831 47.4027 42.7597
    endloop
  endfacet
  facet normal 0.175776 -0.532311 0.828099
    outer loop
      vertex 52.2946 46.7255 42.3432
      vertex 50.4031 32.4188 33.5482
      vertex 50.4243 32.4188 33.5437
    endloop
  endfacet
  facet normal 0.176003 -0.532336 0.828035
    outer loop
      vertex 52.2946 46.7255 42.3432
      vertex 35.3633 47.4027 46.3774
      vertex 35.2771 46.7433 45.9718
    endloop
  endfacet
  facet normal 0.176006 -0.532311 0.82805
    outer loop
      vertex 52.2946 46.7255 42.3432
      vertex 35.2771 46.7433 45.9718
      vertex 50.4031 32.4188 33.5482
    endloop
  endfacet
  facet normal 0.110706 0.846453 0.520827
    outer loop
      vertex 52.3831 47.4027 42.7597
      vertex 35.3285 47.5081 46.2135
      vertex 35.3633 47.4027 46.3774
    endloop
  endfacet
  facet normal 0.11068 0.846537 0.520697
    outer loop
      vertex 35.3285 47.5081 46.2135
      vertex 52.3831 47.4027 42.7597
      vertex 51.5907 49.7993 39.0318
    endloop
  endfacet
  facet normal -0.176264 0.532316 -0.827992
    outer loop
      vertex 49.8129 34.9207 29.606
      vertex 51.0097 42.9468 34.5112
      vertex 49.9604 34.9207 29.5746
    endloop
  endfacet
  facet normal -0.176005 0.532312 -0.828049
    outer loop
      vertex 41.7726 34.9207 31.315
      vertex 51.0097 42.9468 34.5112
      vertex 49.8129 34.9207 29.606
    endloop
  endfacet
  facet normal -0.176004 0.532311 -0.828051
    outer loop
      vertex 34.5361 49.9046 42.4855
      vertex 51.0097 42.9468 34.5112
      vertex 41.7726 34.9207 31.315
    endloop
  endfacet
  facet normal -0.176003 0.532312 -0.82805
    outer loop
      vertex 51.0097 42.9468 34.5112
      vertex 34.5361 49.9046 42.4855
      vertex 52.3384 49.9046 38.7016
    endloop
  endfacet
  facet normal -0.176004 0.532311 -0.828051
    outer loop
      vertex 34.5361 49.9046 42.4855
      vertex 41.7726 34.9207 31.315
      vertex 32.5772 34.9207 33.2695
    endloop
  endfacet
  facet normal 0 1 0
    outer loop
      vertex 52.3384 49.9046 38.7016
      vertex 34.5361 49.9046 42.4855
      vertex 33.7536 49.9046 42.6519
    endloop
  endfacet
  facet normal 0.200418 -0.276995 0.939738
    outer loop
      vertex 32.086 12.4725 30.9585
      vertex 33.0804 28.7112 35.5329
      vertex 33.0593 28.7112 35.5374
    endloop
  endfacet
  facet normal 0.199773 -0.276994 0.939875
    outer loop
      vertex 33.0804 28.7112 35.5329
      vertex 32.086 12.4725 30.9585
      vertex 49.0846 12.4725 27.3454
    endloop
  endfacet
  facet normal 0.199513 -0.276997 0.939929
    outer loop
      vertex 49.6969 22.3343 30.1217
      vertex 49.0846 12.4725 27.3454
      vertex 49.1058 12.4725 27.3409
    endloop
  endfacet
  facet normal 0.199774 -0.276991 0.939876
    outer loop
      vertex 43.5217 28.7112 33.3136
      vertex 49.6969 22.3343 30.1217
      vertex 50.0791 28.7112 31.9198
    endloop
  endfacet
  facet normal 0.199767 -0.276997 0.939875
    outer loop
      vertex 49.6969 22.3343 30.1217
      vertex 43.5217 28.7112 33.3136
      vertex 49.0846 12.4725 27.3454
    endloop
  endfacet
  facet normal 0.199771 -0.276996 0.939875
    outer loop
      vertex 49.0846 12.4725 27.3454
      vertex 43.5217 28.7112 33.3136
      vertex 33.0804 28.7112 35.5329
    endloop
  endfacet
  facet normal -0.199645 0.276996 -0.939902
    outer loop
      vertex 48.9033 13.0056 22.5404
      vertex 49.8388 30.013 27.3539
      vertex 49.9226 30.013 27.3361
    endloop
  endfacet
  facet normal -0.199779 0.276996 -0.939873
    outer loop
      vertex 49.8388 30.013 27.3539
      vertex 48.9033 13.0056 22.5404
      vertex 49.119 30.013 27.5069
    endloop
  endfacet
  facet normal -0.199774 0.276996 -0.939874
    outer loop
      vertex 43.9749 13.7743 23.8145
      vertex 49.119 30.013 27.5069
      vertex 48.9033 13.0056 22.5404
    endloop
  endfacet
  facet normal -0.199773 0.276995 -0.939875
    outer loop
      vertex 49.119 30.013 27.5069
      vertex 43.9749 13.7743 23.8145
      vertex 31.1682 13.7743 26.5366
    endloop
  endfacet
  facet normal -0.199772 0.276994 -0.939875
    outer loop
      vertex 31.1682 13.7743 26.5366
      vertex 32.1203 30.013 31.12
      vertex 49.119 30.013 27.5069
    endloop
  endfacet
  facet normal -0.199513 0.276995 -0.93993
    outer loop
      vertex 31.1682 13.7743 26.5366
      vertex 31.147 13.7743 26.5411
      vertex 32.1203 30.013 31.12
    endloop
  endfacet
  facet normal 0.207907 0 0.978149
    outer loop
      vertex 31.9678 8.45 30.4027
      vertex 48.9877 -8.45 26.7851
      vertex 48.9877 8.45 26.7851
    endloop
  endfacet
  facet normal 0.207907 0 0.978149
    outer loop
      vertex 48.9877 -8.45 26.7851
      vertex 31.9678 8.45 30.4027
      vertex 31.9678 -8.45 30.4027
    endloop
  endfacet
  facet normal -0.207907 -0 -0.978149
    outer loop
      vertex 30.9907 -8.45 25.8054
      vertex 48.793 -9.25 22.0215
      vertex 30.9907 -9.25 25.8054
    endloop
  endfacet
  facet normal -0.207907 0 -0.978149
    outer loop
      vertex 48.793 -9.25 22.0215
      vertex 30.9907 -8.45 25.8054
      vertex 48.793 9.25 22.0215
    endloop
  endfacet
  facet normal -0.207907 -0 -0.978149
    outer loop
      vertex 30.9907 8.45 25.8054
      vertex 48.793 9.25 22.0215
      vertex 30.9907 -8.45 25.8054
    endloop
  endfacet
  facet normal -0.207907 0 -0.978149
    outer loop
      vertex 48.793 9.25 22.0215
      vertex 30.9907 8.45 25.8054
      vertex 30.9907 9.25 25.8054
    endloop
  endfacet
  facet normal 0.199513 0.276997 0.939929
    outer loop
      vertex 49.0846 -12.4725 27.3454
      vertex 49.6969 -22.3343 30.1217
      vertex 49.1058 -12.4725 27.3409
    endloop
  endfacet
  facet normal 0.199767 0.276997 0.939875
    outer loop
      vertex 43.5217 -28.7112 33.3136
      vertex 49.6969 -22.3343 30.1217
      vertex 49.0846 -12.4725 27.3454
    endloop
  endfacet
  facet normal 0.199774 0.276991 0.939876
    outer loop
      vertex 49.6969 -22.3343 30.1217
      vertex 43.5217 -28.7112 33.3136
      vertex 50.0791 -28.7112 31.9198
    endloop
  endfacet
  facet normal 0.199771 0.276996 0.939875
    outer loop
      vertex 43.5217 -28.7112 33.3136
      vertex 49.0846 -12.4725 27.3454
      vertex 33.0804 -28.7112 35.5329
    endloop
  endfacet
  facet normal 0.199773 0.276994 0.939875
    outer loop
      vertex 32.086 -12.4725 30.9585
      vertex 33.0804 -28.7112 35.5329
      vertex 49.0846 -12.4725 27.3454
    endloop
  endfacet
  facet normal 0.200418 0.276995 0.939738
    outer loop
      vertex 33.0804 -28.7112 35.5329
      vertex 32.086 -12.4725 30.9585
      vertex 33.0593 -28.7112 35.5374
    endloop
  endfacet
  facet normal -0.199765 -0.276996 -0.939876
    outer loop
      vertex 49.119 -30.013 27.5069
      vertex 48.9033 -13.0056 22.5404
      vertex 49.9226 -30.013 27.3361
    endloop
  endfacet
  facet normal -0.199774 -0.276996 -0.939874
    outer loop
      vertex 49.119 -30.013 27.5069
      vertex 43.9749 -13.7743 23.8145
      vertex 48.9033 -13.0056 22.5404
    endloop
  endfacet
  facet normal -0.199773 -0.276995 -0.939875
    outer loop
      vertex 43.9749 -13.7743 23.8145
      vertex 49.119 -30.013 27.5069
      vertex 31.1682 -13.7743 26.5366
    endloop
  endfacet
  facet normal -0.199772 -0.276994 -0.939875
    outer loop
      vertex 32.1203 -30.013 31.12
      vertex 31.1682 -13.7743 26.5366
      vertex 49.119 -30.013 27.5069
    endloop
  endfacet
  facet normal -0.199513 -0.276995 -0.93993
    outer loop
      vertex 31.147 -13.7743 26.5411
      vertex 31.1682 -13.7743 26.5366
      vertex 32.1203 -30.013 31.12
    endloop
  endfacet
  facet normal 0.175776 0.532311 0.828099
    outer loop
      vertex 50.4031 -32.4188 33.5482
      vertex 52.2946 -46.7255 42.3432
      vertex 50.4243 -32.4188 33.5437
    endloop
  endfacet
  facet normal 0.176006 0.532311 0.82805
    outer loop
      vertex 34.5808 -47.4027 46.5437
      vertex 52.2946 -46.7255 42.3432
      vertex 50.4031 -32.4188 33.5482
    endloop
  endfacet
  facet normal 0.176011 0.532288 0.828064
    outer loop
      vertex 52.2946 -46.7255 42.3432
      vertex 34.5808 -47.4027 46.5437
      vertex 52.3831 -47.4027 42.7597
    endloop
  endfacet
  facet normal 0.110673 -0.846543 0.520689
    outer loop
      vertex 33.7536 -49.9046 42.6519
      vertex 51.5907 -49.7993 39.0318
      vertex 34.5808 -47.4027 46.5437
    endloop
  endfacet
  facet normal 0.11063 -0.846681 0.520473
    outer loop
      vertex 51.5907 -49.7993 39.0318
      vertex 33.7536 -49.9046 42.6519
      vertex 51.5559 -49.9046 38.8679
    endloop
  endfacet
  facet normal -0 1 -0
    outer loop
      vertex 51.5559 -49.9046 38.8679
      vertex 33.7536 -49.9046 42.6519
      vertex 52.3384 -49.9046 38.7016
    endloop
  endfacet
  facet normal 0.176015 0.532304 0.828053
    outer loop
      vertex 45.1172 -32.4188 34.6718
      vertex 34.5808 -47.4027 46.5437
      vertex 50.4031 -32.4188 33.5482
    endloop
  endfacet
  facet normal 0.175998 0.532327 0.828041
    outer loop
      vertex 33.2794 -34.9977 38.8458
      vertex 45.1172 -32.4188 34.6718
      vertex 33.4045 -32.4188 37.1613
    endloop
  endfacet
  facet normal 0.176005 0.53231 0.828051
    outer loop
      vertex 45.1172 -32.4188 34.6718
      vertex 33.2794 -34.9977 38.8458
      vertex 34.5808 -47.4027 46.5437
    endloop
  endfacet
  facet normal 0.175934 0.532311 0.828065
    outer loop
      vertex 34.5808 -47.4027 46.5437
      vertex 33.2794 -34.9977 38.8458
      vertex 32.9621 -35.0207 38.928
    endloop
  endfacet
  facet normal 0.110678 -0.846537 0.520698
    outer loop
      vertex 52.3831 -47.4027 42.7597
      vertex 34.5808 -47.4027 46.5437
      vertex 51.5907 -49.7993 39.0318
    endloop
  endfacet
  facet normal -0.978152 -2.85675e-06 0.207891
    outer loop
      vertex 33.7536 -49.9046 42.6519
      vertex 32.9621 -35.0207 38.928
      vertex 32.7532 -35.0128 37.9451
    endloop
  endfacet
  facet normal -0.978149 7.32863e-07 0.207905
    outer loop
      vertex 32.9621 -35.0207 38.928
      vertex 33.7536 -49.9046 42.6519
      vertex 34.5808 -47.4027 46.5437
    endloop
  endfacet
  facet normal -0.978155 -6.80142e-06 0.207879
    outer loop
      vertex 32.5811 -35.0063 37.1353
      vertex 33.7536 -49.9046 42.6519
      vertex 32.7532 -35.0128 37.9451
    endloop
  endfacet
  facet normal -0.978145 1.057e-05 0.207924
    outer loop
      vertex 31.7947 -34.9207 33.4358
      vertex 33.7536 -49.9046 42.6519
      vertex 32.5811 -35.0063 37.1353
    endloop
  endfacet
  facet normal 0.865752 -0.175171 -0.468817
    outer loop
      vertex 33.7536 -49.9046 42.6519
      vertex 31.7947 -34.9207 33.4358
      vertex 31.7062 -34.2434 33.0193
    endloop
  endfacet
  facet normal -0.176069 -0.532314 -0.828035
    outer loop
      vertex 52.3384 -49.9046 38.7016
      vertex 49.8129 -34.9207 29.606
      vertex 50.3796 -34.9207 29.4855
    endloop
  endfacet
  facet normal -0.176005 -0.532312 -0.82805
    outer loop
      vertex 52.3384 -49.9046 38.7016
      vertex 41.7726 -34.9207 31.315
      vertex 49.8129 -34.9207 29.606
    endloop
  endfacet
  facet normal -0.176006 -0.532312 -0.828049
    outer loop
      vertex 33.7536 -49.9046 42.6519
      vertex 41.7726 -34.9207 31.315
      vertex 52.3384 -49.9046 38.7016
    endloop
  endfacet
  facet normal -0.176003 -0.532314 -0.828049
    outer loop
      vertex 33.7536 -49.9046 42.6519
      vertex 32.5772 -34.9207 33.2695
      vertex 41.7726 -34.9207 31.315
    endloop
  endfacet
  facet normal -0.175981 -0.532315 -0.828053
    outer loop
      vertex 33.7536 -49.9046 42.6519
      vertex 31.7947 -34.9207 33.4358
      vertex 32.5772 -34.9207 33.2695
    endloop
  endfacet
  facet normal -0.865752 0.175171 0.468817
    outer loop
      vertex 31.7947 -34.9207 33.4358
      vertex 33.7536 -49.9046 42.6519
      vertex 31.7062 -34.2434 33.0193
    endloop
  endfacet
  facet normal 0.747997 0.41591 0.517223
    outer loop
      vertex 52.3384 -49.9046 38.7016
      vertex 50.3796 -34.9207 29.4855
      vertex 50.291 -34.2434 29.069
    endloop
  endfacet
  facet normal 0.152802 -0.589667 0.79306
    outer loop
      vertex 54.7543 30.4634 35.2572
      vertex 72.465 34.0526 34.5135
      vertex 72.7449 35.6293 35.6319
    endloop
  endfacet
  facet normal 0.152793 -0.589615 0.793101
    outer loop
      vertex 72.465 34.0526 34.5135
      vertex 54.7543 30.4634 35.2572
      vertex 71.7471 30.0085 31.6453
    endloop
  endfacet
  facet normal 0.152789 -0.589623 0.793096
    outer loop
      vertex 54.7543 30.4634 35.2572
      vertex 72.7449 35.6293 35.6319
      vertex 74.172 43.668 41.3333
    endloop
  endfacet
  facet normal 0.152783 -0.589646 0.793079
    outer loop
      vertex 74.2288 43.9879 41.5602
      vertex 57.1948 44.3299 45.096
      vertex 74.172 43.668 41.3333
    endloop
  endfacet
  facet normal 0.152808 -0.589499 0.793184
    outer loop
      vertex 74.2837 44.2968 41.7792
      vertex 57.1948 44.3299 45.096
      vertex 74.2288 43.9879 41.5602
    endloop
  endfacet
  facet normal 0.152791 -0.589616 0.7931
    outer loop
      vertex 57.1948 44.3299 45.096
      vertex 74.2837 44.2968 41.7792
      vertex 56.4875 44.7733 45.5619
    endloop
  endfacet
  facet normal 0.152805 -0.589536 0.793157
    outer loop
      vertex 57.1551 44.1065 44.9376
      vertex 74.172 43.668 41.3333
      vertex 57.1948 44.3299 45.096
    endloop
  endfacet
  facet normal 0.15279 -0.589618 0.793099
    outer loop
      vertex 56.2778 39.1647 41.4327
      vertex 74.172 43.668 41.3333
      vertex 57.1551 44.1065 44.9376
    endloop
  endfacet
  facet normal 0.152792 -0.589627 0.793092
    outer loop
      vertex 56.2778 39.1647 41.4327
      vertex 54.7543 30.4634 35.2572
      vertex 74.172 43.668 41.3333
    endloop
  endfacet
  facet normal 0.152793 -0.589627 0.793092
    outer loop
      vertex 54.7543 30.4634 35.2572
      vertex 56.2778 39.1647 41.4327
      vertex 54.005 30.4835 35.4165
    endloop
  endfacet
  facet normal -0.152792 0.589625 -0.793094
    outer loop
      vertex 61.4457 33.0363 29.9547
      vertex 72.1358 39.0145 32.3397
      vertex 71.6966 32.113 27.2934
    endloop
  endfacet
  facet normal -0.152792 0.589624 -0.793094
    outer loop
      vertex 56.5517 47.5236 41.6681
      vertex 72.1358 39.0145 32.3397
      vertex 61.4457 33.0363 29.9547
    endloop
  endfacet
  facet normal -0.152802 0.58956 -0.79314
    outer loop
      vertex 73.5236 46.8316 37.884
      vertex 56.5517 47.5236 41.6681
      vertex 74.3478 47.0471 37.8854
    endloop
  endfacet
  facet normal -0.152789 0.589628 -0.793092
    outer loop
      vertex 72.1358 39.0145 32.3397
      vertex 56.5517 47.5236 41.6681
      vertex 73.5236 46.8316 37.884
    endloop
  endfacet
  facet normal -0.152792 0.589624 -0.793094
    outer loop
      vertex 56.5517 47.5236 41.6681
      vertex 61.4457 33.0363 29.9547
      vertex 54.0151 33.2352 31.5341
    endloop
  endfacet
  facet normal -0.136509 -0.832212 -0.53739
    outer loop
      vertex 74.2837 44.2968 41.7792
      vertex 57.2698 44.7523 45.3957
      vertex 56.4875 44.7733 45.5619
    endloop
  endfacet
  facet normal 0.143293 0.807327 0.572442
    outer loop
      vertex 74.2837 44.2968 41.7792
      vertex 57.2395 44.869 45.2387
      vertex 57.2698 44.7523 45.3957
    endloop
  endfacet
  facet normal 0.143313 0.807244 0.572554
    outer loop
      vertex 73.8306 46.0453 39.4274
      vertex 57.2395 44.869 45.2387
      vertex 74.2837 44.2968 41.7792
    endloop
  endfacet
  facet normal 0.143302 0.807266 0.572526
    outer loop
      vertex 57.2395 44.869 45.2387
      vertex 73.8306 46.0453 39.4274
      vertex 74.3478 47.0471 37.8854
    endloop
  endfacet
  facet normal 0.143314 0.807247 0.57255
    outer loop
      vertex 74.3478 47.0471 37.8854
      vertex 56.5517 47.5236 41.6681
      vertex 57.2395 44.869 45.2387
    endloop
  endfacet
  facet normal 0.191259 -0.310141 0.931253
    outer loop
      vertex 71.217 26.1557 29.7406
      vertex 70.4976 18.233 27.2498
      vertex 71.2381 26.1552 29.7361
    endloop
  endfacet
  facet normal 0.189711 -0.310104 0.931582
    outer loop
      vertex 52.744 10.5494 28.3075
      vertex 70.4976 18.233 27.2498
      vertex 71.217 26.1557 29.7406
    endloop
  endfacet
  facet normal 0.18971 -0.310102 0.931583
    outer loop
      vertex 70.4976 18.233 27.2498
      vertex 52.744 10.5494 28.3075
      vertex 69.7367 10.0944 24.6956
    endloop
  endfacet
  facet normal 0.189715 -0.310108 0.93158
    outer loop
      vertex 53.2239 15.9096 29.9941
      vertex 71.217 26.1557 29.7406
      vertex 54.2243 26.6107 33.3526
    endloop
  endfacet
  facet normal 0.189715 -0.310109 0.93158
    outer loop
      vertex 53.2239 15.9096 29.9941
      vertex 52.744 10.5494 28.3075
      vertex 71.217 26.1557 29.7406
    endloop
  endfacet
  facet normal 0.189854 -0.310112 0.93155
    outer loop
      vertex 52.744 10.5494 28.3075
      vertex 53.2239 15.9096 29.9941
      vertex 52.7229 10.55 28.312
    endloop
  endfacet
  facet normal -0.189712 0.310093 -0.931586
    outer loop
      vertex 70.3465 27.6127 25.3577
      vertex 53.0642 25.1966 28.0729
      vertex 53.3326 28.0682 28.9741
    endloop
  endfacet
  facet normal -0.189707 0.310112 -0.931581
    outer loop
      vertex 53.0642 25.1966 28.0729
      vertex 63.9882 11.682 21.3495
      vertex 51.8312 12.0075 23.9335
    endloop
  endfacet
  facet normal -0.189712 0.3101 -0.931583
    outer loop
      vertex 53.0642 25.1966 28.0729
      vertex 70.3465 27.6127 25.3577
      vertex 69.7195 20.9057 23.2528
    endloop
  endfacet
  facet normal -0.189713 0.310112 -0.931579
    outer loop
      vertex 63.9882 11.682 21.3495
      vertex 69.7195 20.9057 23.2528
      vertex 68.8451 11.5519 20.3171
    endloop
  endfacet
  facet normal -0.189709 0.31011 -0.931581
    outer loop
      vertex 53.0642 25.1966 28.0729
      vertex 69.7195 20.9057 23.2528
      vertex 63.9882 11.682 21.3495
    endloop
  endfacet
  facet normal 0.208579 -2.08194e-05 0.978006
    outer loop
      vertex 69.4647 5.81993 24.0581
      vertex 69.1417 -7.61841 24.1267
      vertex 69.4858 5.81936 24.0536
    endloop
  endfacet
  facet normal 0.20791 -4.01795e-06 0.978148
    outer loop
      vertex 52.0604 -10.6199 27.7574
      vertex 69.1417 -7.61841 24.1267
      vertex 69.4647 5.81993 24.0581
    endloop
  endfacet
  facet normal 0.20791 -3.13719e-06 0.978148
    outer loop
      vertex 69.1417 -7.61841 24.1267
      vertex 52.0604 -10.6199 27.7574
      vertex 69.0532 -11.0749 24.1455
    endloop
  endfacet
  facet normal 0.207912 -1.72583e-06 0.978148
    outer loop
      vertex 52.158 -5.98245 27.7367
      vertex 64.7312 5.94666 25.0642
      vertex 52.4719 6.27489 27.67
    endloop
  endfacet
  facet normal 0.207905 6.43953e-06 0.978149
    outer loop
      vertex 52.158 -5.98245 27.7367
      vertex 69.4647 5.81993 24.0581
      vertex 64.7312 5.94666 25.0642
    endloop
  endfacet
  facet normal 0.207915 -9.6776e-06 0.978147
    outer loop
      vertex 52.158 -5.98245 27.7367
      vertex 52.0604 -10.6199 27.7574
      vertex 69.4647 5.81993 24.0581
    endloop
  endfacet
  facet normal 0.20818 -1.54972e-05 0.978091
    outer loop
      vertex 52.0604 -10.6199 27.7574
      vertex 52.158 -5.98245 27.7367
      vertex 51.7583 -10.6118 27.8217
    endloop
  endfacet
  facet normal -0.20791 3.13729e-06 -0.978148
    outer loop
      vertex 68.4875 5.81993 19.4608
      vertex 51.4062 2.81851 23.0915
      vertex 51.4947 6.27489 23.0727
    endloop
  endfacet
  facet normal -0.20791 2.91444e-06 -0.978148
    outer loop
      vertex 68.4875 5.81993 19.4608
      vertex 51.0621 -10.6194 23.1646
      vertex 51.4062 2.81851 23.0915
    endloop
  endfacet
  facet normal -0.208177 0.000299021 -0.978091
    outer loop
      vertex 51.0621 -10.6194 23.1646
      vertex 68.4875 5.81993 19.4608
      vertex 51.0616 -10.6404 23.1647
    endloop
  endfacet
  facet normal -0.208579 1.9479e-05 -0.978006
    outer loop
      vertex 68.3533 -0.244254 19.4893
      vertex 68.4875 5.81993 19.4608
      vertex 68.5086 5.81936 19.4563
    endloop
  endfacet
  facet normal -0.207914 6.18906e-06 -0.978147
    outer loop
      vertex 55.8167 -10.7467 22.154
      vertex 68.3533 -0.244254 19.4893
      vertex 68.3351 -11.0818 19.4931
    endloop
  endfacet
  facet normal -0.207939 3.76739e-05 -0.978142
    outer loop
      vertex 54.9253 -10.7228 22.3435
      vertex 68.3533 -0.244254 19.4893
      vertex 55.8167 -10.7467 22.154
    endloop
  endfacet
  facet normal -0.207914 4.1026e-06 -0.978147
    outer loop
      vertex 68.3533 -0.244254 19.4893
      vertex 54.9253 -10.7228 22.3435
      vertex 68.4875 5.81993 19.4608
    endloop
  endfacet
  facet normal -0.207899 -9.16504e-06 -0.97815
    outer loop
      vertex 54.9253 -10.7228 22.3435
      vertex 51.0616 -10.6404 23.1647
      vertex 68.4875 5.81993 19.4608
    endloop
  endfacet
  facet normal -0.207898 1.05493e-05 -0.97815
    outer loop
      vertex 51.0616 -10.6404 23.1647
      vertex 54.9253 -10.7228 22.3435
      vertex 51.0451 -11.2844 23.1682
    endloop
  endfacet
  facet normal 0.206724 0.31008 0.927963
    outer loop
      vertex 69.0639 -15.3494 24.8386
      vertex 69.7637 -31.4107 30.0496
      vertex 69.085 -15.35 24.8341
    endloop
  endfacet
  facet normal 0.205598 0.310109 0.928204
    outer loop
      vertex 69.7637 -31.4107 30.0496
      vertex 69.0639 -15.3494 24.8386
      vertex 52.7709 -30.9557 33.6615
    endloop
  endfacet
  facet normal 0.205599 0.310107 0.928204
    outer loop
      vertex 69.0639 -15.3494 24.8386
      vertex 52.2488 -19.1002 29.8163
      vertex 52.7709 -30.9557 33.6615
    endloop
  endfacet
  facet normal 0.2056 0.310105 0.928204
    outer loop
      vertex 69.0639 -15.3494 24.8386
      vertex 52.2 -17.9445 29.441
      vertex 52.2488 -19.1002 29.8163
    endloop
  endfacet
  facet normal 0.205597 0.310116 0.928201
    outer loop
      vertex 52.2 -17.9445 29.441
      vertex 69.0639 -15.3494 24.8386
      vertex 52.0711 -14.8944 28.4505
    endloop
  endfacet
  facet normal 0.205539 0.310108 0.928217
    outer loop
      vertex 52.7709 -30.9557 33.6615
      vertex 52.2488 -19.1002 29.8163
      vertex 52.0147 -30.9355 33.8222
    endloop
  endfacet
  facet normal -0.2056 -0.31011 -0.928203
    outer loop
      vertex 51.0727 -15.5917 23.8411
      vertex 68.1076 -16.7973 20.4706
      vertex 51.8046 -32.4132 29.299
    endloop
  endfacet
  facet normal -0.2056 -0.310185 -0.928178
    outer loop
      vertex 68.1076 -16.7973 20.4706
      vertex 51.0727 -15.5917 23.8411
      vertex 68.0865 -16.0472 20.2246
    endloop
  endfacet
  facet normal -0.205319 -0.310117 -0.928262
    outer loop
      vertex 51.0727 -15.5917 23.8411
      vertex 51.8046 -32.4132 29.299
      vertex 51.7835 -32.4127 29.3035
    endloop
  endfacet
  facet normal -0.205602 -0.310108 -0.928203
    outer loop
      vertex 68.5576 -32.8618 25.738
      vertex 51.8046 -32.4132 29.299
      vertex 68.1076 -16.7973 20.4706
    endloop
  endfacet
  facet normal 0.183001 0.589622 0.786675
    outer loop
      vertex 72.662 -49.5733 42.1239
      vertex 53.5459 -38.6451 38.38
      vertex 54.8659 -49.0968 45.9066
    endloop
  endfacet
  facet normal 0.183001 0.589621 0.786675
    outer loop
      vertex 53.0825 -34.809 35.6126
      vertex 53.5459 -38.6451 38.38
      vertex 72.662 -49.5733 42.1239
    endloop
  endfacet
  facet normal 0.181801 0.589658 0.786926
    outer loop
      vertex 53.5459 -38.6451 38.38
      vertex 53.0825 -34.809 35.6126
      vertex 53.0614 -34.8085 35.6171
    endloop
  endfacet
  facet normal 0.183077 0.589621 0.786658
    outer loop
      vertex 70.0753 -35.264 32.0007
      vertex 72.662 -49.5733 42.1239
      vertex 70.8575 -35.285 31.8344
    endloop
  endfacet
  facet normal 0.182994 0.58962 0.786678
    outer loop
      vertex 62.079 -35.0499 33.7003
      vertex 72.662 -49.5733 42.1239
      vertex 70.0753 -35.264 32.0007
    endloop
  endfacet
  facet normal 0.183004 0.589624 0.786672
    outer loop
      vertex 72.662 -49.5733 42.1239
      vertex 62.079 -35.0499 33.7003
      vertex 53.0825 -34.809 35.6126
    endloop
  endfacet
  facet normal -0.183158 -0.58962 -0.78664
    outer loop
      vertex 71.8019 -52.3445 38.4265
      vertex 70.4166 -42.7818 31.5814
      vertex 70.598 -42.8116 31.5615
    endloop
  endfacet
  facet normal -0.183298 -0.589618 -0.786609
    outer loop
      vertex 71.8019 -52.3445 38.4265
      vertex 70.2776 -42.759 31.5967
      vertex 70.4166 -42.7818 31.5814
    endloop
  endfacet
  facet normal -0.182908 -0.589619 -0.786698
    outer loop
      vertex 71.8019 -52.3445 38.4265
      vertex 69.6273 -42.6524 31.668
      vertex 70.2776 -42.759 31.5967
    endloop
  endfacet
  facet normal -0.182994 -0.589622 -0.786676
    outer loop
      vertex 69.6273 -42.6524 31.668
      vertex 60.1969 -37.7938 30.2201
      vertex 68.9504 -38.0281 28.3595
    endloop
  endfacet
  facet normal -0.183 -0.589623 -0.786674
    outer loop
      vertex 53.9545 -51.4624 41.9171
      vertex 69.6273 -42.6524 31.668
      vertex 71.8019 -52.3445 38.4265
    endloop
  endfacet
  facet normal -0.182996 -0.589662 -0.786646
    outer loop
      vertex 53.9545 -51.4624 41.9171
      vertex 71.8019 -52.3445 38.4265
      vertex 54.0058 -51.868 42.2092
    endloop
  endfacet
  facet normal -0.205218 -0.318941 -0.92529
    outer loop
      vertex 54.0058 -51.868 42.2092
      vertex 71.8019 -52.3445 38.4265
      vertex 53.2235 -51.8471 42.3755
    endloop
  endfacet
  facet normal -0.183003 -0.58962 -0.786676
    outer loop
      vertex 69.6273 -42.6524 31.668
      vertex 53.9545 -51.4624 41.9171
      vertex 53.2532 -45.9091 37.918
    endloop
  endfacet
  facet normal -0.182999 -0.589629 -0.78667
    outer loop
      vertex 69.6273 -42.6524 31.668
      vertex 53.2532 -45.9091 37.918
      vertex 60.1969 -37.7938 30.2201
    endloop
  endfacet
  facet normal -0.183014 -0.589619 -0.786673
    outer loop
      vertex 60.1969 -37.7938 30.2201
      vertex 53.2532 -45.9091 37.918
      vertex 52.127 -36.9914 31.4961
    endloop
  endfacet
  facet normal 0.101953 -0.807259 0.581324
    outer loop
      vertex 72.662 -49.5733 42.1239
      vertex 53.2235 -51.8471 42.3755
      vertex 71.8019 -52.3445 38.4265
    endloop
  endfacet
  facet normal 0.101961 -0.807226 0.581369
    outer loop
      vertex 54.6764 -49.7072 45.0923
      vertex 72.662 -49.5733 42.1239
      vertex 54.8659 -49.0968 45.9066
    endloop
  endfacet
  facet normal 0.101953 -0.807262 0.581321
    outer loop
      vertex 72.662 -49.5733 42.1239
      vertex 54.6764 -49.7072 45.0923
      vertex 53.2235 -51.8471 42.3755
    endloop
  endfacet
  facet normal 0.97781 -0.026177 -0.207852
    outer loop
      vertex 70.8575 -35.2851 31.8344
      vertex 70.7203 -41.7424 32.0022
      vertex 70.6348 -36.0026 30.8771
    endloop
  endfacet
  facet normal 0.984968 0 -0.172737
    outer loop
      vertex 72.662 -49.5733 42.1239
      vertex 70.8575 -35.2851 31.8344
      vertex 70.8575 -35.285 31.8344
    endloop
  endfacet
  facet normal 0.978088 -0.0261489 -0.206541
    outer loop
      vertex 70.8575 -35.2851 31.8344
      vertex 70.7224 -41.7847 32.0175
      vertex 70.7203 -41.7424 32.0022
    endloop
  endfacet
  facet normal 0.977809 -0.0261802 -0.207858
    outer loop
      vertex 70.8575 -35.2851 31.8344
      vertex 70.7598 -42.5331 32.2877
      vertex 70.7224 -41.7847 32.0175
    endloop
  endfacet
  facet normal 0.977814 -0.0261788 -0.207834
    outer loop
      vertex 70.8575 -35.2851 31.8344
      vertex 72.662 -49.5733 42.1239
      vertex 70.7598 -42.5331 32.2877
    endloop
  endfacet
  facet normal 0.977813 -0.0261832 -0.207837
    outer loop
      vertex 71.8019 -52.3445 38.4265
      vertex 70.7598 -42.5331 32.2877
      vertex 72.662 -49.5733 42.1239
    endloop
  endfacet
  facet normal 0.977816 -0.0261739 -0.207823
    outer loop
      vertex 70.7598 -42.5331 32.2877
      vertex 71.8019 -52.3445 38.4265
      vertex 70.598 -42.8116 31.5615
    endloop
  endfacet
  facet normal 0.0321717 -0.636506 0.770601
    outer loop
      vertex 105.577 28.3189 38.7465
      vertex 99.8181 15.2827 28.2192
      vertex 99.8504 15.2761 28.2124
    endloop
  endfacet
  facet normal 0.0325762 -0.636518 0.770574
    outer loop
      vertex 88.1097 31.8726 42.4204
      vertex 105.577 28.3189 38.7465
      vertex 88.1262 31.9163 42.4558
    endloop
  endfacet
  facet normal 0.0325464 -0.636597 0.770509
    outer loop
      vertex 105.577 28.3189 38.7465
      vertex 88.1097 31.8726 42.4204
      vertex 99.8181 15.2827 28.2192
    endloop
  endfacet
  facet normal 0.0325452 -0.636598 0.770509
    outer loop
      vertex 83.2742 19.0923 32.0655
      vertex 99.8181 15.2827 28.2192
      vertex 88.1097 31.8726 42.4204
    endloop
  endfacet
  facet normal 0.0325577 -0.636568 0.770533
    outer loop
      vertex 83.1341 18.722 31.7655
      vertex 99.8181 15.2827 28.2192
      vertex 83.2742 19.0923 32.0655
    endloop
  endfacet
  facet normal -0.0325464 0.636599 -0.770508
    outer loop
      vertex 87.9732 34.9083 38.8344
      vertex 104.292 30.5024 34.5049
      vertex 99.6651 18.2748 24.5978
    endloop
  endfacet
  facet normal -0.0325454 0.636602 -0.770506
    outer loop
      vertex 104.292 30.5024 34.5049
      vertex 87.9732 34.9083 38.8344
      vertex 104.657 31.469 35.2881
    endloop
  endfacet
  facet normal -0.0325502 0.636598 -0.770509
    outer loop
      vertex 87.9732 34.9083 38.8344
      vertex 99.6651 18.2748 24.5978
      vertex 82.9811 21.714 28.1441
    endloop
  endfacet
  facet normal 0.106222 0.915468 -0.388117
    outer loop
      vertex 88.1262 31.9163 42.4558
      vertex 105.577 28.3189 38.7465
      vertex 104.81 28.477 38.9095
    endloop
  endfacet
  facet normal 0.282047 0.745437 0.603964
    outer loop
      vertex 104.81 28.477 38.9095
      vertex 87.9732 34.9083 38.8344
      vertex 88.1262 31.9163 42.4558
    endloop
  endfacet
  facet normal 0.282036 0.745407 0.604006
    outer loop
      vertex 104.714 30.3596 36.631
      vertex 87.9732 34.9083 38.8344
      vertex 104.81 28.477 38.9095
    endloop
  endfacet
  facet normal 0.282044 0.745493 0.603897
    outer loop
      vertex 87.9732 34.9083 38.8344
      vertex 104.714 30.3596 36.631
      vertex 104.657 31.469 35.2881
    endloop
  endfacet
  facet normal 0.129165 -0.339472 0.931706
    outer loop
      vertex 77.5946 -0.733019 24.5722
      vertex 81.8969 14.8055 29.6373
      vertex 81.8762 14.8097 29.6417
    endloop
  endfacet
  facet normal 0.12815 -0.339261 0.931922
    outer loop
      vertex 81.8969 14.8055 29.6373
      vertex 77.5946 -0.733019 24.5722
      vertex 94.2579 -4.16803 21.0303
    endloop
  endfacet
  facet normal -0.127544 0.339135 -0.932051
    outer loop
      vertex 93.6555 -2.57351 16.6503
      vertex 98.0644 13.3514 21.8414
      vertex 93.6763 -2.57778 16.6459
    endloop
  endfacet
  facet normal -0.128147 0.33926 -0.931923
    outer loop
      vertex 93.6555 -2.57351 16.6503
      vertex 89.7794 15.0593 23.6024
      vertex 98.0644 13.3514 21.8414
    endloop
  endfacet
  facet normal -0.128157 0.339258 -0.931923
    outer loop
      vertex 81.2792 16.4236 25.268
      vertex 89.7794 15.0593 23.6024
      vertex 93.6555 -2.57351 16.6503
    endloop
  endfacet
  facet normal -0.128167 0.339216 -0.931937
    outer loop
      vertex 89.7794 15.0593 23.6024
      vertex 81.2792 16.4236 25.268
      vertex 81.4685 17.1108 25.4921
    endloop
  endfacet
  facet normal 0.128145 -0.339259 0.931924
    outer loop
      vertex 98.3983 10.7828 25.9037
      vertex 94.2579 -4.16803 21.0303
      vertex 95.0097 -4.32302 20.8705
    endloop
  endfacet
  facet normal 0.128145 -0.33928 0.931916
    outer loop
      vertex 81.8969 14.8055 29.6373
      vertex 98.3983 10.7828 25.9037
      vertex 98.5602 11.3705 26.0954
    endloop
  endfacet
  facet normal 0.128152 -0.339261 0.931922
    outer loop
      vertex 98.3983 10.7828 25.9037
      vertex 81.8969 14.8055 29.6373
      vertex 94.2579 -4.16803 21.0303
    endloop
  endfacet
  facet normal -0.207913 -0 -0.978147
    outer loop
      vertex 76.9923 0.861504 20.1922
      vertex 93.6555 -2.57351 16.6503
      vertex 76.9923 0.861503 20.1922
    endloop
  endfacet
  facet normal -0.128151 0.339262 -0.931922
    outer loop
      vertex 93.6555 -2.57351 16.6503
      vertex 76.9923 0.861504 20.1922
      vertex 81.2792 16.4236 25.268
    endloop
  endfacet
  facet normal 0.211316 -0.000702526 0.977417
    outer loop
      vertex 73.2777 -21.7636 24.6584
      vertex 76.5659 -5.20135 23.9594
      vertex 76.5451 -5.19708 23.9639
    endloop
  endfacet
  facet normal 0.207909 4.86917e-06 0.978148
    outer loop
      vertex 76.5659 -5.20135 23.9594
      vertex 73.2777 -21.7636 24.6584
      vertex 89.9409 -25.1986 21.1166
    endloop
  endfacet
  facet normal 0.211315 -0.000702333 0.977418
    outer loop
      vertex 93.2291 -8.63636 20.4176
      vertex 89.9409 -25.1986 21.1166
      vertex 89.9617 -25.2029 21.1121
    endloop
  endfacet
  facet normal 0.207911 4.46316e-06 0.978148
    outer loop
      vertex 82.0362 -6.32903 22.7967
      vertex 89.9409 -25.1986 21.1166
      vertex 93.2291 -8.63636 20.4176
    endloop
  endfacet
  facet normal 0.207904 1.49002e-06 0.978149
    outer loop
      vertex 89.9409 -25.1986 21.1166
      vertex 82.0362 -6.32903 22.7967
      vertex 76.5659 -5.20135 23.9594
    endloop
  endfacet
  facet normal -0.207884 1.27603e-05 -0.978153
    outer loop
      vertex 86.755 -24.7433 16.9887
      vertex 75.5887 -5.20135 19.3621
      vertex 89.5969 -26.1453 16.3847
    endloop
  endfacet
  facet normal -0.207921 -9.18862e-06 -0.978146
    outer loop
      vertex 74.7816 -9.18414 19.5337
      vertex 75.5887 -5.20135 19.3621
      vertex 86.755 -24.7433 16.9887
    endloop
  endfacet
  facet normal -0.207917 -1.00218e-05 -0.978146
    outer loop
      vertex 75.5887 -5.20135 19.3621
      vertex 74.7816 -9.18414 19.5337
      vertex 75.568 -5.19708 19.3665
    endloop
  endfacet
  facet normal -0.207912 -1.92122e-06 -0.978148
    outer loop
      vertex 74.7816 -9.18414 19.5337
      vertex 86.755 -24.7433 16.9887
      vertex 72.3005 -21.7636 20.0611
    endloop
  endfacet
  facet normal 0 -0.0417881 -0.999126
    outer loop
      vertex 92.111 -9.35125 15.8502
      vertex 92.2519 -8.63636 15.8203
      vertex 92.252 -8.63636 15.8203
    endloop
  endfacet
  facet normal -0.207895 6.39094e-05 -0.978151
    outer loop
      vertex 92.111 -9.35125 15.8502
      vertex 75.5887 -5.20135 19.3621
      vertex 92.2519 -8.63636 15.8203
    endloop
  endfacet
  facet normal -0.207912 -6.46038e-06 -0.978148
    outer loop
      vertex 75.5887 -5.20135 19.3621
      vertex 92.111 -9.35125 15.8502
      vertex 89.5969 -26.1453 16.3847
    endloop
  endfacet
  facet normal 0.262506 0.339424 0.903262
    outer loop
      vertex 89.2296 -29.6627 22.099
      vertex 89.2275 -29.8588 22.1733
      vertex 89.2503 -29.667 22.0946
    endloop
  endfacet
  facet normal 0.261808 0.339498 0.903437
    outer loop
      vertex 70.7224 -41.7847 32.0175
      vertex 89.2275 -29.8588 22.1733
      vertex 89.2296 -29.6627 22.099
    endloop
  endfacet
  facet normal 0.26199 0.33925 0.903477
    outer loop
      vertex 89.2275 -29.8588 22.1733
      vertex 70.7224 -41.7847 32.0175
      vertex 88.838 -33.1317 23.5152
    endloop
  endfacet
  facet normal 0.261978 0.33927 0.903473
    outer loop
      vertex 88.838 -33.1317 23.5152
      vertex 70.7224 -41.7847 32.0175
      vertex 87.3134 -45.9455 28.7691
    endloop
  endfacet
  facet normal 0.261979 0.339278 0.90347
    outer loop
      vertex 87.3134 -45.9455 28.7691
      vertex 70.7224 -41.7847 32.0175
      vertex 70.7598 -42.5331 32.2877
    endloop
  endfacet
  facet normal -0.278584 -0.793478 -0.541095
    outer loop
      vertex 70.7598 -42.5331 32.2877
      vertex 88.0805 -46.1036 28.606
      vertex 87.3134 -45.9455 28.7691
    endloop
  endfacet
  facet normal -0.109434 -0.919685 0.377099
    outer loop
      vertex 68.631 -43.9426 28.2321
      vertex 86.7778 -46.639 26.9222
      vertex 88.0805 -46.1036 28.606
    endloop
  endfacet
  facet normal -0.109438 -0.919696 0.377071
    outer loop
      vertex 68.631 -43.9426 28.2321
      vertex 86.0821 -47.54 24.5227
      vertex 86.7778 -46.639 26.9222
    endloop
  endfacet
  facet normal 0.0726597 0.864791 -0.496848
    outer loop
      vertex 86.0821 -47.54 24.5227
      vertex 68.631 -43.9426 28.2321
      vertex 86.8492 -47.6981 24.3597
    endloop
  endfacet
  facet normal 0.261975 0.339266 0.903475
    outer loop
      vertex 72.0871 -30.2554 27.2923
      vertex 78.9552 -27.5447 24.2829
      vertex 72.5663 -26.2277 25.6409
    endloop
  endfacet
  facet normal 0.261972 0.339271 0.903474
    outer loop
      vertex 70.7203 -41.7424 32.0022
      vertex 78.9552 -27.5447 24.2829
      vertex 72.0871 -30.2554 27.2923
    endloop
  endfacet
  facet normal 0.261978 0.339268 0.903474
    outer loop
      vertex 78.9552 -27.5447 24.2829
      vertex 70.7203 -41.7424 32.0022
      vertex 89.2296 -29.6627 22.099
    endloop
  endfacet
  facet normal 0.261623 0.339749 0.903396
    outer loop
      vertex 89.2296 -29.6627 22.099
      vertex 70.7203 -41.7424 32.0022
      vertex 70.7224 -41.7847 32.0175
    endloop
  endfacet
  facet normal -0.261984 -0.339277 -0.903469
    outer loop
      vertex 70.8931 -31.5361 22.9173
      vertex 71.3557 -27.8265 21.3901
      vertex 86.8492 -47.6981 24.3597
    endloop
  endfacet
  facet normal -0.26208 -0.339257 -0.903448
    outer loop
      vertex 71.3557 -27.8265 21.3901
      vertex 70.8931 -31.5361 22.9173
      vertex 70.9771 -27.7484 21.4706
    endloop
  endfacet
  facet normal -0.261941 -0.339238 -0.903496
    outer loop
      vertex 86.8492 -47.6981 24.3597
      vertex 70.835 -32.0247 23.1176
      vertex 70.8931 -31.5361 22.9173
    endloop
  endfacet
  facet normal -0.261971 -0.339267 -0.903476
    outer loop
      vertex 86.8492 -47.6981 24.3597
      vertex 70.5577 -34.3551 24.0731
      vertex 70.835 -32.0247 23.1176
    endloop
  endfacet
  facet normal -0.261975 -0.339271 -0.903473
    outer loop
      vertex 86.8492 -47.6981 24.3597
      vertex 69.3981 -44.1007 28.069
      vertex 70.5577 -34.3551 24.0731
    endloop
  endfacet
  facet normal -0.27641 -0.813848 -0.511126
    outer loop
      vertex 69.3981 -44.1007 28.069
      vertex 86.8492 -47.6981 24.3597
      vertex 68.631 -43.9426 28.2321
    endloop
  endfacet
  facet normal -0.109696 -0.919622 0.377176
    outer loop
      vertex 70.4166 -42.7818 31.5814
      vertex 70.1457 -43.1326 30.6473
      vertex 70.598 -42.8116 31.5615
    endloop
  endfacet
  facet normal -0.109432 -0.919691 0.377086
    outer loop
      vertex 70.598 -42.8116 31.5615
      vertex 88.0805 -46.1036 28.606
      vertex 70.7598 -42.5331 32.2877
    endloop
  endfacet
  facet normal -0.109435 -0.919696 0.377073
    outer loop
      vertex 70.1457 -43.1326 30.6473
      vertex 88.0805 -46.1036 28.606
      vertex 70.598 -42.8116 31.5615
    endloop
  endfacet
  facet normal -0.109435 -0.919695 0.377076
    outer loop
      vertex 88.0805 -46.1036 28.606
      vertex 70.1457 -43.1326 30.6473
      vertex 68.631 -43.9426 28.2321
    endloop
  endfacet
  facet normal -0.261977 -0.339272 -0.903472
    outer loop
      vertex 87.3269 -37.078 20.2331
      vertex 71.3557 -27.8265 21.3901
      vertex 88.019 -31.2615 17.8482
    endloop
  endfacet
  facet normal -0.261978 -0.339274 -0.903472
    outer loop
      vertex 71.3557 -27.8265 21.3901
      vertex 87.3269 -37.078 20.2331
      vertex 86.8492 -47.6981 24.3597
    endloop
  endfacet
  facet normal 0.958849 -0.197665 -0.203805
    outer loop
      vertex 124.162 24.7189 34.7961
      vertex 119.138 11.4943 23.9857
      vertex 118.988 14.4289 20.4338
    endloop
  endfacet
  facet normal 0.95856 -0.192422 -0.210085
    outer loop
      vertex 119.138 11.4943 23.9857
      vertex 124.162 24.7189 34.7961
      vertex 119.134 11.4283 24.0279
    endloop
  endfacet
  facet normal 0.95885 -0.197655 -0.203813
    outer loop
      vertex 118.988 14.4289 20.4338
      vertex 124.009 27.7109 31.1747
      vertex 124.162 24.7189 34.7961
    endloop
  endfacet
  facet normal 0.958335 -0.189273 -0.213937
    outer loop
      vertex 124.009 27.7109 31.1747
      vertex 118.988 14.4289 20.4338
      vertex 118.791 13.9203 20.0013
    endloop
  endfacet
  facet normal 0.03255 -0.636598 0.770509
    outer loop
      vertex 124.162 24.7189 34.7961
      vertex 106.711 28.3163 38.5055
      vertex 101.719 15.122 27.8152
    endloop
  endfacet
  facet normal 0.0325471 -0.636594 0.770512
    outer loop
      vertex 124.162 24.7189 34.7961
      vertex 101.719 15.122 27.8152
      vertex 119.17 11.5246 24.1059
    endloop
  endfacet
  facet normal -0.0425021 -0.619196 0.784085
    outer loop
      vertex 119.134 11.4283 24.0279
      vertex 124.162 24.7189 34.7961
      vertex 119.17 11.5246 24.1059
    endloop
  endfacet
  facet normal -0.0326585 0.636619 -0.770486
    outer loop
      vertex 118.519 14.6192 20.5903
      vertex 124.009 27.7109 31.1747
      vertex 118.791 13.9203 20.0013
    endloop
  endfacet
  facet normal -0.032288 0.636534 -0.770573
    outer loop
      vertex 118.25 14.6748 20.6475
      vertex 124.009 27.7109 31.1747
      vertex 118.519 14.6192 20.5903
    endloop
  endfacet
  facet normal -0.0325466 0.636597 -0.770509
    outer loop
      vertex 106.332 30.712 34.4009
      vertex 124.009 27.7109 31.1747
      vertex 118.25 14.6748 20.6475
    endloop
  endfacet
  facet normal -0.0325277 0.636656 -0.770461
    outer loop
      vertex 124.009 27.7109 31.1747
      vertex 106.332 30.712 34.4009
      vertex 106.558 31.3083 34.8841
    endloop
  endfacet
  facet normal -0.0325513 0.636595 -0.770511
    outer loop
      vertex 106.332 30.712 34.4009
      vertex 118.25 14.6748 20.6475
      vertex 101.566 18.114 24.1938
    endloop
  endfacet
  facet normal 0.282046 0.745438 0.603964
    outer loop
      vertex 124.162 24.7189 34.7961
      vertex 106.558 31.3083 34.8841
      vertex 106.711 28.3163 38.5055
    endloop
  endfacet
  facet normal 0.282046 0.745438 0.603964
    outer loop
      vertex 106.558 31.3083 34.8841
      vertex 124.162 24.7189 34.7961
      vertex 124.009 27.7109 31.1747
    endloop
  endfacet
  facet normal 0.128171 -0.339269 0.931917
    outer loop
      vertex 117.124 7.77473 22.1495
      vertex 113.63 -7.93043 16.9125
      vertex 117.912 7.61233 21.982
    endloop
  endfacet
  facet normal 0.128343 -0.339296 0.931883
    outer loop
      vertex 117.124 7.77473 22.1495
      vertex 113.399 -7.88268 16.9617
      vertex 113.63 -7.93043 16.9125
    endloop
  endfacet
  facet normal 0.128143 -0.339262 0.931923
    outer loop
      vertex 117.124 7.77473 22.1495
      vertex 105.507 -6.2559 18.6391
      vertex 113.399 -7.88268 16.9617
    endloop
  endfacet
  facet normal 0.128152 -0.339268 0.93192
    outer loop
      vertex 105.507 -6.2559 18.6391
      vertex 117.124 7.77473 22.1495
      vertex 96.2001 -4.33729 20.6174
    endloop
  endfacet
  facet normal -0.0377196 -0.300459 0.953049
    outer loop
      vertex 117.912 7.61233 21.982
      vertex 113.63 -7.93043 16.9125
      vertex 113.629 -7.9376 16.9102
    endloop
  endfacet
  facet normal 0.958836 -0.197601 -0.203932
    outer loop
      vertex 117.512 9.9426 17.842
      vertex 113.469 -7.50215 15.736
      vertex 113.028 -6.33591 12.5325
    endloop
  endfacet
  facet normal 0.958863 -0.197625 -0.20378
    outer loop
      vertex 113.469 -7.50215 15.736
      vertex 117.512 9.9426 17.842
      vertex 113.603 -7.86932 16.7226
    endloop
  endfacet
  facet normal 0.128158 -0.339278 0.931915
    outer loop
      vertex 114.406 8.33512 22.7273
      vertex 96.2001 -4.33729 20.6174
      vertex 117.124 7.77473 22.1495
    endloop
  endfacet
  facet normal 0.128141 -0.339256 0.931926
    outer loop
      vertex 111.774 8.87764 23.2867
      vertex 96.2001 -4.33729 20.6174
      vertex 114.406 8.33512 22.7273
    endloop
  endfacet
  facet normal 0.128147 -0.339262 0.931923
    outer loop
      vertex 100.461 11.2097 25.6913
      vertex 96.2001 -4.33729 20.6174
      vertex 111.774 8.87764 23.2867
    endloop
  endfacet
  facet normal 0.12811 -0.339254 0.93193
    outer loop
      vertex 96.2001 -4.33729 20.6174
      vertex 100.461 11.2097 25.6913
      vertex 96.1794 -4.33302 20.6218
    endloop
  endfacet
  facet normal -0.128163 0.339264 -0.93192
    outer loop
      vertex 113.028 -6.33591 12.5325
      vertex 117.175 9.42029 17.6982
      vertex 117.512 9.9426 17.842
    endloop
  endfacet
  facet normal -0.128138 0.339259 -0.931925
    outer loop
      vertex 113.028 -6.33591 12.5325
      vertex 116.562 9.43571 17.7881
      vertex 117.175 9.42029 17.6982
    endloop
  endfacet
  facet normal -0.128154 0.339262 -0.931922
    outer loop
      vertex 113.028 -6.33591 12.5325
      vertex 103.307 12.2791 20.646
      vertex 116.562 9.43571 17.7881
    endloop
  endfacet
  facet normal -0.128148 0.339265 -0.931921
    outer loop
      vertex 97.0975 2.78073 18.042
      vertex 103.307 12.2791 20.646
      vertex 113.028 -6.33591 12.5325
    endloop
  endfacet
  facet normal -0.128136 0.339257 -0.931926
    outer loop
      vertex 103.307 12.2791 20.646
      vertex 97.0975 2.78073 18.042
      vertex 99.2943 13.6981 21.7143
    endloop
  endfacet
  facet normal -0.128148 0.339265 -0.931921
    outer loop
      vertex 97.0975 2.78073 18.042
      vertex 113.028 -6.33591 12.5325
      vertex 95.5771 -2.7385 16.2418
    endloop
  endfacet
  facet normal 0.958855 -0.197621 -0.203824
    outer loop
      vertex 117.776 7.97166 20.9949
      vertex 113.603 -7.86932 16.7226
      vertex 117.512 9.9426 17.842
    endloop
  endfacet
  facet normal 0.958825 -0.19756 -0.204021
    outer loop
      vertex 117.912 7.61233 21.982
      vertex 113.603 -7.86932 16.7226
      vertex 117.776 7.97166 20.9949
    endloop
  endfacet
  facet normal 0.958735 -0.197308 -0.204687
    outer loop
      vertex 113.603 -7.86932 16.7226
      vertex 117.912 7.61233 21.982
      vertex 113.629 -7.9376 16.9102
    endloop
  endfacet
  facet normal 0.207806 3.23296e-05 0.97817
    outer loop
      vertex 111.793 -12.2321 16.4716
      vertex 109.314 -28.9611 16.9988
      vertex 112.581 -12.3945 16.3042
    endloop
  endfacet
  facet normal 0.207894 1.86889e-05 0.978151
    outer loop
      vertex 111.793 -12.2321 16.4716
      vertex 103.721 -27.8082 18.1875
      vertex 109.314 -28.9611 16.9988
    endloop
  endfacet
  facet normal 0.207913 8.21791e-06 0.978147
    outer loop
      vertex 103.721 -27.8082 18.1875
      vertex 111.793 -12.2321 16.4716
      vertex 91.8832 -25.3679 20.7037
    endloop
  endfacet
  facet normal 0 0.0419377 0.99912
    outer loop
      vertex 94.9119 -9.90251 20.0599
      vertex 95.13 -8.79708 20.0135
      vertex 95.1299 -8.79708 20.0135
    endloop
  endfacet
  facet normal 0.207922 3.44339e-05 0.978145
    outer loop
      vertex 95.13 -8.79708 20.0135
      vertex 94.9119 -9.90251 20.0599
      vertex 111.793 -12.2321 16.4716
    endloop
  endfacet
  facet normal 0.207918 6.12763e-07 0.978146
    outer loop
      vertex 94.9119 -9.90251 20.0599
      vertex 91.8832 -25.3679 20.7037
      vertex 111.793 -12.2321 16.4716
    endloop
  endfacet
  facet normal 0.207915 1.11568e-06 0.978147
    outer loop
      vertex 94.9119 -9.90251 20.0599
      vertex 91.8625 -25.3636 20.7081
      vertex 91.8832 -25.3679 20.7037
    endloop
  endfacet
  facet normal 0.207927 -1.33727e-06 0.978144
    outer loop
      vertex 91.8625 -25.3636 20.7081
      vertex 94.9119 -9.90251 20.0599
      vertex 91.1324 -25.2131 20.8633
    endloop
  endfacet
  facet normal -0.208236 -0.00164059 -0.978077
    outer loop
      vertex 110.816 -12.2321 11.8743
      vertex 94.1274 -8.79702 15.4216
      vertex 94.1283 -8.79202 15.4214
    endloop
  endfacet
  facet normal -0.207913 3.56872e-06 -0.978147
    outer loop
      vertex 94.062 -9.14291 15.4355
      vertex 94.1274 -8.79702 15.4216
      vertex 110.816 -12.2321 11.8743
    endloop
  endfacet
  facet normal -0.316154 0.0216625 -0.948461
    outer loop
      vertex 94.1274 -8.79702 15.4216
      vertex 94.062 -9.14291 15.4355
      vertex 94.1271 -8.79702 15.4217
    endloop
  endfacet
  facet normal -0.207914 -4.05234e-06 -0.978147
    outer loop
      vertex 94.062 -9.14291 15.4355
      vertex 110.816 -12.2321 11.8743
      vertex 90.8378 -25.4129 16.1209
    endloop
  endfacet
  facet normal -0.207805 -2.93695e-05 -0.97817
    outer loop
      vertex 108.182 -29.7453 12.4344
      vertex 110.816 -12.2321 11.8743
      vertex 111.604 -12.3945 11.7069
    endloop
  endfacet
  facet normal -0.207908 -1.31762e-05 -0.978148
    outer loop
      vertex 108.182 -29.7453 12.4344
      vertex 90.8378 -25.4129 16.1209
      vertex 110.816 -12.2321 11.8743
    endloop
  endfacet
  facet normal -0.207927 -9.17866e-05 -0.978144
    outer loop
      vertex 90.8378 -25.4129 16.1209
      vertex 108.182 -29.7453 12.4344
      vertex 90.6937 -26.1402 16.1516
    endloop
  endfacet
  facet normal 0.958119 -0.197634 -0.207239
    outer loop
      vertex 109.271 -28.9611 16.8
      vertex 112.581 -12.3945 16.3042
      vertex 109.314 -28.9611 16.9988
    endloop
  endfacet
  facet normal 0.958843 -0.197676 -0.203824
    outer loop
      vertex 112.581 -12.3945 16.3042
      vertex 109.271 -28.9611 16.8
      vertex 111.646 -12.3945 11.9057
    endloop
  endfacet
  facet normal 0.958914 -0.197607 -0.203556
    outer loop
      vertex 108.698 -28.9611 14.1007
      vertex 111.646 -12.3945 11.9057
      vertex 109.271 -28.9611 16.8
    endloop
  endfacet
  facet normal 0.958822 -0.197644 -0.203953
    outer loop
      vertex 108.34 -29.0185 12.4733
      vertex 111.646 -12.3945 11.9057
      vertex 108.698 -28.9611 14.1007
    endloop
  endfacet
  facet normal 0.959101 -0.197654 -0.202627
    outer loop
      vertex 111.646 -12.3945 11.9057
      vertex 108.34 -29.0185 12.4733
      vertex 111.604 -12.3945 11.7069
    endloop
  endfacet
  facet normal 0.959099 -0.197654 -0.202639
    outer loop
      vertex 111.604 -12.3945 11.7069
      vertex 108.34 -29.0185 12.4733
      vertex 108.182 -29.7453 12.4344
    endloop
  endfacet
  facet normal 0.261887 0.339288 0.903492
    outer loop
      vertex 89.7811 -41.3415 26.4115
      vertex 91.1719 -29.832 21.6862
      vertex 90.4301 -29.6791 21.8438
    endloop
  endfacet
  facet normal 0.261984 0.339268 0.903472
    outer loop
      vertex 91.1719 -29.832 21.6862
      vertex 89.7811 -41.3415 26.4115
      vertex 106.665 -49.7036 24.6557
    endloop
  endfacet
  facet normal 0.261981 0.339261 0.903475
    outer loop
      vertex 89.3018 -45.3705 28.0634
      vertex 106.665 -49.7036 24.6557
      vertex 89.7811 -41.3415 26.4115
    endloop
  endfacet
  facet normal 0.261987 0.339301 0.903459
    outer loop
      vertex 106.665 -49.7036 24.6557
      vertex 89.3018 -45.3705 28.0634
      vertex 89.2142 -46.1062 28.3651
    endloop
  endfacet
  facet normal -0.0826598 0.386475 0.918588
    outer loop
      vertex 105.434 -51.2981 20.4094
      vertex 107.371 -35.0196 13.7349
      vertex 107.458 -34.2839 13.4332
    endloop
  endfacet
  facet normal -0.261861 -0.339293 -0.903498
    outer loop
      vertex 105.434 -51.2981 20.4094
      vertex 106.583 -34.8572 13.9023
      vertex 107.371 -35.0196 13.7349
    endloop
  endfacet
  facet normal -0.261977 -0.339274 -0.903472
    outer loop
      vertex 105.434 -51.2981 20.4094
      vertex 88.0681 -46.9843 23.825
      vertex 106.583 -34.8572 13.9023
    endloop
  endfacet
  facet normal -0.261971 -0.339243 -0.903485
    outer loop
      vertex 88.0681 -46.9843 23.825
      vertex 105.434 -51.2981 20.4094
      vertex 87.9829 -47.7007 24.1187
    endloop
  endfacet
  facet normal -0.261979 -0.339271 -0.903472
    outer loop
      vertex 106.583 -34.8572 13.9023
      vertex 88.622 -42.3297 21.9165
      vertex 89.9198 -31.4222 17.4442
    endloop
  endfacet
  facet normal -0.261991 -0.339249 -0.903477
    outer loop
      vertex 106.583 -34.8572 13.9023
      vertex 88.28 -45.2036 23.0948
      vertex 88.622 -42.3297 21.9165
    endloop
  endfacet
  facet normal -0.261858 -0.33945 -0.90344
    outer loop
      vertex 106.583 -34.8572 13.9023
      vertex 88.2607 -45.3657 23.1613
      vertex 88.28 -45.2036 23.0948
    endloop
  endfacet
  facet normal -0.261963 -0.339292 -0.903469
    outer loop
      vertex 88.2607 -45.3657 23.1613
      vertex 106.583 -34.8572 13.9023
      vertex 88.0681 -46.9843 23.825
    endloop
  endfacet
  facet normal 0.261977 0.339266 0.903475
    outer loop
      vertex 107.835 -33.267 18.1443
      vertex 95.3168 -30.6864 20.8051
      vertex 106.665 -49.7036 24.6557
    endloop
  endfacet
  facet normal 0.26199 0.339272 0.903469
    outer loop
      vertex 106.665 -49.7036 24.6557
      vertex 95.3168 -30.6864 20.8051
      vertex 91.1719 -29.832 21.6862
    endloop
  endfacet
  facet normal 0.262047 0.339254 0.903459
    outer loop
      vertex 108.602 -33.4251 17.9812
      vertex 107.835 -33.267 18.1443
      vertex 106.665 -49.7036 24.6557
    endloop
  endfacet
  facet normal 0.958891 -0.197586 -0.203686
    outer loop
      vertex 107.948 -34.2719 15.7261
      vertex 106.665 -49.7036 24.6557
      vertex 107.428 -34.8762 13.8643
    endloop
  endfacet
  facet normal 0.958839 -0.197674 -0.203845
    outer loop
      vertex 106.665 -49.7036 24.6557
      vertex 107.948 -34.2719 15.7261
      vertex 108.602 -33.4251 17.9812
    endloop
  endfacet
  facet normal 0.958864 -0.197639 -0.20376
    outer loop
      vertex 105.434 -51.2981 20.4094
      vertex 107.428 -34.8762 13.8643
      vertex 106.665 -49.7036 24.6557
    endloop
  endfacet
  facet normal 0.955733 -0.201577 -0.214339
    outer loop
      vertex 107.384 -34.9328 13.7135
      vertex 105.434 -51.2981 20.4094
      vertex 107.458 -34.2839 13.4332
    endloop
  endfacet
  facet normal 0.958431 -0.198185 -0.205263
    outer loop
      vertex 107.428 -34.8762 13.8643
      vertex 105.434 -51.2981 20.4094
      vertex 107.384 -34.9328 13.7135
    endloop
  endfacet
  facet normal -0.109439 -0.919695 0.377074
    outer loop
      vertex 89.2142 -46.1062 28.3651
      vertex 87.9829 -47.7007 24.1187
      vertex 105.434 -51.2981 20.4094
    endloop
  endfacet
  facet normal -0.109438 -0.919695 0.377075
    outer loop
      vertex 89.2142 -46.1062 28.3651
      vertex 105.434 -51.2981 20.4094
      vertex 106.665 -49.7036 24.6557
    endloop
  endfacet
  facet normal 0.27542 -0.696267 0.662839
    outer loop
      vertex 5.4034 36.6723 64.21
      vertex 4.63449 36.5237 64.3734
      vertex 5.38806 36.1176 63.6337
    endloop
  endfacet
  facet normal -0.195122 0.706823 -0.679948
    outer loop
      vertex 13.3776 43.2409 59.5572
      vertex 12.6763 43.7482 60.2858
      vertex 13.4569 43.804 60.1198
    endloop
  endfacet
  facet normal -0.937929 -0.345819 0.0264167
    outer loop
      vertex 4.63449 36.5237 64.3734
      vertex 3.34016 39.7962 61.2581
      vertex 3.39466 39.6584 61.3892
    endloop
  endfacet
  facet normal 0.275418 -0.696269 0.662838
    outer loop
      vertex 4.29501 24.2514 51.6232
      vertex 5.38806 36.1176 63.6337
      vertex 4.63449 36.5237 64.3734
    endloop
  endfacet
  facet normal 0.273636 -0.696551 0.66328
    outer loop
      vertex 5.38806 36.1176 63.6337
      vertex 4.29501 24.2514 51.6232
      vertex 4.32976 24.2581 51.6159
    endloop
  endfacet
  facet normal -0.356183 0.685106 -0.635424
    outer loop
      vertex 10.8415 30.7261 47.274
      vertex 3.34016 39.7962 61.2581
      vertex 12.597 43.1851 59.7231
    endloop
  endfacet
  facet normal 0.998967 0.0164044 -0.0423875
    outer loop
      vertex 4.61915 35.969 63.7972
      vertex 4.29501 24.2514 51.6232
      vertex 4.63449 36.5237 64.3734
    endloop
  endfacet
  facet normal 0.265783 -0.422363 0.866585
    outer loop
      vertex 5.4034 36.6723 64.21
      vertex 14.3737 40.4818 63.3155
      vertex 4.63449 36.5237 64.3734
    endloop
  endfacet
  facet normal 0.352537 -0.678894 0.644065
    outer loop
      vertex 5.4034 36.6723 64.21
      vertex 5.38806 36.1176 63.6337
      vertex 14.3737 40.4818 63.3155
    endloop
  endfacet
  facet normal -0.902701 -0.400544 -0.157146
    outer loop
      vertex 13.5244 43.5596 60.355
      vertex 13.4955 43.6642 60.2544
      vertex 13.4569 43.804 60.1198
    endloop
  endfacet
  facet normal 0.218773 -0.289228 0.931926
    outer loop
      vertex 13.5931 40.4259 63.4814
      vertex 4.63449 36.5237 64.3734
      vertex 14.3737 40.4818 63.3155
    endloop
  endfacet
  facet normal -0.195061 0.706866 -0.67992
    outer loop
      vertex 13.3776 43.2409 59.5572
      vertex 10.8415 30.7261 47.274
      vertex 12.6763 43.7482 60.2858
    endloop
  endfacet
  facet normal 0.275505 -0.696252 0.66282
    outer loop
      vertex 4.72542 24.3346 51.5318
      vertex 5.38806 36.1176 63.6337
      vertex 4.32976 24.2581 51.6159
    endloop
  endfacet
  facet normal 0.276347 -0.696102 0.662627
    outer loop
      vertex 4.78484 24.3461 51.5191
      vertex 5.38806 36.1176 63.6337
      vertex 4.72542 24.3346 51.5318
    endloop
  endfacet
  facet normal 0.275324 -0.696287 0.662858
    outer loop
      vertex 5.38806 36.1176 63.6337
      vertex 4.78484 24.3461 51.5191
      vertex 5.06392 24.4 51.4598
    endloop
  endfacet
  facet normal 0.999618 -0.0276521 0
    outer loop
      vertex 4.61915 35.969 63.7972
      vertex 4.29501 24.2514 51.6233
      vertex 4.29501 24.2514 51.6232
    endloop
  endfacet
  facet normal -0.198923 0.650309 0.733163
    outer loop
      vertex 12.6763 43.7482 60.2858
      vertex 3.34016 39.7962 61.2581
      vertex 13.5931 40.4259 63.4814
    endloop
  endfacet
  facet normal -0.201045 0.632536 0.747983
    outer loop
      vertex 13.5931 40.4259 63.4814
      vertex 3.34016 39.7962 61.2581
      vertex 4.63449 36.5237 64.3734
    endloop
  endfacet
  facet normal 0.377081 -0.680698 0.628061
    outer loop
      vertex 5.43922 24.5422 51.4043
      vertex 12.7991 29.3065 52.1491
      vertex 14.3737 40.4817 63.3155
    endloop
  endfacet
  facet normal 0.377083 -0.680701 0.628056
    outer loop
      vertex 12.7991 29.3065 52.1491
      vertex 5.43922 24.5422 51.4043
      vertex 12.6182 28.0227 50.8663
    endloop
  endfacet
  facet normal 0.0353899 0 0.999374
    outer loop
      vertex 5.38806 36.1176 63.6337
      vertex 14.3737 40.4817 63.3155
      vertex 14.3737 40.4818 63.3155
    endloop
  endfacet
  facet normal 0 -0.72048 0.693475
    outer loop
      vertex 5.06393 24.4 51.4598
      vertex 5.38806 36.1176 63.6337
      vertex 5.06392 24.4 51.4598
    endloop
  endfacet
  facet normal 0.352492 -0.678908 0.644076
    outer loop
      vertex 5.43922 24.5422 51.4043
      vertex 5.38806 36.1176 63.6337
      vertex 5.06393 24.4 51.4598
    endloop
  endfacet
  facet normal 0.352531 -0.678897 0.644066
    outer loop
      vertex 5.38806 36.1176 63.6337
      vertex 5.43922 24.5422 51.4043
      vertex 14.3737 40.4817 63.3155
    endloop
  endfacet
  facet normal 0.328852 0.676018 -0.659436
    outer loop
      vertex 3.34016 39.7962 61.2581
      vertex 2.99627 27.3646 48.3424
      vertex 3.00067 27.5239 48.5079
    endloop
  endfacet
  facet normal -0.650303 -0.538606 0.535733
    outer loop
      vertex 2.99627 27.3646 48.3424
      vertex 3.34016 39.7962 61.2581
      vertex 2.98533 26.9692 47.9316
    endloop
  endfacet
  facet normal -0.375129 0.672836 -0.637628
    outer loop
      vertex 10.8415 30.7261 47.274
      vertex 2.98533 26.9692 47.9316
      vertex 3.34016 39.7962 61.2581
    endloop
  endfacet
  facet normal -0.356185 0.685118 -0.635409
    outer loop
      vertex 12.597 43.1851 59.7231
      vertex 3.34016 39.7962 61.2581
      vertex 12.6763 43.7482 60.2858
    endloop
  endfacet
  facet normal 0.593832 -0.609033 0.525778
    outer loop
      vertex 12.6763 43.7482 60.2858
      vertex 10.8415 30.7261 47.274
      vertex 12.597 43.1851 59.7231
    endloop
  endfacet
  facet normal 0.0992513 0.703898 0.703332
    outer loop
      vertex 13.4569 43.804 60.1198
      vertex 12.6763 43.7482 60.2858
      vertex 13.5931 40.4259 63.4814
    endloop
  endfacet
  facet normal 0.0977025 0.703975 0.703472
    outer loop
      vertex 13.5244 43.5596 60.355
      vertex 13.4569 43.804 60.1198
      vertex 13.5931 40.4259 63.4814
    endloop
  endfacet
  facet normal -0.195089 0.706865 -0.679913
    outer loop
      vertex 11.7014 31.345 47.6707
      vertex 10.8415 30.7261 47.274
      vertex 13.3776 43.2409 59.5572
    endloop
  endfacet
  facet normal -0.424709 -0.609324 0.669587
    outer loop
      vertex 11.6993 31.3302 47.6559
      vertex 11.6433 30.9322 47.2582
      vertex 11.7014 31.345 47.6707
    endloop
  endfacet
  facet normal -0.540369 0.631625 -0.555924
    outer loop
      vertex 13.3776 43.2409 59.5572
      vertex 11.7859 31.9445 48.2697
      vertex 11.7014 31.345 47.6707
    endloop
  endfacet
  facet normal -0.555008 -0.547508 0.626259
    outer loop
      vertex 11.7014 31.345 47.6707
      vertex 11.7859 31.9445 48.2697
      vertex 11.6993 31.3302 47.6559
    endloop
  endfacet
  facet normal -0.195097 0.70687 -0.679905
    outer loop
      vertex 11.6433 30.9322 47.2582
      vertex 10.8415 30.7261 47.274
      vertex 11.7014 31.345 47.6707
    endloop
  endfacet
  facet normal -0.961148 -0.18564 0.204285
    outer loop
      vertex -14.3247 19.3357 48.6433
      vertex -13.5654 21.8017 54.4567
      vertex -14.4424 23.9664 52.2976
    endloop
  endfacet
  facet normal -0.961041 -0.18587 0.204579
    outer loop
      vertex -14.3247 19.3357 48.6433
      vertex -14.4424 23.9664 52.2976
      vertex -14.49 24.0844 52.1812
    endloop
  endfacet
  facet normal -0.961126 -0.185721 0.204316
    outer loop
      vertex -13.5654 21.8017 54.4567
      vertex -14.3247 19.3357 48.6433
      vertex -13.1977 20.8722 55.3415
    endloop
  endfacet
  facet normal 0.273879 -0.547176 0.790942
    outer loop
      vertex 5.06392 24.4 51.4598
      vertex 4.4683 20.2171 48.7723
      vertex 5.23594 20.3952 48.6297
    endloop
  endfacet
  facet normal -0.261618 0.376918 -0.888532
    outer loop
      vertex -14.2543 18.6097 48.3146
      vertex -14.3247 19.3357 48.6433
      vertex -13.5558 19.4842 48.4799
    endloop
  endfacet
  facet normal -0.961136 -0.185704 0.204282
    outer loop
      vertex -13.0244 16.8379 52.4905
      vertex -14.3247 19.3357 48.6433
      vertex -13.9748 18.2071 49.2636
    endloop
  endfacet
  facet normal 0.275668 -0.689872 0.66939
    outer loop
      vertex 4.32976 24.2581 51.6159
      vertex 5.06392 24.4 51.4598
      vertex 4.72542 24.3346 51.5318
    endloop
  endfacet
  facet normal 0.149293 -0.972004 -0.181436
    outer loop
      vertex 4.29501 24.2514 51.6232
      vertex 5.06392 24.4 51.4598
      vertex 4.32976 24.2581 51.6159
    endloop
  endfacet
  facet normal 0.189669 -0.981848 0
    outer loop
      vertex -6.09398 22.2445 53.8315
      vertex 4.29501 24.2514 51.6232
      vertex 4.29501 24.2514 51.6233
    endloop
  endfacet
  facet normal 0.273834 -0.547199 0.790942
    outer loop
      vertex 4.29501 24.2514 51.6232
      vertex -13.0244 16.8379 52.4905
      vertex 5.06392 24.4 51.4598
    endloop
  endfacet
  facet normal 0.273829 -0.547186 0.790952
    outer loop
      vertex -6.09398 22.2445 53.8315
      vertex -13.0244 16.8379 52.4905
      vertex 4.29501 24.2514 51.6232
    endloop
  endfacet
  facet normal 0.273834 -0.547191 0.790947
    outer loop
      vertex -13.0244 16.8379 52.4905
      vertex -6.09398 22.2445 53.8315
      vertex -13.1977 20.8722 55.3415
    endloop
  endfacet
  facet normal -0.96114 -0.18566 0.204304
    outer loop
      vertex -13.1977 20.8722 55.3415
      vertex -14.3247 19.3357 48.6433
      vertex -13.0948 17.5639 52.8192
    endloop
  endfacet
  facet normal -0.273771 0.547209 -0.790956
    outer loop
      vertex -14.5074 23.59 51.6498
      vertex -13.5558 19.4842 48.4799
      vertex -14.3247 19.3357 48.6433
    endloop
  endfacet
  facet normal -0.273837 0.547188 -0.790948
    outer loop
      vertex -13.5558 19.4842 48.4799
      vertex -14.5074 23.59 51.6498
      vertex -13.7385 23.7386 51.4864
    endloop
  endfacet
  facet normal -0.275384 0.696297 -0.662823
    outer loop
      vertex -13.7232 24.2932 52.0627
      vertex -14.5074 23.59 51.6498
      vertex -14.4195 24.1587 52.2107
    endloop
  endfacet
  facet normal -0.261704 0.377246 -0.888367
    outer loop
      vertex 3.1738 22.6849 44.9107
      vertex -13.5558 19.4842 48.4799
      vertex 3.1716 22.7081 44.9212
    endloop
  endfacet
  facet normal -0.261677 0.376958 -0.888497
    outer loop
      vertex -13.5558 19.4842 48.4799
      vertex 3.1738 22.6849 44.9107
      vertex -14.2543 18.6097 48.3146
    endloop
  endfacet
  facet normal -0.26095 0.369499 -0.891838
    outer loop
      vertex 3.93696 22.8634 44.7616
      vertex 3.1716 22.7081 44.9212
      vertex -13.5558 19.4842 48.4799
    endloop
  endfacet
  facet normal 0.273827 -0.547179 0.790958
    outer loop
      vertex 5.06392 24.4 51.4598
      vertex -13.0244 16.8379 52.4905
      vertex 4.4683 20.2171 48.7723
    endloop
  endfacet
  facet normal 0.0111612 -0.765567 -0.643259
    outer loop
      vertex -13.0244 16.8379 52.4905
      vertex 4.44752 20.2131 48.7767
      vertex 4.4683 20.2171 48.7723
    endloop
  endfacet
  facet normal -0.961137 -0.185694 0.204289
    outer loop
      vertex -13.0948 17.5639 52.8192
      vertex -14.3247 19.3357 48.6433
      vertex -13.0244 16.8379 52.4905
    endloop
  endfacet
  facet normal -0.961096 -0.185753 0.204429
    outer loop
      vertex -13.0244 16.8379 52.4905
      vertex -13.1977 20.8722 55.3415
      vertex -13.0948 17.5639 52.8192
    endloop
  endfacet
  facet normal -0.265631 0.82353 -0.501237
    outer loop
      vertex -13.5558 19.4842 48.4799
      vertex 3.16805 22.7149 44.9251
      vertex 3.93696 22.8634 44.7616
    endloop
  endfacet
  facet normal -0.273829 0.547189 -0.79095
    outer loop
      vertex -13.7385 23.7386 51.4864
      vertex 3.16805 22.7149 44.9251
      vertex -13.5558 19.4842 48.4799
    endloop
  endfacet
  facet normal -0.273832 0.547179 -0.790956
    outer loop
      vertex 3.16805 22.7149 44.9251
      vertex -13.7385 23.7386 51.4864
      vertex 3.09195 24.4866 46.1771
    endloop
  endfacet
  facet normal -0.273827 0.54721 -0.790936
    outer loop
      vertex 3.09195 24.4866 46.1771
      vertex -13.7385 23.7386 51.4864
      vertex 2.98533 26.9692 47.9316
    endloop
  endfacet
  facet normal -0.261899 0.378226 -0.887893
    outer loop
      vertex -6.67067 20.0747 46.7026
      vertex 3.1738 22.6849 44.9107
      vertex 3.17583 22.6633 44.9009
    endloop
  endfacet
  facet normal -0.261692 0.377063 -0.888449
    outer loop
      vertex 3.1738 22.6849 44.9107
      vertex -6.67067 20.0747 46.7026
      vertex -14.2543 18.6097 48.3146
    endloop
  endfacet
  facet normal -0.961237 -0.185464 0.204025
    outer loop
      vertex -14.49 24.0844 52.1812
      vertex -14.5074 23.59 51.6498
      vertex -14.3247 19.3357 48.6433
    endloop
  endfacet
  facet normal -0.117735 0.945072 0.304924
    outer loop
      vertex 4.78484 24.3461 51.5191
      vertex 4.72542 24.3346 51.5318
      vertex 5.06392 24.4 51.4598
    endloop
  endfacet
  facet normal -0.270509 0.781079 -0.562798
    outer loop
      vertex -3.05525 22.8315 53.1856
      vertex -6.09398 22.2445 53.8315
      vertex 4.29501 24.2514 51.6233
    endloop
  endfacet
  facet normal -0.275398 0.69626 -0.662855
    outer loop
      vertex 2.99627 27.3646 48.3424
      vertex -13.7232 24.2932 52.0627
      vertex 3.00067 27.5239 48.5079
    endloop
  endfacet
  facet normal -0.275396 0.696321 -0.662793
    outer loop
      vertex -13.7232 24.2932 52.0627
      vertex 2.99627 27.3646 48.3424
      vertex 2.986 26.9936 47.9569
    endloop
  endfacet
  facet normal -0.275422 0.696317 -0.662786
    outer loop
      vertex -13.7385 23.7386 51.4864
      vertex -14.5074 23.59 51.6498
      vertex -13.7232 24.2932 52.0627
    endloop
  endfacet
  facet normal -0.275395 0.696322 -0.662792
    outer loop
      vertex 2.986 26.9936 47.9569
      vertex -13.7385 23.7386 51.4864
      vertex -13.7232 24.2932 52.0627
    endloop
  endfacet
  facet normal -0.275414 0.69559 -0.663552
    outer loop
      vertex -13.7385 23.7386 51.4864
      vertex 2.986 26.9936 47.9569
      vertex 2.98533 26.9692 47.9316
    endloop
  endfacet
  facet normal 0.0111158 -0.765465 -0.643381
    outer loop
      vertex 2.97989 27.5199 48.5123
      vertex 3.00067 27.5239 48.5079
      vertex -13.7232 24.2932 52.0627
    endloop
  endfacet
  facet normal 0.991939 0.0770622 -0.10059
    outer loop
      vertex 2.99627 27.3646 48.3424
      vertex 2.98533 26.9692 47.9316
      vertex 2.986 26.9936 47.9569
    endloop
  endfacet
  facet normal -0.961144 -0.185654 0.204291
    outer loop
      vertex 2.99627 27.3646 48.3424
      vertex 2.98533 26.9692 47.9316
      vertex 3.09195 24.4866 46.1771
    endloop
  endfacet
  facet normal 0.961144 0.185654 -0.204291
    outer loop
      vertex 2.99627 27.3646 48.3424
      vertex 3.09195 24.4866 46.1771
      vertex 2.98533 26.9692 47.9316
    endloop
  endfacet
  facet normal -0.263257 0.39312 -0.880995
    outer loop
      vertex 3.93696 22.8634 44.7616
      vertex 3.16805 22.7149 44.9251
      vertex 10.5334 26.407 44.3717
    endloop
  endfacet
  facet normal 0.319191 -0.537751 0.780346
    outer loop
      vertex 5.43922 24.5422 51.4043
      vertex 5.29059 20.421 48.6251
      vertex 12.6182 28.0227 50.8663
    endloop
  endfacet
  facet normal 0.319155 -0.537757 0.780357
    outer loop
      vertex 5.06392 24.4 51.4598
      vertex 5.29059 20.421 48.6251
      vertex 5.43922 24.5422 51.4043
    endloop
  endfacet
  facet normal 0 -0.363584 -0.931561
    outer loop
      vertex 5.06392 24.4 51.4598
      vertex 5.43922 24.5422 51.4043
      vertex 5.06393 24.4 51.4598
    endloop
  endfacet
  facet normal 0.31951 -0.537674 0.780269
    outer loop
      vertex 5.29059 20.421 48.6251
      vertex 5.06392 24.4 51.4598
      vertex 5.23594 20.3952 48.6297
    endloop
  endfacet
  facet normal 0.326753 -0.543071 0.773503
    outer loop
      vertex 12.0755 23.8068 48.1356
      vertex 12.3261 23.9271 48.1142
      vertex 12.6182 28.0227 50.8663
    endloop
  endfacet
  facet normal 0.329474 -0.542798 0.77254
    outer loop
      vertex 12.6182 28.0227 50.8663
      vertex 12.0604 23.7992 48.1367
      vertex 12.0755 23.8068 48.1356
    endloop
  endfacet
  facet normal 0.326795 -0.54306 0.773493
    outer loop
      vertex 12.0604 23.7992 48.1367
      vertex 12.6182 28.0227 50.8663
      vertex 5.29059 20.421 48.6251
    endloop
  endfacet
  facet normal -0.256477 0.379631 -0.888876
    outer loop
      vertex 10.52 25.67 44.0608
      vertex 3.93696 22.8634 44.7616
      vertex 10.5334 26.407 44.3717
    endloop
  endfacet
  facet normal -0.210662 0.555535 -0.804364
    outer loop
      vertex 11.314 26.4628 44.2058
      vertex 10.5334 26.407 44.3717
      vertex 10.8415 30.7261 47.274
    endloop
  endfacet
  facet normal -0.327136 0.535944 -0.778297
    outer loop
      vertex 3.09195 24.4866 46.1771
      vertex 10.5334 26.407 44.3717
      vertex 3.16805 22.7149 44.9251
    endloop
  endfacet
  facet normal -0.327138 0.535973 -0.778276
    outer loop
      vertex 10.5334 26.407 44.3717
      vertex 3.09195 24.4866 46.1771
      vertex 2.98533 26.9692 47.9316
    endloop
  endfacet
  facet normal -0.324651 0.543378 -0.774172
    outer loop
      vertex 10.5334 26.407 44.3717
      vertex 2.98533 26.9692 47.9316
      vertex 10.8415 30.7261 47.274
    endloop
  endfacet
  facet normal -0.218154 0.38268 -0.897755
    outer loop
      vertex 11.314 26.4628 44.2058
      vertex 10.52 25.67 44.0608
      vertex 10.5334 26.407 44.3717
    endloop
  endfacet
  facet normal -0.261821 0.376952 -0.888458
    outer loop
      vertex 3.75671 16.6414 42.1747
      vertex 10.2234 9.36427 37.1815
      vertex 4.72476 6.65353 37.6518
    endloop
  endfacet
  facet normal -0.261811 0.376961 -0.888457
    outer loop
      vertex 3.2389 22.0109 44.6055
      vertex 10.2234 9.36427 37.1815
      vertex 3.75671 16.6414 42.1747
    endloop
  endfacet
  facet normal -0.261783 0.376977 -0.888458
    outer loop
      vertex 3.17583 22.6633 44.9009
      vertex 10.2234 9.36427 37.1815
      vertex 3.2389 22.0109 44.6055
    endloop
  endfacet
  facet normal -0.258357 0.3789 -0.888643
    outer loop
      vertex 3.1738 22.6849 44.9107
      vertex 10.2234 9.36427 37.1815
      vertex 3.17583 22.6633 44.9009
    endloop
  endfacet
  facet normal -0.261103 0.377361 -0.888495
    outer loop
      vertex 10.2234 9.36427 37.1815
      vertex 3.1738 22.6849 44.9107
      vertex 3.1716 22.7081 44.9212
    endloop
  endfacet
  facet normal -0.218202 0.382716 -0.897728
    outer loop
      vertex 11.0433 11.5809 37.9272
      vertex 10.2234 9.36427 37.1815
      vertex 11.314 26.4628 44.2058
    endloop
  endfacet
  facet normal -0.261731 0.376796 -0.88855
    outer loop
      vertex 5.56403 6.07613 37.1596
      vertex 4.79512 5.92759 37.3231
      vertex 10.2234 9.36427 37.1815
    endloop
  endfacet
  facet normal -0.261765 0.37699 -0.888458
    outer loop
      vertex 10.2234 9.36427 37.1815
      vertex 3.1716 22.7081 44.9212
      vertex 3.93696 22.8634 44.7616
    endloop
  endfacet
  facet normal 0.258061 -0.379527 0.888462
    outer loop
      vertex 12.0755 23.8068 48.1356
      vertex 12.2548 20.0118 46.4624
      vertex 12.3261 23.9271 48.1142
    endloop
  endfacet
  facet normal 0.258107 -0.37952 0.888451
    outer loop
      vertex 6.314 5.09437 41.816
      vertex 12.2548 20.0118 46.4624
      vertex 12.0755 23.8068 48.1356
    endloop
  endfacet
  facet normal 0.258183 -0.379523 0.888428
    outer loop
      vertex 12.2548 20.0118 46.4624
      vertex 11.2666 8.13783 41.6772
      vertex 12.0428 8.35827 41.5458
    endloop
  endfacet
  facet normal 0.258124 -0.379524 0.888444
    outer loop
      vertex 12.2548 20.0118 46.4624
      vertex 6.314 5.09437 41.816
      vertex 11.2666 8.13783 41.6772
    endloop
  endfacet
  facet normal -0.218792 0.316182 -0.923124
    outer loop
      vertex 11.004 9.42007 37.0156
      vertex 5.56403 6.07613 37.1596
      vertex 10.2234 9.36427 37.1815
    endloop
  endfacet
  facet normal 0.9859 0.0495038 -0.159843
    outer loop
      vertex 11.3006 25.7258 43.8949
      vertex 11.0433 11.5809 37.9272
      vertex 11.314 26.4628 44.2058
    endloop
  endfacet
  facet normal -0.99089 -0.0366468 0.129588
    outer loop
      vertex 12.0428 8.35827 41.5458
      vertex 12.1258 12.9204 43.4706
      vertex 12.2548 20.0118 46.4624
    endloop
  endfacet
  facet normal 0.255572 -0.379054 0.889383
    outer loop
      vertex 12.0604 23.7992 48.1367
      vertex 6.314 5.09437 41.816
      vertex 12.0755 23.8068 48.1356
    endloop
  endfacet
  facet normal 0.252977 -0.378576 0.890328
    outer loop
      vertex 5.95467 4.88177 41.8277
      vertex 6.314 5.09437 41.816
      vertex 12.0604 23.7992 48.1367
    endloop
  endfacet
  facet normal 0.0325434 0 0.99947
    outer loop
      vertex 6.314 5.09437 41.816
      vertex 5.95467 4.88177 41.8277
      vertex 5.95467 4.88173 41.8277
    endloop
  endfacet
  facet normal -0.256491 0.379669 -0.888855
    outer loop
      vertex 10.2234 9.36427 37.1815
      vertex 3.93696 22.8634 44.7616
      vertex 10.52 25.67 44.0608
    endloop
  endfacet
  facet normal 0.253154 -0.378611 0.890262
    outer loop
      vertex 12.0604 23.7992 48.1367
      vertex 5.575 8.7988 43.6015
      vertex 5.95467 4.88177 41.8277
    endloop
  endfacet
  facet normal 0.253158 -0.378613 0.89026
    outer loop
      vertex 5.29059 20.421 48.6251
      vertex 5.575 8.7988 43.6015
      vertex 12.0604 23.7992 48.1367
    endloop
  endfacet
  facet normal 0.253639 -0.378553 0.890149
    outer loop
      vertex 5.23594 20.3952 48.6297
      vertex 5.575 8.7988 43.6015
      vertex 5.29059 20.421 48.6251
    endloop
  endfacet
  facet normal 0.253216 -0.378607 0.890246
    outer loop
      vertex 5.575 8.7988 43.6015
      vertex 5.23594 20.3952 48.6297
      vertex 4.4683 20.2171 48.7723
    endloop
  endfacet
  facet normal -0.261807 0.37692 -0.888475
    outer loop
      vertex 4.79512 5.92759 37.3231
      vertex 4.72476 6.65353 37.6518
      vertex 10.2234 9.36427 37.1815
    endloop
  endfacet
  facet normal -0.218195 0.382716 -0.89773
    outer loop
      vertex 11.314 26.4628 44.2058
      vertex 10.2234 9.36427 37.1815
      vertex 10.52 25.67 44.0608
    endloop
  endfacet
  facet normal -0.977853 0 -0.209293
    outer loop
      vertex 4.72476 6.65352 37.6518
      vertex 3.75671 16.6414 42.1747
      vertex 4.72476 6.65353 37.6518
    endloop
  endfacet
  facet normal 0.239494 -0.192193 0.951685
    outer loop
      vertex -11.5381 1.50252 45.546
      vertex -10.6754 -3.22538 44.3741
      vertex -10.0899 -3.11227 44.2496
    endloop
  endfacet
  facet normal 0.239504 -0.192191 0.951683
    outer loop
      vertex -10.6754 -3.22538 44.3741
      vertex -11.5381 1.50252 45.546
      vertex -10.8588 -3.26081 44.4131
    endloop
  endfacet
  facet normal -0.961137 -0.185686 0.204294
    outer loop
      vertex -11.0041 -2.47472 44.444
      vertex -11.9813 -2.47472 39.8466
      vertex -10.8588 -3.26081 44.4131
    endloop
  endfacet
  facet normal 0.239431 -0.192211 0.951697
    outer loop
      vertex -0.860109 3.56526 43.2763
      vertex 5.98452 4.67234 41.7779
      vertex 5.95466 4.88172 41.8277
    endloop
  endfacet
  facet normal 0.239433 -0.192232 0.951692
    outer loop
      vertex -0.860109 3.56526 43.2763
      vertex -10.0899 -3.11227 44.2496
      vertex 5.98452 4.67234 41.7779
    endloop
  endfacet
  facet normal 0.239419 -0.192211 0.9517
    outer loop
      vertex -10.7484 1.65507 45.3781
      vertex -10.0899 -3.11227 44.2496
      vertex -0.860109 3.56526 43.2763
    endloop
  endfacet
  facet normal 0.239469 -0.192202 0.951689
    outer loop
      vertex -10.0899 -3.11227 44.2496
      vertex -10.7484 1.65507 45.3781
      vertex -11.5381 1.50252 45.546
    endloop
  endfacet
  facet normal 0.239422 -0.192206 0.951701
    outer loop
      vertex 5.98452 4.67234 41.7779
      vertex -10.0899 -3.11227 44.2496
      vertex 6.63395 0.118383 40.6948
    endloop
  endfacet
  facet normal -0.961248 -0.185565 0.203879
    outer loop
      vertex -11.9813 -2.47472 39.8466
      vertex -12.768 3.27433 41.3701
      vertex -12.6976 2.5484 41.0413
    endloop
  endfacet
  facet normal -0.261796 0.377052 -0.888423
    outer loop
      vertex -11.9991 3.42287 41.2066
      vertex -12.6976 2.5484 41.0413
      vertex -12.5224 3.32178 41.3179
    endloop
  endfacet
  facet normal -0.261675 0.376945 -0.888504
    outer loop
      vertex 4.79512 5.92759 37.3231
      vertex -12.6976 2.5484 41.0413
      vertex 4.72476 6.65353 37.6518
    endloop
  endfacet
  facet normal 0.188735 -0.982017 -0.00455696
    outer loop
      vertex 6.23191 0.229485 35.9753
      vertex 6.1295 0.209702 35.997
      vertex 6.42569 0.266919 35.9341
    endloop
  endfacet
  facet normal -0.272902 0.750695 -0.601649
    outer loop
      vertex -4.91348 -1.92354 38.3443
      vertex 5.65678 0.118383 36.0975
      vertex -1.09434 -1.18578 37.5325
    endloop
  endfacet
  facet normal -0.239421 0.192211 -0.9517
    outer loop
      vertex -12.6976 2.5484 41.0413
      vertex 4.82528 5.71609 37.2728
      vertex -11.9813 -2.47472 39.8466
    endloop
  endfacet
  facet normal -0.239419 0.192198 -0.951703
    outer loop
      vertex 4.82528 5.71609 37.2728
      vertex -12.6976 2.5484 41.0413
      vertex 4.79512 5.92759 37.3231
    endloop
  endfacet
  facet normal -0.961107 -0.185686 0.204434
    outer loop
      vertex -11.0041 -2.47472 44.444
      vertex -10.8588 -3.26081 44.4131
      vertex -11.5381 1.50252 45.546
    endloop
  endfacet
  facet normal 0.207914 -0 0.978147
    outer loop
      vertex 4.72476 6.65352 37.6518
      vertex 4.72476 6.65353 37.6518
      vertex -11.9991 3.42287 41.2066
    endloop
  endfacet
  facet normal -0.104501 0.929669 0.353264
    outer loop
      vertex 4.72476 6.65352 37.6518
      vertex -11.9991 3.42287 41.2066
      vertex -11.9783 3.42688 41.2022
    endloop
  endfacet
  facet normal 0.206546 -0.974646 0.0860455
    outer loop
      vertex 6.39093 0.260206 35.9415
      vertex 6.24007 0.231061 35.9735
      vertex 6.42569 0.266919 35.9341
    endloop
  endfacet
  facet normal -0.166234 0.980083 0.108645
    outer loop
      vertex 5.63599 0.114369 36.1019
      vertex 3.52853 -0.292745 36.5499
      vertex 5.65678 0.118383 36.0975
    endloop
  endfacet
  facet normal -0.190692 0.981637 -0.0049938
    outer loop
      vertex 6.24007 0.231061 35.9735
      vertex 6.23191 0.229485 35.9753
      vertex 6.42569 0.266919 35.9341
    endloop
  endfacet
  facet normal 0.201759 -0.977548 0.0607781
    outer loop
      vertex -1.09434 -1.18578 37.5325
      vertex 5.65678 0.118383 36.0975
      vertex 3.52853 -0.292745 36.5499
    endloop
  endfacet
  facet normal -0.261679 0.376971 -0.888491
    outer loop
      vertex 4.72476 6.65353 37.6518
      vertex -12.6976 2.5484 41.0413
      vertex -11.9991 3.42287 41.2066
    endloop
  endfacet
  facet normal -0.961142 -0.185661 0.204295
    outer loop
      vertex -11.0041 -2.47472 44.444
      vertex -12.768 3.27433 41.3701
      vertex -11.9813 -2.47472 39.8466
    endloop
  endfacet
  facet normal -0.961133 -0.185613 0.204381
    outer loop
      vertex -11.0041 -2.47472 44.444
      vertex -12.4971 2.88415 42.2897
      vertex -12.768 3.27433 41.3701
    endloop
  endfacet
  facet normal -0.961072 -0.185709 0.20458
    outer loop
      vertex -11.5833 1.52718 45.3558
      vertex -11.0041 -2.47472 44.444
      vertex -11.5335 1.45552 45.5247
    endloop
  endfacet
  facet normal -0.961145 -0.185653 0.204288
    outer loop
      vertex -12.4971 2.88415 42.2897
      vertex -11.0041 -2.47472 44.444
      vertex -11.5833 1.52718 45.3558
    endloop
  endfacet
  facet normal -0.962528 -0.184341 0.198893
    outer loop
      vertex -11.5381 1.50252 45.546
      vertex -11.5335 1.45552 45.5247
      vertex -11.0041 -2.47472 44.444
    endloop
  endfacet
  facet normal -0.207908 -3.14134e-05 -0.978148
    outer loop
      vertex 5.65678 0.118383 36.0975
      vertex -4.91348 -1.92354 38.3443
      vertex -11.9813 -2.47472 39.8466
    endloop
  endfacet
  facet normal -0.961135 -0.185697 0.204292
    outer loop
      vertex -10.8588 -3.26081 44.4131
      vertex -11.9813 -2.47472 39.8466
      vertex -11.3661 -3.26081 42.0264
    endloop
  endfacet
  facet normal -0.104445 0.9296 0.353462
    outer loop
      vertex -10.0899 -3.11227 44.2496
      vertex -10.0691 -3.10826 44.2452
      vertex 6.63395 0.118383 40.6948
    endloop
  endfacet
  facet normal -0.207915 2.12866e-05 -0.978147
    outer loop
      vertex 5.65678 0.118383 36.0975
      vertex -11.9813 -2.47472 39.8466
      vertex 5.51149 0.904471 36.1284
    endloop
  endfacet
  facet normal -0.23942 0.192209 -0.9517
    outer loop
      vertex 5.51149 0.904484 36.1284
      vertex -11.9813 -2.47472 39.8466
      vertex 4.82528 5.71609 37.2728
    endloop
  endfacet
  facet normal -0.207911 0 -0.978148
    outer loop
      vertex -11.9813 -2.47472 39.8466
      vertex 5.51149 0.904484 36.1284
      vertex 5.51149 0.904471 36.1284
    endloop
  endfacet
  facet normal 0.217325 -0.195143 0.956394
    outer loop
      vertex 12.0428 8.35827 41.5458
      vertex 11.2666 8.13783 41.6772
      vertex 11.392 3.46666 40.6956
    endloop
  endfacet
  facet normal 0.217144 -0.195126 0.956438
    outer loop
      vertex 11.392 3.46666 40.6956
      vertex 12.1109 5.82197 41.0129
      vertex 12.0428 8.35827 41.5458
    endloop
  endfacet
  facet normal 0.146908 -0.208998 0.966818
    outer loop
      vertex 5.98452 4.67234 41.7779
      vertex 6.74989 0.287837 40.7138
      vertex 11.392 3.46666 40.6956
    endloop
  endfacet
  facet normal 0.146539 -0.209058 0.966861
    outer loop
      vertex 6.74082 0.281628 40.7139
      vertex 5.98452 4.67234 41.7779
      vertex 6.63395 0.118383 40.6948
    endloop
  endfacet
  facet normal 0.152898 -0.20779 0.96615
    outer loop
      vertex 6.74989 0.287837 40.7138
      vertex 5.98452 4.67234 41.7779
      vertex 6.74082 0.281628 40.7139
    endloop
  endfacet
  facet normal 0.146907 -0.209002 0.966818
    outer loop
      vertex 5.98452 4.67234 41.7779
      vertex 11.392 3.46666 40.6956
      vertex 5.95466 4.88172 41.8277
    endloop
  endfacet
  facet normal -0.207766 0.000188773 -0.978179
    outer loop
      vertex 6.1295 0.209702 35.997
      vertex 5.51149 0.904471 36.1284
      vertex 6.42569 0.266919 35.9341
    endloop
  endfacet
  facet normal -0.138684 0.200092 -0.969912
    outer loop
      vertex 6.2804 1.05301 35.9649
      vertex 11.0097 9.20536 36.9705
      vertex 11.1409 4.32052 35.944
    endloop
  endfacet
  facet normal -0.138615 0.200055 -0.96993
    outer loop
      vertex 11.0097 9.20536 36.9705
      vertex 6.2804 1.05301 35.9649
      vertex 11.004 9.42007 37.0156
    endloop
  endfacet
  facet normal -0.239494 0.192194 -0.951685
    outer loop
      vertex 5.51149 0.904471 36.1284
      vertex 4.79512 5.92759 37.3231
      vertex 5.56403 6.07613 37.1596
    endloop
  endfacet
  facet normal 0.149724 -0.199479 0.968396
    outer loop
      vertex 6.314 5.09437 41.816
      vertex 11.392 3.46666 40.6956
      vertex 11.2666 8.13783 41.6772
    endloop
  endfacet
  facet normal 0.0792574 -0.0792574 0.993698
    outer loop
      vertex 5.95466 4.88172 41.8277
      vertex 6.314 5.09437 41.816
      vertex 5.95467 4.88173 41.8277
    endloop
  endfacet
  facet normal 0.149669 -0.199634 0.968373
    outer loop
      vertex 6.314 5.09437 41.816
      vertex 5.95466 4.88172 41.8277
      vertex 11.392 3.46666 40.6956
    endloop
  endfacet
  facet normal -0.153364 0.207894 -0.966053
    outer loop
      vertex 5.56403 6.07613 37.1596
      vertex 11.004 9.42007 37.0156
      vertex 6.2804 1.05301 35.9649
    endloop
  endfacet
  facet normal -0.732137 0.0570245 -0.678766
    outer loop
      vertex 5.51149 0.904471 36.1284
      vertex 4.82528 5.71609 37.2728
      vertex 4.79512 5.92759 37.3231
    endloop
  endfacet
  facet normal 0.857635 0 0.514259
    outer loop
      vertex 4.82528 5.71609 37.2728
      vertex 5.51149 0.904471 36.1284
      vertex 5.51149 0.904484 36.1284
    endloop
  endfacet
  facet normal -0.218147 0.38266 -0.897766
    outer loop
      vertex 11.0174 10.1571 37.3265
      vertex 10.2234 9.36427 37.1815
      vertex 10.7586 10.1386 37.3815
    endloop
  endfacet
  facet normal -0.207968 -0.00011326 -0.978136
    outer loop
      vertex 6.42569 0.266919 35.9341
      vertex 5.51149 0.904471 36.1284
      vertex 6.2804 1.05301 35.9649
    endloop
  endfacet
  facet normal -0.239493 0.192194 -0.951685
    outer loop
      vertex 6.2804 1.05301 35.9649
      vertex 5.51149 0.904471 36.1284
      vertex 5.56403 6.07613 37.1596
    endloop
  endfacet
  facet normal -0.992939 -0.00173811 -0.118617
    outer loop
      vertex 12.0485 8.14571 41.5012
      vertex 12.0428 8.35827 41.5458
      vertex 12.1109 5.82197 41.0129
    endloop
  endfacet
  facet normal -0.207511 5.66352e-05 -0.978233
    outer loop
      vertex 8.72598 -16.4877 35.4452
      vertex 6.24007 0.231061 35.9735
      vertex 6.39093 0.260206 35.9415
    endloop
  endfacet
  facet normal -0.2152 -0.00113917 -0.976569
    outer loop
      vertex 8.72598 -16.4877 35.4452
      vertex 6.23191 0.229485 35.9753
      vertex 6.24007 0.231061 35.9735
    endloop
  endfacet
  facet normal -0.207308 9.23219e-05 -0.978276
    outer loop
      vertex 8.72598 -16.4877 35.4452
      vertex 6.1295 0.209702 35.997
      vertex 6.23191 0.229485 35.9753
    endloop
  endfacet
  facet normal -0.207989 -1.83278e-05 -0.978131
    outer loop
      vertex 6.1295 0.209702 35.997
      vertex 8.72598 -16.4877 35.4452
      vertex 5.51149 0.904471 36.1284
    endloop
  endfacet
  facet normal 0.03617 -0.032553 0.998815
    outer loop
      vertex 9.70325 -16.4876 40.0425
      vertex 8.79984 -11.6003 40.2345
      vertex 9.70316 -16.4877 40.0425
    endloop
  endfacet
  facet normal -0.0916677 -0.0560028 0.994214
    outer loop
      vertex 12.3915 -13.6908 40.4479
      vertex 8.79984 -11.6003 40.2345
      vertex 9.70325 -16.4876 40.0425
    endloop
  endfacet
  facet normal -0.0916622 -0.0559933 0.994215
    outer loop
      vertex 8.79984 -11.6003 40.2345
      vertex 12.3915 -13.6908 40.4479
      vertex 6.63395 0.118383 40.6948
    endloop
  endfacet
  facet normal -0.207984 -1.22542e-05 -0.978132
    outer loop
      vertex 6.39093 0.260206 35.9415
      vertex 9.4949 -16.3392 35.2817
      vertex 8.72598 -16.4877 35.4452
    endloop
  endfacet
  facet normal -0.208212 -5.682e-05 -0.978084
    outer loop
      vertex 9.4949 -16.3392 35.2817
      vertex 6.39093 0.260206 35.9415
      vertex 6.42569 0.266919 35.9341
    endloop
  endfacet
  facet normal -0.983069 -0.182387 0.0176096
    outer loop
      vertex 6.42569 0.266919 35.9341
      vertex 6.2804 1.05301 35.9649
      vertex 9.4949 -16.3392 35.2817
    endloop
  endfacet
  facet normal 0.979243 0.177116 0.0985539
    outer loop
      vertex 5.65678 0.118383 36.0975
      vertex 5.51149 0.904471 36.1284
      vertex 8.72598 -16.4877 35.4452
    endloop
  endfacet
  facet normal 0.0132491 -0.0136237 0.999819
    outer loop
      vertex 12.5451 -13.3921 40.4506
      vertex 11.392 3.46666 40.6956
      vertex 6.74989 0.287837 40.7138
    endloop
  endfacet
  facet normal 0.12749 0.0231294 -0.99157
    outer loop
      vertex 9.64019 -17.1253 35.2508
      vertex 11.194 3.54347 35.9327
      vertex 12.3485 -13.3363 35.6874
    endloop
  endfacet
  facet normal 0.127472 0.0231308 -0.991572
    outer loop
      vertex 11.194 3.54347 35.9327
      vertex 9.64019 -17.1253 35.2508
      vertex 11.1409 4.32051 35.944
    endloop
  endfacet
  facet normal -0.0273859 0.0342087 -0.999039
    outer loop
      vertex 9.64019 -17.1253 35.2508
      vertex 9.4949 -16.3392 35.2817
      vertex 11.1409 4.32051 35.944
    endloop
  endfacet
  facet normal -0.207987 7.36383e-06 -0.978132
    outer loop
      vertex 8.72598 -16.4877 35.4452
      vertex 9.64019 -17.1253 35.2508
      vertex 8.87127 -17.2738 35.4143
    endloop
  endfacet
  facet normal -0.207987 7.36383e-06 -0.978132
    outer loop
      vertex 9.64019 -17.1253 35.2508
      vertex 8.72598 -16.4877 35.4452
      vertex 9.4949 -16.3392 35.2817
    endloop
  endfacet
  facet normal -0.0919658 -0.0561147 0.99418
    outer loop
      vertex 6.63395 0.118383 40.6948
      vertex 12.3957 -13.6864 40.4486
      vertex 6.74082 0.281628 40.7139
    endloop
  endfacet
  facet normal -0.102234 -0.0603782 0.992926
    outer loop
      vertex 12.3957 -13.6864 40.4486
      vertex 6.63395 0.118383 40.6948
      vertex 12.3915 -13.6908 40.4479
    endloop
  endfacet
  facet normal 0.208804 0.0768864 -0.97493
    outer loop
      vertex 8.79984 -11.6003 40.2345
      vertex 6.63395 0.118383 40.6948
      vertex 8.61542 -10.6024 40.2737
    endloop
  endfacet
  facet normal -0.0272876 0.0342009 -0.999042
    outer loop
      vertex 6.2804 1.05301 35.9649
      vertex 11.1409 4.32051 35.944
      vertex 9.4949 -16.3392 35.2817
    endloop
  endfacet
  facet normal -0.00429993 0 -0.999991
    outer loop
      vertex 11.1409 4.32051 35.944
      vertex 6.2804 1.05301 35.9649
      vertex 11.1409 4.32052 35.944
    endloop
  endfacet
  facet normal 0.0187523 -0.0112912 0.99976
    outer loop
      vertex 6.74082 0.281628 40.7139
      vertex 12.5451 -13.3921 40.4506
      vertex 6.74989 0.287837 40.7138
    endloop
  endfacet
  facet normal 0.0133649 -0.0135792 0.999818
    outer loop
      vertex 12.5451 -13.3921 40.4506
      vertex 6.74082 0.281628 40.7139
      vertex 12.3957 -13.6864 40.4486
    endloop
  endfacet
  facet normal 0.207885 3.8677e-06 0.978153
    outer loop
      vertex 12.1726 3.52247 40.5297
      vertex 12.5451 -13.3921 40.4506
      vertex 13.3257 -13.3363 40.2847
    endloop
  endfacet
  facet normal 0.207885 3.8677e-06 0.978153
    outer loop
      vertex 11.392 3.46666 40.6956
      vertex 12.5451 -13.3921 40.4506
      vertex 12.1726 3.52247 40.5297
    endloop
  endfacet
  facet normal -0.207916 2.11802e-05 -0.978147
    outer loop
      vertex 8.87127 -17.2738 35.4143
      vertex -8.62147 -20.653 39.1325
      vertex 8.72598 -16.4877 35.4452
    endloop
  endfacet
  facet normal -0.96115 -0.185667 0.204249
    outer loop
      vertex -6.70821 -24.6303 44.5194
      vertex -7.78959 -19.8669 43.7607
      vertex -6.90619 -23.9043 44.2477
    endloop
  endfacet
  facet normal 0.16837 0.192202 0.966804
    outer loop
      vertex -5.20302 -19.3673 43.2109
      vertex 10.739 -21.0505 40.7692
      vertex 9.70316 -16.4877 40.0425
    endloop
  endfacet
  facet normal 0.168372 0.192233 0.966797
    outer loop
      vertex 10.739 -21.0505 40.7692
      vertex -5.20302 -19.3673 43.2109
      vertex -7.78958 -19.8669 43.7607
    endloop
  endfacet
  facet normal 0.168433 0.191954 0.966842
    outer loop
      vertex 10.739 -21.0505 40.7692
      vertex -6.70821 -24.6303 44.5194
      vertex 10.7845 -21.2511 40.8011
    endloop
  endfacet
  facet normal 0.168372 0.192212 0.966802
    outer loop
      vertex -7.78958 -19.8669 43.7607
      vertex -6.70821 -24.6303 44.5194
      vertex 10.739 -21.0505 40.7692
    endloop
  endfacet
  facet normal 0 0.157294 0.987552
    outer loop
      vertex -6.70821 -24.6303 44.5194
      vertex -7.78958 -19.8669 43.7607
      vertex -7.78959 -19.8669 43.7607
    endloop
  endfacet
  facet normal 0 1 0
    outer loop
      vertex -7.78958 -19.8669 43.7607
      vertex -8.25946 -19.8669 41.5501
      vertex -7.78959 -19.8669 43.7607
    endloop
  endfacet
  facet normal -0.961145 -0.18565 0.204288
    outer loop
      vertex -6.90619 -23.9043 44.2477
      vertex -7.28316 -26.4021 40.2042
      vertex -7.13324 -25.9401 41.3294
    endloop
  endfacet
  facet normal -0.961145 -0.185651 0.204289
    outer loop
      vertex -6.90619 -23.9043 44.2477
      vertex -7.48114 -25.6761 39.9325
      vertex -7.28316 -26.4021 40.2042
    endloop
  endfacet
  facet normal -0.0101715 0.763344 0.645912
    outer loop
      vertex 9.68238 -16.4917 40.0469
      vertex -5.20302 -19.3673 43.2109
      vertex 9.70316 -16.4877 40.0425
    endloop
  endfacet
  facet normal -0.961143 -0.18566 0.204292
    outer loop
      vertex -6.90619 -23.9043 44.2477
      vertex -7.78959 -19.8669 43.7607
      vertex -7.48114 -25.6761 39.9325
    endloop
  endfacet
  facet normal -0.168375 -0.192201 -0.966803
    outer loop
      vertex -7.48114 -25.6761 39.9325
      vertex -8.62147 -20.653 39.1325
      vertex 10.7805 -22.1484 36.0508
    endloop
  endfacet
  facet normal -0.96114 -0.185663 0.2043
    outer loop
      vertex -7.48114 -25.6761 39.9325
      vertex -8.25946 -19.8669 41.5501
      vertex -8.75294 -19.9294 39.1717
    endloop
  endfacet
  facet normal -0.961142 -0.185661 0.204294
    outer loop
      vertex -8.25946 -19.8669 41.5501
      vertex -7.48114 -25.6761 39.9325
      vertex -7.78959 -19.8669 43.7607
    endloop
  endfacet
  facet normal 0.215208 -0.0403971 0.975732
    outer loop
      vertex 10.7845 -21.2511 40.8011
      vertex -6.70821 -24.6303 44.5194
      vertex 10.7638 -21.2551 40.8055
    endloop
  endfacet
  facet normal -0.961171 -0.185692 0.204127
    outer loop
      vertex -7.48114 -25.6761 39.9325
      vertex -8.75294 -19.9294 39.1717
      vertex -8.62147 -20.653 39.1325
    endloop
  endfacet
  facet normal -0.273745 0.545246 -0.79232
    outer loop
      vertex 8.72598 -16.4877 35.4452
      vertex -5.86961 -19.3073 38.5476
      vertex -1.24672 -18.4142 37.565
    endloop
  endfacet
  facet normal -0.168372 -0.192201 -0.966804
    outer loop
      vertex 9.29448 -19.138 35.7112
      vertex -8.62147 -20.653 39.1325
      vertex 8.87127 -17.2738 35.4143
    endloop
  endfacet
  facet normal -0.168374 -0.192179 -0.966808
    outer loop
      vertex -8.62147 -20.653 39.1325
      vertex 9.29448 -19.138 35.7112
      vertex 10.7805 -22.1484 36.0508
    endloop
  endfacet
  facet normal -0.207919 3.3741e-05 -0.978146
    outer loop
      vertex 8.72598 -16.4877 35.4452
      vertex -8.62147 -20.653 39.1325
      vertex -5.86961 -19.3073 38.5476
    endloop
  endfacet
  facet normal -0.315705 0.0789263 0.945569
    outer loop
      vertex 10.7537 -20.9917 40.7692
      vertex 9.70316 -16.4877 40.0425
      vertex 10.739 -21.0505 40.7692
    endloop
  endfacet
  facet normal -0.319114 0.0779596 0.944505
    outer loop
      vertex 9.70316 -16.4877 40.0425
      vertex 10.7537 -20.9917 40.7692
      vertex 13.0769 -18.2279 41.326
    endloop
  endfacet
  facet normal -0.315392 0.0788479 0.94568
    outer loop
      vertex 10.7845 -21.2511 40.8011
      vertex 10.7537 -20.9917 40.7692
      vertex 10.739 -21.0505 40.7692
    endloop
  endfacet
  facet normal 0.975925 0.137912 0.16897
    outer loop
      vertex 13.3481 -13.5399 40.3215
      vertex 13.3257 -13.3363 40.2847
      vertex 13.8575 -18.1721 41.1601
    endloop
  endfacet
  facet normal -0.288092 0.139811 0.947342
    outer loop
      vertex 12.3957 -13.6864 40.4486
      vertex 13.0769 -18.2279 41.326
      vertex 12.5451 -13.3921 40.4506
    endloop
  endfacet
  facet normal -0.300991 0.137174 0.94371
    outer loop
      vertex 12.3915 -13.6908 40.4479
      vertex 13.0769 -18.2279 41.326
      vertex 12.3957 -13.6864 40.4486
    endloop
  endfacet
  facet normal -0.288285 0.139786 0.947286
    outer loop
      vertex 9.70325 -16.4876 40.0425
      vertex 13.0769 -18.2279 41.326
      vertex 12.3915 -13.6908 40.4479
    endloop
  endfacet
  facet normal -0.245269 0.220742 0.943989
    outer loop
      vertex 13.0769 -18.2279 41.326
      vertex 9.70325 -16.4876 40.0425
      vertex 9.70316 -16.4877 40.0425
    endloop
  endfacet
  facet normal 0.1275 0.0231223 -0.991569
    outer loop
      vertex 12.4008 -14.1007 35.6763
      vertex 9.64019 -17.1253 35.2508
      vertex 12.3485 -13.3363 35.6874
    endloop
  endfacet
  facet normal 0.127137 0.0234589 -0.991608
    outer loop
      vertex 9.64019 -17.1253 35.2508
      vertex 12.4008 -14.1007 35.6763
      vertex 12.4031 -14.1343 35.6758
    endloop
  endfacet
  facet normal -0.168457 -0.192217 -0.966786
    outer loop
      vertex 9.29448 -19.138 35.7112
      vertex 8.87127 -17.2738 35.4143
      vertex 10.7805 -22.1484 36.0508
    endloop
  endfacet
  facet normal 0.190526 0.195116 0.962097
    outer loop
      vertex 13.3257 -13.3363 40.2847
      vertex 13.0769 -18.2279 41.326
      vertex 13.8575 -18.1721 41.1601
    endloop
  endfacet
  facet normal 0.190526 0.195116 0.962097
    outer loop
      vertex 13.0769 -18.2279 41.326
      vertex 13.3257 -13.3363 40.2847
      vertex 12.5451 -13.3921 40.4506
    endloop
  endfacet
  facet normal -0.168451 -0.192215 -0.966787
    outer loop
      vertex 10.7805 -22.1484 36.0508
      vertex 8.87127 -17.2738 35.4143
      vertex 9.64019 -17.1253 35.2508
    endloop
  endfacet
  facet normal 0.252162 -0.0961114 -0.9629
    outer loop
      vertex 9.64019 -17.1253 35.2508
      vertex 12.4031 -14.1343 35.6758
      vertex 10.7805 -22.1484 36.0508
    endloop
  endfacet
  facet normal 0.391795 -0.121998 -0.911928
    outer loop
      vertex 12.9403 -19.0192 36.5601
      vertex 10.7805 -22.1484 36.0508
      vertex 12.4031 -14.1343 35.6758
    endloop
  endfacet
  facet normal 0.391528 -0.12179 -0.912071
    outer loop
      vertex 10.7805 -22.1484 36.0508
      vertex 12.9403 -19.0192 36.5601
      vertex 12.9639 -19.2339 36.5989
    endloop
  endfacet
  facet normal 0.488714 -0.832381 0.261344
    outer loop
      vertex 15.6053 -36.2767 43.2937
      vertex 15.6382 -36.2009 43.4736
      vertex 16.3847 -34.4779 47.5654
    endloop
  endfacet
  facet normal -0.852297 -0.0370357 0.521745
    outer loop
      vertex 10.7845 -21.2511 40.8011
      vertex 15.6041 -34.5337 47.7313
      vertex 10.7537 -20.9917 40.7692
    endloop
  endfacet
  facet normal -0.85276 -0.0376202 0.520947
    outer loop
      vertex 11.3901 -23.4713 41.6321
      vertex 15.6041 -34.5337 47.7313
      vertex 10.7845 -21.2511 40.8011
    endloop
  endfacet
  facet normal -0.852708 -0.0375513 0.521036
    outer loop
      vertex 15.6041 -34.5337 47.7313
      vertex 11.3901 -23.4713 41.6321
      vertex 14.967 -36.5865 46.5407
    endloop
  endfacet
  facet normal 0.259082 -0.350579 0.899984
    outer loop
      vertex 16.3847 -34.4779 47.5654
      vertex 15.1649 -37.3124 46.8124
      vertex 15.9338 -37.1639 46.6489
    endloop
  endfacet
  facet normal -0.12239 -0.376995 -0.918093
    outer loop
      vertex 14.392 -38.3583 42.2256
      vertex 10.7805 -22.1484 36.0508
      vertex 15.3589 -38.9357 42.3338
    endloop
  endfacet
  facet normal 0.985516 -0.031146 -0.166698
    outer loop
      vertex 16.3847 -34.4779 47.5654
      vertex 15.3589 -38.9357 42.3338
      vertex 15.6053 -36.2767 43.2937
    endloop
  endfacet
  facet normal 0.24746 -0.907424 0.339626
    outer loop
      vertex 15.0361 -37.7094 45.8455
      vertex 14.59 -39.0842 42.4973
      vertex 15.9338 -37.1639 46.6489
    endloop
  endfacet
  facet normal 0.473075 -0.192733 -0.859683
    outer loop
      vertex 10.7805 -22.1484 36.0508
      vertex 12.9639 -19.2339 36.5989
      vertex 15.3589 -38.9357 42.3338
    endloop
  endfacet
  facet normal -0.122495 -0.377011 -0.918073
    outer loop
      vertex 12.3339 -30.8118 39.4012
      vertex 10.7805 -22.1484 36.0508
      vertex 14.392 -38.3583 42.2256
    endloop
  endfacet
  facet normal 0.165802 0.382721 0.908865
    outer loop
      vertex 13.8575 -18.1721 41.1601
      vertex 15.6041 -34.5337 47.7313
      vertex 16.3847 -34.4779 47.5654
    endloop
  endfacet
  facet normal 0.165802 0.382721 0.908865
    outer loop
      vertex 15.6041 -34.5337 47.7313
      vertex 13.8575 -18.1721 41.1601
      vertex 13.0769 -18.2279 41.326
    endloop
  endfacet
  facet normal 0.987317 -0.14055 -0.0738297
    outer loop
      vertex 15.9338 -37.1639 46.6489
      vertex 15.3589 -38.9357 42.3338
      vertex 16.3847 -34.4779 47.5654
    endloop
  endfacet
  facet normal -0.496321 0.249692 0.831456
    outer loop
      vertex 13.0769 -18.2279 41.326
      vertex 10.7537 -20.9917 40.7692
      vertex 15.6041 -34.5337 47.7313
    endloop
  endfacet
  facet normal 0.247471 -0.907422 0.339621
    outer loop
      vertex 15.9338 -37.1639 46.6489
      vertex 14.59 -39.0842 42.4973
      vertex 15.3589 -38.9357 42.3338
    endloop
  endfacet
  facet normal -0.122407 -0.37702 -0.918081
    outer loop
      vertex 14.59 -39.0842 42.4973
      vertex 14.392 -38.3583 42.2256
      vertex 15.3589 -38.9357 42.3338
    endloop
  endfacet
  facet normal -0.85274 -0.0375123 0.520986
    outer loop
      vertex 15.1425 -37.2303 46.7816
      vertex 15.6041 -34.5337 47.7313
      vertex 14.967 -36.5865 46.5407
    endloop
  endfacet
  facet normal -0.852929 -0.0373746 0.520687
    outer loop
      vertex 15.6041 -34.5337 47.7313
      vertex 15.1425 -37.2303 46.7816
      vertex 15.1649 -37.3124 46.8124
    endloop
  endfacet
  facet normal 0.949755 0.0246303 -0.312024
    outer loop
      vertex 15.3589 -38.9357 42.3338
      vertex 13.0751 -19.9515 36.8808
      vertex 15.6053 -36.2767 43.2937
    endloop
  endfacet
  facet normal 0.950017 0.024897 -0.311205
    outer loop
      vertex 13.0751 -19.9515 36.8808
      vertex 15.3589 -38.9357 42.3338
      vertex 13.002 -19.4796 36.6954
    endloop
  endfacet
  facet normal 0.950786 0.0256989 -0.30878
    outer loop
      vertex 12.9687 -19.2649 36.6111
      vertex 15.3589 -38.9357 42.3338
      vertex 12.9639 -19.2339 36.5989
    endloop
  endfacet
  facet normal 0.949287 0.0241483 -0.313483
    outer loop
      vertex 13.002 -19.4796 36.6954
      vertex 15.3589 -38.9357 42.3338
      vertex 12.9687 -19.2649 36.6111
    endloop
  endfacet
  facet normal 0.218711 -0.337359 0.915617
    outer loop
      vertex 15.6041 -34.5337 47.7313
      vertex 15.1649 -37.3124 46.8124
      vertex 16.3847 -34.4779 47.5654
    endloop
  endfacet
  facet normal 0.00343158 0.942827 0.333264
    outer loop
      vertex 33.7536 49.9046 42.6519
      vertex 30.4351 45.0179 56.5109
      vertex 31.2157 45.0737 56.345
    endloop
  endfacet
  facet normal 0.0731169 0.93618 0.343834
    outer loop
      vertex 33.7536 49.9046 42.6519
      vertex 31.2157 45.0737 56.345
      vertex 34.5361 49.9046 42.4855
    endloop
  endfacet
  facet normal 0.197019 -0.706723 0.679504
    outer loop
      vertex 29.6302 29.239 47.2502
      vertex 30.5657 36.1154 54.1308
      vertex 29.5964 29.2365 47.2574
    endloop
  endfacet
  facet normal 0.195154 -0.706862 0.679897
    outer loop
      vertex 30.5657 36.1154 54.1308
      vertex 29.6302 29.239 47.2502
      vertex 32.1325 41.7514 59.5406
    endloop
  endfacet
  facet normal 0.965793 -0.215225 0.144645
    outer loop
      vertex 32.1325 41.7514 59.5406
      vertex 35.2771 46.7433 45.9718
      vertex 35.3633 47.4027 46.3774
    endloop
  endfacet
  facet normal 0.965794 -0.215219 0.144647
    outer loop
      vertex 32.1325 41.7514 59.5406
      vertex 34.3282 39.4845 41.5072
      vertex 35.2771 46.7433 45.9718
    endloop
  endfacet
  facet normal 0.965791 -0.21523 0.144648
    outer loop
      vertex 33.2884 31.9745 37.2752
      vertex 34.3282 39.4845 41.5072
      vertex 32.1325 41.7514 59.5406
    endloop
  endfacet
  facet normal 0.965773 -0.215267 0.144717
    outer loop
      vertex 34.3282 39.4845 41.5072
      vertex 33.2884 31.9745 37.2752
      vertex 33.4045 32.4188 37.1613
    endloop
  endfacet
  facet normal -0.939613 0.259832 -0.222745
    outer loop
      vertex 31.7062 34.2434 33.0193
      vertex 28.6003 31.9957 43.4991
      vertex 33.665 49.2274 42.2353
    endloop
  endfacet
  facet normal 0.502754 0.771698 0.389513
    outer loop
      vertex 35.3285 47.5081 46.2135
      vertex 31.2157 45.0737 56.345
      vertex 35.3633 47.4027 46.3774
    endloop
  endfacet
  facet normal 0.502432 0.771944 0.389441
    outer loop
      vertex 31.2157 45.0737 56.345
      vertex 35.3285 47.5081 46.2135
      vertex 34.5361 49.9046 42.4855
    endloop
  endfacet
  facet normal 0.68278 0.595535 0.423261
    outer loop
      vertex 35.3633 47.4027 46.3774
      vertex 31.2157 45.0737 56.345
      vertex 32.1325 41.7514 59.5406
    endloop
  endfacet
  facet normal 0.195034 -0.706867 0.679927
    outer loop
      vertex 32.1325 41.7514 59.5406
      vertex 29.6302 29.239 47.2502
      vertex 30.377 29.2924 47.0915
    endloop
  endfacet
  facet normal -0.954033 0.268128 -0.133899
    outer loop
      vertex 33.7536 49.9046 42.6519
      vertex 30.3579 44.4696 55.963
      vertex 30.4351 45.0179 56.5109
    endloop
  endfacet
  facet normal -0.95402 0.268185 -0.133872
    outer loop
      vertex 33.7536 49.9046 42.6519
      vertex 29.85 40.8649 52.3612
      vertex 30.3579 44.4696 55.963
    endloop
  endfacet
  facet normal -0.95402 0.268189 -0.133868
    outer loop
      vertex 29.85 40.8649 52.3612
      vertex 33.7536 49.9046 42.6519
      vertex 28.6796 32.5588 44.0618
    endloop
  endfacet
  facet normal -0.865752 -0.175171 0.468817
    outer loop
      vertex 33.7536 49.9046 42.6519
      vertex 31.7947 34.9207 33.4358
      vertex 31.7062 34.2434 33.0193
    endloop
  endfacet
  facet normal 0.725781 0.289067 -0.624245
    outer loop
      vertex 33.7536 49.9046 42.6519
      vertex 31.7062 34.2434 33.0193
      vertex 33.665 49.2274 42.2353
    endloop
  endfacet
  facet normal -0.176083 0.532311 -0.828034
    outer loop
      vertex 34.5361 49.9046 42.4855
      vertex 32.5772 34.9207 33.2695
      vertex 33.7536 49.9046 42.6519
    endloop
  endfacet
  facet normal -0.939648 0.259856 -0.222567
    outer loop
      vertex 33.665 49.2274 42.2353
      vertex 28.6003 31.9957 43.4991
      vertex 33.7536 49.9046 42.6519
    endloop
  endfacet
  facet normal -0.175992 0.532232 -0.828104
    outer loop
      vertex 32.4887 34.2434 32.853
      vertex 31.7062 34.2434 33.0193
      vertex 32.5772 34.9207 33.2695
    endloop
  endfacet
  facet normal 0.928844 -0.31904 0.188313
    outer loop
      vertex 32.1325 41.7514 59.5406
      vertex 30.377 29.2924 47.0915
      vertex 33.2884 31.9745 37.2752
    endloop
  endfacet
  facet normal -0.954014 0.268183 -0.133926
    outer loop
      vertex 33.7536 49.9046 42.6519
      vertex 28.6003 31.9957 43.4991
      vertex 28.6796 32.5588 44.0618
    endloop
  endfacet
  facet normal -0.175981 0.532315 -0.828053
    outer loop
      vertex 32.5772 34.9207 33.2695
      vertex 31.7947 34.9207 33.4358
      vertex 33.7536 49.9046 42.6519
    endloop
  endfacet
  facet normal -0.175992 0.532232 -0.828104
    outer loop
      vertex 32.5772 34.9207 33.2695
      vertex 31.7062 34.2434 33.0193
      vertex 31.7947 34.9207 33.4358
    endloop
  endfacet
  facet normal 0.18999 0.199745 0.961252
    outer loop
      vertex 29.5964 29.2365 47.2574
      vertex 30.377 29.2924 47.0915
      vertex 29.6302 29.239 47.2502
    endloop
  endfacet
  facet normal 0.210722 -0.555643 0.804275
    outer loop
      vertex 29.5964 29.2365 47.2574
      vertex 12.3261 23.9271 48.1142
      vertex 30.377 29.2924 47.0915
    endloop
  endfacet
  facet normal 0.210691 -0.555529 0.804361
    outer loop
      vertex 12.6182 28.0227 50.8663
      vertex 12.3261 23.9271 48.1142
      vertex 29.5964 29.2365 47.2574
    endloop
  endfacet
  facet normal -0.218174 0.382927 -0.897645
    outer loop
      vertex 28.2789 26.9397 40.2859
      vertex 11.314 26.4628 44.2058
      vertex 28.2794 26.9721 40.2996
    endloop
  endfacet
  facet normal -0.21819 0.382678 -0.897748
    outer loop
      vertex 11.314 26.4628 44.2058
      vertex 28.2789 26.9397 40.2859
      vertex 11.3006 25.7258 43.8949
    endloop
  endfacet
  facet normal -0.195074 0.706707 -0.680082
    outer loop
      vertex 28.6796 32.5588 44.0618
      vertex 10.8415 30.7261 47.274
      vertex 22.0851 32.0874 45.4635
    endloop
  endfacet
  facet normal -0.218183 0.382816 -0.897691
    outer loop
      vertex 28.2849 27.2729 40.4265
      vertex 11.314 26.4628 44.2058
      vertex 28.2923 27.6767 40.5969
    endloop
  endfacet
  facet normal -0.218187 0.38272 -0.897731
    outer loop
      vertex 11.314 26.4628 44.2058
      vertex 28.2849 27.2729 40.4265
      vertex 28.2794 26.9721 40.2996
    endloop
  endfacet
  facet normal -0.210697 0.555528 -0.80436
    outer loop
      vertex 10.8415 30.7261 47.274
      vertex 28.5868 31.8059 43.3715
      vertex 11.314 26.4628 44.2058
    endloop
  endfacet
  facet normal -0.210684 0.555678 -0.80426
    outer loop
      vertex 28.5868 31.8059 43.3715
      vertex 10.8415 30.7261 47.274
      vertex 28.6003 31.9957 43.4991
    endloop
  endfacet
  facet normal 0.165908 -0.853895 0.493294
    outer loop
      vertex 28.2578 26.9382 40.2904
      vertex 11.3006 25.7258 43.8949
      vertex 28.2789 26.9397 40.2859
    endloop
  endfacet
  facet normal -0.210694 0.555519 -0.804367
    outer loop
      vertex 28.484 30.365 42.4033
      vertex 11.314 26.4628 44.2058
      vertex 28.5868 31.8059 43.3715
    endloop
  endfacet
  facet normal -0.210694 0.555518 -0.804368
    outer loop
      vertex 11.314 26.4628 44.2058
      vertex 28.484 30.365 42.4033
      vertex 28.2923 27.6767 40.5969
    endloop
  endfacet
  facet normal -0.195059 0.706886 -0.6799
    outer loop
      vertex 28.6003 31.9957 43.4991
      vertex 10.8415 30.7261 47.274
      vertex 28.6796 32.5588 44.0618
    endloop
  endfacet
  facet normal 0.21076 -0.555528 0.804343
    outer loop
      vertex 30.377 29.2924 47.0915
      vertex 29.3043 25.1409 44.5053
      vertex 30.0849 25.1967 44.3393
    endloop
  endfacet
  facet normal 0.210691 -0.555524 0.804365
    outer loop
      vertex 30.377 29.2924 47.0915
      vertex 12.3472 23.9286 48.1097
      vertex 29.3043 25.1409 44.5053
    endloop
  endfacet
  facet normal 0.210948 -0.556531 0.803601
    outer loop
      vertex 12.3472 23.9286 48.1097
      vertex 30.377 29.2924 47.0915
      vertex 12.3261 23.9271 48.1142
    endloop
  endfacet
  facet normal 0.946993 -0.223182 0.231072
    outer loop
      vertex 30.377 29.2924 47.0915
      vertex 32.9655 28.6121 35.8261
      vertex 33.0593 28.7112 35.5374
    endloop
  endfacet
  facet normal 0.947079 -0.222817 0.23107
    outer loop
      vertex 32.9655 28.6121 35.8261
      vertex 30.377 29.2924 47.0915
      vertex 30.0849 25.1967 44.3393
    endloop
  endfacet
  facet normal 0.954174 -0.190084 0.231128
    outer loop
      vertex 33.2884 31.9745 37.2752
      vertex 33.2036 30.2614 36.2164
      vertex 33.4045 32.4188 37.1613
    endloop
  endfacet
  facet normal 0.954193 -0.190052 0.231075
    outer loop
      vertex 30.377 29.2924 47.0915
      vertex 33.2036 30.2614 36.2164
      vertex 33.2884 31.9745 37.2752
    endloop
  endfacet
  facet normal 0.954191 -0.190068 0.231073
    outer loop
      vertex 30.377 29.2924 47.0915
      vertex 33.0744 28.8741 35.6088
      vertex 33.2036 30.2614 36.2164
    endloop
  endfacet
  facet normal 0.954256 -0.189737 0.231076
    outer loop
      vertex 33.0744 28.8741 35.6088
      vertex 30.377 29.2924 47.0915
      vertex 33.0593 28.7112 35.5374
    endloop
  endfacet
  facet normal -0.946523 0.199286 -0.253732
    outer loop
      vertex 31.3838 30.7817 31.5031
      vertex 28.2923 27.6767 40.5969
      vertex 31.7062 34.2434 33.0193
    endloop
  endfacet
  facet normal 0.781615 -0.385347 0.490495
    outer loop
      vertex 28.5868 31.8059 43.3715
      vertex 28.6003 31.9957 43.4991
      vertex 28.484 30.365 42.4033
    endloop
  endfacet
  facet normal -0.296837 0.375783 -0.877881
    outer loop
      vertex 28.2849 27.2729 40.4265
      vertex 28.2789 26.9397 40.2859
      vertex 28.2794 26.9721 40.2996
    endloop
  endfacet
  facet normal -0.199719 0.277053 -0.939869
    outer loop
      vertex 32.1203 30.013 31.12
      vertex 31.3838 30.7817 31.5031
      vertex 32.1664 30.7817 31.3368
    endloop
  endfacet
  facet normal -0.199867 0.276916 -0.939878
    outer loop
      vertex 31.3838 30.7817 31.5031
      vertex 32.1203 30.013 31.12
      vertex 31.3378 30.013 31.2864
    endloop
  endfacet
  facet normal -0.189705 0.408683 -0.892743
    outer loop
      vertex 32.1664 30.7817 31.3368
      vertex 31.3838 30.7817 31.5031
      vertex 31.7062 34.2434 33.0193
    endloop
  endfacet
  facet normal -0.946502 0.223755 -0.232524
    outer loop
      vertex 31.7062 34.2434 33.0193
      vertex 28.484 30.365 42.4033
      vertex 28.6003 31.9957 43.4991
    endloop
  endfacet
  facet normal -0.946504 0.223742 -0.23253
    outer loop
      vertex 28.484 30.365 42.4033
      vertex 31.7062 34.2434 33.0193
      vertex 28.2923 27.6767 40.5969
    endloop
  endfacet
  facet normal -0.189729 0.408678 -0.89274
    outer loop
      vertex 32.1664 30.7817 31.3368
      vertex 31.7062 34.2434 33.0193
      vertex 32.4887 34.2434 32.853
    endloop
  endfacet
  facet normal -0.951251 0.135085 -0.277261
    outer loop
      vertex 31.3378 30.013 31.2864
      vertex 28.2923 27.6767 40.5969
      vertex 31.3838 30.7817 31.5031
    endloop
  endfacet
  facet normal -0.953176 0.0720597 -0.293705
    outer loop
      vertex 31.3377 30.0129 31.2867
      vertex 28.2923 27.6767 40.5969
      vertex 31.3378 30.013 31.2864
    endloop
  endfacet
  facet normal -0.199723 0.276991 -0.939887
    outer loop
      vertex 31.101 13.0056 26.3244
      vertex 30.3184 13.0056 26.4907
      vertex 32.1203 30.013 31.12
    endloop
  endfacet
  facet normal 0.955166 -0.131923 0.265054
    outer loop
      vertex 32.9655 28.6121 35.8261
      vertex 29.9338 9.77263 37.3745
      vertex 33.0593 28.7112 35.5374
    endloop
  endfacet
  facet normal 0.954401 -0.13156 0.267975
    outer loop
      vertex 29.9338 9.77263 37.3745
      vertex 32.9655 28.6121 35.8261
      vertex 29.9294 9.76719 37.3875
    endloop
  endfacet
  facet normal -0.951903 0.133643 -0.275719
    outer loop
      vertex 27.9962 11.3715 33.7159
      vertex 28.2789 26.9397 40.2859
      vertex 30.3184 13.0056 26.4907
    endloop
  endfacet
  facet normal -0.948252 0.137916 -0.286001
    outer loop
      vertex 28.2789 26.9397 40.2859
      vertex 27.9962 11.3715 33.7159
      vertex 27.9956 11.3709 33.7176
    endloop
  endfacet
  facet normal -0.95201 0.133384 -0.275474
    outer loop
      vertex 28.2849 27.2729 40.4265
      vertex 30.3184 13.0056 26.4907
      vertex 28.2789 26.9397 40.2859
    endloop
  endfacet
  facet normal -0.951794 0.133899 -0.275969
    outer loop
      vertex 30.3184 13.0056 26.4907
      vertex 28.2849 27.2729 40.4265
      vertex 28.2923 27.6767 40.5969
    endloop
  endfacet
  facet normal -0.864941 -0.0875059 0.494186
    outer loop
      vertex 32.1203 30.013 31.12
      vertex 31.147 13.7743 26.5411
      vertex 32.1664 30.7817 31.3368
    endloop
  endfacet
  facet normal 0.997821 -0.0466518 -0.0466518
    outer loop
      vertex 33.0593 28.7112 35.5374
      vertex 32.086 12.4724 30.9586
      vertex 32.086 12.4725 30.9585
    endloop
  endfacet
  facet normal 0.955206 -0.131945 0.2649
    outer loop
      vertex 32.086 12.4724 30.9586
      vertex 33.0593 28.7112 35.5374
      vertex 29.9338 9.77263 37.3745
    endloop
  endfacet
  facet normal -0.951244 0.13519 -0.277232
    outer loop
      vertex 31.3377 30.0129 31.2867
      vertex 30.3184 13.0056 26.4907
      vertex 28.2923 27.6767 40.5969
    endloop
  endfacet
  facet normal -0.952666 0.134046 -0.272873
    outer loop
      vertex 30.3184 13.0056 26.4907
      vertex 31.3377 30.0129 31.2867
      vertex 31.3378 30.013 31.2864
    endloop
  endfacet
  facet normal -0.199862 0.276997 -0.939855
    outer loop
      vertex 32.1203 30.013 31.12
      vertex 30.3184 13.0056 26.4907
      vertex 31.3378 30.013 31.2864
    endloop
  endfacet
  facet normal 0.864941 0.0875059 -0.494186
    outer loop
      vertex 32.1664 30.7817 31.3368
      vertex 31.147 13.7743 26.5411
      vertex 32.1203 30.013 31.12
    endloop
  endfacet
  facet normal -0.579622 -0.188785 0.792716
    outer loop
      vertex 32.1203 30.013 31.12
      vertex 31.147 13.7743 26.5411
      vertex 31.101 13.0056 26.3244
    endloop
  endfacet
  facet normal 0.953845 -0.131297 0.270077
    outer loop
      vertex 30.0849 25.1967 44.3393
      vertex 29.9294 9.76719 37.3875
      vertex 32.9655 28.6121 35.8261
    endloop
  endfacet
  facet normal 0.953885 -0.131245 0.269961
    outer loop
      vertex 29.9294 9.76719 37.3875
      vertex 30.0849 25.1967 44.3393
      vertex 29.8017 9.6279 37.771
    endloop
  endfacet
  facet normal 0.218263 -0.382707 0.897717
    outer loop
      vertex 29.3043 25.1409 44.5053
      vertex 29.8017 9.62791 37.771
      vertex 30.0849 25.1967 44.3393
    endloop
  endfacet
  facet normal 0.218158 -0.382719 0.897738
    outer loop
      vertex 29.8017 9.62791 37.771
      vertex 29.3043 25.1409 44.5053
      vertex 29.0211 9.5721 37.9369
    endloop
  endfacet
  facet normal -0.85918 -0.18555 0.476845
    outer loop
      vertex 29.2698 23.2455 43.7056
      vertex 29.0211 9.5721 37.9369
      vertex 29.3043 25.1409 44.5053
    endloop
  endfacet
  facet normal -0.999072 0 0.0430762
    outer loop
      vertex 30.0849 25.1967 44.3393
      vertex 29.8017 9.62791 37.771
      vertex 29.8017 9.6279 37.771
    endloop
  endfacet
  facet normal 0.217248 -0.195137 0.956412
    outer loop
      vertex 12.0485 8.14571 41.5012
      vertex 20.4376 4.11336 38.7729
      vertex 29.1508 4.73629 36.9208
    endloop
  endfacet
  facet normal 0.217244 -0.19515 0.956411
    outer loop
      vertex 20.4376 4.11336 38.7729
      vertex 12.1109 5.82197 41.0129
      vertex 12.1937 3.52398 40.5252
    endloop
  endfacet
  facet normal 0.217906 -0.195097 0.956271
    outer loop
      vertex 12.1937 3.52398 40.5252
      vertex 12.1109 5.82197 41.0129
      vertex 12.1726 3.52247 40.5297
    endloop
  endfacet
  facet normal 0.217246 -0.195142 0.956412
    outer loop
      vertex 20.4376 4.11336 38.7729
      vertex 12.0485 8.14571 41.5012
      vertex 12.1109 5.82197 41.0129
    endloop
  endfacet
  facet normal 0.217218 -0.195146 0.956417
    outer loop
      vertex 12.1726 3.52247 40.5297
      vertex 12.1109 5.82197 41.0129
      vertex 11.392 3.46666 40.6956
    endloop
  endfacet
  facet normal -0.218287 0.381139 -0.898378
    outer loop
      vertex 27.9822 10.6339 33.4067
      vertex 11.0174 10.1571 37.3265
      vertex 27.9828 10.6663 33.4203
    endloop
  endfacet
  facet normal -0.218184 0.382693 -0.897743
    outer loop
      vertex 11.0174 10.1571 37.3265
      vertex 27.9822 10.6339 33.4067
      vertex 10.2234 9.36427 37.1815
    endloop
  endfacet
  facet normal 0.159919 -0.874222 0.458434
    outer loop
      vertex 11.0385 10.1586 37.322
      vertex 11.0174 10.1571 37.3265
      vertex 10.7586 10.1386 37.3815
    endloop
  endfacet
  facet normal 0.164108 -0.860256 0.48273
    outer loop
      vertex 11.0174 10.1571 37.3265
      vertex 11.0385 10.1586 37.322
      vertex 22.1524 10.9531 34.9596
    endloop
  endfacet
  facet normal -0.217244 0.195023 -0.956437
    outer loop
      vertex 11.1409 4.32052 35.944
      vertex 28.1133 5.74906 32.3802
      vertex 28.1191 5.53434 32.3351
    endloop
  endfacet
  facet normal -0.217249 0.195145 -0.956411
    outer loop
      vertex 28.1133 5.74906 32.3802
      vertex 11.1409 4.32052 35.944
      vertex 11.0097 9.20536 36.9705
    endloop
  endfacet
  facet normal 0.217249 -0.195135 0.956413
    outer loop
      vertex 29.0211 9.5721 37.9369
      vertex 12.0485 8.14571 41.5012
      vertex 29.1508 4.73629 36.9208
    endloop
  endfacet
  facet normal 0.217238 -0.194864 0.95647
    outer loop
      vertex 12.0428 8.35827 41.5458
      vertex 12.0485 8.14571 41.5012
      vertex 29.0211 9.5721 37.9369
    endloop
  endfacet
  facet normal -0.101152 0.984263 -0.144892
    outer loop
      vertex 29.1508 4.73629 36.9208
      vertex 29.3947 4.75373 36.869
      vertex 29.9315 4.7921 36.7549
    endloop
  endfacet
  facet normal 0.214237 -0.111388 0.97041
    outer loop
      vertex 26.0388 11.231 34.1335
      vertex 11.0174 10.1571 37.3265
      vertex 22.1524 10.9531 34.9596
    endloop
  endfacet
  facet normal -0.218219 0.382624 -0.897764
    outer loop
      vertex 27.9828 10.6663 33.4203
      vertex 26.0388 11.231 34.1335
      vertex 27.986 10.8441 33.4953
    endloop
  endfacet
  facet normal -0.218186 0.382703 -0.897738
    outer loop
      vertex 26.0388 11.231 34.1335
      vertex 27.9828 10.6663 33.4203
      vertex 11.0174 10.1571 37.3265
    endloop
  endfacet
  facet normal -0.217247 0.195149 -0.95641
    outer loop
      vertex 11.0097 9.20536 36.9705
      vertex 27.9822 10.6339 33.4067
      vertex 28.1133 5.74906 32.3802
    endloop
  endfacet
  facet normal -0.217247 0.195128 -0.956415
    outer loop
      vertex 11.004 9.42007 37.0156
      vertex 27.9822 10.6339 33.4067
      vertex 11.0097 9.20536 36.9705
    endloop
  endfacet
  facet normal 0.00500585 -0.954692 -0.297554
    outer loop
      vertex 27.9822 10.6339 33.4067
      vertex 11.004 9.42007 37.0156
      vertex 10.2234 9.36427 37.1815
    endloop
  endfacet
  facet normal 0.217218 -0.195132 0.95642
    outer loop
      vertex 29.0211 9.5721 37.9369
      vertex 29.9315 4.7921 36.7549
      vertex 29.8017 9.62791 37.771
    endloop
  endfacet
  facet normal 0.217192 -0.195139 0.956425
    outer loop
      vertex 29.9315 4.7921 36.7549
      vertex 29.0211 9.5721 37.9369
      vertex 29.1508 4.73629 36.9208
    endloop
  endfacet
  facet normal 0.0499559 -0.993809 -0.0992403
    outer loop
      vertex 12.0428 8.35827 41.5458
      vertex 29.0211 9.5721 37.9369
      vertex 29 9.57059 37.9414
    endloop
  endfacet
  facet normal -0.939812 0.233802 -0.24918
    outer loop
      vertex 30.3184 13.0056 26.4907
      vertex 27.9956 11.3709 33.7176
      vertex 27.9962 11.3715 33.7159
    endloop
  endfacet
  facet normal -0.207856 0 -0.978159
    outer loop
      vertex 30.2081 -9.25 25.9717
      vertex 30.9907 -8.45 25.8054
      vertex 30.9907 -9.25 25.8054
    endloop
  endfacet
  facet normal -0.207856 0 -0.978159
    outer loop
      vertex 30.9907 -8.45 25.8054
      vertex 30.2081 -9.25 25.9717
      vertex 30.9907 8.45 25.8054
    endloop
  endfacet
  facet normal -0.207856 -0 -0.978159
    outer loop
      vertex 30.2081 9.25 25.9717
      vertex 30.9907 8.45 25.8054
      vertex 30.2081 -9.25 25.9717
    endloop
  endfacet
  facet normal -0.207856 0 -0.978159
    outer loop
      vertex 30.9907 8.45 25.8054
      vertex 30.2081 9.25 25.9717
      vertex 30.9907 9.25 25.8054
    endloop
  endfacet
  facet normal -0.952089 0.069131 -0.297905
    outer loop
      vertex 30.2081 9.25 25.9717
      vertex 27.9822 10.6339 33.4067
      vertex 30.3184 13.0056 26.4907
    endloop
  endfacet
  facet normal -0.950113 0 -0.311906
    outer loop
      vertex 30.2081 -9.25 25.9717
      vertex 28.1191 5.53434 32.3351
      vertex 30.2081 9.25 25.9717
    endloop
  endfacet
  facet normal -0.205812 0.139891 -0.968541
    outer loop
      vertex 30.9907 9.25 25.8054
      vertex 30.3184 13.0056 26.4907
      vertex 31.101 13.0056 26.3244
    endloop
  endfacet
  facet normal -0.205812 0.139891 -0.968541
    outer loop
      vertex 30.3184 13.0056 26.4907
      vertex 30.9907 9.25 25.8054
      vertex 30.2081 9.25 25.9717
    endloop
  endfacet
  facet normal -0.991939 0 -0.126714
    outer loop
      vertex 29.9315 4.7921 36.7549
      vertex 29.8017 9.6279 37.771
      vertex 29.8017 9.62791 37.771
    endloop
  endfacet
  facet normal 0.991939 0 0.126714
    outer loop
      vertex 29.8017 9.6279 37.771
      vertex 29.9315 4.7921 36.7549
      vertex 29.9315 4.79211 36.7549
    endloop
  endfacet
  facet normal 0.951295 -0.0384909 0.30587
    outer loop
      vertex 29.9315 4.79211 36.7549
      vertex 29.9338 9.77263 37.3745
      vertex 29.9294 9.76719 37.3875
    endloop
  endfacet
  facet normal 0.52591 -0.601423 -0.601423
    outer loop
      vertex 32.086 12.4724 30.9586
      vertex 29.9315 4.79211 36.7549
      vertex 32.086 12.4725 30.9585
    endloop
  endfacet
  facet normal 0.952123 -0.0381746 0.303324
    outer loop
      vertex 29.9338 9.77263 37.3745
      vertex 29.9315 4.79211 36.7549
      vertex 32.086 12.4724 30.9586
    endloop
  endfacet
  facet normal 0.952163 -0.0381511 0.3032
    outer loop
      vertex 29.9315 4.79211 36.7549
      vertex 29.9294 9.76719 37.3875
      vertex 29.8017 9.6279 37.771
    endloop
  endfacet
  facet normal 0.485601 0.192236 -0.852782
    outer loop
      vertex 28.1133 5.74906 32.3802
      vertex 27.9822 10.6339 33.4067
      vertex 28.1191 5.53434 32.3351
    endloop
  endfacet
  facet normal -0.978154 0 0.207881
    outer loop
      vertex 30.9907 9.25001 25.8054
      vertex 30.9907 9.25 25.8054
      vertex 31.101 13.0056 26.3244
    endloop
  endfacet
  facet normal -0.951914 0.133459 -0.275767
    outer loop
      vertex 30.3184 13.0056 26.4907
      vertex 27.9927 11.2095 33.6495
      vertex 27.9956 11.3709 33.7176
    endloop
  endfacet
  facet normal -0.951902 0.133665 -0.275711
    outer loop
      vertex 27.9927 11.2095 33.6495
      vertex 30.3184 13.0056 26.4907
      vertex 27.9822 10.6339 33.4067
    endloop
  endfacet
  facet normal -0.955519 0.0358638 -0.29274
    outer loop
      vertex 28.1191 5.53434 32.3351
      vertex 27.9822 10.6339 33.4067
      vertex 30.2081 9.25 25.9717
    endloop
  endfacet
  facet normal 0.959685 -0.065843 0.273256
    outer loop
      vertex 32.086 12.4725 30.9585
      vertex 31.9468 8.74165 30.5484
      vertex 31.949 8.74591 30.5417
    endloop
  endfacet
  facet normal 0.960571 -0.06554 0.270198
    outer loop
      vertex 31.9468 8.74165 30.5484
      vertex 32.086 12.4725 30.9585
      vertex 29.9315 4.79211 36.7549
    endloop
  endfacet
  facet normal 0.96084 -0.0654392 0.269265
    outer loop
      vertex 32.086 12.4725 30.9585
      vertex 31.949 8.74591 30.5417
      vertex 31.9678 8.45 30.4027
    endloop
  endfacet
  facet normal 0.443379 0.341583 -0.828696
    outer loop
      vertex 27.986 10.8441 33.4953
      vertex 27.9927 11.2095 33.6495
      vertex 27.9828 10.6663 33.4203
    endloop
  endfacet
  facet normal 0.98846 -0.0738269 0.132273
    outer loop
      vertex 27.9927 11.2095 33.6495
      vertex 27.9822 10.6339 33.4067
      vertex 27.9828 10.6663 33.4203
    endloop
  endfacet
  facet normal -0.982914 -0.0647168 -0.172312
    outer loop
      vertex 30.2081 -9.25 25.9717
      vertex 28.8327 -4.89953 32.1834
      vertex 28.1737 4.73629 32.3235
    endloop
  endfacet
  facet normal -0.982915 -0.0647333 -0.172301
    outer loop
      vertex 29.3268 -12.1225 32.0784
      vertex 28.8327 -4.89953 32.1834
      vertex 30.2081 -9.25 25.9717
    endloop
  endfacet
  facet normal 0.992313 0.0663718 0.104454
    outer loop
      vertex 29.3268 -12.1225 32.0784
      vertex 29.3662 -12.6985 32.0701
      vertex 29.3291 -12.1561 32.0779
    endloop
  endfacet
  facet normal -0.762243 -0.0614247 0.64437
    outer loop
      vertex 29.3662 -12.6985 32.0701
      vertex 29.3268 -12.1225 32.0784
      vertex 29.3813 -12.9205 32.0668
    endloop
  endfacet
  facet normal 0.207979 6.86086e-06 0.978133
    outer loop
      vertex 31.0845 -12.0667 36.5098
      vertex 30.2251 -7.38762 36.6925
      vertex 31.0069 -12.0722 36.5263
    endloop
  endfacet
  facet normal 0.207951 1.52312e-06 0.978139
    outer loop
      vertex 30.2251 -7.38762 36.6925
      vertex 31.0845 -12.0667 36.5098
      vertex 29.9315 4.7921 36.7549
    endloop
  endfacet
  facet normal -0.982929 -0.0647647 -0.172211
    outer loop
      vertex 28.1439 5.17181 32.3298
      vertex 30.2081 -9.25 25.9717
      vertex 28.1737 4.73629 32.3235
    endloop
  endfacet
  facet normal -0.982915 -0.0647203 -0.172308
    outer loop
      vertex 30.2081 -9.25 25.9717
      vertex 28.1439 5.17181 32.3298
      vertex 28.1191 5.53434 32.3351
    endloop
  endfacet
  facet normal 0.990942 -0.000123426 0.134289
    outer loop
      vertex 31.16 -12.3069 36.3445
      vertex 31.9678 8.45 30.4027
      vertex 31.949 8.74591 30.5417
    endloop
  endfacet
  facet normal 0.990885 0 0.134713
    outer loop
      vertex 31.9678 8.45 30.4027
      vertex 31.16 -12.3069 36.3445
      vertex 31.9678 -8.45 30.4027
    endloop
  endfacet
  facet normal 0.937731 0.0592003 0.34228
    outer loop
      vertex 31.16 -12.3069 36.3445
      vertex 31.9468 8.74165 30.5484
      vertex 31.0845 -12.0667 36.5098
    endloop
  endfacet
  facet normal 0.936392 0.0602067 0.345753
    outer loop
      vertex 31.9468 8.74165 30.5484
      vertex 31.16 -12.3069 36.3445
      vertex 31.949 8.74591 30.5417
    endloop
  endfacet
  facet normal 0.93778 0.0591619 0.342153
    outer loop
      vertex 29.9315 4.79211 36.7549
      vertex 31.0845 -12.0667 36.5098
      vertex 31.9468 8.74165 30.5484
    endloop
  endfacet
  facet normal 0.20793 0 0.978144
    outer loop
      vertex 31.0845 -12.0667 36.5098
      vertex 29.9315 4.79211 36.7549
      vertex 29.9315 4.7921 36.7549
    endloop
  endfacet
  facet normal 0.207911 5.13766e-07 0.978148
    outer loop
      vertex 29.9315 4.7921 36.7549
      vertex 29.3947 4.75373 36.869
      vertex 30.2251 -7.38762 36.6925
    endloop
  endfacet
  facet normal -0.207948 0.000395699 -0.97814
    outer loop
      vertex 12.4008 -14.1007 35.6763
      vertex 29.3662 -12.6985 32.0701
      vertex 29.3813 -12.9205 32.0668
    endloop
  endfacet
  facet normal -0.207943 0.000321463 -0.978141
    outer loop
      vertex 12.4008 -14.1007 35.6763
      vertex 29.3813 -12.9205 32.0668
      vertex 12.4031 -14.1343 35.6758
    endloop
  endfacet
  facet normal -0.207905 -0.000154311 -0.978149
    outer loop
      vertex 29.3662 -12.6985 32.0701
      vertex 12.4008 -14.1007 35.6763
      vertex 29.3291 -12.1561 32.0779
    endloop
  endfacet
  facet normal 0.124211 0.603769 0.787423
    outer loop
      vertex 17.9525 -19.6224 35.8523
      vertex 14.6392 -19.8593 36.5566
      vertex 30.0564 -18.7571 33.2795
    endloop
  endfacet
  facet normal -0.207919 -2.19147e-05 -0.978146
    outer loop
      vertex 12.3485 -13.3363 35.6874
      vertex 29.3291 -12.1561 32.0779
      vertex 12.4008 -14.1007 35.6763
    endloop
  endfacet
  facet normal -0.207942 0.000321547 -0.978141
    outer loop
      vertex 29.3291 -12.1561 32.0779
      vertex 12.3485 -13.3363 35.6874
      vertex 29.3268 -12.1225 32.0784
    endloop
  endfacet
  facet normal -0.190556 -0.19512 -0.96209
    outer loop
      vertex 12.4031 -14.1343 35.6758
      vertex 29.405 -13.1352 32.1057
      vertex 12.9403 -19.0192 36.5601
    endloop
  endfacet
  facet normal -0.190535 -0.195339 -0.962049
    outer loop
      vertex 29.405 -13.1352 32.1057
      vertex 12.4031 -14.1343 35.6758
      vertex 29.3813 -12.9205 32.0668
    endloop
  endfacet
  facet normal -0.190586 -0.194825 -0.962144
    outer loop
      vertex 12.9403 -19.0192 36.5601
      vertex 29.9421 -18.0201 32.99
      vertex 12.9639 -19.2339 36.5989
    endloop
  endfacet
  facet normal -0.190557 -0.195117 -0.96209
    outer loop
      vertex 29.9421 -18.0201 32.99
      vertex 12.9403 -19.0192 36.5601
      vertex 29.405 -13.1352 32.1057
    endloop
  endfacet
  facet normal -0.165005 0.857112 -0.487988
    outer loop
      vertex 29.3057 -12.124 32.0829
      vertex 29.3268 -12.1225 32.0784
      vertex 12.3485 -13.3363 35.6874
    endloop
  endfacet
  facet normal 0.190555 0.195124 0.962089
    outer loop
      vertex 13.3481 -13.5399 40.3215
      vertex 14.9441 -18.0944 40.9291
      vertex 31.6163 -16.9025 37.3852
    endloop
  endfacet
  facet normal 0.190576 0.19513 0.962084
    outer loop
      vertex 14.9441 -18.0944 40.9291
      vertex 13.3481 -13.5399 40.3215
      vertex 13.8575 -18.1721 41.1601
    endloop
  endfacet
  facet normal 0.169623 -0.840037 0.515331
    outer loop
      vertex 13.8575 -18.1721 41.1601
      vertex 13.8786 -18.1706 41.1556
      vertex 14.9441 -18.0944 40.9291
    endloop
  endfacet
  facet normal -0.165824 -0.382748 -0.908849
    outer loop
      vertex 12.9687 -19.2649 36.6111
      vertex 29.9421 -18.0201 32.99
      vertex 30.0516 -18.726 33.2673
    endloop
  endfacet
  facet normal -0.165743 -0.38326 -0.908648
    outer loop
      vertex 12.9687 -19.2649 36.6111
      vertex 12.9639 -19.2339 36.5989
      vertex 29.9421 -18.0201 32.99
    endloop
  endfacet
  facet normal 0.19073 0.19513 0.962053
    outer loop
      vertex 31.0069 -12.0722 36.5263
      vertex 31.6163 -16.9025 37.3852
      vertex 31.0845 -12.0667 36.5098
    endloop
  endfacet
  facet normal 0.190526 0.195112 0.962097
    outer loop
      vertex 30.2828 -12.124 36.6802
      vertex 31.6163 -16.9025 37.3852
      vertex 31.0069 -12.0722 36.5263
    endloop
  endfacet
  facet normal 0.190563 0.195122 0.962088
    outer loop
      vertex 23.5754 -12.6035 38.106
      vertex 31.6163 -16.9025 37.3852
      vertex 30.2828 -12.124 36.6802
    endloop
  endfacet
  facet normal 0.190552 0.195099 0.962095
    outer loop
      vertex 23.5754 -12.6035 38.106
      vertex 13.3481 -13.5399 40.3215
      vertex 31.6163 -16.9025 37.3852
    endloop
  endfacet
  facet normal 0.190581 0.19487 0.962135
    outer loop
      vertex 13.3481 -13.5399 40.3215
      vertex 23.5754 -12.6035 38.106
      vertex 13.3257 -13.3363 40.2847
    endloop
  endfacet
  facet normal -0.165906 -0.382214 -0.909059
    outer loop
      vertex 14.6392 -19.8593 36.5566
      vertex 30.0516 -18.726 33.2673
      vertex 30.0564 -18.7571 33.2795
    endloop
  endfacet
  facet normal -0.165788 -0.382593 -0.908921
    outer loop
      vertex 12.9687 -19.2649 36.6111
      vertex 14.6392 -19.8593 36.5566
      vertex 13.002 -19.4796 36.6954
    endloop
  endfacet
  facet normal -0.165828 -0.382709 -0.908865
    outer loop
      vertex 14.6392 -19.8593 36.5566
      vertex 12.9687 -19.2649 36.6111
      vertex 30.0516 -18.726 33.2673
    endloop
  endfacet
  facet normal -0.978054 -0.136113 -0.157746
    outer loop
      vertex 29.9421 -18.0201 32.99
      vertex 29.3813 -12.9205 32.0668
      vertex 30.3645 -13.7743 26.7075
    endloop
  endfacet
  facet normal 0.962902 0.146872 0.226379
    outer loop
      vertex 31.6163 -16.9025 37.3852
      vertex 31.16 -12.3069 36.3445
      vertex 31.0845 -12.0667 36.5098
    endloop
  endfacet
  facet normal 0.962942 0.146842 0.226231
    outer loop
      vertex 31.9678 -8.45 30.4027
      vertex 31.16 -12.3069 36.3445
      vertex 31.6163 -16.9025 37.3852
    endloop
  endfacet
  facet normal -0.333874 0.132242 0.933295
    outer loop
      vertex 29.3813 -12.9205 32.0668
      vertex 29.9421 -18.0201 32.99
      vertex 29.405 -13.1352 32.1057
    endloop
  endfacet
  facet normal 0.993787 0.0433529 0.102507
    outer loop
      vertex 31.9678 -8.45 30.4027
      vertex 31.6163 -16.9025 37.3852
      vertex 32.0691 -12.0026 30.9231
    endloop
  endfacet
  facet normal 0.993617 0.0435743 0.104052
    outer loop
      vertex 31.9678 -8.45 30.4027
      vertex 32.0691 -12.0026 30.9231
      vertex 32.086 -12.4725 30.9585
    endloop
  endfacet
  facet normal -0.984667 -0.0519329 -0.166533
    outer loop
      vertex 30.3184 -13.0056 26.4907
      vertex 29.3268 -12.1225 32.0784
      vertex 30.2081 -9.25 25.9717
    endloop
  endfacet
  facet normal -0.205812 -0.139891 -0.968541
    outer loop
      vertex 30.3184 -13.0056 26.4907
      vertex 30.9907 -9.25 25.8054
      vertex 31.101 -13.0056 26.3244
    endloop
  endfacet
  facet normal -0.205812 -0.139891 -0.968541
    outer loop
      vertex 30.9907 -9.25 25.8054
      vertex 30.3184 -13.0056 26.4907
      vertex 30.2081 -9.25 25.9717
    endloop
  endfacet
  facet normal -0.978154 0 0.207881
    outer loop
      vertex 31.101 -13.0056 26.3244
      vertex 30.9907 -9.25 25.8054
      vertex 30.9907 -9.25001 25.8054
    endloop
  endfacet
  facet normal -0.980993 -0.104877 -0.163262
    outer loop
      vertex 30.3645 -13.7743 26.7075
      vertex 29.3813 -12.9205 32.0668
      vertex 30.3184 -13.0056 26.4907
    endloop
  endfacet
  facet normal -0.984257 -0.0648305 -0.164421
    outer loop
      vertex 29.3813 -12.9205 32.0668
      vertex 29.3268 -12.1225 32.0784
      vertex 30.3184 -13.0056 26.4907
    endloop
  endfacet
  facet normal 0.937018 0.243569 0.250343
    outer loop
      vertex 31.6163 -16.9025 37.3852
      vertex 34.1435 -33.2082 43.7905
      vertex 32.0691 -12.0026 30.9231
    endloop
  endfacet
  facet normal -0.986664 -0.0961638 -0.131327
    outer loop
      vertex 30.3645 -13.7743 26.7075
      vertex 31.3838 -30.7817 31.5031
      vertex 29.9421 -18.0201 32.99
    endloop
  endfacet
  facet normal -0.849345 0.0954768 0.519132
    outer loop
      vertex 31.3838 -30.7817 31.5031
      vertex 30.3645 -13.7743 26.7075
      vertex 30.3184 -13.0056 26.4907
    endloop
  endfacet
  facet normal 0.864941 -0.0875059 -0.494186
    outer loop
      vertex 32.1203 -30.013 31.12
      vertex 31.147 -13.7743 26.5411
      vertex 32.1664 -30.7817 31.3368
    endloop
  endfacet
  facet normal -0.579622 0.188785 0.792716
    outer loop
      vertex 31.147 -13.7743 26.5411
      vertex 32.1203 -30.013 31.12
      vertex 31.101 -13.0056 26.3244
    endloop
  endfacet
  facet normal -0.199723 -0.276991 -0.939887
    outer loop
      vertex 32.1203 -30.013 31.12
      vertex 30.3184 -13.0056 26.4907
      vertex 31.101 -13.0056 26.3244
    endloop
  endfacet
  facet normal -0.199862 -0.276997 -0.939855
    outer loop
      vertex 32.1203 -30.013 31.12
      vertex 31.3378 -30.013 31.2864
      vertex 30.3184 -13.0056 26.4907
    endloop
  endfacet
  facet normal 0.58816 -0.186638 -0.786914
    outer loop
      vertex 31.3378 -30.013 31.2864
      vertex 31.3838 -30.7817 31.5031
      vertex 30.3184 -13.0056 26.4907
    endloop
  endfacet
  facet normal -0.98926 -0.121267 0.0816072
    outer loop
      vertex 32.4693 -34.3258 39.3953
      vertex 29.9421 -18.0201 32.99
      vertex 31.3838 -30.7817 31.5031
    endloop
  endfacet
  facet normal 0.15694 0.382074 0.910708
    outer loop
      vertex 29.9421 -18.0201 32.99
      vertex 32.4693 -34.3258 39.3953
      vertex 32.5836 -35.0628 39.6848
    endloop
  endfacet
  facet normal 0.992932 0.0270044 -0.115571
    outer loop
      vertex 34.1435 -33.2082 43.7905
      vertex 32.086 -12.4725 30.9585
      vertex 32.0691 -12.0026 30.9231
    endloop
  endfacet
  facet normal 0.992909 0.0268587 -0.115802
    outer loop
      vertex 32.086 -12.4725 30.9585
      vertex 34.1435 -33.2082 43.7905
      vertex 33.0593 -28.7112 35.5374
    endloop
  endfacet
  facet normal -0.864941 0.0875059 0.494186
    outer loop
      vertex 32.1203 -30.013 31.12
      vertex 32.1664 -30.7817 31.3368
      vertex 31.147 -13.7743 26.5411
    endloop
  endfacet
  facet normal -0.199719 -0.277053 -0.939869
    outer loop
      vertex 31.3838 -30.7817 31.5031
      vertex 32.1203 -30.013 31.12
      vertex 32.1664 -30.7817 31.3368
    endloop
  endfacet
  facet normal -0.199867 -0.276916 -0.939878
    outer loop
      vertex 32.1203 -30.013 31.12
      vertex 31.3838 -30.7817 31.5031
      vertex 31.3378 -30.013 31.2864
    endloop
  endfacet
  facet normal -0.56046 0.226044 0.796736
    outer loop
      vertex 30.0564 -18.7571 33.2795
      vertex 30.0516 -18.726 33.2673
      vertex 29.9421 -18.0201 32.99
    endloop
  endfacet
  facet normal 0.15694 0.382074 0.910708
    outer loop
      vertex 30.0564 -18.7571 33.2795
      vertex 29.9421 -18.0201 32.99
      vertex 32.5836 -35.0628 39.6848
    endloop
  endfacet
  facet normal 0.350259 0.388996 0.852057
    outer loop
      vertex 30.0564 -18.7571 33.2795
      vertex 32.5836 -35.0628 39.6848
      vertex 32.4724 -34.3452 39.4029
    endloop
  endfacet
  facet normal 0.99336 0.0458267 -0.105526
    outer loop
      vertex 34.1435 -33.2082 43.7905
      vertex 33.0744 -28.8741 35.6088
      vertex 33.0593 -28.7112 35.5374
    endloop
  endfacet
  facet normal 0.993366 0.0464361 -0.105204
    outer loop
      vertex 33.0744 -28.8741 35.6088
      vertex 34.1435 -33.2082 43.7905
      vertex 33.2036 -30.2614 36.2164
    endloop
  endfacet
  facet normal 0.993366 0.0464241 -0.105209
    outer loop
      vertex 33.2036 -30.2614 36.2164
      vertex 34.1435 -33.2082 43.7905
      vertex 33.4045 -32.4188 37.1613
    endloop
  endfacet
  facet normal -0.00461652 -0.999744 -0.022151
    outer loop
      vertex 32.5836 -35.0628 39.6848
      vertex 31.7947 -34.9207 33.4358
      vertex 32.5811 -35.0063 37.1353
    endloop
  endfacet
  facet normal -0.175992 -0.532232 -0.828104
    outer loop
      vertex 31.7947 -34.9207 33.4358
      vertex 31.7062 -34.2434 33.0193
      vertex 32.5772 -34.9207 33.2695
    endloop
  endfacet
  facet normal 0.0665918 -0.997534 -0.0221871
    outer loop
      vertex 32.5836 -35.0628 39.6848
      vertex 32.9621 -35.0207 38.928
      vertex 33.3642 -35.007 39.5189
    endloop
  endfacet
  facet normal 0.0666147 -0.997532 -0.0221755
    outer loop
      vertex 32.5836 -35.0628 39.6848
      vertex 32.7532 -35.0128 37.9451
      vertex 32.9621 -35.0207 38.928
    endloop
  endfacet
  facet normal 0.0666519 -0.99753 -0.0221718
    outer loop
      vertex 32.7532 -35.0128 37.9451
      vertex 32.5836 -35.0628 39.6848
      vertex 32.5811 -35.0063 37.1353
    endloop
  endfacet
  facet normal 0.0665649 -0.997536 -0.0221688
    outer loop
      vertex 33.3642 -35.007 39.5189
      vertex 32.9621 -35.0207 38.928
      vertex 33.2794 -34.9977 38.8458
    endloop
  endfacet
  facet normal -0.992156 -0.0406236 0.118219
    outer loop
      vertex 32.4693 -34.3258 39.3953
      vertex 31.3838 -30.7817 31.5031
      vertex 31.7062 -34.2434 33.0193
    endloop
  endfacet
  facet normal -0.986929 -0.105058 0.122205
    outer loop
      vertex 32.4693 -34.3258 39.3953
      vertex 31.7947 -34.9207 33.4358
      vertex 32.5836 -35.0628 39.6848
    endloop
  endfacet
  facet normal 0.9837 -0.129223 -0.125047
    outer loop
      vertex 34.1435 -33.2082 43.7905
      vertex 33.3642 -35.007 39.5189
      vertex 33.4045 -32.4188 37.1613
    endloop
  endfacet
  facet normal 0.983537 -0.129818 -0.125704
    outer loop
      vertex 33.4045 -32.4188 37.1613
      vertex 33.3642 -35.007 39.5189
      vertex 33.2794 -34.9977 38.8458
    endloop
  endfacet
  facet normal -0.189705 -0.408683 -0.892743
    outer loop
      vertex 31.7062 -34.2434 33.0193
      vertex 31.3838 -30.7817 31.5031
      vertex 32.1664 -30.7817 31.3368
    endloop
  endfacet
  facet normal -0.991385 -0.0570293 0.117915
    outer loop
      vertex 31.7947 -34.9207 33.4358
      vertex 32.4693 -34.3258 39.3953
      vertex 31.7062 -34.2434 33.0193
    endloop
  endfacet
  facet normal -0.189729 -0.408678 -0.89274
    outer loop
      vertex 32.4887 -34.2434 32.853
      vertex 31.7062 -34.2434 33.0193
      vertex 32.1664 -30.7817 31.3368
    endloop
  endfacet
  facet normal -0.175992 -0.532232 -0.828104
    outer loop
      vertex 32.5772 -34.9207 33.2695
      vertex 31.7062 -34.2434 33.0193
      vertex 32.4887 -34.2434 32.853
    endloop
  endfacet
  facet normal 0.110147 0.848089 0.518278
    outer loop
      vertex 52.3384 49.9046 38.7016
      vertex 51.5559 49.9046 38.8679
      vertex 55.7694 47.5445 41.8344
    endloop
  endfacet
  facet normal 0.152676 -0.589615 0.793123
    outer loop
      vertex 53.9863 30.484 35.4205
      vertex 56.2778 39.1647 41.4327
      vertex 57.1551 44.1065 44.9376
    endloop
  endfacet
  facet normal 0.153821 -0.589713 0.792829
    outer loop
      vertex 56.2778 39.1647 41.4327
      vertex 53.9863 30.484 35.4205
      vertex 54.005 30.4835 35.4165
    endloop
  endfacet
  facet normal 0.575533 0.372526 -0.728001
    outer loop
      vertex 53.9004 32.5894 31.0761
      vertex 50.291 34.2434 29.069
      vertex 52.3384 49.9046 38.7016
    endloop
  endfacet
  facet normal 0.107039 0.846537 0.521457
    outer loop
      vertex 55.7694 47.5445 41.8344
      vertex 51.5559 49.9046 38.8679
      vertex 52.3831 47.4027 42.7597
    endloop
  endfacet
  facet normal -0.970089 0 0.242749
    outer loop
      vertex 53.9004 32.5895 31.0761
      vertex 53.9004 32.5894 31.0761
      vertex 53.954 32.8915 31.2903
    endloop
  endfacet
  facet normal -0.587003 -0.39644 0.705877
    outer loop
      vertex 50.5372 32.1684 33.5344
      vertex 56.3729 44.1275 45.1039
      vertex 56.4875 44.7733 45.5619
    endloop
  endfacet
  facet normal -0.591345 -0.392789 0.704293
    outer loop
      vertex 56.3729 44.1275 45.1039
      vertex 50.5372 32.1684 33.5344
      vertex 50.5425 32.1658 33.5374
    endloop
  endfacet
  facet normal 0.119729 0.817435 0.563441
    outer loop
      vertex 55.7694 47.5445 41.8344
      vertex 52.3831 47.4027 42.7597
      vertex 53.1657 47.4027 42.5934
    endloop
  endfacet
  facet normal 0.299689 -0.737082 -0.60572
    outer loop
      vertex 57.2395 44.869 45.2387
      vertex 56.5517 47.5236 41.6681
      vertex 57.2698 44.7523 45.3957
    endloop
  endfacet
  facet normal 0.143307 0.807253 0.572543
    outer loop
      vertex 57.2698 44.7523 45.3957
      vertex 55.7694 47.5445 41.8344
      vertex 56.4875 44.7733 45.5619
    endloop
  endfacet
  facet normal 0.143279 0.807251 0.572553
    outer loop
      vertex 55.7694 47.5445 41.8344
      vertex 57.2698 44.7523 45.3957
      vertex 56.5517 47.5236 41.6681
    endloop
  endfacet
  facet normal 0.747997 -0.41591 0.517223
    outer loop
      vertex 52.3384 49.9046 38.7016
      vertex 50.291 34.2434 29.069
      vertex 50.3796 34.9207 29.4855
    endloop
  endfacet
  facet normal -0.666446 -0.325443 0.670773
    outer loop
      vertex 50.4243 32.4188 33.5437
      vertex 56.4875 44.7733 45.5619
      vertex 52.3831 47.4027 42.7597
    endloop
  endfacet
  facet normal -0.666477 -0.325413 0.670757
    outer loop
      vertex 56.4875 44.7733 45.5619
      vertex 50.4243 32.4188 33.5437
      vertex 50.5372 32.1684 33.5344
    endloop
  endfacet
  facet normal 0.122727 0.807078 0.577549
    outer loop
      vertex 53.1657 47.4027 42.5934
      vertex 52.3831 47.4027 42.7597
      vertex 56.4875 44.7733 45.5619
    endloop
  endfacet
  facet normal 0.124075 0.807612 0.576514
    outer loop
      vertex 55.7694 47.5445 41.8344
      vertex 53.1657 47.4027 42.5934
      vertex 56.4875 44.7733 45.5619
    endloop
  endfacet
  facet normal 0.152869 -0.589538 0.793143
    outer loop
      vertex 57.1948 44.3299 45.096
      vertex 56.4875 44.7733 45.5619
      vertex 57.1551 44.1065 44.9376
    endloop
  endfacet
  facet normal -0.587026 -0.396419 0.70587
    outer loop
      vertex 56.3729 44.1275 45.1039
      vertex 50.5425 32.1658 33.5374
      vertex 53.9509 30.485 35.428
    endloop
  endfacet
  facet normal 0.663522 0.350864 -0.660782
    outer loop
      vertex 54.0151 33.2352 31.5341
      vertex 52.3384 49.9046 38.7016
      vertex 56.5517 47.5236 41.6681
    endloop
  endfacet
  facet normal 0.660581 0.351652 -0.663305
    outer loop
      vertex 54.0102 33.208 31.5148
      vertex 52.3384 49.9046 38.7016
      vertex 54.0151 33.2352 31.5341
    endloop
  endfacet
  facet normal 0.663572 0.350848 -0.66074
    outer loop
      vertex 53.954 32.8915 31.2903
      vertex 52.3384 49.9046 38.7016
      vertex 54.0102 33.208 31.5148
    endloop
  endfacet
  facet normal 0.663389 0.350899 -0.660897
    outer loop
      vertex 52.3384 49.9046 38.7016
      vertex 53.954 32.8915 31.2903
      vertex 53.9004 32.5894 31.0761
    endloop
  endfacet
  facet normal 0.129595 0.854996 0.502182
    outer loop
      vertex 56.5517 47.5236 41.6681
      vertex 52.3384 49.9046 38.7016
      vertex 55.7694 47.5445 41.8344
    endloop
  endfacet
  facet normal -0.176 0.532316 -0.828048
    outer loop
      vertex 50.3796 34.9207 29.4855
      vertex 49.9604 34.9207 29.5746
      vertex 51.0097 42.9468 34.5112
    endloop
  endfacet
  facet normal -0.176052 0.532314 -0.828039
    outer loop
      vertex 52.3384 49.9046 38.7016
      vertex 50.3796 34.9207 29.4855
      vertex 51.0097 42.9468 34.5112
    endloop
  endfacet
  facet normal 0.505158 0.403263 -0.763016
    outer loop
      vertex 52.2946 46.7255 42.3432
      vertex 50.4243 32.4188 33.5437
      vertex 52.3831 47.4027 42.7597
    endloop
  endfacet
  facet normal 0.864186 0.486361 0.128982
    outer loop
      vertex 51.5559 49.9046 38.8679
      vertex 51.5907 49.7993 39.0318
      vertex 52.3831 47.4027 42.7597
    endloop
  endfacet
  facet normal 0.152787 -0.589622 0.793096
    outer loop
      vertex 56.3729 44.1275 45.1039
      vertex 53.9863 30.484 35.4205
      vertex 57.1551 44.1065 44.9376
    endloop
  endfacet
  facet normal 0.151434 -0.589588 0.793381
    outer loop
      vertex 53.9863 30.484 35.4205
      vertex 56.3729 44.1275 45.1039
      vertex 53.9509 30.485 35.428
    endloop
  endfacet
  facet normal 0.152792 -0.589591 0.793118
    outer loop
      vertex 56.4875 44.7733 45.5619
      vertex 56.3729 44.1275 45.1039
      vertex 57.1551 44.1065 44.9376
    endloop
  endfacet
  facet normal 0.189749 -0.408672 0.892739
    outer loop
      vertex 33.2036 30.2614 36.2164
      vertex 45.1172 32.4188 34.6718
      vertex 33.4045 32.4188 37.1613
    endloop
  endfacet
  facet normal 0.189748 -0.408668 0.892741
    outer loop
      vertex 33.0744 28.8741 35.6088
      vertex 45.1172 32.4188 34.6718
      vertex 33.2036 30.2614 36.2164
    endloop
  endfacet
  facet normal 0.18976 -0.408713 0.892718
    outer loop
      vertex 45.1172 32.4188 34.6718
      vertex 33.0744 28.8741 35.6088
      vertex 50.4243 32.4188 33.5437
    endloop
  endfacet
  facet normal 0 1 0
    outer loop
      vertex 50.4243 32.4188 33.5437
      vertex 50.4031 32.4188 33.5482
      vertex 45.1172 32.4188 34.6718
    endloop
  endfacet
  facet normal -0.199768 0.277053 -0.939859
    outer loop
      vertex 49.9226 30.013 27.3361
      vertex 32.1203 30.013 31.12
      vertex 32.1664 30.7817 31.3368
    endloop
  endfacet
  facet normal 0 -1 0
    outer loop
      vertex 43.5217 28.7112 33.3136
      vertex 33.0593 28.7112 35.5374
      vertex 33.0804 28.7112 35.5329
    endloop
  endfacet
  facet normal 0 1 0
    outer loop
      vertex 33.0593 28.7112 35.5374
      vertex 43.5217 28.7112 33.3136
      vertex 50.0791 28.7112 31.9198
    endloop
  endfacet
  facet normal -0.19978 0.27694 -0.939889
    outer loop
      vertex 49.9226 30.013 27.3361
      vertex 32.1664 30.7817 31.3368
      vertex 49.9687 30.7817 27.5528
    endloop
  endfacet
  facet normal 0.189755 -0.408678 0.892735
    outer loop
      vertex 33.0744 28.8741 35.6088
      vertex 50.0791 28.7112 31.9198
      vertex 50.4243 32.4188 33.5437
    endloop
  endfacet
  facet normal 0.189737 -0.408846 0.892661
    outer loop
      vertex 50.0791 28.7112 31.9198
      vertex 33.0744 28.8741 35.6088
      vertex 33.0593 28.7112 35.5374
    endloop
  endfacet
  facet normal 0 1 0
    outer loop
      vertex 49.8129 34.9207 29.606
      vertex 32.5772 34.9207 33.2695
      vertex 41.7726 34.9207 31.315
    endloop
  endfacet
  facet normal 0 1 0
    outer loop
      vertex 32.5772 34.9207 33.2695
      vertex 49.8129 34.9207 29.606
      vertex 50.3796 34.9207 29.4855
    endloop
  endfacet
  facet normal -0.189757 0.408678 -0.892734
    outer loop
      vertex 49.9687 30.7817 27.5528
      vertex 32.4887 34.2434 32.853
      vertex 50.291 34.2434 29.069
    endloop
  endfacet
  facet normal -0.189757 0.408678 -0.892734
    outer loop
      vertex 32.4887 34.2434 32.853
      vertex 49.9687 30.7817 27.5528
      vertex 32.1664 30.7817 31.3368
    endloop
  endfacet
  facet normal 0 1 0
    outer loop
      vertex 32.1203 30.013 31.12
      vertex 49.9226 30.013 27.3361
      vertex 49.119 30.013 27.5069
    endloop
  endfacet
  facet normal -0 1 -0
    outer loop
      vertex 49.8388 30.013 27.3539
      vertex 49.119 30.013 27.5069
      vertex 49.9226 30.013 27.3361
    endloop
  endfacet
  facet normal -0.176015 0.53225 -0.828087
    outer loop
      vertex 50.291 34.2434 29.069
      vertex 32.5772 34.9207 33.2695
      vertex 50.3796 34.9207 29.4855
    endloop
  endfacet
  facet normal -0.176018 0.532232 -0.828098
    outer loop
      vertex 32.5772 34.9207 33.2695
      vertex 50.291 34.2434 29.069
      vertex 32.4887 34.2434 32.853
    endloop
  endfacet
  facet normal -0.568595 -0.285051 0.771652
    outer loop
      vertex 50.5425 32.1658 33.5374
      vertex 50.0791 28.7112 31.9198
      vertex 53.9509 30.485 35.428
    endloop
  endfacet
  facet normal -0.573821 -0.282905 0.768566
    outer loop
      vertex 50.5372 32.1684 33.5344
      vertex 50.0791 28.7112 31.9198
      vertex 50.5425 32.1658 33.5374
    endloop
  endfacet
  facet normal -0.568611 -0.285034 0.771646
    outer loop
      vertex 50.0791 28.7112 31.9198
      vertex 50.5372 32.1684 33.5344
      vertex 50.4243 32.4188 33.5437
    endloop
  endfacet
  facet normal -0.557135 -0.30843 0.77102
    outer loop
      vertex 53.9509 30.485 35.428
      vertex 53.3312 26.751 33.4865
      vertex 53.442 26.6316 33.5188
    endloop
  endfacet
  facet normal -0.562516 -0.306005 0.768074
    outer loop
      vertex 53.9509 30.485 35.428
      vertex 53.3249 26.7548 33.4834
      vertex 53.3312 26.751 33.4865
    endloop
  endfacet
  facet normal -0.557259 -0.308386 0.770948
    outer loop
      vertex 53.9509 30.485 35.428
      vertex 50.0791 28.7111 31.9198
      vertex 53.3249 26.7548 33.4834
    endloop
  endfacet
  facet normal -0.671454 0 0.741046
    outer loop
      vertex 50.0791 28.7111 31.9198
      vertex 53.9509 30.485 35.428
      vertex 50.0791 28.7112 31.9198
    endloop
  endfacet
  facet normal 0.565726 0.304858 -0.76617
    outer loop
      vertex 50.291 34.2434 29.069
      vertex 53.6751 30.8831 30.2307
      vertex 53.4246 28.9868 29.2912
    endloop
  endfacet
  facet normal 0.566034 0.305055 -0.765863
    outer loop
      vertex 50.291 34.2434 29.069
      vertex 53.4246 28.9868 29.2912
      vertex 53.4037 28.8285 29.2127
    endloop
  endfacet
  facet normal 0.565747 0.304889 -0.766141
    outer loop
      vertex 53.6751 30.8831 30.2307
      vertex 50.291 34.2434 29.069
      vertex 53.9004 32.5894 31.0761
    endloop
  endfacet
  facet normal 0 -1 0
    outer loop
      vertex 50.3796 34.9207 29.4855
      vertex 49.8129 34.9207 29.606
      vertex 49.9604 34.9207 29.5746
    endloop
  endfacet
  facet normal 0.519998 0.211114 -0.827667
    outer loop
      vertex 53.4037 28.8285 29.2127
      vertex 53.3326 28.0682 28.9741
      vertex 49.9687 30.7817 27.5528
    endloop
  endfacet
  facet normal 0.545906 0.292977 -0.784953
    outer loop
      vertex 53.4037 28.8285 29.2127
      vertex 49.9687 30.7817 27.5528
      vertex 50.291 34.2434 29.069
    endloop
  endfacet
  facet normal 0.519047 0.209394 -0.8287
    outer loop
      vertex 53.3324 28.0683 28.974
      vertex 49.9687 30.7817 27.5528
      vertex 53.3326 28.0682 28.9741
    endloop
  endfacet
  facet normal -0.195799 0.310265 -0.930268
    outer loop
      vertex 54.2243 26.6107 33.3526
      vertex 52.7229 10.55 28.312
      vertex 53.2239 15.9096 29.9941
    endloop
  endfacet
  facet normal -0.978147 0 0.207913
    outer loop
      vertex 49.6969 22.3343 30.1217
      vertex 50.0791 28.7111 31.9198
      vertex 50.0791 28.7112 31.9198
    endloop
  endfacet
  facet normal -0.521378 -0.202495 0.828952
    outer loop
      vertex 49.6969 22.3343 30.1217
      vertex 53.3249 26.7548 33.4834
      vertex 50.0791 28.7111 31.9198
    endloop
  endfacet
  facet normal -0.521378 -0.202495 0.828952
    outer loop
      vertex 53.3249 26.7548 33.4834
      vertex 49.6969 22.3343 30.1217
      vertex 49.1058 12.4725 27.3409
    endloop
  endfacet
  facet normal -0.142142 -0.284284 0.948145
    outer loop
      vertex 53.442 26.6316 33.5188
      vertex 51.9404 10.571 28.4782
      vertex 51.9406 10.5709 28.4782
    endloop
  endfacet
  facet normal -0.484578 -0.220377 0.846533
    outer loop
      vertex 51.9404 10.571 28.4782
      vertex 53.442 26.6316 33.5188
      vertex 49.2394 12.3158 27.3863
    endloop
  endfacet
  facet normal 0.51532 0.211238 -0.830556
    outer loop
      vertex 51.8282 11.9755 23.9235
      vertex 49.9687 30.7817 27.5528
      vertex 51.8312 12.0075 23.9335
    endloop
  endfacet
  facet normal 0.520086 0.211139 -0.827606
    outer loop
      vertex 49.9687 30.7817 27.5528
      vertex 51.8282 11.9755 23.9235
      vertex 51.7601 11.2472 23.6949
    endloop
  endfacet
  facet normal 0.519576 0.211257 -0.827896
    outer loop
      vertex 53.0642 25.1966 28.0729
      vertex 53.3324 28.0683 28.974
      vertex 53.3326 28.0682 28.9741
    endloop
  endfacet
  facet normal 0.520017 0.211143 -0.827648
    outer loop
      vertex 49.9687 30.7817 27.5528
      vertex 53.0642 25.1966 28.0729
      vertex 51.8312 12.0075 23.9335
    endloop
  endfacet
  facet normal 0.520012 0.21114 -0.827652
    outer loop
      vertex 53.0642 25.1966 28.0729
      vertex 49.9687 30.7817 27.5528
      vertex 53.3324 28.0683 28.974
    endloop
  endfacet
  facet normal -0.484386 -0.22047 0.846619
    outer loop
      vertex 49.2344 12.3191 27.3843
      vertex 53.442 26.6316 33.5188
      vertex 53.3312 26.751 33.4865
    endloop
  endfacet
  facet normal -0.484234 -0.220544 0.846687
    outer loop
      vertex 53.442 26.6316 33.5188
      vertex 49.2344 12.3191 27.3843
      vertex 49.2394 12.3158 27.3863
    endloop
  endfacet
  facet normal 0.47522 0.212216 -0.853891
    outer loop
      vertex 51.7601 11.2472 23.6949
      vertex 49.9226 30.013 27.3361
      vertex 49.9687 30.7817 27.5528
    endloop
  endfacet
  facet normal 0.47561 0.212212 -0.853675
    outer loop
      vertex 48.9033 13.0056 22.5404
      vertex 49.9226 30.013 27.3361
      vertex 51.7601 11.2472 23.6949
    endloop
  endfacet
  facet normal 0.189633 -0.310106 0.931597
    outer loop
      vertex 53.442 26.6316 33.5188
      vertex 52.7229 10.55 28.312
      vertex 54.2243 26.6107 33.3526
    endloop
  endfacet
  facet normal -0.526927 -0.199642 0.82613
    outer loop
      vertex 49.1058 12.4725 27.3409
      vertex 53.3312 26.751 33.4865
      vertex 53.3249 26.7548 33.4834
    endloop
  endfacet
  facet normal -0.521336 -0.202519 0.828972
    outer loop
      vertex 53.3312 26.751 33.4865
      vertex 49.1058 12.4725 27.3409
      vertex 49.2344 12.3191 27.3843
    endloop
  endfacet
  facet normal 0.189633 -0.310106 0.931597
    outer loop
      vertex 53.442 26.6316 33.5188
      vertex 51.9406 10.5709 28.4782
      vertex 52.7229 10.55 28.312
    endloop
  endfacet
  facet normal 0 1 0
    outer loop
      vertex 32.086 12.4725 30.9585
      vertex 49.1058 12.4725 27.3409
      vertex 49.0846 12.4725 27.3454
    endloop
  endfacet
  facet normal 0.205871 -0.139647 0.968564
    outer loop
      vertex 32.086 12.4725 30.9585
      vertex 49.1006 12.2956 27.3165
      vertex 49.1058 12.4725 27.3409
    endloop
  endfacet
  facet normal 0.205862 -0.139874 0.968533
    outer loop
      vertex 49.1006 12.2956 27.3165
      vertex 32.086 12.4725 30.9585
      vertex 31.9678 8.45 30.4027
    endloop
  endfacet
  facet normal -0.199772 0.277006 -0.939872
    outer loop
      vertex 48.9033 13.0056 22.5404
      vertex 31.147 13.7743 26.5411
      vertex 43.9749 13.7743 23.8145
    endloop
  endfacet
  facet normal 0.205863 -0.139879 0.968532
    outer loop
      vertex 49.1006 12.2956 27.3165
      vertex 31.9678 8.45 30.4027
      vertex 48.9877 8.45 26.7851
    endloop
  endfacet
  facet normal 0 1 0
    outer loop
      vertex 31.147 13.7743 26.5411
      vertex 31.1682 13.7743 26.5366
      vertex 43.9749 13.7743 23.8145
    endloop
  endfacet
  facet normal -0.199781 0.276916 -0.939896
    outer loop
      vertex 48.9033 13.0056 22.5404
      vertex 31.101 13.0056 26.3244
      vertex 31.147 13.7743 26.5411
    endloop
  endfacet
  facet normal -0.205868 0.139866 -0.968533
    outer loop
      vertex 48.793 9.25 22.0215
      vertex 31.101 13.0056 26.3244
      vertex 48.9033 13.0056 22.5404
    endloop
  endfacet
  facet normal -0.207907 -0 -0.978149
    outer loop
      vertex 30.9907 9.25001 25.8054
      vertex 48.793 9.25 22.0215
      vertex 30.9907 9.25 25.8054
    endloop
  endfacet
  facet normal -0.205862 0.139891 -0.96853
    outer loop
      vertex 48.793 9.25 22.0215
      vertex 30.9907 9.25001 25.8054
      vertex 31.101 13.0056 26.3244
    endloop
  endfacet
  facet normal 0.839047 -0.0244981 -0.543507
    outer loop
      vertex 51.5128 6.97911 23.0689
      vertex 51.4947 6.27489 23.0727
      vertex 51.5152 7.07462 23.0683
    endloop
  endfacet
  facet normal -0.43531 -0.110443 0.893481
    outer loop
      vertex 49.1006 12.2956 27.3165
      vertex 51.6897 6.29584 27.8363
      vertex 49.1058 12.4725 27.3409
    endloop
  endfacet
  facet normal -0.435719 -0.110639 0.893257
    outer loop
      vertex 49.1006 12.2956 27.3165
      vertex 49.0778 8.4616 26.8305
      vertex 51.6897 6.29584 27.8363
    endloop
  endfacet
  facet normal -0.434254 -0.110736 0.893958
    outer loop
      vertex 49.1006 12.2956 27.3165
      vertex 49.0731 8.4655 26.8287
      vertex 49.0778 8.4616 26.8305
    endloop
  endfacet
  facet normal -0.435916 -0.110623 0.893163
    outer loop
      vertex 49.0731 8.4655 26.8287
      vertex 49.1006 12.2956 27.3165
      vertex 48.9877 8.45 26.7851
    endloop
  endfacet
  facet normal 0.358919 0 -0.933369
    outer loop
      vertex 51.5152 7.07462 23.0683
      vertex 48.793 -9.25 22.0215
      vertex 48.793 9.25 22.0215
    endloop
  endfacet
  facet normal 0.431559 0.109142 -0.895458
    outer loop
      vertex 51.7601 11.2472 23.6949
      vertex 51.5152 7.07462 23.0683
      vertex 48.793 9.25 22.0215
    endloop
  endfacet
  facet normal -0.0719837 -0.143967 0.986961
    outer loop
      vertex 51.9404 10.571 28.4782
      vertex 51.6897 6.29584 27.8363
      vertex 51.9406 10.5709 28.4782
    endloop
  endfacet
  facet normal -0.432299 -0.109047 0.895112
    outer loop
      vertex 49.2394 12.3158 27.3863
      vertex 51.6897 6.29584 27.8363
      vertex 51.9404 10.571 28.4782
    endloop
  endfacet
  facet normal -0.429815 -0.107937 0.896442
    outer loop
      vertex 49.2344 12.3191 27.3843
      vertex 51.6897 6.29584 27.8363
      vertex 49.2394 12.3158 27.3863
    endloop
  endfacet
  facet normal -0.432087 -0.108955 0.895226
    outer loop
      vertex 49.2344 12.3191 27.3843
      vertex 49.1058 12.4725 27.3409
      vertex 51.6897 6.29584 27.8363
    endloop
  endfacet
  facet normal 0.430401 0.111125 -0.895771
    outer loop
      vertex 51.7601 11.2472 23.6949
      vertex 48.793 9.25 22.0215
      vertex 48.9033 13.0056 22.5404
    endloop
  endfacet
  facet normal -0.454707 0 0.890641
    outer loop
      vertex 48.9877 -8.45 26.7851
      vertex 49.0731 8.4655 26.8287
      vertex 48.9877 8.45 26.7851
    endloop
  endfacet
  facet normal -0.45449 -1.37871e-06 0.890752
    outer loop
      vertex 49.0731 8.4655 26.8287
      vertex 48.9877 -8.45 26.7851
      vertex 51.1479 -10.584 27.8873
    endloop
  endfacet
  facet normal -0.349373 0.0140115 0.936879
    outer loop
      vertex 49.0778 8.4616 26.8305
      vertex 51.1479 -10.584 27.8873
      vertex 51.257 -10.5984 27.9282
    endloop
  endfacet
  facet normal -0.347251 0.0142856 0.937663
    outer loop
      vertex 51.1479 -10.584 27.8873
      vertex 49.0778 8.4616 26.8305
      vertex 49.0731 8.4655 26.8287
    endloop
  endfacet
  facet normal 0.207826 5.87375e-07 0.978166
    outer loop
      vertex 52.4366 6.27584 27.6775
      vertex 52.158 -5.98245 27.7367
      vertex 52.4719 6.27489 27.67
    endloop
  endfacet
  facet normal 0.207904 -1.27296e-06 0.978149
    outer loop
      vertex 51.257 -10.5984 27.9282
      vertex 52.158 -5.98245 27.7367
      vertex 52.4366 6.27584 27.6775
    endloop
  endfacet
  facet normal 0.20781 1.78514e-05 0.978169
    outer loop
      vertex 52.158 -5.98245 27.7367
      vertex 51.257 -10.5984 27.9282
      vertex 51.7583 -10.6118 27.8217
    endloop
  endfacet
  facet normal -0.231621 0 -0.972806
    outer loop
      vertex 51.5152 7.07458 23.0683
      vertex 51.5131 6.99259 23.0688
      vertex 51.5152 7.07462 23.0683
    endloop
  endfacet
  facet normal 0.44202 -0.0161993 -0.896859
    outer loop
      vertex 48.793 -9.25 22.0215
      vertex 51.0616 -10.6404 23.1647
      vertex 51.0451 -11.2844 23.1682
    endloop
  endfacet
  facet normal 0.442711 -0.01481 -0.896542
    outer loop
      vertex 51.0616 -10.6404 23.1647
      vertex 48.793 -9.25 22.0215
      vertex 51.0621 -10.6194 23.1646
    endloop
  endfacet
  facet normal 0.441656 -0.0166982 -0.897029
    outer loop
      vertex 51.0425 -11.3854 23.1688
      vertex 48.793 -9.25 22.0215
      vertex 51.0451 -11.2844 23.1682
    endloop
  endfacet
  facet normal 0.441339 -0.017111 -0.897177
    outer loop
      vertex 48.793 -9.25 22.0215
      vertex 51.0425 -11.3854 23.1688
      vertex 51.0416 -11.4191 23.169
    endloop
  endfacet
  facet normal 0.442031 -0.0161977 -0.896854
    outer loop
      vertex 48.793 -9.25 22.0215
      vertex 51.4062 2.81851 23.0915
      vertex 51.0621 -10.6194 23.1646
    endloop
  endfacet
  facet normal 0.442398 -0.0162736 -0.896671
    outer loop
      vertex 51.4947 6.27489 23.0727
      vertex 48.793 -9.25 22.0215
      vertex 51.5152 7.07462 23.0683
    endloop
  endfacet
  facet normal 0.442025 -0.0161962 -0.896856
    outer loop
      vertex 51.4062 2.81851 23.0915
      vertex 48.793 -9.25 22.0215
      vertex 51.4947 6.27489 23.0727
    endloop
  endfacet
  facet normal -0.367749 0.015082 0.929803
    outer loop
      vertex 51.5131 6.99259 23.0688
      vertex 51.5128 6.97911 23.0689
      vertex 51.5152 7.07462 23.0683
    endloop
  endfacet
  facet normal 0.207964 -5.62777e-06 0.978137
    outer loop
      vertex 51.6897 6.29584 27.8363
      vertex 51.257 -10.5984 27.9282
      vertex 52.4366 6.27584 27.6775
    endloop
  endfacet
  facet normal -0.349165 0.0140397 0.936956
    outer loop
      vertex 51.6897 6.29584 27.8363
      vertex 49.0778 8.4616 26.8305
      vertex 51.257 -10.5984 27.9282
    endloop
  endfacet
  facet normal 0.205871 0.139647 0.968564
    outer loop
      vertex 49.1006 -12.2956 27.3165
      vertex 32.086 -12.4725 30.9585
      vertex 49.1058 -12.4725 27.3409
    endloop
  endfacet
  facet normal 0.205862 0.139874 0.968533
    outer loop
      vertex 31.9678 -8.45 30.4027
      vertex 32.086 -12.4725 30.9585
      vertex 49.1006 -12.2956 27.3165
    endloop
  endfacet
  facet normal -0.199781 -0.276916 -0.939896
    outer loop
      vertex 31.147 -13.7743 26.5411
      vertex 31.101 -13.0056 26.3244
      vertex 48.9033 -13.0056 22.5404
    endloop
  endfacet
  facet normal 0.205863 0.139879 0.968532
    outer loop
      vertex 48.9877 -8.45 26.7851
      vertex 31.9678 -8.45 30.4027
      vertex 49.1006 -12.2956 27.3165
    endloop
  endfacet
  facet normal 0 -1 0
    outer loop
      vertex 43.9749 -13.7743 23.8145
      vertex 31.1682 -13.7743 26.5366
      vertex 31.147 -13.7743 26.5411
    endloop
  endfacet
  facet normal 0 -1 0
    outer loop
      vertex 32.086 -12.4725 30.9585
      vertex 49.0846 -12.4725 27.3454
      vertex 49.1058 -12.4725 27.3409
    endloop
  endfacet
  facet normal -0.205868 -0.139866 -0.968533
    outer loop
      vertex 31.101 -13.0056 26.3244
      vertex 48.793 -9.25 22.0215
      vertex 48.9033 -13.0056 22.5404
    endloop
  endfacet
  facet normal -0.205862 -0.139891 -0.96853
    outer loop
      vertex 30.9907 -9.25001 25.8054
      vertex 48.793 -9.25 22.0215
      vertex 31.101 -13.0056 26.3244
    endloop
  endfacet
  facet normal -0.207907 0 -0.978149
    outer loop
      vertex 48.793 -9.25 22.0215
      vertex 30.9907 -9.25001 25.8054
      vertex 30.9907 -9.25 25.8054
    endloop
  endfacet
  facet normal -0.199772 -0.277006 -0.939872
    outer loop
      vertex 43.9749 -13.7743 23.8145
      vertex 31.147 -13.7743 26.5411
      vertex 48.9033 -13.0056 22.5404
    endloop
  endfacet
  facet normal -0.404101 0.113317 0.907668
    outer loop
      vertex 49.1534 -12.3404 27.3456
      vertex 49.1006 -12.2956 27.3165
      vertex 49.1058 -12.4725 27.3409
    endloop
  endfacet
  facet normal -0.403912 0.113574 0.90772
    outer loop
      vertex 49.1534 -12.3404 27.3456
      vertex 48.9877 -8.45 26.7851
      vertex 49.1006 -12.2956 27.3165
    endloop
  endfacet
  facet normal -0.405418 0.113416 0.907068
    outer loop
      vertex 48.9877 -8.45 26.7851
      vertex 49.1534 -12.3404 27.3456
      vertex 51.2889 -14.8735 28.6168
    endloop
  endfacet
  facet normal -0.330026 0.147712 0.932343
    outer loop
      vertex 51.1479 -10.584 27.8873
      vertex 51.2889 -14.8735 28.6168
      vertex 51.257 -10.5984 27.9282
    endloop
  endfacet
  facet normal -0.329808 0.147732 0.932417
    outer loop
      vertex 51.2889 -14.8735 28.6168
      vertex 51.1479 -10.584 27.8873
      vertex 48.9877 -8.45 26.7851
    endloop
  endfacet
  facet normal 0.359249 -0.117368 -0.925832
    outer loop
      vertex 51.0416 -11.4191 23.169
      vertex 48.9033 -13.0056 22.5404
      vertex 48.793 -9.25 22.0215
    endloop
  endfacet
  facet normal 0.376312 -0.1446 -0.915139
    outer loop
      vertex 48.9033 -13.0056 22.5404
      vertex 51.0429 -11.5948 23.1973
      vertex 51.0727 -15.5917 23.8411
    endloop
  endfacet
  facet normal 0.376321 -0.144616 -0.915133
    outer loop
      vertex 51.0429 -11.5948 23.1973
      vertex 48.9033 -13.0056 22.5404
      vertex 51.0416 -11.4191 23.169
    endloop
  endfacet
  facet normal 0.208495 0.309899 0.927627
    outer loop
      vertex 52.0711 -14.8944 28.4505
      vertex 51.9676 -30.9342 33.8323
      vertex 52.0029 -30.9352 33.8247
    endloop
  endfacet
  facet normal 0.205626 0.310109 0.928197
    outer loop
      vertex 51.2889 -14.8735 28.6168
      vertex 51.9676 -30.9342 33.8323
      vertex 52.0711 -14.8944 28.4505
    endloop
  endfacet
  facet normal -0.592485 0.185601 0.783909
    outer loop
      vertex 49.1058 -12.4725 27.3409
      vertex 51.9027 -31.0352 33.8498
      vertex 49.1534 -12.3404 27.3456
    endloop
  endfacet
  facet normal -0.599669 0.182827 0.779084
    outer loop
      vertex 51.9027 -31.0352 33.8498
      vertex 49.1058 -12.4725 27.3409
      vertex 51.8999 -31.0316 33.8468
    endloop
  endfacet
  facet normal 0.263951 -0.24701 -0.932371
    outer loop
      vertex 49.9226 -30.013 27.3361
      vertex 51.0727 -15.5917 23.8411
      vertex 49.9687 -30.7817 27.5528
    endloop
  endfacet
  facet normal 0.264468 -0.247015 -0.932223
    outer loop
      vertex 48.9033 -13.0056 22.5404
      vertex 51.0727 -15.5917 23.8411
      vertex 49.9226 -30.013 27.3361
    endloop
  endfacet
  facet normal -0.206393 0.294309 0.933158
    outer loop
      vertex 51.2889 -14.8735 28.6168
      vertex 51.9027 -31.0352 33.8498
      vertex 51.9676 -30.9342 33.8323
    endloop
  endfacet
  facet normal -0.206376 0.294311 0.933161
    outer loop
      vertex 51.9027 -31.0352 33.8498
      vertex 51.2889 -14.8735 28.6168
      vertex 49.1534 -12.3404 27.3456
    endloop
  endfacet
  facet normal 0.558779 -0.23322 -0.795849
    outer loop
      vertex 49.9687 -30.7817 27.5528
      vertex 51.8142 -33.1395 29.5395
      vertex 51.8156 -33.173 29.5503
    endloop
  endfacet
  facet normal 0.557071 -0.235099 -0.796492
    outer loop
      vertex 51.8142 -33.1395 29.5395
      vertex 49.9687 -30.7817 27.5528
      vertex 51.7835 -32.4127 29.3035
    endloop
  endfacet
  facet normal 0.557062 -0.235112 -0.796495
    outer loop
      vertex 51.7835 -32.4127 29.3035
      vertex 49.9687 -30.7817 27.5528
      vertex 51.0727 -15.5917 23.8411
    endloop
  endfacet
  facet normal -0.592997 0.185402 0.783569
    outer loop
      vertex 49.6969 -22.3343 30.1217
      vertex 50.0791 -28.7112 31.9198
      vertex 51.8999 -31.0316 33.8468
    endloop
  endfacet
  facet normal -0.592988 0.185407 0.783575
    outer loop
      vertex 49.6969 -22.3343 30.1217
      vertex 51.8999 -31.0316 33.8468
      vertex 49.1058 -12.4725 27.3409
    endloop
  endfacet
  facet normal 0.205421 0.310118 0.92824
    outer loop
      vertex 52.0029 -30.9352 33.8247
      vertex 52.2488 -19.1002 29.8163
      vertex 52.0711 -14.8944 28.4505
    endloop
  endfacet
  facet normal 0.204581 0.31019 0.928401
    outer loop
      vertex 52.2488 -19.1002 29.8163
      vertex 52.0029 -30.9352 33.8247
      vertex 52.0147 -30.9355 33.8222
    endloop
  endfacet
  facet normal -0.138467 0.300592 0.943648
    outer loop
      vertex 52.0711 -14.8944 28.4505
      vertex 52.2488 -19.1002 29.8163
      vertex 52.2 -17.9445 29.441
    endloop
  endfacet
  facet normal -0.176015 -0.53225 -0.828087
    outer loop
      vertex 32.5772 -34.9207 33.2695
      vertex 50.291 -34.2434 29.069
      vertex 50.3796 -34.9207 29.4855
    endloop
  endfacet
  facet normal -0.176018 -0.532232 -0.828098
    outer loop
      vertex 50.291 -34.2434 29.069
      vertex 32.5772 -34.9207 33.2695
      vertex 32.4887 -34.2434 32.853
    endloop
  endfacet
  facet normal -0.199768 -0.277053 -0.939859
    outer loop
      vertex 32.1664 -30.7817 31.3368
      vertex 32.1203 -30.013 31.12
      vertex 49.9226 -30.013 27.3361
    endloop
  endfacet
  facet normal 0.189755 0.408678 0.892735
    outer loop
      vertex 33.0744 -28.8741 35.6088
      vertex 50.4243 -32.4188 33.5437
      vertex 50.0791 -28.7112 31.9198
    endloop
  endfacet
  facet normal 0.189737 0.408846 0.892661
    outer loop
      vertex 33.0744 -28.8741 35.6088
      vertex 50.0791 -28.7112 31.9198
      vertex 33.0593 -28.7112 35.5374
    endloop
  endfacet
  facet normal 0.18976 0.408713 0.892718
    outer loop
      vertex 33.0744 -28.8741 35.6088
      vertex 45.1172 -32.4188 34.6718
      vertex 50.4243 -32.4188 33.5437
    endloop
  endfacet
  facet normal 0.189749 0.408672 0.892739
    outer loop
      vertex 45.1172 -32.4188 34.6718
      vertex 33.2036 -30.2614 36.2164
      vertex 33.4045 -32.4188 37.1613
    endloop
  endfacet
  facet normal 0.189748 0.408668 0.892741
    outer loop
      vertex 45.1172 -32.4188 34.6718
      vertex 33.0744 -28.8741 35.6088
      vertex 33.2036 -30.2614 36.2164
    endloop
  endfacet
  facet normal -0.19978 -0.27694 -0.939889
    outer loop
      vertex 49.9687 -30.7817 27.5528
      vertex 32.1664 -30.7817 31.3368
      vertex 49.9226 -30.013 27.3361
    endloop
  endfacet
  facet normal 0 -1 0
    outer loop
      vertex 32.5772 -34.9207 33.2695
      vertex 49.8129 -34.9207 29.606
      vertex 41.7726 -34.9207 31.315
    endloop
  endfacet
  facet normal -0 -1 -0
    outer loop
      vertex 49.8129 -34.9207 29.606
      vertex 32.5772 -34.9207 33.2695
      vertex 50.3796 -34.9207 29.4855
    endloop
  endfacet
  facet normal 0 -1 0
    outer loop
      vertex 50.4031 -32.4188 33.5482
      vertex 50.4243 -32.4188 33.5437
      vertex 45.1172 -32.4188 34.6718
    endloop
  endfacet
  facet normal -0.189757 -0.408678 -0.892734
    outer loop
      vertex 32.4887 -34.2434 32.853
      vertex 49.9687 -30.7817 27.5528
      vertex 50.291 -34.2434 29.069
    endloop
  endfacet
  facet normal -0.189757 -0.408678 -0.892734
    outer loop
      vertex 49.9687 -30.7817 27.5528
      vertex 32.4887 -34.2434 32.853
      vertex 32.1664 -30.7817 31.3368
    endloop
  endfacet
  facet normal -0 1 -0
    outer loop
      vertex 33.0804 -28.7112 35.5329
      vertex 33.0593 -28.7112 35.5374
      vertex 43.5217 -28.7112 33.3136
    endloop
  endfacet
  facet normal 0 -1 0
    outer loop
      vertex 50.0791 -28.7112 31.9198
      vertex 43.5217 -28.7112 33.3136
      vertex 33.0593 -28.7112 35.5374
    endloop
  endfacet
  facet normal 0 -1 0
    outer loop
      vertex 49.119 -30.013 27.5069
      vertex 49.9226 -30.013 27.3361
      vertex 32.1203 -30.013 31.12
    endloop
  endfacet
  facet normal -0.384726 0.392006 0.835654
    outer loop
      vertex 51.9027 -31.0352 33.8498
      vertex 52.2791 -34.7875 35.7833
      vertex 51.9676 -30.9342 33.8323
    endloop
  endfacet
  facet normal -0.391278 0.390213 0.833448
    outer loop
      vertex 51.8999 -31.0316 33.8468
      vertex 52.2791 -34.7875 35.7833
      vertex 51.9027 -31.0352 33.8498
    endloop
  endfacet
  facet normal -0.38482 0.391985 0.835621
    outer loop
      vertex 50.0791 -28.7112 31.9198
      vertex 52.2791 -34.7875 35.7833
      vertex 51.8999 -31.0316 33.8468
    endloop
  endfacet
  facet normal 0.500489 -0.358535 -0.788012
    outer loop
      vertex 52.1197 -36.9339 31.4546
      vertex 50.291 -34.2434 29.069
      vertex 51.8156 -33.173 29.5503
    endloop
  endfacet
  facet normal -0.130497 -0.852581 -0.506039
    outer loop
      vertex 52.2791 -34.7875 35.7833
      vertex 52.3129 -34.7884 35.7761
      vertex 52.463 -34.7925 35.7443
    endloop
  endfacet
  facet normal -0.567188 0.285543 0.772505
    outer loop
      vertex 50.436 -32.2051 33.4733
      vertex 50.0791 -28.7112 31.9198
      vertex 50.4243 -32.4188 33.5437
    endloop
  endfacet
  facet normal -0.567943 0.285264 0.772053
    outer loop
      vertex 52.2791 -34.7875 35.7833
      vertex 50.0791 -28.7112 31.9198
      vertex 50.436 -32.2051 33.4733
    endloop
  endfacet
  facet normal 0.479335 -0.314277 -0.819431
    outer loop
      vertex 50.291 -34.2434 29.069
      vertex 49.9687 -30.7817 27.5528
      vertex 51.8156 -33.173 29.5503
    endloop
  endfacet
  facet normal 0.102008 -0.807261 0.581312
    outer loop
      vertex 54.0836 -49.0759 46.0729
      vertex 53.2235 -51.8471 42.3755
      vertex 54.8659 -49.0968 45.9066
    endloop
  endfacet
  facet normal -0.594892 -0.517846 -0.614768
    outer loop
      vertex 53.0614 -34.8085 35.6171
      vertex 54.8659 -49.0968 45.9066
      vertex 53.5459 -38.6451 38.38
    endloop
  endfacet
  facet normal -0.0958701 -0.887308 -0.451102
    outer loop
      vertex 54.0058 -51.868 42.2092
      vertex 51.5559 -49.9046 38.8679
      vertex 52.3384 -49.9046 38.7016
    endloop
  endfacet
  facet normal 0.39771 -0.442399 -0.803809
    outer loop
      vertex 52.3384 -49.9046 38.7016
      vertex 50.291 -34.2434 29.069
      vertex 52.1197 -36.9339 31.4546
    endloop
  endfacet
  facet normal 0.864186 -0.486361 0.128982
    outer loop
      vertex 52.3831 -47.4027 42.7597
      vertex 51.5907 -49.7993 39.0318
      vertex 51.5559 -49.9046 38.8679
    endloop
  endfacet
  facet normal -0.818442 0.219604 0.530968
    outer loop
      vertex 54.0836 -49.0759 46.0729
      vertex 52.2946 -46.7255 42.3432
      vertex 52.3831 -47.4027 42.7597
    endloop
  endfacet
  facet normal 0.797239 -0.284139 -0.532612
    outer loop
      vertex 52.1231 -36.9611 31.4742
      vertex 52.3384 -49.9046 38.7016
      vertex 52.1197 -36.9339 31.4546
    endloop
  endfacet
  facet normal 0.791221 -0.288052 -0.53944
    outer loop
      vertex 52.127 -36.9914 31.4961
      vertex 52.3384 -49.9046 38.7016
      vertex 52.1231 -36.9611 31.4742
    endloop
  endfacet
  facet normal 0.792906 -0.286965 -0.537541
    outer loop
      vertex 53.2532 -45.9091 37.918
      vertex 52.3384 -49.9046 38.7016
      vertex 52.127 -36.9914 31.4961
    endloop
  endfacet
  facet normal 0.792902 -0.286965 -0.537548
    outer loop
      vertex 52.3384 -49.9046 38.7016
      vertex 53.2532 -45.9091 37.918
      vertex 53.9242 -51.2222 41.7441
    endloop
  endfacet
  facet normal -0.116927 -0.891326 -0.438024
    outer loop
      vertex 53.2235 -51.8471 42.3755
      vertex 51.5559 -49.9046 38.8679
      vertex 54.0058 -51.868 42.2092
    endloop
  endfacet
  facet normal -0.818457 0.219575 0.530957
    outer loop
      vertex 54.0836 -49.0759 46.0729
      vertex 50.4243 -32.4188 33.5437
      vertex 52.2946 -46.7255 42.3432
    endloop
  endfacet
  facet normal -0.818254 0.219788 0.531181
    outer loop
      vertex 50.4243 -32.4188 33.5437
      vertex 54.0836 -49.0759 46.0729
      vertex 50.436 -32.2051 33.4733
    endloop
  endfacet
  facet normal -0.238123 0.547586 0.802152
    outer loop
      vertex 54.0836 -49.0759 46.0729
      vertex 52.2791 -34.7875 35.7833
      vertex 50.436 -32.2051 33.4733
    endloop
  endfacet
  facet normal 0.792798 -0.28718 -0.537587
    outer loop
      vertex 53.9545 -51.4624 41.9171
      vertex 52.3384 -49.9046 38.7016
      vertex 53.9242 -51.2222 41.7441
    endloop
  endfacet
  facet normal 0.792998 -0.286791 -0.537499
    outer loop
      vertex 52.3384 -49.9046 38.7016
      vertex 53.9545 -51.4624 41.9171
      vertex 54.0058 -51.868 42.2092
    endloop
  endfacet
  facet normal 0.101691 -0.807219 0.581427
    outer loop
      vertex 54.8659 -49.0968 45.9066
      vertex 53.2235 -51.8471 42.3755
      vertex 54.6764 -49.7072 45.0923
    endloop
  endfacet
  facet normal -0.908991 -0.203336 0.363853
    outer loop
      vertex 54.0836 -49.0759 46.0729
      vertex 52.3831 -47.4027 42.7597
      vertex 53.2235 -51.8471 42.3755
    endloop
  endfacet
  facet normal -0.923156 -0.202793 0.326585
    outer loop
      vertex 52.3831 -47.4027 42.7597
      vertex 51.5559 -49.9046 38.8679
      vertex 53.2235 -51.8471 42.3755
    endloop
  endfacet
  facet normal 0.182987 0.589623 0.786677
    outer loop
      vertex 52.463 -34.7925 35.7443
      vertex 54.8659 -49.0968 45.9066
      vertex 53.0614 -34.8085 35.6171
    endloop
  endfacet
  facet normal 0.18278 0.589623 0.786725
    outer loop
      vertex 54.8659 -49.0968 45.9066
      vertex 52.463 -34.7925 35.7443
      vertex 52.3129 -34.7884 35.7761
    endloop
  endfacet
  facet normal 0.182983 0.589625 0.786677
    outer loop
      vertex 52.3129 -34.7884 35.7761
      vertex 54.0836 -49.0759 46.0729
      vertex 54.8659 -49.0968 45.9066
    endloop
  endfacet
  facet normal 0.183263 0.589617 0.786617
    outer loop
      vertex 54.0836 -49.0759 46.0729
      vertex 52.3129 -34.7884 35.7761
      vertex 52.2791 -34.7875 35.7833
    endloop
  endfacet
  facet normal 0.493949 0.548323 0.674801
    outer loop
      vertex 53.9242 -51.2222 41.7441
      vertex 53.2532 -45.9091 37.918
      vertex 53.9545 -51.4624 41.9171
    endloop
  endfacet
  facet normal 0.567229 0.378153 -0.731609
    outer loop
      vertex 82.9809 21.7143 28.1441
      vertex 87.9732 34.9083 38.8344
      vertex 82.9811 21.714 28.1441
    endloop
  endfacet
  facet normal 0.466453 0.443572 -0.765288
    outer loop
      vertex 87.9732 34.9083 38.8344
      vertex 82.9809 21.7143 28.1441
      vertex 71.6966 32.113 27.2934
    endloop
  endfacet
  facet normal 0.968151 -0.234358 0.0880956
    outer loop
      vertex 72.7449 35.6293 35.6319
      vertex 72.465 34.0526 34.5135
      vertex 74.169 43.651 41.3212
    endloop
  endfacet
  facet normal -0.152782 0.589625 -0.793095
    outer loop
      vertex 73.4509 46.4222 37.5936
      vertex 71.6966 32.113 27.2934
      vertex 72.1358 39.0145 32.3397
    endloop
  endfacet
  facet normal 0.261786 0.338265 0.903905
    outer loop
      vertex 88.1262 31.9163 42.4558
      vertex 75.0659 44.2759 41.613
      vertex 87.3591 32.0744 42.6188
    endloop
  endfacet
  facet normal -0.488179 -0.445577 0.750428
    outer loop
      vertex 72.465 34.0526 34.5135
      vertex 81.7916 19.397 31.8788
      vertex 74.169 43.651 41.3212
    endloop
  endfacet
  facet normal -0.48817 -0.445573 0.750436
    outer loop
      vertex 81.7916 19.397 31.8788
      vertex 72.465 34.0526 34.5135
      vertex 71.7471 30.0085 31.6453
    endloop
  endfacet
  facet normal -0.487513 -0.445552 0.750876
    outer loop
      vertex 74.2837 44.2968 41.7792
      vertex 81.7916 19.397 31.8788
      vertex 81.8115 19.3759 31.8792
    endloop
  endfacet
  facet normal -0.48773 -0.44556 0.75073
    outer loop
      vertex 74.2288 43.9879 41.5602
      vertex 81.7916 19.397 31.8788
      vertex 74.2837 44.2968 41.7792
    endloop
  endfacet
  facet normal -0.488364 -0.445587 0.750302
    outer loop
      vertex 81.7916 19.397 31.8788
      vertex 74.2288 43.9879 41.5602
      vertex 74.169 43.651 41.3212
    endloop
  endfacet
  facet normal 0.575229 0.642374 0.506426
    outer loop
      vertex 87.9732 34.9083 38.8344
      vertex 75.0659 44.2759 41.613
      vertex 88.1262 31.9163 42.4558
    endloop
  endfacet
  facet normal -0.860201 -0.184477 0.475418
    outer loop
      vertex 73.4509 46.4222 37.5936
      vertex 72.1358 39.0145 32.3397
      vertex 73.5236 46.8316 37.884
    endloop
  endfacet
  facet normal -0.152784 0.589625 -0.793095
    outer loop
      vertex 74.3478 47.0471 37.8854
      vertex 71.6966 32.113 27.2934
      vertex 73.4509 46.4222 37.5936
    endloop
  endfacet
  facet normal -0.152832 0.589674 -0.793049
    outer loop
      vertex 74.3478 47.0471 37.8854
      vertex 73.4509 46.4222 37.5936
      vertex 73.5236 46.8316 37.884
    endloop
  endfacet
  facet normal 0.460657 0.457616 -0.760515
    outer loop
      vertex 87.9732 34.9083 38.8344
      vertex 71.6966 32.113 27.2934
      vertex 74.3478 47.0471 37.8854
    endloop
  endfacet
  facet normal 0.59269 0.69685 0.403879
    outer loop
      vertex 87.9732 34.9083 38.8344
      vertex 74.3478 47.0471 37.8854
      vertex 75.0659 44.2759 41.613
    endloop
  endfacet
  facet normal 0.143385 0.807243 0.572538
    outer loop
      vertex 74.3478 47.0471 37.8854
      vertex 73.8306 46.0453 39.4274
      vertex 74.2837 44.2968 41.7792
    endloop
  endfacet
  facet normal 0.143224 0.807263 0.57255
    outer loop
      vertex 74.3478 47.0471 37.8854
      vertex 74.2837 44.2968 41.7792
      vertex 75.0659 44.2759 41.613
    endloop
  endfacet
  facet normal 0.206491 0.285197 0.935962
    outer loop
      vertex 75.0659 44.2759 41.613
      vertex 74.2837 44.2968 41.7792
      vertex 87.3591 32.0744 42.6188
    endloop
  endfacet
  facet normal 0.0325233 -0.636592 0.770514
    outer loop
      vertex 87.3591 32.0744 42.6188
      vertex 83.1341 18.722 31.7655
      vertex 88.1262 31.9163 42.4558
    endloop
  endfacet
  facet normal 0.0326169 -0.636608 0.770497
    outer loop
      vertex 87.3591 32.0744 42.6188
      vertex 82.367 18.8801 31.9286
      vertex 83.1341 18.722 31.7655
    endloop
  endfacet
  facet normal -0.906075 0 0.423118
    outer loop
      vertex 82.367 18.8801 31.9286
      vertex 87.3591 32.0744 42.6188
      vertex 82.367 18.8802 31.9286
    endloop
  endfacet
  facet normal 0.906075 0 -0.423118
    outer loop
      vertex 82.367 18.8802 31.9286
      vertex 87.3591 32.0744 42.6188
      vertex 82.367 18.8801 31.9286
    endloop
  endfacet
  facet normal 0.836475 -0.408006 0.365842
    outer loop
      vertex 74.172 43.668 41.3333
      vertex 74.169 43.651 41.3212
      vertex 74.2288 43.9879 41.5602
    endloop
  endfacet
  facet normal 0.844528 -0.401364 0.354512
    outer loop
      vertex 74.169 43.651 41.3212
      vertex 74.172 43.668 41.3333
      vertex 72.7449 35.6293 35.6319
    endloop
  endfacet
  facet normal -0.464842 -0.444521 0.765718
    outer loop
      vertex 87.3591 32.0744 42.6188
      vertex 81.8115 19.3759 31.8792
      vertex 82.367 18.8801 31.9286
    endloop
  endfacet
  facet normal -0.464747 -0.444581 0.76574
    outer loop
      vertex 81.8115 19.3759 31.8792
      vertex 87.3591 32.0744 42.6188
      vertex 74.2837 44.2968 41.7792
    endloop
  endfacet
  facet normal -0.155778 -0.58559 0.795498
    outer loop
      vertex 88.1097 31.8726 42.4204
      vertex 88.1262 31.9163 42.4558
      vertex 83.1341 18.722 31.7655
    endloop
  endfacet
  facet normal 0.959257 -0.208144 -0.191054
    outer loop
      vertex 83.1341 18.722 31.7655
      vertex 83.2742 19.0923 32.0655
      vertex 88.1097 31.8726 42.4204
    endloop
  endfacet
  facet normal -0.18971 0.310072 -0.931593
    outer loop
      vertex 71.1288 27.5917 25.1915
      vertex 53.4037 28.8285 29.2127
      vertex 71.1998 28.352 25.4301
    endloop
  endfacet
  facet normal -0.189707 0.310094 -0.931586
    outer loop
      vertex 53.4037 28.8285 29.2127
      vertex 71.1288 27.5917 25.1915
      vertex 53.3326 28.0682 28.9741
    endloop
  endfacet
  facet normal 0.173405 -0.455522 0.873173
    outer loop
      vertex 53.9509 30.485 35.428
      vertex 53.442 26.6316 33.5188
      vertex 71.2381 26.1552 29.7361
    endloop
  endfacet
  facet normal 0.208472 0.219219 0.953143
    outer loop
      vertex 71.2381 26.1552 29.7361
      vertex 54.2243 26.6107 33.3526
      vertex 71.217 26.1557 29.7406
    endloop
  endfacet
  facet normal -0.0711542 0.891674 -0.447051
    outer loop
      vertex 54.2243 26.6107 33.3526
      vertex 71.2381 26.1552 29.7361
      vertex 53.442 26.6316 33.5188
    endloop
  endfacet
  facet normal 0.140455 0.818032 0.55776
    outer loop
      vertex 53.3326 28.0682 28.9741
      vertex 71.1288 27.5917 25.1915
      vertex 70.3465 27.6127 25.3577
    endloop
  endfacet
  facet normal -0.152785 0.589653 -0.793074
    outer loop
      vertex 54.0102 33.208 31.5148
      vertex 61.4457 33.0363 29.9547
      vertex 71.6966 32.113 27.2934
    endloop
  endfacet
  facet normal -0.152717 0.590046 -0.792795
    outer loop
      vertex 61.4457 33.0363 29.9547
      vertex 54.0102 33.208 31.5148
      vertex 54.0151 33.2352 31.5341
    endloop
  endfacet
  facet normal -0.173404 0.455503 -0.873183
    outer loop
      vertex 71.1998 28.352 25.4301
      vertex 53.4246 28.9868 29.2912
      vertex 71.6966 32.113 27.2934
    endloop
  endfacet
  facet normal -0.173359 0.455817 -0.873028
    outer loop
      vertex 53.4246 28.9868 29.2912
      vertex 71.1998 28.352 25.4301
      vertex 53.4037 28.8285 29.2127
    endloop
  endfacet
  facet normal -0.152782 0.589666 -0.793065
    outer loop
      vertex 71.6966 32.113 27.2934
      vertex 53.954 32.8915 31.2903
      vertex 54.0102 33.208 31.5148
    endloop
  endfacet
  facet normal -0.152789 0.589632 -0.793088
    outer loop
      vertex 71.6966 32.113 27.2934
      vertex 53.9004 32.5895 31.0761
      vertex 53.954 32.8915 31.2903
    endloop
  endfacet
  facet normal -0.207912 -0 -0.978148
    outer loop
      vertex 53.9004 32.5895 31.0761
      vertex 71.6966 32.113 27.2934
      vertex 53.9004 32.5894 31.0761
    endloop
  endfacet
  facet normal -0.173405 0.455518 -0.873175
    outer loop
      vertex 71.6966 32.113 27.2934
      vertex 53.6751 30.8831 30.2307
      vertex 53.9004 32.5894 31.0761
    endloop
  endfacet
  facet normal -0.173405 0.455512 -0.873178
    outer loop
      vertex 53.6751 30.8831 30.2307
      vertex 71.6966 32.113 27.2934
      vertex 53.4246 28.9868 29.2912
    endloop
  endfacet
  facet normal 0.173401 -0.455535 0.873167
    outer loop
      vertex 54.7543 30.4634 35.2572
      vertex 71.2381 26.1552 29.7361
      vertex 71.7471 30.0085 31.6453
    endloop
  endfacet
  facet normal 0.17342 -0.455489 0.873187
    outer loop
      vertex 54.005 30.4835 35.4165
      vertex 71.2381 26.1552 29.7361
      vertex 54.7543 30.4634 35.2572
    endloop
  endfacet
  facet normal 0.175117 -0.451205 0.875071
    outer loop
      vertex 53.9863 30.484 35.4205
      vertex 71.2381 26.1552 29.7361
      vertex 54.005 30.4835 35.4165
    endloop
  endfacet
  facet normal 0.171554 -0.460179 0.871094
    outer loop
      vertex 71.2381 26.1552 29.7361
      vertex 53.9863 30.484 35.4205
      vertex 53.9509 30.485 35.428
    endloop
  endfacet
  facet normal 0.291698 0.2615 -0.920071
    outer loop
      vertex 81.4766 17.14 25.5016
      vertex 71.1288 27.5917 25.1915
      vertex 71.1998 28.352 25.4301
    endloop
  endfacet
  facet normal 0.0815225 -0.495636 0.864696
    outer loop
      vertex 82.367 18.8802 31.9286
      vertex 81.1091 14.9679 29.8047
      vertex 81.8762 14.8097 29.6417
    endloop
  endfacet
  facet normal -0.382344 -0.342889 0.858045
    outer loop
      vertex 81.8115 19.3759 31.8792
      vertex 81.1091 14.9679 29.8047
      vertex 82.367 18.8801 31.9286
    endloop
  endfacet
  facet normal -0.381197 -0.343245 0.858412
    outer loop
      vertex 81.7916 19.397 31.8788
      vertex 81.1091 14.9679 29.8047
      vertex 81.8115 19.3759 31.8792
    endloop
  endfacet
  facet normal -0.382234 -0.342928 0.858078
    outer loop
      vertex 81.1091 14.9679 29.8047
      vertex 81.7916 19.397 31.8788
      vertex 71.7471 30.0085 31.6453
    endloop
  endfacet
  facet normal 0.860417 0 -0.50959
    outer loop
      vertex 82.367 18.8801 31.9286
      vertex 81.1091 14.9679 29.8047
      vertex 82.367 18.8802 31.9286
    endloop
  endfacet
  facet normal 0.190299 0.126866 -0.973494
    outer loop
      vertex 82.9811 21.714 28.1441
      vertex 71.6966 32.113 27.2934
      vertex 82.9809 21.7143 28.1441
    endloop
  endfacet
  facet normal 0.392192 0.36625 -0.843828
    outer loop
      vertex 82.7555 21.1177 27.661
      vertex 71.1998 28.352 25.4301
      vertex 71.6966 32.113 27.2934
    endloop
  endfacet
  facet normal -0.294648 -0.294648 0.909046
    outer loop
      vertex 71.7471 30.0085 31.6453
      vertex 81.109 14.968 29.8047
      vertex 81.1091 14.9679 29.8047
    endloop
  endfacet
  facet normal -0.413561 -0.359772 0.83638
    outer loop
      vertex 71.7471 30.0085 31.6453
      vertex 71.4721 26.0508 29.8069
      vertex 81.109 14.968 29.8047
    endloop
  endfacet
  facet normal -0.41357 -0.35977 0.836376
    outer loop
      vertex 71.4721 26.0508 29.8069
      vertex 71.7471 30.0085 31.6453
      vertex 71.2381 26.1552 29.7361
    endloop
  endfacet
  facet normal 0.202145 0.377104 0.903842
    outer loop
      vertex 71.0934 27.5927 25.199
      vertex 70.3465 27.6127 25.3577
      vertex 71.1288 27.5917 25.1915
    endloop
  endfacet
  facet normal 0.68806 0.68806 0.230537
    outer loop
      vertex 71.1289 27.5916 25.1915
      vertex 71.1288 27.5917 25.1915
      vertex 81.4766 17.14 25.5016
    endloop
  endfacet
  facet normal 0.380825 0.343586 -0.858441
    outer loop
      vertex 82.7555 21.1177 27.661
      vertex 81.4766 17.14 25.5016
      vertex 71.1998 28.352 25.4301
    endloop
  endfacet
  facet normal 0.466441 0.443553 -0.765306
    outer loop
      vertex 82.7555 21.1177 27.661
      vertex 71.6966 32.113 27.2934
      vertex 82.9811 21.714 28.1441
    endloop
  endfacet
  facet normal -0.18964 0.310105 -0.931596
    outer loop
      vertex 71.0934 27.5927 25.199
      vertex 68.8451 11.5519 20.3171
      vertex 70.3465 27.6127 25.3577
    endloop
  endfacet
  facet normal 0.319055 0.213248 -0.923433
    outer loop
      vertex 69.5563 10.7707 19.9122
      vertex 81.4685 17.1108 25.4921
      vertex 81.2792 16.4236 25.268
    endloop
  endfacet
  facet normal 0.76398 0 -0.64524
    outer loop
      vertex 76.9923 0.861527 20.1922
      vertex 81.2792 16.4236 25.268
      vertex 76.9923 0.861504 20.1922
    endloop
  endfacet
  facet normal 0.319025 0.213308 -0.92343
    outer loop
      vertex 69.5563 10.7707 19.9122
      vertex 81.2792 16.4236 25.268
      vertex 76.9923 0.861527 20.1922
    endloop
  endfacet
  facet normal 0.319901 0.211712 -0.923494
    outer loop
      vertex 81.4685 17.1108 25.4921
      vertex 69.5563 10.7707 19.9122
      vertex 81.4766 17.14 25.5016
    endloop
  endfacet
  facet normal 0.265946 0.265946 -0.926577
    outer loop
      vertex 71.1289 27.5916 25.1915
      vertex 69.5563 10.7707 19.9122
      vertex 71.1288 27.5917 25.1915
    endloop
  endfacet
  facet normal 0.291696 0.261497 -0.920072
    outer loop
      vertex 81.4766 17.14 25.5016
      vertex 69.5563 10.7707 19.9122
      vertex 71.1289 27.5916 25.1915
    endloop
  endfacet
  facet normal -0.189728 0.310113 -0.931576
    outer loop
      vertex 68.8451 11.5519 20.3171
      vertex 71.1288 27.5917 25.1915
      vertex 69.5563 10.7707 19.9122
    endloop
  endfacet
  facet normal -0.188661 0.310035 -0.931818
    outer loop
      vertex 71.1288 27.5917 25.1915
      vertex 68.8451 11.5519 20.3171
      vertex 71.0934 27.5927 25.199
    endloop
  endfacet
  facet normal -0.379116 -0.244639 0.892425
    outer loop
      vertex 71.2381 26.1552 29.7361
      vertex 69.7368 10.0944 24.6956
      vertex 76.407 -0.200066 24.7072
    endloop
  endfacet
  facet normal 0 -0.299438 0.954116
    outer loop
      vertex 69.7368 10.0944 24.6956
      vertex 71.2381 26.1552 29.7361
      vertex 69.7367 10.0944 24.6956
    endloop
  endfacet
  facet normal 0.12672 -0.339032 0.932201
    outer loop
      vertex 81.1423 14.961 29.7977
      vertex 77.5614 -0.726181 24.5792
      vertex 77.5946 -0.733019 24.5722
    endloop
  endfacet
  facet normal 0.12815 -0.339263 0.931922
    outer loop
      vertex 77.5946 -0.733019 24.5722
      vertex 81.8762 14.8097 29.6417
      vertex 81.1423 14.961 29.7977
    endloop
  endfacet
  facet normal -0.763979 0 0.645241
    outer loop
      vertex 77.5946 -0.73302 24.5722
      vertex 81.8762 14.8097 29.6417
      vertex 77.5946 -0.733019 24.5722
    endloop
  endfacet
  facet normal 0.126131 -0.338936 0.932316
    outer loop
      vertex 81.1091 14.9679 29.8047
      vertex 77.5614 -0.726181 24.5792
      vertex 81.1423 14.961 29.7977
    endloop
  endfacet
  facet normal 0.128155 -0.339262 0.931921
    outer loop
      vertex 77.5614 -0.726181 24.5792
      vertex 81.1091 14.9679 29.8047
      vertex 76.8275 -0.574891 24.7352
    endloop
  endfacet
  facet normal -0.377734 -0.244501 0.893049
    outer loop
      vertex 71.4721 26.0508 29.8069
      vertex 76.407 -0.200066 24.7072
      vertex 76.4192 -0.218914 24.7072
    endloop
  endfacet
  facet normal -0.379159 -0.244644 0.892406
    outer loop
      vertex 76.407 -0.200066 24.7072
      vertex 71.4721 26.0508 29.8069
      vertex 71.2381 26.1552 29.7361
    endloop
  endfacet
  facet normal -0.0817512 0.305385 -0.948713
    outer loop
      vertex 70.4976 18.233 27.2498
      vertex 69.7367 10.0944 24.6956
      vertex 71.2381 26.1552 29.7361
    endloop
  endfacet
  facet normal -0.266267 -0.231813 0.935609
    outer loop
      vertex 81.1091 14.9679 29.8047
      vertex 76.4192 -0.218914 24.7072
      vertex 76.8275 -0.57489 24.7352
    endloop
  endfacet
  facet normal -0.266346 -0.231784 0.935594
    outer loop
      vertex 76.4192 -0.218914 24.7072
      vertex 81.109 14.968 29.8047
      vertex 71.4721 26.0508 29.8069
    endloop
  endfacet
  facet normal -0.241089 -0.241089 0.940081
    outer loop
      vertex 76.4192 -0.218914 24.7072
      vertex 81.1091 14.9679 29.8047
      vertex 81.109 14.968 29.8047
    endloop
  endfacet
  facet normal -0.763979 0 0.645241
    outer loop
      vertex 81.1091 14.9679 29.8047
      vertex 76.8275 -0.57489 24.7352
      vertex 76.8275 -0.574891 24.7352
    endloop
  endfacet
  facet normal -0.956854 0.164599 -0.239451
    outer loop
      vertex 70.3465 27.6127 25.3577
      vertex 68.8451 11.5519 20.3171
      vertex 69.7195 20.9057 23.2528
    endloop
  endfacet
  facet normal 0.763979 0 -0.645241
    outer loop
      vertex 81.8762 14.8097 29.6417
      vertex 77.5946 -0.73302 24.5722
      vertex 77.5946 -0.733019 24.5722
    endloop
  endfacet
  facet normal -0.189709 0.31013 -0.931574
    outer loop
      vertex 51.8282 11.9755 23.9235
      vertex 68.8451 11.5519 20.3171
      vertex 69.5563 10.7707 19.9122
    endloop
  endfacet
  facet normal -0.18981 0.30902 -0.931922
    outer loop
      vertex 68.8451 11.5519 20.3171
      vertex 51.8282 11.9755 23.9235
      vertex 51.8312 12.0075 23.9335
    endloop
  endfacet
  facet normal -0.135916 0.675675 -0.724562
    outer loop
      vertex 63.9882 11.682 21.3495
      vertex 68.8451 11.5519 20.3171
      vertex 51.8312 12.0075 23.9335
    endloop
  endfacet
  facet normal 0.201932 -0.157029 0.966729
    outer loop
      vertex 69.7367 10.0944 24.6956
      vertex 69.4647 5.81993 24.0581
      vertex 69.4858 5.81936 24.0536
    endloop
  endfacet
  facet normal 0.201302 -0.157009 0.966864
    outer loop
      vertex 69.7367 10.0944 24.6956
      vertex 64.7312 5.94666 25.0642
      vertex 69.4647 5.81993 24.0581
    endloop
  endfacet
  facet normal 0.201309 -0.157017 0.966861
    outer loop
      vertex 69.7367 10.0944 24.6956
      vertex 52.4719 6.27489 27.67
      vertex 64.7312 5.94666 25.0642
    endloop
  endfacet
  facet normal 0.201228 -0.156584 0.966948
    outer loop
      vertex 69.7367 10.0944 24.6956
      vertex 52.4366 6.27584 27.6775
      vertex 52.4719 6.27489 27.67
    endloop
  endfacet
  facet normal 0.201347 -0.157225 0.966819
    outer loop
      vertex 52.4366 6.27584 27.6775
      vertex 69.7367 10.0944 24.6956
      vertex 51.6897 6.29584 27.8363
    endloop
  endfacet
  facet normal -0.181596 0.388663 -0.903307
    outer loop
      vertex 52.7229 10.55 28.312
      vertex 69.7367 10.0944 24.6956
      vertex 52.744 10.5494 28.3075
    endloop
  endfacet
  facet normal -0.046215 0.940777 -0.335862
    outer loop
      vertex 68.4875 5.81993 19.4608
      vertex 69.2909 5.79842 19.29
      vertex 68.5086 5.81936 19.4563
    endloop
  endfacet
  facet normal -0.0266657 -0.999644 0.000463172
    outer loop
      vertex 69.2909 5.79842 19.29
      vertex 68.4875 5.81993 19.4608
      vertex 51.4947 6.27489 23.0727
    endloop
  endfacet
  facet normal -0.201309 0.157011 -0.966862
    outer loop
      vertex 69.3114 6.59814 19.2856
      vertex 51.7601 11.2472 23.6949
      vertex 69.5563 10.7707 19.9122
    endloop
  endfacet
  facet normal -0.207928 -0.000639071 -0.978144
    outer loop
      vertex 51.5131 6.99259 23.0688
      vertex 51.5152 7.07462 23.0683
      vertex 69.3114 6.59814 19.2856
    endloop
  endfacet
  facet normal 0.231621 0 0.972806
    outer loop
      vertex 51.5152 7.07462 23.0683
      vertex 51.5131 6.99259 23.0688
      vertex 51.5152 7.07458 23.0683
    endloop
  endfacet
  facet normal -0.20797 -0.00262777 -0.978132
    outer loop
      vertex 69.3114 6.59814 19.2856
      vertex 51.5128 6.97911 23.0689
      vertex 51.5131 6.99259 23.0688
    endloop
  endfacet
  facet normal -0.207915 6.57543e-05 -0.978147
    outer loop
      vertex 51.5128 6.97911 23.0689
      vertex 69.3114 6.59814 19.2856
      vertex 51.4947 6.27489 23.0727
    endloop
  endfacet
  facet normal -0.201309 0.15701 -0.966862
    outer loop
      vertex 69.3114 6.59814 19.2856
      vertex 51.5152 7.07462 23.0683
      vertex 51.7601 11.2472 23.6949
    endloop
  endfacet
  facet normal 0.0838166 -0.860378 0.502717
    outer loop
      vertex 52.7229 10.55 28.312
      vertex 51.9406 10.5709 28.4782
      vertex 69.7367 10.0944 24.6956
    endloop
  endfacet
  facet normal 0.201306 -0.156989 0.966866
    outer loop
      vertex 51.9406 10.5709 28.4782
      vertex 51.6897 6.29584 27.8363
      vertex 69.7367 10.0944 24.6956
    endloop
  endfacet
  facet normal -0.207913 -5.20559e-05 -0.978147
    outer loop
      vertex 69.2909 5.79842 19.29
      vertex 51.4947 6.27489 23.0727
      vertex 69.3114 6.59814 19.2856
    endloop
  endfacet
  facet normal -0.189707 0.310142 -0.93157
    outer loop
      vertex 69.5563 10.7707 19.9122
      vertex 51.7601 11.2472 23.6949
      vertex 51.8282 11.9755 23.9235
    endloop
  endfacet
  facet normal 0 0 0
    outer loop
      vertex 76.9923 0.861503 20.1922
      vertex 76.9923 0.861527 20.1922
      vertex 76.9923 0.861504 20.1922
    endloop
  endfacet
  facet normal -0.501465 0 0.865178
    outer loop
      vertex 77.5946 -0.733019 24.5722
      vertex 76.5451 -5.19708 23.9639
      vertex 77.5946 -0.733023 24.5722
    endloop
  endfacet
  facet normal 0.168838 0.0940258 -0.981149
    outer loop
      vertex 69.3114 6.59814 19.2856
      vertex 76.7896 0.125751 19.9522
      vertex 75.7676 -4.22176 19.3597
    endloop
  endfacet
  facet normal 0.0887871 0 -0.996051
    outer loop
      vertex 76.7896 0.125751 19.9522
      vertex 69.3114 6.59814 19.2856
      vertex 76.7896 0.125752 19.9522
    endloop
  endfacet
  facet normal 0.168498 0.0938225 -0.981227
    outer loop
      vertex 69.3114 6.59814 19.2856
      vertex 75.7676 -4.22176 19.3597
      vertex 75.7226 -4.41286 19.3337
    endloop
  endfacet
  facet normal 0.037628 0 -0.999292
    outer loop
      vertex 69.5563 10.7707 19.9122
      vertex 76.9923 0.861527 20.1922
      vertex 76.9923 0.861503 20.1922
    endloop
  endfacet
  facet normal 0 0 0
    outer loop
      vertex 77.5946 -0.733019 24.5722
      vertex 77.5946 -0.733023 24.5722
      vertex 77.5946 -0.73302 24.5722
    endloop
  endfacet
  facet normal -0.152921 -0.0980507 0.983362
    outer loop
      vertex 75.7781 -5.03894 24.1269
      vertex 76.8275 -0.57489 24.7352
      vertex 76.4192 -0.218914 24.7072
    endloop
  endfacet
  facet normal -0.151751 -0.0982261 0.983526
    outer loop
      vertex 75.7781 -5.03894 24.1269
      vertex 76.4192 -0.218914 24.7072
      vertex 76.407 -0.200066 24.7072
    endloop
  endfacet
  facet normal -0.501501 0 0.865157
    outer loop
      vertex 76.8275 -0.57489 24.7352
      vertex 75.7781 -5.03894 24.1269
      vertex 75.7781 -5.03895 24.1269
    endloop
  endfacet
  facet normal -0.15302 -0.0980398 0.983348
    outer loop
      vertex 69.7368 10.0944 24.6956
      vertex 75.7781 -5.03894 24.1269
      vertex 76.407 -0.200066 24.7072
    endloop
  endfacet
  facet normal 0 -0.0375528 0.999295
    outer loop
      vertex 75.7781 -5.03894 24.1269
      vertex 69.7368 10.0944 24.6956
      vertex 69.7367 10.0944 24.6956
    endloop
  endfacet
  facet normal 0.202294 0.133814 -0.97014
    outer loop
      vertex 76.7896 0.125752 19.9522
      vertex 69.3114 6.59814 19.2856
      vertex 69.5563 10.7707 19.9122
    endloop
  endfacet
  facet normal 0.317872 0.212524 -0.924008
    outer loop
      vertex 69.5563 10.7707 19.9122
      vertex 76.7985 0.158092 19.9627
      vertex 76.7896 0.125752 19.9522
    endloop
  endfacet
  facet normal 0.319092 0.213359 -0.923395
    outer loop
      vertex 76.7985 0.158092 19.9627
      vertex 69.5563 10.7707 19.9122
      vertex 76.9923 0.861504 20.1922
    endloop
  endfacet
  facet normal -0.037628 0 0.999292
    outer loop
      vertex 76.9923 0.861504 20.1922
      vertex 69.5563 10.7707 19.9122
      vertex 76.9923 0.861503 20.1922
    endloop
  endfacet
  facet normal -0.501501 0 0.865157
    outer loop
      vertex 75.7781 -5.03895 24.1269
      vertex 76.8275 -0.574891 24.7352
      vertex 76.8275 -0.57489 24.7352
    endloop
  endfacet
  facet normal 0.170589 -0.172312 0.970159
    outer loop
      vertex 76.8275 -0.574891 24.7352
      vertex 75.8127 -5.04609 24.1195
      vertex 76.5451 -5.19708 23.9639
    endloop
  endfacet
  facet normal 0.171826 -0.172557 0.969897
    outer loop
      vertex 76.8275 -0.574891 24.7352
      vertex 75.7781 -5.03895 24.1269
      vertex 75.8127 -5.04609 24.1195
    endloop
  endfacet
  facet normal 0.169185 -0.172016 0.970457
    outer loop
      vertex 77.5614 -0.726181 24.5792
      vertex 76.5451 -5.19708 23.9639
      vertex 77.5946 -0.733019 24.5722
    endloop
  endfacet
  facet normal 0.170694 -0.172315 0.97014
    outer loop
      vertex 76.5451 -5.19708 23.9639
      vertex 77.5614 -0.726181 24.5792
      vertex 76.8275 -0.574891 24.7352
    endloop
  endfacet
  facet normal -0.236745 -0.13069 0.962742
    outer loop
      vertex 69.7367 10.0944 24.6956
      vertex 69.598 5.75774 24.0728
      vertex 75.7781 -5.03894 24.1269
    endloop
  endfacet
  facet normal -0.237803 -0.13062 0.962491
    outer loop
      vertex 69.7367 10.0944 24.6956
      vertex 69.5894 5.77266 24.0727
      vertex 69.598 5.75774 24.0728
    endloop
  endfacet
  facet normal -0.23643 -0.130714 0.962816
    outer loop
      vertex 69.5894 5.77266 24.0727
      vertex 69.7367 10.0944 24.6956
      vertex 69.4858 5.81936 24.0536
    endloop
  endfacet
  facet normal -0.00186473 -0.00545403 -0.999983
    outer loop
      vertex 75.7226 -4.41286 19.3337
      vertex 69.2909 5.79842 19.29
      vertex 69.3114 6.59814 19.2856
    endloop
  endfacet
  facet normal 0.278716 -0.00191275 0.960372
    outer loop
      vertex 69.0532 -11.0749 24.1455
      vertex 69.4858 5.81936 24.0536
      vertex 69.1417 -7.61841 24.1267
    endloop
  endfacet
  facet normal -0.207986 3.61022e-06 -0.978132
    outer loop
      vertex 68.8582 -11.0958 19.3819
      vertex 68.3533 -0.244254 19.4893
      vertex 68.5086 5.81936 19.4563
    endloop
  endfacet
  facet normal -0.207932 6.22147e-06 -0.978143
    outer loop
      vertex 68.3533 -0.244254 19.4893
      vertex 68.8582 -11.0958 19.3819
      vertex 68.3351 -11.0818 19.4931
    endloop
  endfacet
  facet normal -0.209506 -0.129451 -0.969201
    outer loop
      vertex 72.1458 -22.5479 20.094
      vertex 68.0555 -11.8746 19.5526
      vertex 68.8378 -11.8956 19.3863
    endloop
  endfacet
  facet normal 0.0475989 0.0323835 0.998341
    outer loop
      vertex 69.598 5.75774 24.0728
      vertex 72.1675 -20.4716 24.8011
      vertex 72.4514 -21.0492 24.8063
    endloop
  endfacet
  facet normal 0.0439612 0.0320321 0.99852
    outer loop
      vertex 72.1675 -20.4716 24.8011
      vertex 69.598 5.75774 24.0728
      vertex 69.5894 5.77266 24.0727
    endloop
  endfacet
  facet normal -0.00170818 -0.00545772 -0.999984
    outer loop
      vertex 75.7226 -4.41286 19.3337
      vertex 68.8378 -11.8956 19.3863
      vertex 68.8582 -11.0958 19.3819
    endloop
  endfacet
  facet normal -0.233189 -0.13819 -0.962563
    outer loop
      vertex 68.0555 -11.8746 19.5526
      vertex 72.1458 -22.5479 20.094
      vertex 71.3788 -22.3897 20.2571
    endloop
  endfacet
  facet normal 0.208018 -0 0.978125
    outer loop
      vertex 72.1458 -22.5479 20.094
      vertex 72.3005 -21.7636 20.0611
      vertex 72.1458 -22.5478 20.094
    endloop
  endfacet
  facet normal -0.878141 0.154213 -0.452864
    outer loop
      vertex 72.3005 -21.7636 20.0611
      vertex 72.1458 -22.5479 20.094
      vertex 74.7816 -9.18414 19.5337
    endloop
  endfacet
  facet normal -0.00176991 -0.00539431 -0.999984
    outer loop
      vertex 75.7226 -4.41286 19.3337
      vertex 68.8582 -11.0958 19.3819
      vertex 69.2909 5.79842 19.29
    endloop
  endfacet
  facet normal -0.207932 4.78074e-06 -0.978143
    outer loop
      vertex 68.8582 -11.0958 19.3819
      vertex 68.5086 5.81936 19.4563
      vertex 69.2909 5.79842 19.29
    endloop
  endfacet
  facet normal -0.177304 0.0098961 0.984106
    outer loop
      vertex 69.5894 5.77266 24.0727
      vertex 70.6606 -15.6679 24.4813
      vertex 72.1675 -20.4716 24.8011
    endloop
  endfacet
  facet normal -0.17725 0.00989896 0.984116
    outer loop
      vertex 69.5894 5.77266 24.0727
      vertex 69.8507 -13.1499 24.3101
      vertex 70.6606 -15.6679 24.4813
    endloop
  endfacet
  facet normal -0.176987 0.00988556 0.984164
    outer loop
      vertex 69.0532 -11.0749 24.1455
      vertex 69.5894 5.77266 24.0727
      vertex 69.4858 5.81936 24.0536
    endloop
  endfacet
  facet normal -0.177361 0.00989718 0.984096
    outer loop
      vertex 69.5894 5.77266 24.0727
      vertex 69.0532 -11.0749 24.1455
      vertex 69.8507 -13.1499 24.3101
    endloop
  endfacet
  facet normal 0.048153 -0.0513293 -0.99752
    outer loop
      vertex 74.7816 -9.18414 19.5337
      vertex 68.8378 -11.8956 19.3863
      vertex 75.568 -5.19708 19.3665
    endloop
  endfacet
  facet normal 0.0481485 -0.0513195 -0.997521
    outer loop
      vertex 68.8378 -11.8956 19.3863
      vertex 74.7816 -9.18414 19.5337
      vertex 72.1458 -22.5479 20.094
    endloop
  endfacet
  facet normal 0.0480791 -0.051255 -0.997528
    outer loop
      vertex 68.8378 -11.8956 19.3863
      vertex 75.7158 -4.44733 19.3351
      vertex 75.568 -5.19708 19.3665
    endloop
  endfacet
  facet normal 0.0463573 -0.0496662 -0.997689
    outer loop
      vertex 75.7158 -4.44733 19.3351
      vertex 68.8378 -11.8956 19.3863
      vertex 75.7226 -4.41286 19.3337
    endloop
  endfacet
  facet normal 0.200096 0 0.979776
    outer loop
      vertex 72.4514 -21.0492 24.8063
      vertex 75.7781 -5.03895 24.1269
      vertex 75.7781 -5.03894 24.1269
    endloop
  endfacet
  facet normal 0.0483495 0.0323172 0.998308
    outer loop
      vertex 75.7781 -5.03895 24.1269
      vertex 72.4514 -21.0492 24.8063
      vertex 72.572 -21.2945 24.8084
    endloop
  endfacet
  facet normal 0.047888 0.0324139 0.998327
    outer loop
      vertex 72.4514 -21.0492 24.8063
      vertex 75.7781 -5.03894 24.1269
      vertex 69.598 5.75774 24.0728
    endloop
  endfacet
  facet normal 0.207818 1.89302e-05 0.978168
    outer loop
      vertex 75.8127 -5.04609 24.1195
      vertex 73.2777 -21.7636 24.6584
      vertex 76.5451 -5.19708 23.9639
    endloop
  endfacet
  facet normal 0.209095 -0.000242647 0.977895
    outer loop
      vertex 72.572 -21.2945 24.8084
      vertex 75.8127 -5.04609 24.1195
      vertex 75.7781 -5.03895 24.1269
    endloop
  endfacet
  facet normal 0.207913 3.89626e-06 0.978147
    outer loop
      vertex 75.8127 -5.04609 24.1195
      vertex 72.572 -21.2945 24.8084
      vertex 73.2777 -21.7636 24.6584
    endloop
  endfacet
  facet normal -0.207913 -7.8037e-05 -0.978147
    outer loop
      vertex 68.8378 -11.8956 19.3863
      vertex 51.0425 -11.3854 23.1688
      vertex 68.8582 -11.0958 19.3819
    endloop
  endfacet
  facet normal -0.207918 -0.00025231 -0.978146
    outer loop
      vertex 51.0416 -11.4191 23.169
      vertex 51.0425 -11.3854 23.1688
      vertex 68.8378 -11.8956 19.3863
    endloop
  endfacet
  facet normal 0.16396 -0.52192 0.837088
    outer loop
      vertex 68.8582 -11.0958 19.3819
      vertex 54.9253 -10.7228 22.3435
      vertex 55.8167 -10.7467 22.154
    endloop
  endfacet
  facet normal -0.209359 -0.157006 -0.965152
    outer loop
      vertex 51.0727 -15.5917 23.8411
      vertex 68.0852 -15.8715 20.1963
      vertex 68.0865 -16.0472 20.2246
    endloop
  endfacet
  facet normal -0.209358 -0.157022 -0.965149
    outer loop
      vertex 68.0852 -15.8715 20.1963
      vertex 51.0727 -15.5917 23.8411
      vertex 51.0429 -11.5948 23.1973
    endloop
  endfacet
  facet normal 0.0785655 0.965564 0.248019
    outer loop
      vertex 68.8582 -11.0958 19.3819
      vertex 55.8167 -10.7467 22.154
      vertex 68.3351 -11.0818 19.4931
    endloop
  endfacet
  facet normal 0.0560926 -0.923206 0.38019
    outer loop
      vertex 51.257 -10.5984 27.9282
      vertex 69.0532 -11.0749 24.1455
      vertex 51.7583 -10.6118 27.8217
    endloop
  endfacet
  facet normal 7.36427e-05 0.992202 -0.124644
    outer loop
      vertex 52.0604 -10.6199 27.7574
      vertex 51.7583 -10.6118 27.8217
      vertex 69.0532 -11.0749 24.1455
    endloop
  endfacet
  facet normal -0.173404 -0.657821 -0.732941
    outer loop
      vertex 69.0639 -15.3494 24.8386
      vertex 51.2889 -14.8735 28.6168
      vertex 52.0711 -14.8944 28.4505
    endloop
  endfacet
  facet normal 0.0550609 0.989394 0.134417
    outer loop
      vertex 69.0639 -15.3494 24.8386
      vertex 69.8672 -15.3709 24.6678
      vertex 51.2889 -14.8735 28.6168
    endloop
  endfacet
  facet normal 0.185344 -0.354839 0.916371
    outer loop
      vertex 69.8672 -15.3709 24.6678
      vertex 69.0639 -15.3494 24.8386
      vertex 69.085 -15.35 24.8341
    endloop
  endfacet
  facet normal -0.207915 4.37876e-05 -0.978147
    outer loop
      vertex 51.0425 -11.3854 23.1688
      vertex 54.9253 -10.7228 22.3435
      vertex 68.8582 -11.0958 19.3819
    endloop
  endfacet
  facet normal -0.207833 -0.000460722 -0.978164
    outer loop
      vertex 54.9253 -10.7228 22.3435
      vertex 51.0425 -11.3854 23.1688
      vertex 51.0451 -11.2844 23.1682
    endloop
  endfacet
  facet normal 0.209286 0.156999 0.965169
    outer loop
      vertex 69.0532 -11.0749 24.1455
      vertex 69.8672 -15.3709 24.6678
      vertex 69.8507 -13.1499 24.3101
    endloop
  endfacet
  facet normal 0.209354 0.15701 0.965152
    outer loop
      vertex 69.8672 -15.3709 24.6678
      vertex 69.0532 -11.0749 24.1455
      vertex 51.257 -10.5984 27.9282
    endloop
  endfacet
  facet normal 0.209356 0.157021 0.96515
    outer loop
      vertex 69.8672 -15.3709 24.6678
      vertex 51.257 -10.5984 27.9282
      vertex 51.2889 -14.8735 28.6168
    endloop
  endfacet
  facet normal -0.209352 -0.156994 -0.965155
    outer loop
      vertex 51.0429 -11.5948 23.1973
      vertex 68.0555 -11.8746 19.5526
      vertex 68.0852 -15.8715 20.1963
    endloop
  endfacet
  facet normal -0.209352 -0.157006 -0.965153
    outer loop
      vertex 51.0416 -11.4191 23.169
      vertex 68.0555 -11.8746 19.5526
      vertex 51.0429 -11.5948 23.1973
    endloop
  endfacet
  facet normal 0.191002 -0.29604 0.935884
    outer loop
      vertex 68.0555 -11.8746 19.5526
      vertex 51.0416 -11.4191 23.169
      vertex 68.8378 -11.8956 19.3863
    endloop
  endfacet
  facet normal 0.304762 0.158153 0.939206
    outer loop
      vertex 72.3651 -25.1128 25.5185
      vertex 73.2777 -21.7636 24.6584
      vertex 72.572 -21.2945 24.8084
    endloop
  endfacet
  facet normal 0.304185 0.158271 0.939373
    outer loop
      vertex 73.2777 -21.7636 24.6584
      vertex 72.5501 -25.8268 25.5786
      vertex 72.5663 -26.2277 25.6409
    endloop
  endfacet
  facet normal 0.305226 0.158101 0.939064
    outer loop
      vertex 72.3651 -25.1128 25.5185
      vertex 72.572 -21.2945 24.8084
      vertex 72.4514 -21.0492 24.8063
    endloop
  endfacet
  facet normal 0.304989 0.158075 0.939145
    outer loop
      vertex 73.2777 -21.7636 24.6584
      vertex 72.3651 -25.1128 25.5185
      vertex 72.5501 -25.8268 25.5786
    endloop
  endfacet
  facet normal 0.304559 0.158152 0.939272
    outer loop
      vertex 72.1675 -20.4716 24.8011
      vertex 72.3651 -25.1128 25.5185
      vertex 72.4514 -21.0492 24.8063
    endloop
  endfacet
  facet normal 0.304834 0.15815 0.939183
    outer loop
      vertex 72.3651 -25.1128 25.5185
      vertex 72.1675 -20.4716 24.8011
      vertex 70.6606 -15.6679 24.4813
    endloop
  endfacet
  facet normal -0.288036 -0.154358 -0.945097
    outer loop
      vertex 68.0852 -15.8715 20.1963
      vertex 71.3788 -22.3897 20.2571
      vertex 68.0865 -16.0472 20.2246
    endloop
  endfacet
  facet normal -0.288018 -0.154349 -0.945104
    outer loop
      vertex 71.3788 -22.3897 20.2571
      vertex 68.0852 -15.8715 20.1963
      vertex 68.0555 -11.8746 19.5526
    endloop
  endfacet
  facet normal 0.28057 0.154661 0.947291
    outer loop
      vertex 70.6606 -15.6679 24.4813
      vertex 69.8672 -15.3709 24.6678
      vertex 72.3651 -25.1128 25.5185
    endloop
  endfacet
  facet normal 0.280566 0.154649 0.947294
    outer loop
      vertex 69.8672 -15.3709 24.6678
      vertex 70.6606 -15.6679 24.4813
      vertex 69.8507 -13.1499 24.3101
    endloop
  endfacet
  facet normal -0.647291 -0.221938 -0.729217
    outer loop
      vertex 70.5679 -27.6641 21.5576
      vertex 68.0865 -16.0472 20.2246
      vertex 70.6555 -26.9283 21.2559
    endloop
  endfacet
  facet normal -0.298149 -0.159587 -0.941084
    outer loop
      vertex 70.6555 -26.9283 21.2559
      vertex 68.0865 -16.0472 20.2246
      vertex 71.3788 -22.3897 20.2571
    endloop
  endfacet
  facet normal -0.238588 -0.172329 -0.955708
    outer loop
      vertex 71.6548 -25.6293 20.7722
      vertex 70.6555 -26.9283 21.2559
      vertex 72.1458 -22.5479 20.094
    endloop
  endfacet
  facet normal -0.238753 -0.172265 -0.955679
    outer loop
      vertex 72.1458 -22.5479 20.094
      vertex 70.6555 -26.9283 21.2559
      vertex 71.3788 -22.3897 20.2571
    endloop
  endfacet
  facet normal 0.842 0.115902 0.526881
    outer loop
      vertex 70.5781 -32.1919 30.1302
      vertex 72.5663 -26.2277 25.6409
      vertex 72.5501 -25.8268 25.5786
    endloop
  endfacet
  facet normal 0.84208 0.115797 0.526776
    outer loop
      vertex 72.5663 -26.2277 25.6409
      vertex 70.5781 -32.1919 30.1302
      vertex 72.0871 -30.2554 27.2923
    endloop
  endfacet
  facet normal 0.842084 0.115787 0.526772
    outer loop
      vertex 70.6219 -35.1355 30.7072
      vertex 72.0871 -30.2554 27.2923
      vertex 70.5781 -32.1919 30.1302
    endloop
  endfacet
  facet normal 0.842352 0.115457 0.526415
    outer loop
      vertex 70.6244 -35.3042 30.7402
      vertex 72.0871 -30.2554 27.2923
      vertex 70.6219 -35.1355 30.7072
    endloop
  endfacet
  facet normal 0.84203 0.115844 0.526845
    outer loop
      vertex 70.6348 -36.0024 30.8771
      vertex 72.0871 -30.2554 27.2923
      vertex 70.6244 -35.3042 30.7402
    endloop
  endfacet
  facet normal 0.926829 -0 0.375484
    outer loop
      vertex 70.6348 -36.0026 30.8771
      vertex 72.0871 -30.2554 27.2923
      vertex 70.6348 -36.0024 30.8771
    endloop
  endfacet
  facet normal 0.842061 0.115806 0.526804
    outer loop
      vertex 72.0871 -30.2554 27.2923
      vertex 70.6348 -36.0026 30.8771
      vertex 70.7203 -41.7424 32.0022
    endloop
  endfacet
  facet normal -0.97777 0.0399991 0.20583
    outer loop
      vertex 68.631 -43.9426 28.2321
      vertex 68.1076 -16.7973 20.4706
      vertex 68.0865 -16.0472 20.2246
    endloop
  endfacet
  facet normal -0.967653 0.0537075 0.246504
    outer loop
      vertex 68.5576 -32.8618 25.738
      vertex 68.5789 -33.6218 25.9872
      vertex 68.5579 -32.872 25.7414
    endloop
  endfacet
  facet normal -0.978278 0.0393324 0.203533
    outer loop
      vertex 68.5789 -33.6218 25.9872
      vertex 68.631 -43.9426 28.2321
      vertex 68.7434 -36.1203 27.2607
    endloop
  endfacet
  facet normal -0.978254 0.0393564 0.203642
    outer loop
      vertex 68.5576 -32.8618 25.738
      vertex 68.631 -43.9426 28.2321
      vertex 68.5789 -33.6218 25.9872
    endloop
  endfacet
  facet normal -0.97828 0.0393288 0.203521
    outer loop
      vertex 68.1076 -16.7973 20.4706
      vertex 68.631 -43.9426 28.2321
      vertex 68.5576 -32.8618 25.738
    endloop
  endfacet
  facet normal -0.109417 -0.919696 0.377078
    outer loop
      vertex 69.6273 -42.6524 31.668
      vertex 68.631 -43.9426 28.2321
      vertex 70.2776 -42.759 31.5967
    endloop
  endfacet
  facet normal 0.204582 0.310185 0.928403
    outer loop
      vertex 69.8672 -15.3709 24.6678
      vertex 69.7637 -31.4107 30.0496
      vertex 69.7991 -31.4116 30.0421
    endloop
  endfacet
  facet normal 0.205626 0.310109 0.928197
    outer loop
      vertex 69.7637 -31.4107 30.0496
      vertex 69.8672 -15.3709 24.6678
      vertex 69.085 -15.35 24.8341
    endloop
  endfacet
  facet normal -0.96317 0.0463085 0.264875
    outer loop
      vertex 68.631 -43.9426 28.2321
      vertex 68.9504 -38.0281 28.3595
      vertex 68.945 -37.9917 28.3335
    endloop
  endfacet
  facet normal -0.963929 0.0464096 0.262081
    outer loop
      vertex 68.9504 -38.0281 28.3595
      vertex 68.631 -43.9426 28.2321
      vertex 69.6273 -42.6524 31.668
    endloop
  endfacet
  facet normal -0.963973 0.0464011 0.261923
    outer loop
      vertex 68.8558 -37.382 27.8972
      vertex 68.631 -43.9426 28.2321
      vertex 68.945 -37.9917 28.3335
    endloop
  endfacet
  facet normal -0.963892 0.0464134 0.262217
    outer loop
      vertex 68.631 -43.9426 28.2321
      vertex 68.8558 -37.382 27.8972
      vertex 68.7434 -36.1203 27.2607
    endloop
  endfacet
  facet normal -0.647352 -0.221945 -0.729161
    outer loop
      vertex 68.0865 -16.0472 20.2246
      vertex 70.5679 -27.6641 21.5576
      vertex 68.631 -43.9426 28.2321
    endloop
  endfacet
  facet normal 0.720683 0.241433 0.649867
    outer loop
      vertex 72.3651 -25.1128 25.5185
      vertex 70.5781 -32.1919 30.1302
      vertex 72.5501 -25.8268 25.5786
    endloop
  endfacet
  facet normal 0.720575 0.241518 0.649954
    outer loop
      vertex 70.5781 -32.1919 30.1302
      vertex 72.3651 -25.1128 25.5185
      vertex 69.8672 -15.3709 24.6678
    endloop
  endfacet
  facet normal -0.666619 0.349311 0.658484
    outer loop
      vertex 70.5577 -34.3551 24.0731
      vertex 69.3981 -44.1007 28.069
      vertex 70.835 -32.0247 23.1176
    endloop
  endfacet
  facet normal -0.261981 -0.339269 -0.903473
    outer loop
      vertex 70.8931 -31.5361 22.9173
      vertex 70.5679 -27.6641 21.5576
      vertex 70.9771 -27.7484 21.4706
    endloop
  endfacet
  facet normal -0.261989 -0.339268 -0.90347
    outer loop
      vertex 70.5679 -27.6641 21.5576
      vertex 70.8931 -31.5361 22.9173
      vertex 69.4856 -43.365 27.7674
    endloop
  endfacet
  facet normal 0.205675 0.310108 0.928187
    outer loop
      vertex 70.5459 -31.4316 29.8833
      vertex 69.8672 -15.3709 24.6678
      vertex 69.7991 -31.4116 30.0421
    endloop
  endfacet
  facet normal -0.0352183 0.307321 0.950954
    outer loop
      vertex 69.8672 -15.3709 24.6678
      vertex 70.5459 -31.4316 29.8833
      vertex 70.5781 -32.1919 30.1302
    endloop
  endfacet
  facet normal -0.109348 -0.919694 0.377102
    outer loop
      vertex 70.2776 -42.759 31.5967
      vertex 70.1457 -43.1326 30.6473
      vertex 70.4166 -42.7818 31.5814
    endloop
  endfacet
  facet normal -0.109511 -0.919669 0.377115
    outer loop
      vertex 70.1457 -43.1326 30.6473
      vertex 70.2776 -42.759 31.5967
      vertex 68.631 -43.9426 28.2321
    endloop
  endfacet
  facet normal -0.261972 -0.339271 -0.903474
    outer loop
      vertex 69.4856 -43.365 27.7674
      vertex 68.631 -43.9426 28.2321
      vertex 70.5679 -27.6641 21.5576
    endloop
  endfacet
  facet normal -0.67957 -0.207636 -0.703613
    outer loop
      vertex 70.835 -32.0247 23.1176
      vertex 69.4856 -43.365 27.7674
      vertex 70.8931 -31.5361 22.9173
    endloop
  endfacet
  facet normal -0.784627 -0.152978 -0.600799
    outer loop
      vertex 69.4856 -43.365 27.7674
      vertex 70.835 -32.0247 23.1176
      vertex 69.3981 -44.1007 28.069
    endloop
  endfacet
  facet normal -0.262011 -0.33922 -0.903482
    outer loop
      vertex 69.3981 -44.1007 28.069
      vertex 68.631 -43.9426 28.2321
      vertex 69.4856 -43.365 27.7674
    endloop
  endfacet
  facet normal 0.977812 -0.0261384 -0.207847
    outer loop
      vertex 70.8575 -35.285 31.8344
      vertex 70.6244 -35.3042 30.7402
      vertex 70.7759 -34.6392 31.3693
    endloop
  endfacet
  facet normal 0.977811 -0.0261886 -0.207846
    outer loop
      vertex 70.6244 -35.3042 30.7402
      vertex 70.8575 -35.285 31.8344
      vertex 70.6348 -36.0024 30.8771
    endloop
  endfacet
  facet normal 0.196738 0.455502 0.868223
    outer loop
      vertex 51.9676 -30.9342 33.8323
      vertex 52.2791 -34.7875 35.7833
      vertex 70.0753 -35.264 32.0007
    endloop
  endfacet
  facet normal 0.19674 0.455524 0.868211
    outer loop
      vertex 52.7709 -30.9557 33.6615
      vertex 70.0753 -35.264 32.0007
      vertex 69.7637 -31.4107 30.0496
    endloop
  endfacet
  facet normal 0.196694 0.455289 0.868345
    outer loop
      vertex 52.0147 -30.9355 33.8222
      vertex 70.0753 -35.264 32.0007
      vertex 52.7709 -30.9557 33.6615
    endloop
  endfacet
  facet normal 0.195935 0.451143 0.870678
    outer loop
      vertex 52.0029 -30.9352 33.8247
      vertex 70.0753 -35.264 32.0007
      vertex 52.0147 -30.9355 33.8222
    endloop
  endfacet
  facet normal 0.198763 0.466691 0.861796
    outer loop
      vertex 70.0753 -35.264 32.0007
      vertex 52.0029 -30.9352 33.8247
      vertex 51.9676 -30.9342 33.8323
    endloop
  endfacet
  facet normal 0.160756 0.729831 0.664457
    outer loop
      vertex 53.0614 -34.8085 35.6171
      vertex 52.2791 -34.7875 35.7833
      vertex 52.463 -34.7925 35.7443
    endloop
  endfacet
  facet normal -0.208463 -0.219579 -0.953063
    outer loop
      vertex 62.079 -35.0499 33.7003
      vertex 53.0614 -34.8085 35.6171
      vertex 53.0825 -34.809 35.6126
    endloop
  endfacet
  facet normal 0.13846 0.825308 0.547445
    outer loop
      vertex 62.079 -35.0499 33.7003
      vertex 52.2791 -34.7875 35.7833
      vertex 53.0614 -34.8085 35.6171
    endloop
  endfacet
  facet normal 0.0121747 -0.983379 0.181157
    outer loop
      vertex 52.2791 -34.7875 35.7833
      vertex 62.079 -35.0499 33.7003
      vertex 70.0753 -35.264 32.0007
    endloop
  endfacet
  facet normal -0.18304 -0.589255 -0.78694
    outer loop
      vertex 60.1969 -37.7938 30.2201
      vertex 68.945 -37.9917 28.3335
      vertex 68.9504 -38.0281 28.3595
    endloop
  endfacet
  facet normal -0.182984 -0.591255 -0.785452
    outer loop
      vertex 52.1231 -36.9611 31.4742
      vertex 60.1969 -37.7938 30.2201
      vertex 52.127 -36.9914 31.4961
    endloop
  endfacet
  facet normal -0.183006 -0.589512 -0.786756
    outer loop
      vertex 60.1969 -37.7938 30.2201
      vertex 52.1231 -36.9611 31.4742
      vertex 68.945 -37.9917 28.3335
    endloop
  endfacet
  facet normal 0.977779 -0.0262444 -0.207988
    outer loop
      vertex 70.5459 -31.4316 29.8833
      vertex 70.8575 -35.285 31.8344
      vertex 70.7759 -34.6392 31.3693
    endloop
  endfacet
  facet normal 0.977954 -0.0258718 -0.207211
    outer loop
      vertex 70.5781 -32.1919 30.1302
      vertex 70.5459 -31.4316 29.8833
      vertex 70.7759 -34.6392 31.3693
    endloop
  endfacet
  facet normal -0.205173 -0.314926 -0.926674
    outer loop
      vertex 51.8142 -33.1395 29.5395
      vertex 68.5576 -32.8618 25.738
      vertex 68.5579 -32.872 25.7414
    endloop
  endfacet
  facet normal -0.205602 -0.310085 -0.928211
    outer loop
      vertex 68.5576 -32.8618 25.738
      vertex 51.8142 -33.1395 29.5395
      vertex 51.7835 -32.4127 29.3035
    endloop
  endfacet
  facet normal -0.182993 -0.589683 -0.78663
    outer loop
      vertex 52.1231 -36.9611 31.4742
      vertex 68.8558 -37.382 27.8972
      vertex 68.945 -37.9917 28.3335
    endloop
  endfacet
  facet normal -0.182991 -0.589701 -0.786617
    outer loop
      vertex 68.8558 -37.382 27.8972
      vertex 52.1231 -36.9611 31.4742
      vertex 52.1197 -36.9339 31.4546
    endloop
  endfacet
  facet normal -0.205598 -0.310049 -0.928224
    outer loop
      vertex 51.8156 -33.173 29.5503
      vertex 68.5579 -32.872 25.7414
      vertex 68.5789 -33.6218 25.9872
    endloop
  endfacet
  facet normal -0.205777 -0.30805 -0.92885
    outer loop
      vertex 68.5579 -32.872 25.7414
      vertex 51.8156 -33.173 29.5503
      vertex 51.8142 -33.1395 29.5395
    endloop
  endfacet
  facet normal 0.196814 0.455513 0.868201
    outer loop
      vertex 70.5459 -31.4316 29.8833
      vertex 70.0753 -35.264 32.0007
      vertex 70.8575 -35.285 31.8344
    endloop
  endfacet
  facet normal 0.196814 0.455513 0.868201
    outer loop
      vertex 69.7991 -31.4116 30.0421
      vertex 70.0753 -35.264 32.0007
      vertex 70.5459 -31.4316 29.8833
    endloop
  endfacet
  facet normal 0.195577 0.455555 0.868458
    outer loop
      vertex 70.0753 -35.264 32.0007
      vertex 69.7991 -31.4116 30.0421
      vertex 69.7637 -31.4107 30.0496
    endloop
  endfacet
  facet normal 0.977819 -0.0261843 -0.207807
    outer loop
      vertex 70.6219 -35.1355 30.7072
      vertex 70.5781 -32.1919 30.1302
      vertex 70.7759 -34.6392 31.3693
    endloop
  endfacet
  facet normal 0.977817 -0.0261624 -0.207823
    outer loop
      vertex 70.6244 -35.3042 30.7402
      vertex 70.6219 -35.1355 30.7072
      vertex 70.7759 -34.6392 31.3693
    endloop
  endfacet
  facet normal -0.208453 -0.220004 -0.952967
    outer loop
      vertex 68.5576 -32.8618 25.738
      vertex 51.7835 -32.4127 29.3035
      vertex 51.8046 -32.4132 29.299
    endloop
  endfacet
  facet normal -0.196742 -0.455521 -0.868212
    outer loop
      vertex 52.1197 -36.9339 31.4546
      vertex 68.7434 -36.1203 27.2607
      vertex 68.8558 -37.382 27.8972
    endloop
  endfacet
  facet normal -0.196747 -0.455494 -0.868226
    outer loop
      vertex 52.1197 -36.9339 31.4546
      vertex 68.5789 -33.6218 25.9872
      vertex 68.7434 -36.1203 27.2607
    endloop
  endfacet
  facet normal -0.196738 -0.455521 -0.868214
    outer loop
      vertex 68.5789 -33.6218 25.9872
      vertex 52.1197 -36.9339 31.4546
      vertex 51.8156 -33.173 29.5503
    endloop
  endfacet
  facet normal 0.973992 0 -0.226583
    outer loop
      vertex 70.8575 -35.2851 31.8344
      vertex 70.6348 -36.0024 30.8771
      vertex 70.8575 -35.285 31.8344
    endloop
  endfacet
  facet normal 0.973992 0 -0.226583
    outer loop
      vertex 70.6348 -36.0024 30.8771
      vertex 70.8575 -35.2851 31.8344
      vertex 70.6348 -36.0026 30.8771
    endloop
  endfacet
  facet normal -0.0324287 0.636636 -0.770482
    outer loop
      vertex 106.332 30.712 34.4009
      vertex 105.791 31.4665 35.0471
      vertex 106.558 31.3083 34.8841
    endloop
  endfacet
  facet normal 0.207879 2.75861e-05 0.978154
    outer loop
      vertex 106.711 28.3163 38.5055
      vertex 104.81 28.477 38.9095
      vertex 105.577 28.3189 38.7465
    endloop
  endfacet
  facet normal 0.0325503 -0.636598 0.770509
    outer loop
      vertex 105.577 28.3189 38.7465
      vertex 99.8513 15.2759 28.2122
      vertex 100.585 15.1246 28.0562
    endloop
  endfacet
  facet normal -0.155387 0.656702 -0.737969
    outer loop
      vertex 100.799 18.2722 24.3569
      vertex 104.657 31.469 35.2881
      vertex 105.791 31.4665 35.0471
    endloop
  endfacet
  facet normal -0.155322 0.656697 -0.737986
    outer loop
      vertex 100.349 18.2732 24.4525
      vertex 104.657 31.469 35.2881
      vertex 100.799 18.2722 24.3569
    endloop
  endfacet
  facet normal -0.155259 0.656692 -0.738004
    outer loop
      vertex 100.349 18.2732 24.4525
      vertex 99.6651 18.2748 24.5978
      vertex 104.657 31.469 35.2881
    endloop
  endfacet
  facet normal -0.155275 0.656602 -0.738081
    outer loop
      vertex 99.6651 18.2748 24.5978
      vertex 100.349 18.2732 24.4525
      vertex 99.4395 17.6784 24.1147
    endloop
  endfacet
  facet normal 0.135253 0.766609 0.627708
    outer loop
      vertex 105.791 31.4665 35.0471
      vertex 104.714 30.3596 36.631
      vertex 104.81 28.477 38.9095
    endloop
  endfacet
  facet normal 0.135079 0.76669 0.627646
    outer loop
      vertex 104.714 30.3596 36.631
      vertex 105.791 31.4665 35.0471
      vertex 104.657 31.469 35.2881
    endloop
  endfacet
  facet normal 0.155313 -0.656803 0.737895
    outer loop
      vertex 106.711 28.3163 38.5055
      vertex 105.577 28.3189 38.7465
      vertex 106.485 27.72 38.0223
    endloop
  endfacet
  facet normal 0.155332 -0.656699 0.737983
    outer loop
      vertex 105.577 28.3189 38.7465
      vertex 100.585 15.1246 28.0562
      vertex 101.719 15.122 27.8152
    endloop
  endfacet
  facet normal 0.282011 0.745435 0.603984
    outer loop
      vertex 106.711 28.3163 38.5055
      vertex 105.791 31.4665 35.0471
      vertex 105.944 28.4744 38.6685
    endloop
  endfacet
  facet normal 0.2821 0.745426 0.603953
    outer loop
      vertex 106.558 31.3083 34.8841
      vertex 105.791 31.4665 35.0471
      vertex 106.711 28.3163 38.5055
    endloop
  endfacet
  facet normal -0.0325704 0.636599 -0.770507
    outer loop
      vertex 101.566 18.114 24.1938
      vertex 100.834 18.265 24.3495
      vertex 106.332 30.712 34.4009
    endloop
  endfacet
  facet normal 0.0300299 -0.635983 0.771118
    outer loop
      vertex 105.577 28.3189 38.7465
      vertex 99.8504 15.2761 28.2124
      vertex 99.8513 15.2759 28.2122
    endloop
  endfacet
  facet normal 0.135158 0.766631 0.627701
    outer loop
      vertex 105.791 31.4665 35.0471
      vertex 104.81 28.477 38.9095
      vertex 105.944 28.4744 38.6685
    endloop
  endfacet
  facet normal 0.207879 2.75861e-05 0.978154
    outer loop
      vertex 105.944 28.4744 38.6685
      vertex 104.81 28.477 38.9095
      vertex 106.711 28.3163 38.5055
    endloop
  endfacet
  facet normal 0.0375671 -0.637626 0.76943
    outer loop
      vertex 99.6651 18.2748 24.5978
      vertex 104.292 30.5024 34.5049
      vertex 104.657 31.469 35.2881
    endloop
  endfacet
  facet normal 0.155427 -0.656705 0.737957
    outer loop
      vertex 105.577 28.3189 38.7465
      vertex 101.719 15.122 27.8152
      vertex 106.485 27.72 38.0223
    endloop
  endfacet
  facet normal -0.131747 -0.59347 0.794
    outer loop
      vertex 106.485 27.72 38.0223
      vertex 101.719 15.122 27.8152
      vertex 106.711 28.3163 38.5055
    endloop
  endfacet
  facet normal -0.0320071 0.636461 -0.770644
    outer loop
      vertex 100.799 18.2722 24.3569
      vertex 106.332 30.712 34.4009
      vertex 100.834 18.265 24.3495
    endloop
  endfacet
  facet normal -0.0325318 0.63659 -0.770516
    outer loop
      vertex 106.332 30.712 34.4009
      vertex 100.799 18.2722 24.3569
      vertex 105.791 31.4665 35.0471
    endloop
  endfacet
  facet normal 0.0816182 -0.495651 0.864679
    outer loop
      vertex 99.8181 15.2827 28.2192
      vertex 83.1341 18.722 31.7655
      vertex 98.7561 11.9797 26.4261
    endloop
  endfacet
  facet normal 0.0816221 -0.495644 0.864682
    outer loop
      vertex 83.1341 18.722 31.7655
      vertex 99.3273 11.2123 25.9323
      vertex 98.7561 11.9797 26.4261
    endloop
  endfacet
  facet normal 0.081764 -0.495425 0.864794
    outer loop
      vertex 99.3273 11.2123 25.9323
      vertex 83.1341 18.722 31.7655
      vertex 82.367 18.8801 31.9286
    endloop
  endfacet
  facet normal 0.283818 0.687397 0.66853
    outer loop
      vertex 81.8762 14.8097 29.6417
      vertex 81.1091 14.9679 29.8047
      vertex 81.1423 14.961 29.7977
    endloop
  endfacet
  facet normal 0.211953 0.0210476 0.977053
    outer loop
      vertex 81.8969 14.8055 29.6373
      vertex 81.1091 14.9679 29.8047
      vertex 81.8762 14.8097 29.6417
    endloop
  endfacet
  facet normal 0.207952 0.977674 0.0301685
    outer loop
      vertex 81.1091 14.9679 29.8047
      vertex 81.8969 14.8055 29.6373
      vertex 98.5602 11.3705 26.0954
    endloop
  endfacet
  facet normal -0.128166 0.339188 -0.931947
    outer loop
      vertex 98.0644 13.3514 21.8414
      vertex 89.7794 15.0593 23.6024
      vertex 98.1606 13.7007 21.9553
    endloop
  endfacet
  facet normal -0.977737 0 0.209836
    outer loop
      vertex 81.8762 14.8097 29.6417
      vertex 82.367 18.8801 31.9286
      vertex 82.367 18.8802 31.9286
    endloop
  endfacet
  facet normal 0.0816217 -0.49565 0.864679
    outer loop
      vertex 82.367 18.8801 31.9286
      vertex 81.8762 14.8097 29.6417
      vertex 99.3273 11.2123 25.9323
    endloop
  endfacet
  facet normal -0.0325822 0.636513 -0.770577
    outer loop
      vertex 99.4395 17.6784 24.1147
      vertex 82.9811 21.714 28.1441
      vertex 99.6651 18.2748 24.5978
    endloop
  endfacet
  facet normal -0.0325563 0.636572 -0.77053
    outer loop
      vertex 82.7555 21.1177 27.661
      vertex 82.9811 21.714 28.1441
      vertex 99.4395 17.6784 24.1147
    endloop
  endfacet
  facet normal -0.128291 0.338827 -0.932061
    outer loop
      vertex 89.7794 15.0593 23.6024
      vertex 81.4685 17.1108 25.4921
      vertex 81.4766 17.14 25.5016
    endloop
  endfacet
  facet normal -0.128149 0.339266 -0.931921
    outer loop
      vertex 89.7794 15.0593 23.6024
      vertex 81.4766 17.14 25.5016
      vertex 98.1606 13.7007 21.9553
    endloop
  endfacet
  facet normal -0.281371 -0.565723 -0.775105
    outer loop
      vertex 81.1091 14.9679 29.8047
      vertex 98.5602 11.3705 26.0954
      vertex 81.8762 14.8097 29.6417
    endloop
  endfacet
  facet normal -0.0632768 0.55103 -0.832083
    outer loop
      vertex 99.3273 11.2123 25.9323
      vertex 81.8762 14.8097 29.6417
      vertex 98.5602 11.3705 26.0954
    endloop
  endfacet
  facet normal -0.0816171 0.495654 -0.864677
    outer loop
      vertex 98.1606 13.7007 21.9553
      vertex 82.7555 21.1177 27.661
      vertex 99.4395 17.6784 24.1147
    endloop
  endfacet
  facet normal -0.0816171 0.495654 -0.864677
    outer loop
      vertex 82.7555 21.1177 27.661
      vertex 98.1606 13.7007 21.9553
      vertex 81.4766 17.14 25.5016
    endloop
  endfacet
  facet normal 0.0819895 -0.495676 0.864629
    outer loop
      vertex 99.3273 11.2123 25.9323
      vertex 99.8513 15.2759 28.2122
      vertex 99.8504 15.2761 28.2124
    endloop
  endfacet
  facet normal 0.0807896 -0.495607 0.864781
    outer loop
      vertex 99.3273 11.2123 25.9323
      vertex 99.8504 15.2761 28.2124
      vertex 99.8181 15.2827 28.2192
    endloop
  endfacet
  facet normal 0.0816361 -0.495656 0.864674
    outer loop
      vertex 99.8513 15.2759 28.2122
      vertex 99.3273 11.2123 25.9323
      vertex 100.585 15.1246 28.0562
    endloop
  endfacet
  facet normal 0.0816131 -0.495649 0.86468
    outer loop
      vertex 99.8181 15.2827 28.2192
      vertex 98.7561 11.9797 26.4261
      vertex 99.3273 11.2123 25.9323
    endloop
  endfacet
  facet normal 0.17732 -0.512964 0.839896
    outer loop
      vertex 100.585 15.1246 28.0562
      vertex 99.3273 11.2123 25.9323
      vertex 101.719 15.122 27.8152
    endloop
  endfacet
  facet normal 0.177363 -0.512981 0.839877
    outer loop
      vertex 101.719 15.122 27.8152
      vertex 99.3273 11.2123 25.9323
      vertex 100.461 11.2097 25.6913
    endloop
  endfacet
  facet normal -0.15533 0.656653 -0.738024
    outer loop
      vertex 100.799 18.2722 24.3569
      vertex 99.4395 17.6784 24.1147
      vertex 100.349 18.2732 24.4525
    endloop
  endfacet
  facet normal -0.177364 0.512976 -0.839879
    outer loop
      vertex 99.2943 13.6981 21.7143
      vertex 98.1606 13.7007 21.9553
      vertex 99.4395 17.6784 24.1147
    endloop
  endfacet
  facet normal -0.177394 0.512974 -0.839874
    outer loop
      vertex 100.573 17.6758 23.8737
      vertex 99.2943 13.6981 21.7143
      vertex 99.4395 17.6784 24.1147
    endloop
  endfacet
  facet normal -0.155389 0.656748 -0.737927
    outer loop
      vertex 100.573 17.6758 23.8737
      vertex 99.4395 17.6784 24.1147
      vertex 100.799 18.2722 24.3569
    endloop
  endfacet
  facet normal -0.770357 0.00425389 0.637599
    outer loop
      vertex 98.1606 13.7007 21.9553
      vertex 93.6763 -2.57778 16.6459
      vertex 98.0644 13.3514 21.8414
    endloop
  endfacet
  facet normal 0.128176 -0.339268 0.931917
    outer loop
      vertex 98.5602 11.3705 26.0954
      vertex 95.0457 -4.33043 20.8628
      vertex 99.3273 11.2123 25.9323
    endloop
  endfacet
  facet normal 0.128785 -0.339364 0.931797
    outer loop
      vertex 95.011 -4.32328 20.8702
      vertex 95.0457 -4.33043 20.8628
      vertex 98.5602 11.3705 26.0954
    endloop
  endfacet
  facet normal 0.127732 -0.339195 0.932004
    outer loop
      vertex 98.3983 10.7828 25.9037
      vertex 95.011 -4.32328 20.8702
      vertex 98.5602 11.3705 26.0954
    endloop
  endfacet
  facet normal 0.145821 -0.34202 0.928309
    outer loop
      vertex 95.011 -4.32328 20.8702
      vertex 98.3983 10.7828 25.9037
      vertex 95.0097 -4.32302 20.8705
    endloop
  endfacet
  facet normal 0.19385 -0.352064 0.915682
    outer loop
      vertex 99.3273 11.2123 25.9323
      vertex 95.0457 -4.33043 20.8628
      vertex 96.1794 -4.33302 20.6218
    endloop
  endfacet
  facet normal 0.193847 -0.352064 0.915683
    outer loop
      vertex 99.3273 11.2123 25.9323
      vertex 96.1794 -4.33302 20.6218
      vertex 100.461 11.2097 25.6913
    endloop
  endfacet
  facet normal -0.193862 0.352063 -0.91568
    outer loop
      vertex 94.761 -2.58026 16.4153
      vertex 93.6763 -2.57778 16.6459
      vertex 98.1606 13.7007 21.9553
    endloop
  endfacet
  facet normal -0.193847 0.35206 -0.915684
    outer loop
      vertex 94.81 -2.58037 16.4049
      vertex 98.1606 13.7007 21.9553
      vertex 99.2943 13.6981 21.7143
    endloop
  endfacet
  facet normal -0.193574 0.352028 -0.915754
    outer loop
      vertex 98.1606 13.7007 21.9553
      vertex 94.81 -2.58037 16.4049
      vertex 94.761 -2.58026 16.4153
    endloop
  endfacet
  facet normal -0.128205 0.33927 -0.931912
    outer loop
      vertex 94.81 -2.58037 16.4049
      vertex 99.2943 13.6981 21.7143
      vertex 95.5771 -2.7385 16.2418
    endloop
  endfacet
  facet normal -0.128064 0.339248 -0.931939
    outer loop
      vertex 97.0975 2.78073 18.042
      vertex 95.5771 -2.7385 16.2418
      vertex 99.2943 13.6981 21.7143
    endloop
  endfacet
  facet normal 0.170676 -0.172324 0.970141
    outer loop
      vertex 95.0457 -4.33043 20.8628
      vertex 93.2768 -8.64619 20.4074
      vertex 93.9962 -8.79446 20.2545
    endloop
  endfacet
  facet normal 0.170342 -0.172196 0.970223
    outer loop
      vertex 95.0457 -4.33043 20.8628
      vertex 93.2292 -8.63637 20.4175
      vertex 93.2768 -8.64619 20.4074
    endloop
  endfacet
  facet normal 0.170689 -0.172334 0.970137
    outer loop
      vertex 93.2292 -8.63637 20.4175
      vertex 95.0457 -4.33043 20.8628
      vertex 76.5451 -5.19708 23.9639
    endloop
  endfacet
  facet normal -0.207668 0.00123768 -0.978199
    outer loop
      vertex 92.4066 -7.85214 15.7874
      vertex 75.7158 -4.44733 19.3351
      vertex 75.7226 -4.41286 19.3337
    endloop
  endfacet
  facet normal -0.207919 -4.69043e-05 -0.978146
    outer loop
      vertex 75.7158 -4.44733 19.3351
      vertex 92.4066 -7.85214 15.7874
      vertex 92.252 -8.63636 15.8203
    endloop
  endfacet
  facet normal 0.226635 0.96525 0.13011
    outer loop
      vertex 93.2292 -8.63637 20.4175
      vertex 76.5451 -5.19708 23.9639
      vertex 93.2291 -8.63636 20.4176
    endloop
  endfacet
  facet normal -0.240607 -0.946798 -0.213731
    outer loop
      vertex 82.0362 -6.32903 22.7967
      vertex 76.5451 -5.19708 23.9639
      vertex 76.5659 -5.20135 23.9594
    endloop
  endfacet
  facet normal -0.19185 -0.980246 0.0480842
    outer loop
      vertex 76.5451 -5.19708 23.9639
      vertex 82.0362 -6.32903 22.7967
      vertex 93.2291 -8.63636 20.4176
    endloop
  endfacet
  facet normal 0.170686 -0.172314 0.970141
    outer loop
      vertex 76.5451 -5.19708 23.9639
      vertex 95.0097 -4.32302 20.8705
      vertex 94.2579 -4.16803 21.0303
    endloop
  endfacet
  facet normal 0.207912 -0 0.978148
    outer loop
      vertex 77.5946 -0.73302 24.5722
      vertex 94.2579 -4.16803 21.0303
      vertex 77.5946 -0.733019 24.5722
    endloop
  endfacet
  facet normal 0.207912 -0 0.978148
    outer loop
      vertex 77.5946 -0.733023 24.5722
      vertex 94.2579 -4.16803 21.0303
      vertex 77.5946 -0.73302 24.5722
    endloop
  endfacet
  facet normal 0.170686 -0.172326 0.970139
    outer loop
      vertex 76.5451 -5.19708 23.9639
      vertex 94.2579 -4.16803 21.0303
      vertex 77.5946 -0.733023 24.5722
    endloop
  endfacet
  facet normal 0.170732 -0.174974 0.969657
    outer loop
      vertex 95.011 -4.32328 20.8702
      vertex 76.5451 -5.19708 23.9639
      vertex 95.0457 -4.33043 20.8628
    endloop
  endfacet
  facet normal 0.171459 -0.244038 0.954488
    outer loop
      vertex 95.0097 -4.32302 20.8705
      vertex 76.5451 -5.19708 23.9639
      vertex 95.011 -4.32328 20.8702
    endloop
  endfacet
  facet normal 0 0.717846 -0.696202
    outer loop
      vertex 75.5887 -5.20135 19.3621
      vertex 92.252 -8.63636 15.8203
      vertex 92.2519 -8.63636 15.8203
    endloop
  endfacet
  facet normal -0.194195 0.067049 -0.978669
    outer loop
      vertex 92.252 -8.63636 15.8203
      vertex 75.5887 -5.20135 19.3621
      vertex 75.568 -5.19708 19.3665
    endloop
  endfacet
  facet normal -0.128127 0.339347 -0.931894
    outer loop
      vertex 93.6763 -2.57778 16.6459
      vertex 76.7985 0.158092 19.9627
      vertex 76.9923 0.861504 20.1922
    endloop
  endfacet
  facet normal -0.0213513 -0.766024 0.642458
    outer loop
      vertex 76.9923 0.861504 20.1922
      vertex 93.6555 -2.57351 16.6503
      vertex 93.6763 -2.57778 16.6459
    endloop
  endfacet
  facet normal 0.207913 0 0.978147
    outer loop
      vertex 93.6555 -2.57351 16.6503
      vertex 76.9923 0.861504 20.1922
      vertex 76.9923 0.861503 20.1922
    endloop
  endfacet
  facet normal -0.207997 -4.26592e-06 -0.978129
    outer loop
      vertex 93.019 -8.79449 15.6572
      vertex 92.252 -8.63636 15.8203
      vertex 93.1737 -8.01027 15.6243
    endloop
  endfacet
  facet normal 0.144821 0.957948 -0.247716
    outer loop
      vertex 92.252 -8.63636 15.8203
      vertex 93.019 -8.79449 15.6572
      vertex 92.2851 -8.6432 15.8132
    endloop
  endfacet
  facet normal -0.207903 1.88429e-05 -0.97815
    outer loop
      vertex 92.252 -8.63636 15.8203
      vertex 75.568 -5.19708 19.3665
      vertex 75.7158 -4.44733 19.3351
    endloop
  endfacet
  facet normal -0.207977 -3.48897e-05 -0.978134
    outer loop
      vertex 93.1737 -8.01027 15.6243
      vertex 92.252 -8.63636 15.8203
      vertex 92.4066 -7.85214 15.7874
    endloop
  endfacet
  facet normal -0.170625 0.172584 -0.970104
    outer loop
      vertex 93.4287 -3.50463 16.3798
      vertex 76.7896 0.125751 19.9522
      vertex 93.4736 -3.31353 16.4059
    endloop
  endfacet
  facet normal -0.170686 0.172339 -0.970137
    outer loop
      vertex 76.7896 0.125751 19.9522
      vertex 93.4287 -3.50463 16.3798
      vertex 75.7676 -4.22176 19.3597
    endloop
  endfacet
  facet normal -0.12814 0.339291 -0.931913
    outer loop
      vertex 93.4736 -3.31353 16.4059
      vertex 76.7985 0.158092 19.9627
      vertex 93.6763 -2.57778 16.6459
    endloop
  endfacet
  facet normal -0.128484 0.338049 -0.932317
    outer loop
      vertex 76.7896 0.125751 19.9522
      vertex 76.7985 0.158092 19.9627
      vertex 93.4736 -3.31353 16.4059
    endloop
  endfacet
  facet normal 0.762835 0 -0.646593
    outer loop
      vertex 76.7896 0.125752 19.9522
      vertex 76.7985 0.158092 19.9627
      vertex 76.7896 0.125751 19.9522
    endloop
  endfacet
  facet normal -0.170686 0.172321 -0.97014
    outer loop
      vertex 92.4066 -7.85214 15.7874
      vertex 75.7676 -4.22176 19.3597
      vertex 93.4287 -3.50463 16.3798
    endloop
  endfacet
  facet normal -0.170717 0.172194 -0.970157
    outer loop
      vertex 75.7226 -4.41286 19.3337
      vertex 75.7676 -4.22176 19.3597
      vertex 92.4066 -7.85214 15.7874
    endloop
  endfacet
  facet normal 0.204177 -0.17914 0.962404
    outer loop
      vertex 95.0457 -4.33043 20.8628
      vertex 95.13 -8.79708 20.0135
      vertex 96.1794 -4.33302 20.6218
    endloop
  endfacet
  facet normal 0 -0.186796 0.982399
    outer loop
      vertex 95.13 -8.79708 20.0135
      vertex 95.0457 -4.33043 20.8628
      vertex 95.1299 -8.79708 20.0135
    endloop
  endfacet
  facet normal 0.0228352 -0.99274 0.118089
    outer loop
      vertex 94.761 -2.58026 16.4153
      vertex 94.81 -2.58037 16.4049
      vertex 93.6763 -2.57778 16.6459
    endloop
  endfacet
  facet normal -0.501501 0 0.865157
    outer loop
      vertex 96.1794 -4.33303 20.6218
      vertex 96.1794 -4.33302 20.6218
      vertex 95.13 -8.79708 20.0135
    endloop
  endfacet
  facet normal -0.193847 0.352095 -0.915671
    outer loop
      vertex 94.6073 -3.31612 16.1649
      vertex 93.6763 -2.57778 16.6459
      vertex 94.81 -2.58037 16.4049
    endloop
  endfacet
  facet normal -0.193847 0.352095 -0.915671
    outer loop
      vertex 94.6073 -3.31612 16.1649
      vertex 93.4736 -3.31353 16.4059
      vertex 93.6763 -2.57778 16.6459
    endloop
  endfacet
  facet normal 0.877711 -0.261101 0.401808
    outer loop
      vertex 93.4287 -3.50463 16.3798
      vertex 93.4736 -3.31353 16.4059
      vertex 92.4066 -7.85214 15.7874
    endloop
  endfacet
  facet normal -0.204176 0.179152 -0.962401
    outer loop
      vertex 94.6073 -3.31612 16.1649
      vertex 92.4066 -7.85214 15.7874
      vertex 93.4736 -3.31353 16.4059
    endloop
  endfacet
  facet normal -0.00629855 -0.999802 -0.0188957
    outer loop
      vertex 93.019 -8.79449 15.6572
      vertex 94.1274 -8.79702 15.4216
      vertex 94.1271 -8.79702 15.4217
    endloop
  endfacet
  facet normal 0.204235 -0.179141 0.962391
    outer loop
      vertex 95.0457 -4.33043 20.8628
      vertex 95.0951 -8.797 20.0209
      vertex 95.1299 -8.79708 20.0135
    endloop
  endfacet
  facet normal 0.204148 -0.179146 0.962409
    outer loop
      vertex 95.0457 -4.33043 20.8628
      vertex 94.332 -8.79523 20.1831
      vertex 95.0951 -8.797 20.0209
    endloop
  endfacet
  facet normal 0.204219 -0.179155 0.962392
    outer loop
      vertex 94.332 -8.79523 20.1831
      vertex 95.0457 -4.33043 20.8628
      vertex 93.9962 -8.79446 20.2545
    endloop
  endfacet
  facet normal -0.207914 0.000285112 -0.978147
    outer loop
      vertex 93.1737 -8.01027 15.6243
      vertex 92.4066 -7.85214 15.7874
      vertex 93.5404 -7.85473 15.5464
    endloop
  endfacet
  facet normal -0.207897 0.000243321 -0.978151
    outer loop
      vertex 94.2629 -8.01276 15.3928
      vertex 93.1737 -8.01027 15.6243
      vertex 93.5404 -7.85473 15.5464
    endloop
  endfacet
  facet normal -0.204159 0.179144 -0.962406
    outer loop
      vertex 93.5404 -7.85473 15.5464
      vertex 92.4066 -7.85214 15.7874
      vertex 94.6073 -3.31612 16.1649
    endloop
  endfacet
  facet normal -0.209071 -0.00148322 -0.977899
    outer loop
      vertex 94.1274 -8.79702 15.4216
      vertex 94.1105 -8.78835 15.4252
      vertex 94.1283 -8.79202 15.4214
    endloop
  endfacet
  facet normal -0.2223 -0.0286574 -0.974557
    outer loop
      vertex 94.1274 -8.79702 15.4216
      vertex 94.1087 -8.78799 15.4256
      vertex 94.1105 -8.78835 15.4252
    endloop
  endfacet
  facet normal -0.207892 -2.59104e-05 -0.978152
    outer loop
      vertex 94.1087 -8.78799 15.4256
      vertex 93.019 -8.79449 15.6572
      vertex 93.1737 -8.01027 15.6243
    endloop
  endfacet
  facet normal -0.207907 0.0027376 -0.978145
    outer loop
      vertex 93.019 -8.79449 15.6572
      vertex 94.1087 -8.78799 15.4256
      vertex 94.1274 -8.79702 15.4216
    endloop
  endfacet
  facet normal -0.207901 -0.00191302 -0.978148
    outer loop
      vertex 94.257 -8.03627 15.3941
      vertex 93.1737 -8.01027 15.6243
      vertex 94.2629 -8.01276 15.3928
    endloop
  endfacet
  facet normal -0.207857 1.7586e-05 -0.978159
    outer loop
      vertex 93.1737 -8.01027 15.6243
      vertex 94.257 -8.03627 15.3941
      vertex 94.1087 -8.78799 15.4256
    endloop
  endfacet
  facet normal 0.207977 -5.19134e-06 0.978134
    outer loop
      vertex 93.9962 -8.79446 20.2545
      vertex 91.0954 -25.2055 20.8712
      vertex 94.332 -8.79523 20.1831
    endloop
  endfacet
  facet normal 0.207896 9.72539e-06 0.978151
    outer loop
      vertex 93.2768 -8.64619 20.4074
      vertex 91.0954 -25.2055 20.8712
      vertex 93.9962 -8.79446 20.2545
    endloop
  endfacet
  facet normal 0.20762 4.77761e-05 0.97821
    outer loop
      vertex 91.0954 -25.2055 20.8712
      vertex 93.2768 -8.64619 20.4074
      vertex 91.0464 -25.2054 20.8816
    endloop
  endfacet
  facet normal -0.209641 0.000453012 -0.977778
    outer loop
      vertex 92.2851 -8.6432 15.8132
      vertex 92.111 -9.35125 15.8502
      vertex 92.252 -8.63636 15.8203
    endloop
  endfacet
  facet normal -0.207763 -2.97199e-05 -0.978179
    outer loop
      vertex 92.111 -9.35125 15.8502
      vertex 92.2851 -8.6432 15.8132
      vertex 89.5969 -26.1453 16.3847
    endloop
  endfacet
  facet normal -0.207911 0.00717485 -0.978121
    outer loop
      vertex 90.7306 -26.1479 16.1437
      vertex 89.5969 -26.1453 16.3847
      vertex 90.6937 -26.1402 16.1516
    endloop
  endfacet
  facet normal -0.207884 -0.000100704 -0.978154
    outer loop
      vertex 89.5969 -26.1453 16.3847
      vertex 90.8378 -25.4129 16.1209
      vertex 90.6937 -26.1402 16.1516
    endloop
  endfacet
  facet normal -0.207942 1.70631e-06 -0.978141
    outer loop
      vertex 90.8378 -25.4129 16.1209
      vertex 89.5969 -26.1453 16.3847
      vertex 94.062 -9.14291 15.4355
    endloop
  endfacet
  facet normal 0.226759 0.965204 0.130238
    outer loop
      vertex 93.2291 -8.63636 20.4176
      vertex 93.2768 -8.64619 20.4074
      vertex 93.2292 -8.63637 20.4175
    endloop
  endfacet
  facet normal 0.209078 -0.00015749 0.977899
    outer loop
      vertex 93.2291 -8.63636 20.4176
      vertex 91.0464 -25.2054 20.8816
      vertex 93.2768 -8.64619 20.4074
    endloop
  endfacet
  facet normal 0.20786 1.02534e-05 0.978159
    outer loop
      vertex 91.0464 -25.2054 20.8816
      vertex 93.2291 -8.63636 20.4176
      vertex 89.9617 -25.2029 21.1121
    endloop
  endfacet
  facet normal 0.207909 6.2137e-06 0.978148
    outer loop
      vertex 94.332 -8.79523 20.1831
      vertex 91.1286 -25.2124 20.8641
      vertex 95.0951 -8.797 20.0209
    endloop
  endfacet
  facet normal 0.209081 -0.000232666 0.977898
    outer loop
      vertex 91.1286 -25.2124 20.8641
      vertex 94.332 -8.79523 20.1831
      vertex 91.0954 -25.2055 20.8712
    endloop
  endfacet
  facet normal -0.207883 0.000100176 -0.978154
    outer loop
      vertex 94.062 -9.14291 15.4355
      vertex 93.019 -8.79449 15.6572
      vertex 94.1271 -8.79702 15.4217
    endloop
  endfacet
  facet normal -0.207917 -5.21953e-06 -0.978147
    outer loop
      vertex 93.019 -8.79449 15.6572
      vertex 94.062 -9.14291 15.4355
      vertex 89.5969 -26.1453 16.3847
    endloop
  endfacet
  facet normal -0.207919 -4.77208e-06 -0.978146
    outer loop
      vertex 93.019 -8.79449 15.6572
      vertex 89.5969 -26.1453 16.3847
      vertex 92.2851 -8.6432 15.8132
    endloop
  endfacet
  facet normal 0.207993 3.86307e-05 0.97813
    outer loop
      vertex 95.0951 -8.797 20.0209
      vertex 94.9119 -9.90251 20.0599
      vertex 95.1299 -8.79708 20.0135
    endloop
  endfacet
  facet normal 0.207317 0.000155691 0.978274
    outer loop
      vertex 91.1286 -25.2124 20.8641
      vertex 94.9119 -9.90251 20.0599
      vertex 95.0951 -8.797 20.0209
    endloop
  endfacet
  facet normal 0.206094 0.000471683 0.978532
    outer loop
      vertex 94.9119 -9.90251 20.0599
      vertex 91.1286 -25.2124 20.8641
      vertex 91.1324 -25.2131 20.8633
    endloop
  endfacet
  facet normal 0.238913 0.172251 0.955641
    outer loop
      vertex 89.2296 -29.6627 22.099
      vertex 89.2503 -29.667 22.0946
      vertex 89.9304 -25.3991 21.1553
    endloop
  endfacet
  facet normal 0.238659 0.172304 0.955695
    outer loop
      vertex 89.9304 -25.3991 21.1553
      vertex 78.9552 -27.5447 24.2829
      vertex 89.2296 -29.6627 22.099
    endloop
  endfacet
  facet normal 0.238658 0.172309 0.955694
    outer loop
      vertex 78.9552 -27.5447 24.2829
      vertex 89.9304 -25.3991 21.1553
      vertex 72.5663 -26.2277 25.6409
    endloop
  endfacet
  facet normal -0.238658 -0.172315 -0.955694
    outer loop
      vertex 89.5969 -26.1453 16.3847
      vertex 71.6548 -25.6293 20.7722
      vertex 72.1458 -22.5479 20.094
    endloop
  endfacet
  facet normal -0.238658 -0.172272 -0.955701
    outer loop
      vertex 71.6548 -25.6293 20.7722
      vertex 89.5969 -26.1453 16.3847
      vertex 70.6555 -26.9283 21.2559
    endloop
  endfacet
  facet normal -0.168711 -0.974041 0.150933
    outer loop
      vertex 73.2777 -21.7636 24.6584
      vertex 89.9617 -25.2029 21.1121
      vertex 89.9409 -25.1986 21.1166
    endloop
  endfacet
  facet normal -0.207927 -7.75703e-05 -0.978144
    outer loop
      vertex 89.5969 -26.1453 16.3847
      vertex 72.3005 -21.7636 20.0611
      vertex 86.755 -24.7433 16.9887
    endloop
  endfacet
  facet normal -0.261973 -0.339228 -0.90349
    outer loop
      vertex 88.019 -31.2615 17.8482
      vertex 70.6555 -26.9283 21.2559
      vertex 88.1065 -30.5258 17.5466
    endloop
  endfacet
  facet normal -0.207913 -2.14591e-05 -0.978147
    outer loop
      vertex 72.1458 -22.5479 20.094
      vertex 72.3005 -21.7636 20.0611
      vertex 89.5969 -26.1453 16.3847
    endloop
  endfacet
  facet normal -0.208018 0 -0.978125
    outer loop
      vertex 72.3005 -21.7636 20.0611
      vertex 72.1458 -22.5479 20.094
      vertex 72.1458 -22.5478 20.094
    endloop
  endfacet
  facet normal 0.283885 0.678015 0.678015
    outer loop
      vertex 73.2777 -21.7636 24.6584
      vertex 89.9617 -25.203 21.1122
      vertex 89.9617 -25.2029 21.1121
    endloop
  endfacet
  facet normal 0.238603 0.17198 0.955767
    outer loop
      vertex 73.2777 -21.7636 24.6584
      vertex 89.9304 -25.3991 21.1553
      vertex 89.9617 -25.203 21.1122
    endloop
  endfacet
  facet normal 0.238659 0.172305 0.955695
    outer loop
      vertex 72.5663 -26.2277 25.6409
      vertex 89.9304 -25.3991 21.1553
      vertex 73.2777 -21.7636 24.6584
    endloop
  endfacet
  facet normal 0.196746 -0.055227 0.978898
    outer loop
      vertex 71.3557 -27.8265 21.3901
      vertex 70.9771 -27.7484 21.4706
      vertex 70.5679 -27.6641 21.5576
    endloop
  endfacet
  facet normal 0.195003 0.980239 -0.0332372
    outer loop
      vertex 71.3557 -27.8265 21.3901
      vertex 70.5679 -27.6641 21.5576
      vertex 88.019 -31.2615 17.8482
    endloop
  endfacet
  facet normal -0.261979 -0.339262 -0.903476
    outer loop
      vertex 88.019 -31.2615 17.8482
      vertex 70.5679 -27.6641 21.5576
      vertex 70.6555 -26.9283 21.2559
    endloop
  endfacet
  facet normal -0.238658 -0.172277 -0.9557
    outer loop
      vertex 88.3083 -29.2597 17.2679
      vertex 70.6555 -26.9283 21.2559
      vertex 89.5969 -26.1453 16.3847
    endloop
  endfacet
  facet normal -0.238663 -0.172331 -0.955689
    outer loop
      vertex 70.6555 -26.9283 21.2559
      vertex 88.3083 -29.2597 17.2679
      vertex 88.1065 -30.5258 17.5466
    endloop
  endfacet
  facet normal -0.17978 0.137286 -0.97408
    outer loop
      vertex 91.0954 -25.2055 20.8712
      vertex 91.1324 -25.2131 20.8633
      vertex 91.1286 -25.2124 20.8641
    endloop
  endfacet
  facet normal 0.23867 0.172289 0.955695
    outer loop
      vertex 91.1324 -25.2131 20.8633
      vertex 90.384 -29.6696 21.8536
      vertex 91.8625 -25.3636 20.7081
    endloop
  endfacet
  facet normal 0.23938 0.172136 0.955545
    outer loop
      vertex 90.384 -29.6696 21.8536
      vertex 91.1324 -25.2131 20.8633
      vertex 91.0954 -25.2055 20.8712
    endloop
  endfacet
  facet normal -0.204953 -0.179371 -0.962195
    outer loop
      vertex 90.7002 -26.339 16.1858
      vertex 89.5969 -26.1453 16.3847
      vertex 90.7306 -26.1479 16.1437
    endloop
  endfacet
  facet normal -0.204916 -0.179097 -0.962255
    outer loop
      vertex 89.5969 -26.1453 16.3847
      vertex 90.7002 -26.339 16.1858
      vertex 90.0074 -30.6865 17.1425
    endloop
  endfacet
  facet normal 0.203738 0.179029 0.962517
    outer loop
      vertex 89.9304 -25.3991 21.1553
      vertex 90.384 -29.6696 21.8536
      vertex 89.9617 -25.203 21.1122
    endloop
  endfacet
  facet normal 0.205191 0.179129 0.96219
    outer loop
      vertex 90.384 -29.6696 21.8536
      vertex 89.9304 -25.3991 21.1553
      vertex 90.3328 -29.6695 21.8645
    endloop
  endfacet
  facet normal 0.204952 0.179116 0.962243
    outer loop
      vertex 90.3328 -29.6695 21.8645
      vertex 89.9304 -25.3991 21.1553
      vertex 89.2503 -29.667 22.0946
    endloop
  endfacet
  facet normal 0.20461 0.179165 0.962307
    outer loop
      vertex 91.0464 -25.2054 20.8816
      vertex 90.384 -29.6696 21.8536
      vertex 91.0954 -25.2055 20.8712
    endloop
  endfacet
  facet normal 0.150168 0.699089 0.699089
    outer loop
      vertex 89.9617 -25.203 21.1122
      vertex 91.0464 -25.2054 20.8816
      vertex 89.9617 -25.2029 21.1121
    endloop
  endfacet
  facet normal 0.204963 0.179099 0.962244
    outer loop
      vertex 91.0464 -25.2054 20.8816
      vertex 89.9617 -25.203 21.1122
      vertex 90.384 -29.6696 21.8536
    endloop
  endfacet
  facet normal -0.19543 -0.352045 -0.915353
    outer loop
      vertex 89.5853 -31.4215 17.5153
      vertex 88.7861 -31.4196 17.6852
      vertex 90.0074 -30.6865 17.1425
    endloop
  endfacet
  facet normal -0.204946 -0.179098 -0.962248
    outer loop
      vertex 90.0074 -30.6865 17.1425
      vertex 88.8736 -30.6839 17.3835
      vertex 89.5969 -26.1453 16.3847
    endloop
  endfacet
  facet normal -0.238704 -0.172275 -0.955689
    outer loop
      vertex 88.8736 -30.6839 17.3835
      vertex 88.1065 -30.5258 17.5466
      vertex 89.5969 -26.1453 16.3847
    endloop
  endfacet
  facet normal -0.261915 -0.339251 -0.903498
    outer loop
      vertex 88.2976 -31.3189 17.789
      vertex 88.1065 -30.5258 17.5466
      vertex 88.7861 -31.4196 17.6852
    endloop
  endfacet
  facet normal -0.238442 -0.172377 -0.955736
    outer loop
      vertex 89.5969 -26.1453 16.3847
      vertex 88.1065 -30.5258 17.5466
      vertex 88.3083 -29.2597 17.2679
    endloop
  endfacet
  facet normal -0.19537 -0.352129 -0.915334
    outer loop
      vertex 90.0074 -30.6865 17.1425
      vertex 88.7861 -31.4196 17.6852
      vertex 88.8736 -30.6839 17.3835
    endloop
  endfacet
  facet normal -0.262023 -0.339324 -0.90344
    outer loop
      vertex 88.7861 -31.4196 17.6852
      vertex 88.1065 -30.5258 17.5466
      vertex 88.8736 -30.6839 17.3835
    endloop
  endfacet
  facet normal -0.109369 -0.91971 0.377056
    outer loop
      vertex 86.7778 -46.639 26.9222
      vertex 86.0821 -47.54 24.5227
      vertex 88.0805 -46.1036 28.606
    endloop
  endfacet
  facet normal 0.207933 0.000430454 0.978143
    outer loop
      vertex 88.4471 -45.9481 28.5281
      vertex 87.3134 -45.9455 28.7691
      vertex 89.2142 -46.1062 28.3651
    endloop
  endfacet
  facet normal 0.0686439 -0.940356 0.333194
    outer loop
      vertex 89.2142 -46.1062 28.3651
      vertex 88.0805 -46.1036 28.606
      vertex 87.9829 -47.7007 24.1187
    endloop
  endfacet
  facet normal -0.195353 -0.352091 -0.915352
    outer loop
      vertex 86.8492 -47.6981 24.3597
      vertex 88.2607 -45.3657 23.1613
      vertex 88.0681 -46.9843 23.825
    endloop
  endfacet
  facet normal -0.195398 -0.352064 -0.915353
    outer loop
      vertex 88.2607 -45.3657 23.1613
      vertex 86.8492 -47.6981 24.3597
      vertex 90.0074 -30.6865 17.1425
    endloop
  endfacet
  facet normal -0.195394 -0.352032 -0.915366
    outer loop
      vertex 86.8492 -47.6981 24.3597
      vertex 88.0681 -46.9843 23.825
      vertex 87.9829 -47.7007 24.1187
    endloop
  endfacet
  facet normal 0.268971 0.338233 0.901805
    outer loop
      vertex 90.4187 -29.6767 21.8463
      vertex 89.7811 -41.3415 26.4115
      vertex 90.4301 -29.6791 21.8438
    endloop
  endfacet
  facet normal 0.261865 0.339285 0.9035
    outer loop
      vertex 89.7811 -41.3415 26.4115
      vertex 90.4187 -29.6767 21.8463
      vertex 89.3018 -45.3705 28.0634
    endloop
  endfacet
  facet normal 0.068673 -0.940354 0.333193
    outer loop
      vertex 86.8492 -47.6981 24.3597
      vertex 87.9829 -47.7007 24.1187
      vertex 88.0805 -46.1036 28.606
    endloop
  endfacet
  facet normal -0.109425 -0.919695 0.377078
    outer loop
      vertex 88.0805 -46.1036 28.606
      vertex 86.0821 -47.54 24.5227
      vertex 86.8492 -47.6981 24.3597
    endloop
  endfacet
  facet normal 0.793238 0.147813 0.590698
    outer loop
      vertex 88.1065 -30.5258 17.5466
      vertex 87.3269 -37.078 20.2331
      vertex 88.019 -31.2615 17.8482
    endloop
  endfacet
  facet normal 0.207848 -0.00061854 0.978161
    outer loop
      vertex 89.2142 -46.1062 28.3651
      vertex 87.3134 -45.9455 28.7691
      vertex 88.0805 -46.1036 28.606
    endloop
  endfacet
  facet normal 0.195364 0.352328 0.915258
    outer loop
      vertex 89.2503 -29.667 22.0946
      vertex 89.2275 -29.8588 22.1733
      vertex 90.3328 -29.6695 21.8645
    endloop
  endfacet
  facet normal 0.195437 0.352052 0.915349
    outer loop
      vertex 90.3328 -29.6695 21.8645
      vertex 89.2275 -29.8588 22.1733
      vertex 87.4009 -45.2097 28.4674
    endloop
  endfacet
  facet normal -0.195429 -0.352058 -0.915349
    outer loop
      vertex 89.5853 -31.4215 17.5153
      vertex 86.8492 -47.6981 24.3597
      vertex 88.7861 -31.4196 17.6852
    endloop
  endfacet
  facet normal -0.195394 -0.352065 -0.915353
    outer loop
      vertex 86.8492 -47.6981 24.3597
      vertex 89.5853 -31.4215 17.5153
      vertex 90.0074 -30.6865 17.1425
    endloop
  endfacet
  facet normal -0.261882 -0.339287 -0.903494
    outer loop
      vertex 88.1065 -30.5258 17.5466
      vertex 86.8492 -47.6981 24.3597
      vertex 87.3269 -37.078 20.2331
    endloop
  endfacet
  facet normal 0.19539 0.352084 0.915347
    outer loop
      vertex 87.4009 -45.2097 28.4674
      vertex 87.3134 -45.9455 28.7691
      vertex 88.4471 -45.9481 28.5281
    endloop
  endfacet
  facet normal 0.259672 0.339639 0.904
    outer loop
      vertex 90.384 -29.6696 21.8536
      vertex 89.3018 -45.3705 28.0634
      vertex 90.4187 -29.6767 21.8463
    endloop
  endfacet
  facet normal 0.261941 0.339278 0.903481
    outer loop
      vertex 89.3018 -45.3705 28.0634
      vertex 90.384 -29.6696 21.8536
      vertex 88.4471 -45.9481 28.5281
    endloop
  endfacet
  facet normal -0.262016 -0.339265 -0.903464
    outer loop
      vertex 88.2976 -31.3189 17.789
      vertex 86.8492 -47.6981 24.3597
      vertex 88.1065 -30.5258 17.5466
    endloop
  endfacet
  facet normal -0.261919 -0.339282 -0.903486
    outer loop
      vertex 86.8492 -47.6981 24.3597
      vertex 88.2976 -31.3189 17.789
      vertex 88.7861 -31.4196 17.6852
    endloop
  endfacet
  facet normal 0.195554 0.352024 0.915335
    outer loop
      vertex 87.4009 -45.2097 28.4674
      vertex 90.384 -29.6696 21.8536
      vertex 90.3328 -29.6695 21.8645
    endloop
  endfacet
  facet normal 0.195377 0.352067 0.915356
    outer loop
      vertex 90.384 -29.6696 21.8536
      vertex 87.4009 -45.2097 28.4674
      vertex 88.4471 -45.9481 28.5281
    endloop
  endfacet
  facet normal 0.261911 0.339316 0.903475
    outer loop
      vertex 89.3018 -45.3705 28.0634
      vertex 88.4471 -45.9481 28.5281
      vertex 89.2142 -46.1062 28.3651
    endloop
  endfacet
  facet normal 0.158731 -0.390668 -0.906743
    outer loop
      vertex 88.838 -33.1317 23.5152
      vertex 87.3134 -45.9455 28.7691
      vertex 87.4009 -45.2097 28.4674
    endloop
  endfacet
  facet normal -0.507311 0.377913 0.774479
    outer loop
      vertex 88.838 -33.1317 23.5152
      vertex 87.4009 -45.2097 28.4674
      vertex 89.2275 -29.8588 22.1733
    endloop
  endfacet
  facet normal 0.672468 -0.34787 -0.653279
    outer loop
      vertex 88.622 -42.3297 21.9165
      vertex 88.28 -45.2036 23.0948
      vertex 89.9198 -31.4222 17.4442
    endloop
  endfacet
  facet normal -0.947094 -0.0186832 -0.320413
    outer loop
      vertex 89.9198 -31.4222 17.4442
      vertex 88.28 -45.2036 23.0948
      vertex 88.2607 -45.3657 23.1613
    endloop
  endfacet
  facet normal 0.608304 0.238069 0.757159
    outer loop
      vertex 89.9198 -31.4222 17.4442
      vertex 88.2607 -45.3657 23.1613
      vertex 90.0074 -30.6865 17.1425
    endloop
  endfacet
  facet normal 0.958836 -0.197701 -0.203834
    outer loop
      vertex 119.138 11.4943 23.9857
      vertex 117.512 9.9426 17.842
      vertex 118.988 14.4289 20.4338
    endloop
  endfacet
  facet normal 0.958722 -0.19692 -0.205121
    outer loop
      vertex 118.988 14.4289 20.4338
      vertex 117.512 9.9426 17.842
      vertex 118.791 13.9203 20.0013
    endloop
  endfacet
  facet normal 0.0816152 -0.495656 0.864676
    outer loop
      vertex 119.17 11.5246 24.1059
      vertex 101.719 15.122 27.8152
      vertex 100.461 11.2097 25.6913
    endloop
  endfacet
  facet normal 0.958868 -0.197477 -0.203899
    outer loop
      vertex 119.138 11.4943 23.9857
      vertex 118.115 8.34808 22.222
      vertex 117.512 9.9426 17.842
    endloop
  endfacet
  facet normal 0.960236 -0.209411 -0.184643
    outer loop
      vertex 118.115 8.34808 22.222
      vertex 119.134 11.4283 24.0279
      vertex 119.17 11.5246 24.1059
    endloop
  endfacet
  facet normal 0.958164 -0.193134 -0.211237
    outer loop
      vertex 118.115 8.34808 22.222
      vertex 119.138 11.4943 23.9857
      vertex 119.134 11.4283 24.0279
    endloop
  endfacet
  facet normal -0.231604 -0.95976 -0.158811
    outer loop
      vertex 118.791 13.9203 20.0013
      vertex 100.573 17.6758 23.8737
      vertex 101.34 17.5177 23.7106
    endloop
  endfacet
  facet normal -0.128124 0.339242 -0.931933
    outer loop
      vertex 117.175 9.42029 17.6982
      vertex 116.745 10.1007 18.005
      vertex 117.512 9.9426 17.842
    endloop
  endfacet
  facet normal -0.128161 0.339237 -0.93193
    outer loop
      vertex 116.562 9.43571 17.7881
      vertex 103.307 12.2791 20.646
      vertex 116.745 10.1007 18.005
    endloop
  endfacet
  facet normal 0.101123 0.908439 -0.405603
    outer loop
      vertex 101.566 18.114 24.1938
      vertex 100.799 18.2722 24.3569
      vertex 100.834 18.265 24.3495
    endloop
  endfacet
  facet normal 0.0473437 -0.596498 0.801217
    outer loop
      vertex 101.566 18.114 24.1938
      vertex 118.25 14.6748 20.6475
      vertex 100.799 18.2722 24.3569
    endloop
  endfacet
  facet normal -0.0325502 0.636597 -0.770509
    outer loop
      vertex 118.25 14.6748 20.6475
      vertex 100.573 17.6758 23.8737
      vertex 100.799 18.2722 24.3569
    endloop
  endfacet
  facet normal 0.0816444 -0.495665 0.864668
    outer loop
      vertex 119.17 11.5246 24.1059
      vertex 117.124 7.77473 22.1495
      vertex 117.912 7.61233 21.982
    endloop
  endfacet
  facet normal 0.0816218 -0.495657 0.864675
    outer loop
      vertex 119.17 11.5246 24.1059
      vertex 114.406 8.33512 22.7273
      vertex 117.124 7.77473 22.1495
    endloop
  endfacet
  facet normal 0.0816154 -0.495649 0.86468
    outer loop
      vertex 114.406 8.33512 22.7273
      vertex 119.17 11.5246 24.1059
      vertex 100.461 11.2097 25.6913
    endloop
  endfacet
  facet normal -0.12814 0.339232 -0.931934
    outer loop
      vertex 117.175 9.42029 17.6982
      vertex 116.562 9.43571 17.7881
      vertex 116.745 10.1007 18.005
    endloop
  endfacet
  facet normal 0.0175277 -0.67527 0.737362
    outer loop
      vertex 114.406 8.33512 22.7273
      vertex 100.461 11.2097 25.6913
      vertex 111.774 8.87764 23.2867
    endloop
  endfacet
  facet normal -0.12818 0.339156 -0.931957
    outer loop
      vertex 103.307 12.2791 20.646
      vertex 99.2943 13.6981 21.7143
      vertex 116.745 10.1007 18.005
    endloop
  endfacet
  facet normal -0.0816183 0.495651 -0.864678
    outer loop
      vertex 116.745 10.1007 18.005
      vertex 99.2943 13.6981 21.7143
      vertex 100.573 17.6758 23.8737
    endloop
  endfacet
  facet normal -0.0322133 0.636731 -0.770413
    outer loop
      vertex 118.791 13.9203 20.0013
      vertex 118.25 14.6748 20.6475
      vertex 118.519 14.6192 20.5903
    endloop
  endfacet
  facet normal -0.0815966 0.495635 -0.86469
    outer loop
      vertex 117.512 9.9426 17.842
      vertex 116.745 10.1007 18.005
      vertex 118.791 13.9203 20.0013
    endloop
  endfacet
  facet normal -0.0816226 0.495644 -0.864682
    outer loop
      vertex 116.745 10.1007 18.005
      vertex 100.573 17.6758 23.8737
      vertex 118.791 13.9203 20.0013
    endloop
  endfacet
  facet normal 0.958587 -0.198422 -0.204302
    outer loop
      vertex 117.776 7.97166 20.9949
      vertex 117.512 9.9426 17.842
      vertex 117.912 7.61233 21.982
    endloop
  endfacet
  facet normal -0.0325516 0.636582 -0.770522
    outer loop
      vertex 118.791 13.9203 20.0013
      vertex 101.34 17.5177 23.7106
      vertex 118.25 14.6748 20.6475
    endloop
  endfacet
  facet normal -0.0321542 0.637841 -0.769497
    outer loop
      vertex 101.34 17.5177 23.7106
      vertex 100.573 17.6758 23.8737
      vertex 118.25 14.6748 20.6475
    endloop
  endfacet
  facet normal 0.959014 -0.198705 -0.202012
    outer loop
      vertex 119.17 11.5246 24.1059
      vertex 117.912 7.61233 21.982
      vertex 118.115 8.34808 22.222
    endloop
  endfacet
  facet normal 0.958735 -0.197961 -0.204057
    outer loop
      vertex 117.912 7.61233 21.982
      vertex 117.512 9.9426 17.842
      vertex 118.115 8.34808 22.222
    endloop
  endfacet
  facet normal 0.959367 -0.198054 -0.20097
    outer loop
      vertex 113.63 -7.93043 16.9125
      vertex 112.581 -12.3945 16.3042
      vertex 112.736 -11.6103 16.2713
    endloop
  endfacet
  facet normal 0.958882 -0.197535 -0.203778
    outer loop
      vertex 112.736 -11.6103 16.2713
      vertex 111.759 -11.6103 11.674
      vertex 113.028 -6.33591 12.5325
    endloop
  endfacet
  facet normal 0.170591 -0.172287 0.970163
    outer loop
      vertex 113.63 -7.93043 16.9125
      vertex 111.793 -12.2321 16.4716
      vertex 112.581 -12.3945 16.3042
    endloop
  endfacet
  facet normal 0.170689 -0.172326 0.970139
    outer loop
      vertex 111.793 -12.2321 16.4716
      vertex 113.63 -7.93043 16.9125
      vertex 95.13 -8.79708 20.0135
    endloop
  endfacet
  facet normal 0.272617 0.841481 0.466465
    outer loop
      vertex 112.261 -6.17778 12.6955
      vertex 95.5771 -2.7385 16.2418
      vertex 113.028 -6.33591 12.5325
    endloop
  endfacet
  facet normal -0.207865 4.79714e-05 -0.978158
    outer loop
      vertex 111.604 -12.3945 11.7069
      vertex 110.837 -12.2364 11.8699
      vertex 111.759 -11.6103 11.674
    endloop
  endfacet
  facet normal 0 -1 0
    outer loop
      vertex 112.581 -12.3945 16.3042
      vertex 111.646 -12.3945 11.9057
      vertex 111.604 -12.3945 11.7069
    endloop
  endfacet
  facet normal 0.194166 0.980263 -0.0372127
    outer loop
      vertex 94.1105 -8.78835 15.4252
      vertex 110.816 -12.2321 11.8743
      vertex 94.1283 -8.79202 15.4214
    endloop
  endfacet
  facet normal 0.103384 0.911647 -0.397758
    outer loop
      vertex 110.816 -12.2321 11.8743
      vertex 94.1105 -8.78835 15.4252
      vertex 111.604 -12.3945 11.7069
    endloop
  endfacet
  facet normal 0.782645 -0.286435 0.55265
    outer loop
      vertex 113.63 -7.93043 16.9125
      vertex 112.736 -11.6103 16.2713
      vertex 113.629 -7.9376 16.9102
    endloop
  endfacet
  facet normal 0.958859 -0.197639 -0.203785
    outer loop
      vertex 112.736 -11.6103 16.2713
      vertex 113.469 -7.50215 15.736
      vertex 113.603 -7.86932 16.7226
    endloop
  endfacet
  facet normal 0.958821 -0.197653 -0.203949
    outer loop
      vertex 113.469 -7.50215 15.736
      vertex 112.736 -11.6103 16.2713
      vertex 113.028 -6.33591 12.5325
    endloop
  endfacet
  facet normal 0.958687 -0.197483 -0.204744
    outer loop
      vertex 112.736 -11.6103 16.2713
      vertex 113.603 -7.86932 16.7226
      vertex 113.629 -7.9376 16.9102
    endloop
  endfacet
  facet normal 0.170691 -0.172323 0.970139
    outer loop
      vertex 95.13 -8.79708 20.0135
      vertex 105.507 -6.2559 18.6391
      vertex 96.2001 -4.33729 20.6174
    endloop
  endfacet
  facet normal 0.207915 -0 0.978147
    outer loop
      vertex 96.1794 -4.33303 20.6218
      vertex 96.2001 -4.33729 20.6174
      vertex 96.1794 -4.33302 20.6218
    endloop
  endfacet
  facet normal 0.170745 -0.172334 0.970127
    outer loop
      vertex 95.13 -8.79708 20.0135
      vertex 96.2001 -4.33729 20.6174
      vertex 96.1794 -4.33303 20.6218
    endloop
  endfacet
  facet normal 0.170689 -0.172312 0.970141
    outer loop
      vertex 105.507 -6.2559 18.6391
      vertex 95.13 -8.79708 20.0135
      vertex 113.63 -7.93043 16.9125
    endloop
  endfacet
  facet normal -0.170689 0.17233 -0.970138
    outer loop
      vertex 112.825 -7.07166 12.2925
      vertex 93.5404 -7.85473 15.5464
      vertex 94.6073 -3.31612 16.1649
    endloop
  endfacet
  facet normal 0.958316 -0.196864 -0.207064
    outer loop
      vertex 113.028 -6.33591 12.5325
      vertex 111.759 -11.6103 11.674
      vertex 112.825 -7.07166 12.2925
    endloop
  endfacet
  facet normal -0.170689 0.172296 -0.970144
    outer loop
      vertex 111.759 -11.6103 11.674
      vertex 93.5404 -7.85473 15.5464
      vertex 112.825 -7.07166 12.2925
    endloop
  endfacet
  facet normal 0.0437827 -0.606319 0.794015
    outer loop
      vertex 113.399 -7.88268 16.9617
      vertex 105.507 -6.2559 18.6391
      vertex 113.63 -7.93043 16.9125
    endloop
  endfacet
  facet normal -0.128145 0.339292 -0.931912
    outer loop
      vertex 112.261 -6.17778 12.6955
      vertex 94.6073 -3.31612 16.1649
      vertex 94.81 -2.58037 16.4049
    endloop
  endfacet
  facet normal -0.213453 -0.975204 -0.0584362
    outer loop
      vertex 112.261 -6.17778 12.6955
      vertex 94.81 -2.58037 16.4049
      vertex 95.5771 -2.7385 16.2418
    endloop
  endfacet
  facet normal 0.276738 0.811053 0.515372
    outer loop
      vertex 110.837 -12.2364 11.8699
      vertex 94.1105 -8.78835 15.4252
      vertex 94.1087 -8.78799 15.4256
    endloop
  endfacet
  facet normal -0.11341 -0.924747 0.363293
    outer loop
      vertex 94.1105 -8.78835 15.4252
      vertex 110.837 -12.2364 11.8699
      vertex 111.604 -12.3945 11.7069
    endloop
  endfacet
  facet normal 0.958779 -0.198055 -0.203756
    outer loop
      vertex 111.604 -12.3945 11.7069
      vertex 112.736 -11.6103 16.2713
      vertex 112.581 -12.3945 16.3042
    endloop
  endfacet
  facet normal 0.958779 -0.198055 -0.203756
    outer loop
      vertex 112.736 -11.6103 16.2713
      vertex 111.604 -12.3945 11.7069
      vertex 111.759 -11.6103 11.674
    endloop
  endfacet
  facet normal -0.128088 0.339327 -0.931907
    outer loop
      vertex 112.825 -7.07166 12.2925
      vertex 112.261 -6.17778 12.6955
      vertex 113.028 -6.33591 12.5325
    endloop
  endfacet
  facet normal -0.128145 0.339292 -0.931912
    outer loop
      vertex 112.825 -7.07166 12.2925
      vertex 94.6073 -3.31612 16.1649
      vertex 112.261 -6.17778 12.6955
    endloop
  endfacet
  facet normal -0.207906 2.75706e-05 -0.978149
    outer loop
      vertex 110.837 -12.2364 11.8699
      vertex 94.1087 -8.78799 15.4256
      vertex 94.257 -8.03627 15.3941
    endloop
  endfacet
  facet normal -0.208347 -0.00179584 -0.978053
    outer loop
      vertex 110.837 -12.2364 11.8699
      vertex 94.257 -8.03627 15.3941
      vertex 94.2629 -8.01276 15.3928
    endloop
  endfacet
  facet normal -0.207889 8.55113e-05 -0.978152
    outer loop
      vertex 94.2629 -8.01276 15.3928
      vertex 111.759 -11.6103 11.674
      vertex 110.837 -12.2364 11.8699
    endloop
  endfacet
  facet normal -0.207245 0.00335349 -0.978283
    outer loop
      vertex 111.759 -11.6103 11.674
      vertex 94.2629 -8.01276 15.3928
      vertex 93.5404 -7.85473 15.5464
    endloop
  endfacet
  facet normal 0.238653 0.172273 0.955702
    outer loop
      vertex 109.314 -28.9611 16.9988
      vertex 95.3168 -30.6864 20.8051
      vertex 107.835 -33.267 18.1443
    endloop
  endfacet
  facet normal 0.23866 0.172224 0.955709
    outer loop
      vertex 109.314 -28.9611 16.9988
      vertex 91.1719 -29.832 21.6862
      vertex 95.3168 -30.6864 20.8051
    endloop
  endfacet
  facet normal 0.238621 0.172665 0.955639
    outer loop
      vertex 109.314 -28.9611 16.9988
      vertex 90.4301 -29.6791 21.8438
      vertex 91.1719 -29.832 21.6862
    endloop
  endfacet
  facet normal 0.240793 0.143928 0.959846
    outer loop
      vertex 109.314 -28.9611 16.9988
      vertex 90.4187 -29.6767 21.8463
      vertex 90.4301 -29.6791 21.8438
    endloop
  endfacet
  facet normal 0.237901 0.181677 0.954147
    outer loop
      vertex 90.4187 -29.6767 21.8463
      vertex 109.314 -28.9611 16.9988
      vertex 90.384 -29.6696 21.8536
    endloop
  endfacet
  facet normal -0.238693 -0.17256 -0.955641
    outer loop
      vertex 108.182 -29.7453 12.4344
      vertex 90.7002 -26.339 16.1858
      vertex 90.7306 -26.1479 16.1437
    endloop
  endfacet
  facet normal -0.238647 -0.172251 -0.955708
    outer loop
      vertex 90.7002 -26.339 16.1858
      vertex 108.182 -29.7453 12.4344
      vertex 107.458 -34.2839 13.4332
    endloop
  endfacet
  facet normal -0.0742164 0.518387 -0.85192
    outer loop
      vertex 108.182 -29.7453 12.4344
      vertex 90.7306 -26.1479 16.1437
      vertex 90.6937 -26.1402 16.1516
    endloop
  endfacet
  facet normal 0.238728 0.172243 0.955689
    outer loop
      vertex 109.314 -28.9611 16.9988
      vertex 107.835 -33.267 18.1443
      vertex 108.602 -33.4251 17.9812
    endloop
  endfacet
  facet normal 0.958345 -0.198144 -0.205702
    outer loop
      vertex 108.182 -29.7453 12.4344
      vertex 107.384 -34.9328 13.7135
      vertex 107.458 -34.2839 13.4332
    endloop
  endfacet
  facet normal 0.238657 0.172295 0.955697
    outer loop
      vertex 90.384 -29.6696 21.8536
      vertex 103.721 -27.8082 18.1875
      vertex 91.8832 -25.3679 20.7037
    endloop
  endfacet
  facet normal 0.238904 0.172197 0.955653
    outer loop
      vertex 90.384 -29.6696 21.8536
      vertex 91.8832 -25.3679 20.7037
      vertex 91.8625 -25.3636 20.7081
    endloop
  endfacet
  facet normal 0.238645 0.172363 0.955688
    outer loop
      vertex 103.721 -27.8082 18.1875
      vertex 90.384 -29.6696 21.8536
      vertex 109.314 -28.9611 16.9988
    endloop
  endfacet
  facet normal 0 1 0
    outer loop
      vertex 109.314 -28.9611 16.9988
      vertex 108.698 -28.9611 14.1007
      vertex 109.271 -28.9611 16.8
    endloop
  endfacet
  facet normal -0.238658 -0.172277 -0.9557
    outer loop
      vertex 107.458 -34.2839 13.4332
      vertex 90.0074 -30.6865 17.1425
      vertex 90.7002 -26.339 16.1858
    endloop
  endfacet
  facet normal 0.958827 -0.197771 -0.203805
    outer loop
      vertex 107.948 -34.2719 15.7261
      vertex 108.182 -29.7453 12.4344
      vertex 108.602 -33.4251 17.9812
    endloop
  endfacet
  facet normal 0.958881 -0.197666 -0.203657
    outer loop
      vertex 107.428 -34.8762 13.8643
      vertex 108.182 -29.7453 12.4344
      vertex 107.948 -34.2719 15.7261
    endloop
  endfacet
  facet normal 0.958445 -0.198064 -0.205313
    outer loop
      vertex 108.182 -29.7453 12.4344
      vertex 107.428 -34.8762 13.8643
      vertex 107.384 -34.9328 13.7135
    endloop
  endfacet
  facet normal 0.958826 -0.197782 -0.203801
    outer loop
      vertex 108.602 -33.4251 17.9812
      vertex 108.698 -28.9611 14.1007
      vertex 109.314 -28.9611 16.9988
    endloop
  endfacet
  facet normal 0.958774 -0.197896 -0.203934
    outer loop
      vertex 108.698 -28.9611 14.1007
      vertex 108.602 -33.4251 17.9812
      vertex 108.34 -29.0185 12.4733
    endloop
  endfacet
  facet normal 0.106358 0.915652 -0.387647
    outer loop
      vertex 89.9198 -31.4222 17.4442
      vertex 107.371 -35.0196 13.7349
      vertex 106.583 -34.8572 13.9023
    endloop
  endfacet
  facet normal -0.262007 -0.339482 -0.903385
    outer loop
      vertex 107.371 -35.0196 13.7349
      vertex 90.0074 -30.6865 17.1425
      vertex 107.458 -34.2839 13.4332
    endloop
  endfacet
  facet normal -0.261977 -0.339303 -0.903461
    outer loop
      vertex 89.9198 -31.4222 17.4442
      vertex 90.0074 -30.6865 17.1425
      vertex 107.371 -35.0196 13.7349
    endloop
  endfacet
  facet normal 0.958901 -0.197556 -0.203668
    outer loop
      vertex 108.602 -33.4251 17.9812
      vertex 108.182 -29.7453 12.4344
      vertex 108.34 -29.0185 12.4733
    endloop
  endfacet
  facet normal -0.260582 -0.0616542 0.963481
    outer loop
      vertex 22.2854 -53.0397 29.8783
      vertex 7.13532 -61.9899 25.2081
      vertex 7.34442 -62.3439 25.242
    endloop
  endfacet
  facet normal -0.260478 -0.061838 0.963497
    outer loop
      vertex 22.2854 -53.0397 29.8783
      vertex 6.96676 -61.7068 25.1807
      vertex 7.13532 -61.9899 25.2081
    endloop
  endfacet
  facet normal -0.260531 -0.0617398 0.963489
    outer loop
      vertex 6.96676 -61.7068 25.1807
      vertex 22.2854 -53.0397 29.8783
      vertex 12.853 -37.1991 28.3428
    endloop
  endfacet
  facet normal -0.260056 -0.0625413 0.963566
    outer loop
      vertex 7.32201 -62.394 25.2327
      vertex 22.2854 -53.0397 29.8783
      vertex 7.34442 -62.3439 25.242
    endloop
  endfacet
  facet normal -0.26214 -0.0590357 0.963222
    outer loop
      vertex 22.2854 -53.0397 29.8783
      vertex 7.32201 -62.394 25.2327
      vertex 6.70802 -62.784 25.0417
    endloop
  endfacet
  facet normal -0.509852 0.856248 -0.0830099
    outer loop
      vertex -0.844006 -46.243 19.1814
      vertex -2.01694 -46.5209 23.5191
      vertex 14.0774 -36.9089 23.8144
    endloop
  endfacet
  facet normal 0.50985 -0.856248 0.083019
    outer loop
      vertex 8.24204 -62.1657 21.9978
      vertex 23.5099 -52.7495 25.3499
      vertex 6.70802 -62.784 25.0417
    endloop
  endfacet
  facet normal 0.509857 -0.856247 0.0829854
    outer loop
      vertex 23.5099 -52.7495 25.3499
      vertex 8.24204 -62.1657 21.9978
      vertex 8.5884 -62.0836 20.7169
    endloop
  endfacet
  facet normal -0.260551 -0.0617345 0.963484
    outer loop
      vertex 12.853 -37.1991 28.3428
      vertex 4.05555 -56.8177 24.7067
      vertex 6.96676 -61.7068 25.1807
    endloop
  endfacet
  facet normal -0.260532 -0.0617437 0.963489
    outer loop
      vertex 4.05555 -56.8177 24.7067
      vertex 12.853 -37.1991 28.3428
      vertex -2.0685 -46.5331 23.7098
    endloop
  endfacet
  facet normal 0.260536 0.0617395 -0.963488
    outer loop
      vertex 8.19125 -61.4166 20.6523
      vertex -0.844006 -46.243 19.1814
      vertex 14.0774 -36.9089 23.8144
    endloop
  endfacet
  facet normal 0.81986 0.512871 0.254543
    outer loop
      vertex 14.0774 -36.9089 23.8144
      vertex 12.853 -37.1991 28.3428
      vertex 23.5099 -52.7495 25.3499
    endloop
  endfacet
  facet normal -0.509854 0.856249 -0.0829833
    outer loop
      vertex -2.01694 -46.5209 23.5191
      vertex 12.853 -37.1991 28.3428
      vertex 14.0774 -36.9089 23.8144
    endloop
  endfacet
  facet normal -0.509831 0.856255 -0.0830654
    outer loop
      vertex 12.853 -37.1991 28.3428
      vertex -2.01694 -46.5209 23.5191
      vertex -2.0685 -46.5331 23.7098
    endloop
  endfacet
  facet normal 0.260502 0.0617939 -0.963494
    outer loop
      vertex 8.19125 -61.4166 20.6523
      vertex 23.5099 -52.7495 25.3499
      vertex 8.5884 -62.0836 20.7169
    endloop
  endfacet
  facet normal 0.26053 0.061741 -0.963489
    outer loop
      vertex 23.5099 -52.7495 25.3499
      vertex 8.19125 -61.4166 20.6523
      vertex 14.0774 -36.9089 23.8144
    endloop
  endfacet
  facet normal 0.819858 0.512866 0.25456
    outer loop
      vertex 23.5099 -52.7495 25.3499
      vertex 12.853 -37.1991 28.3428
      vertex 22.2854 -53.0397 29.8783
    endloop
  endfacet
  facet normal 0.509851 -0.85625 0.0829938
    outer loop
      vertex 22.2854 -53.0397 29.8783
      vertex 6.70802 -62.784 25.0417
      vertex 23.5099 -52.7495 25.3499
    endloop
  endfacet
  facet normal -0.260555 -0.0616805 0.963487
    outer loop
      vertex 1.80634 -64.4117 23.612
      vertex -14.3515 -69.03 18.9468
      vertex -14.1133 -69.8394 18.9594
    endloop
  endfacet
  facet normal -0.260532 -0.0617476 0.963489
    outer loop
      vertex 1.71617 -64.116 23.6065
      vertex -16.1839 -62.9026 18.844
      vertex -14.3515 -69.03 18.9468
    endloop
  endfacet
  facet normal -0.260532 -0.0617551 0.963488
    outer loop
      vertex -16.1839 -62.9026 18.844
      vertex 1.71617 -64.116 23.6065
      vertex -19.2399 -52.8838 18.6598
    endloop
  endfacet
  facet normal -0.260593 -0.0615439 0.963485
    outer loop
      vertex -14.3515 -69.03 18.9468
      vertex 1.80634 -64.4117 23.612
      vertex 1.71617 -64.116 23.6065
    endloop
  endfacet
  facet normal -0.260531 -0.061752 0.963489
    outer loop
      vertex -14.1133 -69.8394 18.9594
      vertex 2.67967 -64.6325 23.834
      vertex 1.80634 -64.4117 23.612
    endloop
  endfacet
  facet normal -0.256983 -0.0733259 0.96363
    outer loop
      vertex 2.67967 -64.6325 23.834
      vertex -14.1133 -69.8394 18.9594
      vertex -14.8068 -70.0596 18.7577
    endloop
  endfacet
  facet normal -0.361143 0.882889 0.300137
    outer loop
      vertex 2.67967 -64.6325 23.834
      vertex -14.8068 -70.0596 18.7577
      vertex -14.0705 -69.8311 18.9715
    endloop
  endfacet
  facet normal 0.291702 -0.956347 0.0176054
    outer loop
      vertex 2.67967 -64.6325 23.834
      vertex -14.0705 -69.8311 18.9715
      vertex -12.8976 -69.5532 14.6337
    endloop
  endfacet
  facet normal 0.291714 -0.956344 0.0175843
    outer loop
      vertex -12.8976 -69.5532 14.6337
      vertex 2.40965 -64.7505 21.8959
      vertex 2.67967 -64.6325 23.834
    endloop
  endfacet
  facet normal 0.29171 -0.956345 0.0175925
    outer loop
      vertex -12.8976 -69.5532 14.6337
      vertex 3.16789 -64.5708 19.0918
      vertex 2.40965 -64.7505 21.8959
    endloop
  endfacet
  facet normal 0.291791 -0.956326 0.0172801
    outer loop
      vertex 3.16789 -64.5708 19.0918
      vertex -12.8976 -69.5532 14.6337
      vertex -12.846 -69.5409 14.4431
    endloop
  endfacet
  facet normal -0.260533 -0.0617569 0.963488
    outer loop
      vertex 0.171524 -59.0521 23.5134
      vertex -19.2399 -52.8838 18.6598
      vertex 1.71617 -64.116 23.6065
    endloop
  endfacet
  facet normal -0.26053 -0.061745 0.963489
    outer loop
      vertex -3.45324 -47.1687 23.2948
      vertex -19.2399 -52.8838 18.6598
      vertex 0.171524 -59.0521 23.5134
    endloop
  endfacet
  facet normal -0.260522 -0.0617675 0.96349
    outer loop
      vertex -3.45324 -47.1687 23.2948
      vertex -19.4672 -52.1388 18.6461
      vertex -19.2399 -52.8838 18.6598
    endloop
  endfacet
  facet normal 0.260514 0.0617952 -0.96349
    outer loop
      vertex -13.007 -69.0134 14.4334
      vertex 3.16789 -64.5708 19.0918
      vertex -12.846 -69.5409 14.4431
    endloop
  endfacet
  facet normal 0.260533 0.0617267 -0.96349
    outer loop
      vertex -13.0733 -68.796 14.4294
      vertex 3.16789 -64.5708 19.0918
      vertex -13.007 -69.0134 14.4334
    endloop
  endfacet
  facet normal 0.260528 0.0617465 -0.96349
    outer loop
      vertex 3.16789 -64.5708 19.0918
      vertex -13.0733 -68.796 14.4294
      vertex 0.0949963 -54.4967 18.9065
    endloop
  endfacet
  facet normal 0.260528 0.0617461 -0.96349
    outer loop
      vertex 0.0949963 -54.4967 18.9065
      vertex -13.0733 -68.796 14.4294
      vertex -2.00045 -47.6214 18.7805
    endloop
  endfacet
  facet normal -0.291681 0.956352 -0.0176801
    outer loop
      vertex -3.40168 -47.1565 23.1041
      vertex -19.4672 -52.1388 18.6461
      vertex -3.45324 -47.1687 23.2948
    endloop
  endfacet
  facet normal -0.291699 0.956348 -0.0176113
    outer loop
      vertex -19.4672 -52.1388 18.6461
      vertex -3.40168 -47.1565 23.1041
      vertex -18.2942 -51.8609 14.3083
    endloop
  endfacet
  facet normal 0.260529 0.0617456 -0.963489
    outer loop
      vertex -14.8261 -63.0496 14.3237
      vertex -2.00045 -47.6214 18.7805
      vertex -13.0733 -68.796 14.4294
    endloop
  endfacet
  facet normal 0.260527 0.0617478 -0.96349
    outer loop
      vertex -18.2427 -51.8486 14.1177
      vertex -2.00045 -47.6214 18.7805
      vertex -14.8261 -63.0496 14.3237
    endloop
  endfacet
  facet normal 0.260532 0.0617283 -0.96349
    outer loop
      vertex -2.00045 -47.6214 18.7805
      vertex -18.2427 -51.8486 14.1177
      vertex -2.22725 -46.878 18.7668
    endloop
  endfacet
  facet normal -0.291828 0.956317 -0.0171378
    outer loop
      vertex -18.2427 -51.8486 14.1177
      vertex -18.2942 -51.8609 14.3083
      vertex -2.22875 -46.8785 18.7664
    endloop
  endfacet
  facet normal 0 0.683098 -0.730326
    outer loop
      vertex -18.2427 -51.8486 14.1177
      vertex -2.22875 -46.8785 18.7664
      vertex -2.22866 -46.8785 18.7664
    endloop
  endfacet
  facet normal -0.31586 0.139988 0.938422
    outer loop
      vertex -18.2427 -51.8486 14.1177
      vertex -2.22866 -46.8785 18.7664
      vertex -2.22725 -46.878 18.7668
    endloop
  endfacet
  facet normal -0.291715 0.956344 -0.0175823
    outer loop
      vertex -2.43898 -46.9283 19.5439
      vertex -18.2942 -51.8609 14.3083
      vertex -3.40168 -47.1565 23.1041
    endloop
  endfacet
  facet normal -0.291704 0.956346 -0.0176191
    outer loop
      vertex -18.2942 -51.8609 14.3083
      vertex -2.43898 -46.9283 19.5439
      vertex -2.22875 -46.8785 18.7664
    endloop
  endfacet
  facet normal -0.260523 -0.0617477 0.963491
    outer loop
      vertex -20.1954 -52.3659 18.4346
      vertex -37.482 -71.5895 12.5284
      vertex -19.1685 -70.8152 17.5299
    endloop
  endfacet
  facet normal -0.153918 0.891764 0.425519
    outer loop
      vertex -20.9665 -52.3985 18.224
      vertex -38.5089 -53.1402 13.433
      vertex -20.1954 -52.3659 18.4346
    endloop
  endfacet
  facet normal -0.0555158 0.99726 0.048886
    outer loop
      vertex -20.2575 -52.2305 15.602
      vertex -38.5089 -53.1402 13.433
      vertex -20.9665 -52.3985 18.224
    endloop
  endfacet
  facet normal -0.055504 0.997262 0.0488635
    outer loop
      vertex -37.2844 -52.85 8.90462
      vertex -20.2575 -52.2305 15.602
      vertex -19.742 -52.1084 13.6956
    endloop
  endfacet
  facet normal -0.0555171 0.99726 0.048897
    outer loop
      vertex -20.2575 -52.2305 15.602
      vertex -37.2844 -52.85 8.90462
      vertex -38.5089 -53.1402 13.433
    endloop
  endfacet
  facet normal 0.0555078 -0.997261 -0.0488774
    outer loop
      vertex -19.1685 -70.8152 17.5299
      vertex -36.2575 -71.2993 7.99997
      vertex -17.944 -70.5251 13.0015
    endloop
  endfacet
  facet normal -0.260528 -0.0617427 0.96349
    outer loop
      vertex -20.1954 -52.3659 18.4346
      vertex -38.5089 -53.1402 13.433
      vertex -37.482 -71.5895 12.5284
    endloop
  endfacet
  facet normal 0.0555182 -0.99726 -0.0488961
    outer loop
      vertex -19.1685 -70.8152 17.5299
      vertex -37.482 -71.5895 12.5284
      vertex -36.2575 -71.2993 7.99997
    endloop
  endfacet
  facet normal -0.963868 -0.0407414 -0.263246
    outer loop
      vertex -36.2575 -71.2993 7.99997
      vertex -38.5089 -53.1402 13.433
      vertex -37.2844 -52.85 8.90462
    endloop
  endfacet
  facet normal -0.963869 -0.0407423 -0.263244
    outer loop
      vertex -38.5089 -53.1402 13.433
      vertex -36.2575 -71.2993 7.99997
      vertex -37.482 -71.5895 12.5284
    endloop
  endfacet
  facet normal 0.266087 0 -0.963949
    outer loop
      vertex -36.2575 -71.2993 7.99997
      vertex -18.7595 -69.7598 12.8301
      vertex -18.7595 -69.7599 12.8301
    endloop
  endfacet
  facet normal 0.260519 0.0618397 -0.963486
    outer loop
      vertex -36.2575 -71.2993 7.99997
      vertex -18.7595 -69.7599 12.8301
      vertex -18.7151 -70.5577 12.7909
    endloop
  endfacet
  facet normal 0.260528 0.0617453 -0.96349
    outer loop
      vertex -18.7595 -69.7598 12.8301
      vertex -36.2575 -71.2993 7.99997
      vertex -37.2844 -52.85 8.90462
    endloop
  endfacet
  facet normal 0.260527 0.061744 -0.96349
    outer loop
      vertex -18.7595 -69.7598 12.8301
      vertex -37.2844 -52.85 8.90462
      vertex -19.742 -52.1084 13.6956
    endloop
  endfacet
  facet normal -0.0227747 -0.972006 0.233851
    outer loop
      vertex -36.2575 -71.2993 7.99997
      vertex -18.7151 -70.5577 12.7909
      vertex -17.944 -70.5251 13.0015
    endloop
  endfacet
  facet normal -0.872205 -0.258407 0.415312
    outer loop
      vertex 0.171524 -59.0521 23.5134
      vertex 1.71003 -64.0959 23.6062
      vertex -3.45324 -47.1687 23.2948
    endloop
  endfacet
  facet normal -0.948823 -0.291648 -0.121146
    outer loop
      vertex 1.71617 -64.116 23.6065
      vertex 1.71003 -64.0959 23.6062
      vertex 0.171524 -59.0521 23.5134
    endloop
  endfacet
  facet normal -0.946662 -0.291237 -0.137882
    outer loop
      vertex 1.71003 -64.0959 23.6062
      vertex 1.71617 -64.116 23.6065
      vertex 1.80634 -64.4117 23.612
    endloop
  endfacet
  facet normal -0.260178 -0.0624811 0.963537
    outer loop
      vertex 7.34442 -62.3439 25.242
      vertex 2.67967 -64.6325 23.834
      vertex 7.32201 -62.394 25.2327
    endloop
  endfacet
  facet normal -0.260527 -0.0617417 0.96349
    outer loop
      vertex 2.67967 -64.6325 23.834
      vertex 7.34442 -62.3439 25.242
      vertex -2.71697 -46.9402 23.5085
    endloop
  endfacet
  facet normal -0.826433 -0.460744 0.323611
    outer loop
      vertex 6.96676 -61.7068 25.1807
      vertex 6.95602 -61.6888 25.1789
      vertex 7.13532 -61.9899 25.2081
    endloop
  endfacet
  facet normal 0.779369 0.500606 0.376799
    outer loop
      vertex 6.96676 -61.7068 25.1807
      vertex 4.05555 -56.8177 24.7067
      vertex -2.0685 -46.5331 23.7098
    endloop
  endfacet
  facet normal -0.825677 -0.459995 0.326593
    outer loop
      vertex 6.96676 -61.7068 25.1807
      vertex -2.0685 -46.5331 23.7098
      vertex 6.95602 -61.6888 25.1789
    endloop
  endfacet
  facet normal -0.260569 -0.0616387 0.963486
    outer loop
      vertex 7.32201 -62.394 25.2327
      vertex 2.67967 -64.6325 23.834
      vertex 6.70802 -62.784 25.0417
    endloop
  endfacet
  facet normal 0.291693 -0.95635 0.0175875
    outer loop
      vertex 2.67967 -64.6325 23.834
      vertex 2.40965 -64.7505 21.8959
      vertex 3.16789 -64.5708 19.0918
    endloop
  endfacet
  facet normal 0.509868 -0.856238 0.0830179
    outer loop
      vertex 8.5884 -62.0836 20.7169
      vertex 6.70802 -62.784 25.0417
      vertex 7.93252 -62.4939 20.5133
    endloop
  endfacet
  facet normal -0.404004 0.913346 -0.0508003
    outer loop
      vertex -2.0685 -46.5331 23.7098
      vertex -3.40168 -47.1565 23.1041
      vertex -3.45324 -47.1687 23.2948
    endloop
  endfacet
  facet normal -0.404039 0.913335 -0.0507121
    outer loop
      vertex -2.0685 -46.5331 23.7098
      vertex -2.43898 -46.9283 19.5439
      vertex -3.40168 -47.1565 23.1041
    endloop
  endfacet
  facet normal -0.403954 0.913372 -0.0507232
    outer loop
      vertex -2.43898 -46.9283 19.5439
      vertex -2.0685 -46.5331 23.7098
      vertex -2.22875 -46.8785 18.7664
    endloop
  endfacet
  facet normal 0.831164 0.465436 -0.304198
    outer loop
      vertex -0.844006 -46.243 19.1814
      vertex 8.19125 -61.4166 20.6523
      vertex 8.5884 -62.0836 20.7169
    endloop
  endfacet
  facet normal 0.918176 -0.324341 0.2275
    outer loop
      vertex -2.0685 -46.5331 23.7098
      vertex -2.01694 -46.5209 23.5191
      vertex -0.844006 -46.243 19.1814
    endloop
  endfacet
  facet normal 0.509741 -0.85632 0.0829494
    outer loop
      vertex 8.24204 -62.1657 21.9978
      vertex 6.70802 -62.784 25.0417
      vertex 8.5884 -62.0836 20.7169
    endloop
  endfacet
  facet normal -0.260645 -0.0612391 0.963491
    outer loop
      vertex -2.0685 -46.5331 23.7098
      vertex -3.45324 -47.1687 23.2948
      vertex -2.71697 -46.9402 23.5085
    endloop
  endfacet
  facet normal -0.260494 -0.0617317 0.9635
    outer loop
      vertex -2.71697 -46.9402 23.5085
      vertex -3.45324 -47.1687 23.2948
      vertex 2.67967 -64.6325 23.834
    endloop
  endfacet
  facet normal 0.26081 0.061096 -0.963455
    outer loop
      vertex 3.90416 -64.3423 19.3056
      vertex 3.16789 -64.5708 19.0918
      vertex 7.93252 -62.4939 20.5133
    endloop
  endfacet
  facet normal -0.403969 0.913365 -0.0507222
    outer loop
      vertex -0.844006 -46.243 19.1814
      vertex -2.22875 -46.8785 18.7664
      vertex -2.0685 -46.5331 23.7098
    endloop
  endfacet
  facet normal -0.260524 -0.0617422 0.963491
    outer loop
      vertex 2.67967 -64.6325 23.834
      vertex -3.45324 -47.1687 23.2948
      vertex 1.71003 -64.0959 23.6062
    endloop
  endfacet
  facet normal -0.260532 -0.0617595 0.963488
    outer loop
      vertex 2.67967 -64.6325 23.834
      vertex 1.71003 -64.0959 23.6062
      vertex 1.80634 -64.4117 23.612
    endloop
  endfacet
  facet normal 0.260488 0.0617124 -0.963503
    outer loop
      vertex 7.93252 -62.4939 20.5133
      vertex -1.49989 -46.6532 18.9778
      vertex 8.5884 -62.0836 20.7169
    endloop
  endfacet
  facet normal 0.260537 0.0617433 -0.963488
    outer loop
      vertex 3.16789 -64.5708 19.0918
      vertex -1.49989 -46.6532 18.9778
      vertex 7.93252 -62.4939 20.5133
    endloop
  endfacet
  facet normal -0.260396 -0.0616551 0.963531
    outer loop
      vertex -2.0685 -46.5331 23.7098
      vertex -2.71697 -46.9402 23.5085
      vertex 6.95602 -61.6888 25.1789
    endloop
  endfacet
  facet normal -0.24481 -0.0518881 0.968182
    outer loop
      vertex 6.95602 -61.6888 25.1789
      vertex 7.34442 -62.3439 25.242
      vertex 7.13532 -61.9899 25.2081
    endloop
  endfacet
  facet normal -0.259251 -0.0608633 0.96389
    outer loop
      vertex 7.34442 -62.3439 25.242
      vertex 6.95602 -61.6888 25.1789
      vertex -2.71697 -46.9402 23.5085
    endloop
  endfacet
  facet normal 0.260413 0.0617107 -0.963523
    outer loop
      vertex 0.0949963 -54.4967 18.9065
      vertex -1.49989 -46.6532 18.9778
      vertex 3.16789 -64.5708 19.0918
    endloop
  endfacet
  facet normal 0.260416 0.0617114 -0.963522
    outer loop
      vertex -2.00045 -47.6214 18.7805
      vertex -1.49989 -46.6532 18.9778
      vertex 0.0949963 -54.4967 18.9065
    endloop
  endfacet
  facet normal 0.260438 0.0616991 -0.963517
    outer loop
      vertex -1.49989 -46.6532 18.9778
      vertex -2.00045 -47.6214 18.7805
      vertex -2.22725 -46.878 18.7668
    endloop
  endfacet
  facet normal 0.403925 -0.913386 0.0507095
    outer loop
      vertex 2.67967 -64.6325 23.834
      vertex 7.93252 -62.4939 20.5133
      vertex 6.70802 -62.784 25.0417
    endloop
  endfacet
  facet normal 0.403912 -0.913393 0.0506845
    outer loop
      vertex 7.93252 -62.4939 20.5133
      vertex 2.67967 -64.6325 23.834
      vertex 3.90416 -64.3423 19.3056
    endloop
  endfacet
  facet normal 0.291694 -0.95635 0.0175877
    outer loop
      vertex 3.90416 -64.3423 19.3056
      vertex 2.67967 -64.6325 23.834
      vertex 3.16789 -64.5708 19.0918
    endloop
  endfacet
  facet normal 0.26037 0.0619212 -0.963521
    outer loop
      vertex -2.22725 -46.878 18.7668
      vertex -0.844006 -46.243 19.1814
      vertex -1.49989 -46.6532 18.9778
    endloop
  endfacet
  facet normal 0.22097 0.148047 -0.963978
    outer loop
      vertex -2.22866 -46.8785 18.7664
      vertex -0.844006 -46.243 19.1814
      vertex -2.22725 -46.878 18.7668
    endloop
  endfacet
  facet normal 0 0.54677 -0.837283
    outer loop
      vertex -0.844006 -46.243 19.1814
      vertex -2.22866 -46.8785 18.7664
      vertex -2.22875 -46.8785 18.7664
    endloop
  endfacet
  facet normal 0.260493 0.0617159 -0.963501
    outer loop
      vertex 8.5884 -62.0836 20.7169
      vertex -1.49989 -46.6532 18.9778
      vertex -0.844006 -46.243 19.1814
    endloop
  endfacet
  facet normal 0.043277 0.0315709 0.998564
    outer loop
      vertex -12.846 -69.5409 14.4431
      vertex -13.0733 -68.796 14.4294
      vertex -13.007 -69.0134 14.4334
    endloop
  endfacet
  facet normal 0.0206546 0.0246848 0.999482
    outer loop
      vertex -12.846 -69.5409 14.4431
      vertex -14.8261 -63.0496 14.3237
      vertex -13.0733 -68.796 14.4294
    endloop
  endfacet
  facet normal -0.202735 -0.0438484 0.978251
    outer loop
      vertex -14.8261 -63.0496 14.3237
      vertex -12.846 -69.5409 14.4431
      vertex -18.2427 -51.8486 14.1177
    endloop
  endfacet
  facet normal -0.260571 -0.0617682 0.963477
    outer loop
      vertex -20.1954 -52.3659 18.4346
      vertex -16.1839 -62.9026 18.844
      vertex -19.4672 -52.1388 18.6461
    endloop
  endfacet
  facet normal -0.260472 -0.0617293 0.963506
    outer loop
      vertex -16.1839 -62.9026 18.844
      vertex -20.1954 -52.3659 18.4346
      vertex -14.3515 -69.03 18.9468
    endloop
  endfacet
  facet normal -0.0515543 0.00263548 0.998667
    outer loop
      vertex -19.4672 -52.1388 18.6461
      vertex -16.1839 -62.9026 18.844
      vertex -19.2399 -52.8838 18.6598
    endloop
  endfacet
  facet normal -0.260402 -0.0624212 0.96348
    outer loop
      vertex -14.1133 -69.8394 18.9594
      vertex -19.1685 -70.8152 17.5299
      vertex -14.8068 -70.0596 18.7577
    endloop
  endfacet
  facet normal 0.26054 0.0616389 -0.963493
    outer loop
      vertex -17.944 -70.5251 13.0015
      vertex -18.7151 -70.5577 12.7909
      vertex -13.5823 -69.7694 14.2293
    endloop
  endfacet
  facet normal 0.260446 0.062336 -0.963474
    outer loop
      vertex -18.9789 -52.0772 13.9039
      vertex -19.742 -52.1084 13.6956
      vertex -18.2427 -51.8486 14.1177
    endloop
  endfacet
  facet normal -0.260548 -0.0616784 0.963489
    outer loop
      vertex -14.3515 -69.03 18.9468
      vertex -19.1685 -70.8152 17.5299
      vertex -14.1133 -69.8394 18.9594
    endloop
  endfacet
  facet normal -0.260523 -0.0617477 0.963491
    outer loop
      vertex -19.1685 -70.8152 17.5299
      vertex -14.3515 -69.03 18.9468
      vertex -20.1954 -52.3659 18.4346
    endloop
  endfacet
  facet normal -0.801242 0.570595 -0.180093
    outer loop
      vertex -14.0705 -69.8311 18.9715
      vertex -12.846 -69.5409 14.4431
      vertex -12.8976 -69.5532 14.6337
    endloop
  endfacet
  facet normal 0.661015 0 0.750373
    outer loop
      vertex -18.7595 -69.7598 12.8301
      vertex -19.742 -52.1084 13.6956
      vertex -18.7595 -69.7599 12.8301
    endloop
  endfacet
  facet normal 0.260523 0.0617457 -0.963491
    outer loop
      vertex -18.7151 -70.5577 12.7909
      vertex -18.9789 -52.0772 13.9039
      vertex -13.5823 -69.7694 14.2293
    endloop
  endfacet
  facet normal 0.260594 0.0617691 -0.96347
    outer loop
      vertex -13.5823 -69.7694 14.2293
      vertex -18.2427 -51.8486 14.1177
      vertex -12.846 -69.5409 14.4431
    endloop
  endfacet
  facet normal 0.260618 0.0617751 -0.963464
    outer loop
      vertex -18.2427 -51.8486 14.1177
      vertex -13.5823 -69.7694 14.2293
      vertex -18.9789 -52.0772 13.9039
    endloop
  endfacet
  facet normal -0.174957 0.98445 0.0157578
    outer loop
      vertex -18.2942 -51.8609 14.3083
      vertex -20.9665 -52.3985 18.224
      vertex -19.4672 -52.1388 18.6461
    endloop
  endfacet
  facet normal -0.173782 0.984644 0.0165863
    outer loop
      vertex -20.9665 -52.3985 18.224
      vertex -18.2942 -51.8609 14.3083
      vertex -18.2427 -51.8486 14.1177
    endloop
  endfacet
  facet normal 0.17498 -0.984446 -0.0157721
    outer loop
      vertex -14.8068 -70.0596 18.7577
      vertex -19.1685 -70.8152 17.5299
      vertex -13.5823 -69.7694 14.2293
    endloop
  endfacet
  facet normal 0.291684 -0.956353 0.0175853
    outer loop
      vertex -14.8068 -70.0596 18.7577
      vertex -12.846 -69.5409 14.4431
      vertex -14.0705 -69.8311 18.9715
    endloop
  endfacet
  facet normal 0.291684 -0.956353 0.0175853
    outer loop
      vertex -12.846 -69.5409 14.4431
      vertex -14.8068 -70.0596 18.7577
      vertex -13.5823 -69.7694 14.2293
    endloop
  endfacet
  facet normal 0.174995 -0.984443 -0.0157462
    outer loop
      vertex -13.5823 -69.7694 14.2293
      vertex -19.1685 -70.8152 17.5299
      vertex -17.944 -70.5251 13.0015
    endloop
  endfacet
  facet normal 0.260479 0.0617416 -0.963503
    outer loop
      vertex -18.7595 -69.7599 12.8301
      vertex -19.742 -52.1084 13.6956
      vertex -18.9789 -52.0772 13.9039
    endloop
  endfacet
  facet normal -0.174989 0.984444 0.0157586
    outer loop
      vertex -18.2427 -51.8486 14.1177
      vertex -20.2575 -52.2305 15.602
      vertex -20.9665 -52.3985 18.224
    endloop
  endfacet
  facet normal -0.175012 0.984441 0.0157267
    outer loop
      vertex -18.2427 -51.8486 14.1177
      vertex -19.742 -52.1084 13.6956
      vertex -20.2575 -52.2305 15.602
    endloop
  endfacet
  facet normal -0.260524 -0.0619209 0.96348
    outer loop
      vertex -19.4672 -52.1388 18.6461
      vertex -20.9665 -52.3985 18.224
      vertex -20.1954 -52.3659 18.4346
    endloop
  endfacet
  facet normal 0.258394 0.0617498 -0.964064
    outer loop
      vertex -18.7595 -69.7599 12.8301
      vertex -18.9789 -52.0772 13.9039
      vertex -18.7151 -70.5577 12.7909
    endloop
  endfacet
endsolid OpenSCAD_Model
