solid OpenSCAD_Model
  facet normal 0.186794 0.982399 0
    outer loop
      vertex 97.2014 -51.3065 0
      vertex 97.2156 -51.3092 12.5396
      vertex 97.2156 -51.3092 0
    endloop
  endfacet
  facet normal 0.186794 0.982399 0
    outer loop
      vertex 97.2156 -51.3092 12.5396
      vertex 97.2014 -51.3065 0
      vertex 97.2014 -51.3065 12.5413
    endloop
  endfacet
  facet normal 0.22368 0.777627 0.587592
    outer loop
      vertex 96.9555 -52.1098 14.1916
      vertex 97.1118 -51.5823 13.434
      vertex 96.9413 -52.107 14.1933
    endloop
  endfacet
  facet normal 0.227594 0.776482 0.587602
    outer loop
      vertex 97.1118 -51.5823 13.434
      vertex 96.9555 -52.1098 14.1916
      vertex 97.126 -51.5851 13.4322
    endloop
  endfacet
  facet normal -0.958798 0.284088 0
    outer loop
      vertex 73.0082 -53.2116 14.6915
      vertex 73.009 -53.2089 0
      vertex 73.0082 -53.2116 0
    endloop
  endfacet
  facet normal -0.958798 0.284088 0
    outer loop
      vertex 73.009 -53.2089 0
      vertex 73.0082 -53.2116 14.6915
      vertex 73.009 -53.2089 14.6916
    endloop
  endfacet
  facet normal -0.788954 0.183529 0.586403
    outer loop
      vertex 73.284 -53.3013 15.5841
      vertex 73.8095 -53.469 16.3436
      vertex 73.2848 -53.2985 15.5843
    endloop
  endfacet
  facet normal -0.781738 0.209877 0.587228
    outer loop
      vertex 73.8095 -53.469 16.3436
      vertex 73.284 -53.3013 15.5841
      vertex 73.8087 -53.4717 16.3435
    endloop
  endfacet
  facet normal 0.138639 0.0705917 0.987824
    outer loop
      vertex 96.6797 -53.8514 15.0333
      vertex 96.7321 -53.9795 15.0351
      vertex 96.7463 -53.9822 15.0333
    endloop
  endfacet
  facet normal 0.138639 0.0705917 0.987824
    outer loop
      vertex 96.7321 -53.9795 15.0351
      vertex 96.6797 -53.8514 15.0333
      vertex 96.6655 -53.8487 15.0351
    endloop
  endfacet
  facet normal 0.22149 0.925219 0.308078
    outer loop
      vertex 97.126 -51.5851 13.4322
      vertex 97.2014 -51.3065 12.5413
      vertex 97.1118 -51.5823 13.434
    endloop
  endfacet
  facet normal 0.213171 0.927199 0.307993
    outer loop
      vertex 97.2014 -51.3065 12.5413
      vertex 97.126 -51.5851 13.4322
      vertex 97.2156 -51.3092 12.5396
    endloop
  endfacet
  facet normal 0.104116 -0.104116 0.9891
    outer loop
      vertex 76.1029 -54.5042 17.1854
      vertex 76.2059 -54.4031 17.1852
      vertex 76.2067 -54.4004 17.1854
    endloop
  endfacet
  facet normal 0.104116 -0.104116 0.9891
    outer loop
      vertex 76.2059 -54.4031 17.1852
      vertex 76.1029 -54.5042 17.1854
      vertex 76.1021 -54.5069 17.1852
    endloop
  endfacet
  facet normal -0.915007 0.259678 0.308755
    outer loop
      vertex 73.0082 -53.2116 14.6915
      vertex 73.2848 -53.2985 15.5843
      vertex 73.009 -53.2089 14.6916
    endloop
  endfacet
  facet normal -0.920208 0.240878 0.308537
    outer loop
      vertex 73.2848 -53.2985 15.5843
      vertex 73.0082 -53.2116 14.6915
      vertex 73.284 -53.3013 15.5841
    endloop
  endfacet
  facet normal 0.103961 -0.104071 0.989122
    outer loop
      vertex 76.2067 -54.4004 17.1854
      vertex 76.2059 -54.4031 17.1852
      vertex 96.6655 -54.4004 15.0351
    endloop
  endfacet
  facet normal 0.103865 -0.112548 0.988203
    outer loop
      vertex 96.6655 -54.4004 15.0351
      vertex 76.2059 -54.4031 17.1852
      vertex 96.6797 -54.4031 15.0333
    endloop
  endfacet
  facet normal -0.0914779 -0.0465782 0.994717
    outer loop
      vertex 75.3799 -54.2723 17.1852
      vertex 75.4473 -54.4004 17.1854
      vertex 75.3807 -54.2696 17.1854
    endloop
  endfacet
  facet normal -0.0914779 -0.0465782 0.994717
    outer loop
      vertex 75.4473 -54.4004 17.1854
      vertex 75.3799 -54.2723 17.1852
      vertex 75.4465 -54.4031 17.1852
    endloop
  endfacet
  facet normal 0.205491 0.551123 0.808726
    outer loop
      vertex 96.9413 -52.107 14.1933
      vertex 96.7209 -52.8319 14.7433
      vertex 96.9555 -52.1098 14.1916
    endloop
  endfacet
  facet normal 0.201849 0.552311 0.808832
    outer loop
      vertex 96.7209 -52.8319 14.7433
      vertex 96.9413 -52.107 14.1933
      vertex 96.7067 -52.8292 14.745
    endloop
  endfacet
  facet normal 0.152823 0.152823 0.976366
    outer loop
      vertex 96.5759 -53.7476 15.0333
      vertex 96.6655 -53.8487 15.0351
      vertex 96.6797 -53.8514 15.0333
    endloop
  endfacet
  facet normal 0.151595 0.151741 0.976726
    outer loop
      vertex 96.6655 -53.8487 15.0351
      vertex 96.5759 -53.7476 15.0333
      vertex 96.5616 -53.7449 15.0351
    endloop
  endfacet
  facet normal -0.572072 0.139568 0.808242
    outer loop
      vertex 73.8087 -53.4717 16.3435
      vertex 74.5317 -53.7037 16.8953
      vertex 73.8095 -53.469 16.3436
    endloop
  endfacet
  facet normal -0.572072 0.139568 0.808242
    outer loop
      vertex 74.5317 -53.7037 16.8953
      vertex 73.8087 -53.4717 16.3435
      vertex 74.5309 -53.7064 16.8952
    endloop
  endfacet
  facet normal -0.158704 -0.0251564 0.987006
    outer loop
      vertex 75.3569 -54.1273 17.1852
      vertex 75.3807 -54.2696 17.1854
      vertex 75.3577 -54.1245 17.1854
    endloop
  endfacet
  facet normal -0.160661 -0.0254842 0.986681
    outer loop
      vertex 75.3807 -54.2696 17.1854
      vertex 75.3569 -54.1273 17.1852
      vertex 75.3799 -54.2723 17.1852
    endloop
  endfacet
  facet normal -0.0327298 -0.0641838 0.997401
    outer loop
      vertex 75.5504 -54.5069 17.1852
      vertex 75.682 -54.5709 17.1854
      vertex 75.5512 -54.5042 17.1854
    endloop
  endfacet
  facet normal -0.0327298 -0.0641838 0.997401
    outer loop
      vertex 75.682 -54.5709 17.1854
      vertex 75.5504 -54.5069 17.1852
      vertex 75.6812 -54.5736 17.1852
    endloop
  endfacet
  facet normal 0.163806 0.262822 0.950838
    outer loop
      vertex 97.0863 -53.0227 14.745
      vertex 96.5759 -53.7476 15.0333
      vertex 97.1005 -53.0254 14.7433
    endloop
  endfacet
  facet normal 0.168678 0.259424 0.950919
    outer loop
      vertex 96.5759 -53.7476 15.0333
      vertex 97.0863 -53.0227 14.745
      vertex 96.5616 -53.7449 15.0351
    endloop
  endfacet
  facet normal 0.114612 -0.0583573 0.991695
    outer loop
      vertex 96.7321 -54.2696 15.0351
      vertex 96.6797 -54.4031 15.0333
      vertex 96.7463 -54.2723 15.0333
    endloop
  endfacet
  facet normal 0.114612 -0.0583573 0.991695
    outer loop
      vertex 96.6797 -54.4031 15.0333
      vertex 96.7321 -54.2696 15.0351
      vertex 96.6655 -54.4004 15.0351
    endloop
  endfacet
  facet normal 0.176017 0.345302 0.921837
    outer loop
      vertex 96.7209 -52.8319 14.7433
      vertex 97.0863 -53.0227 14.745
      vertex 97.1005 -53.0254 14.7433
    endloop
  endfacet
  facet normal 0.176017 0.345302 0.921837
    outer loop
      vertex 97.0863 -53.0227 14.745
      vertex 96.7209 -52.8319 14.7433
      vertex 96.7067 -52.8292 14.745
    endloop
  endfacet
  facet normal -0.010768 -0.0681816 0.997615
    outer loop
      vertex 75.682 -54.5709 17.1854
      vertex 75.8262 -54.5966 17.1852
      vertex 75.827 -54.5938 17.1854
    endloop
  endfacet
  facet normal -0.0111936 -0.0705681 0.997444
    outer loop
      vertex 75.8262 -54.5966 17.1852
      vertex 75.682 -54.5709 17.1854
      vertex 75.6812 -54.5736 17.1852
    endloop
  endfacet
  facet normal 0.0122351 -0.0774711 0.99692
    outer loop
      vertex 75.827 -54.5938 17.1854
      vertex 75.9712 -54.5736 17.1852
      vertex 75.972 -54.5709 17.1854
    endloop
  endfacet
  facet normal 0.011834 -0.0746056 0.997143
    outer loop
      vertex 75.9712 -54.5736 17.1852
      vertex 75.827 -54.5938 17.1854
      vertex 75.8262 -54.5966 17.1852
    endloop
  endfacet
  facet normal -0.056915 -0.0569698 0.996752
    outer loop
      vertex 75.4465 -54.4031 17.1852
      vertex 75.5512 -54.5042 17.1854
      vertex 75.4473 -54.4004 17.1854
    endloop
  endfacet
  facet normal -0.056915 -0.0569698 0.996752
    outer loop
      vertex 75.5512 -54.5042 17.1854
      vertex 75.4465 -54.4031 17.1852
      vertex 75.5504 -54.5069 17.1852
    endloop
  endfacet
  facet normal 0.0442447 -0.086831 0.99524
    outer loop
      vertex 75.972 -54.5709 17.1854
      vertex 76.1021 -54.5069 17.1852
      vertex 76.1029 -54.5042 17.1854
    endloop
  endfacet
  facet normal 0.0442447 -0.086831 0.99524
    outer loop
      vertex 76.1021 -54.5069 17.1852
      vertex 75.972 -54.5709 17.1854
      vertex 75.9712 -54.5736 17.1852
    endloop
  endfacet
  facet normal -0.258947 0.0409836 0.965022
    outer loop
      vertex 74.5309 -53.7064 16.8952
      vertex 74.4651 -54.1245 16.8953
      vertex 74.5317 -53.7037 16.8953
    endloop
  endfacet
  facet normal -0.213958 0.0339058 0.976254
    outer loop
      vertex 74.4651 -54.1245 16.8953
      vertex 74.5309 -53.7064 16.8952
      vertex 74.4642 -54.1273 16.8952
    endloop
  endfacet
  facet normal -0.309027 0.0203766 0.950835
    outer loop
      vertex 74.4651 -54.1245 16.8953
      vertex 75.3569 -54.1273 17.1852
      vertex 75.3577 -54.1245 17.1854
    endloop
  endfacet
  facet normal -0.308306 0.0652036 0.94905
    outer loop
      vertex 75.3569 -54.1273 17.1852
      vertex 74.4651 -54.1245 16.8953
      vertex 74.4642 -54.1273 16.8952
    endloop
  endfacet
  facet normal 0.129717 0.0205616 0.991338
    outer loop
      vertex 96.7463 -53.9822 15.0333
      vertex 96.7551 -54.1245 15.0351
      vertex 96.7693 -54.1273 15.0333
    endloop
  endfacet
  facet normal 0.129573 0.0205529 0.991357
    outer loop
      vertex 96.7551 -54.1245 15.0351
      vertex 96.7463 -53.9822 15.0333
      vertex 96.7321 -53.9795 15.0351
    endloop
  endfacet
  facet normal 0.121978 -0.0193348 0.992345
    outer loop
      vertex 96.7321 -54.2696 15.0351
      vertex 96.7693 -54.1273 15.0333
      vertex 96.7551 -54.1245 15.0351
    endloop
  endfacet
  facet normal 0.122105 -0.0193684 0.992328
    outer loop
      vertex 96.7693 -54.1273 15.0333
      vertex 96.7321 -54.2696 15.0351
      vertex 96.7463 -54.2723 15.0333
    endloop
  endfacet
  facet normal -0.917029 0.252487 0.308721
    outer loop
      vertex 72.9197 -53.512 14.6743
      vertex 73.284 -53.3013 15.5841
      vertex 73.0082 -53.2116 14.6915
    endloop
  endfacet
  facet normal -0.917049 0.252372 0.308756
    outer loop
      vertex 73.284 -53.3013 15.5841
      vertex 72.9197 -53.512 14.6743
      vertex 73.1956 -53.6016 15.567
    endloop
  endfacet
  facet normal 0.104132 -0.0870753 0.990744
    outer loop
      vertex 76.2059 -54.4031 17.1852
      vertex 76.1174 -54.7035 17.1681
      vertex 96.6797 -54.4031 15.0333
    endloop
  endfacet
  facet normal -0.0705978 -0.0359466 0.996857
    outer loop
      vertex 75.2914 -54.5727 17.1681
      vertex 75.4465 -54.4031 17.1852
      vertex 75.3799 -54.2723 17.1852
    endloop
  endfacet
  facet normal -0.07056 -0.0359813 0.996858
    outer loop
      vertex 75.4465 -54.4031 17.1852
      vertex 75.2914 -54.5727 17.1681
      vertex 75.3581 -54.7035 17.1681
    endloop
  endfacet
  facet normal 0.080178 -0.080178 0.993551
    outer loop
      vertex 76.1021 -54.5069 17.1852
      vertex 76.1174 -54.7035 17.1681
      vertex 76.2059 -54.4031 17.1852
    endloop
  endfacet
  facet normal 0.080178 -0.080178 0.993551
    outer loop
      vertex 76.1174 -54.7035 17.1681
      vertex 76.1021 -54.5069 17.1852
      vertex 76.0136 -54.8073 17.1681
    endloop
  endfacet
  facet normal 0.0340329 -0.0667903 0.997186
    outer loop
      vertex 75.9712 -54.5736 17.1852
      vertex 76.0136 -54.8073 17.1681
      vertex 76.1021 -54.5069 17.1852
    endloop
  endfacet
  facet normal 0.0340567 -0.0667859 0.997186
    outer loop
      vertex 76.0136 -54.8073 17.1681
      vertex 75.9712 -54.5736 17.1852
      vertex 75.8828 -54.874 17.1681
    endloop
  endfacet
  facet normal 0.00945419 -0.0596025 0.998177
    outer loop
      vertex 75.8262 -54.5966 17.1852
      vertex 75.8828 -54.874 17.1681
      vertex 75.9712 -54.5736 17.1852
    endloop
  endfacet
  facet normal 0.00940808 -0.0596119 0.998177
    outer loop
      vertex 75.8828 -54.874 17.1681
      vertex 75.8262 -54.5966 17.1852
      vertex 75.7377 -54.8969 17.1681
    endloop
  endfacet
  facet normal 0.110172 -0.056097 0.992328
    outer loop
      vertex 96.7463 -54.2723 15.0333
      vertex 98.2606 -54.7035 14.8408
      vertex 98.3272 -54.5727 14.8408
    endloop
  endfacet
  facet normal 0.110172 -0.056097 0.992328
    outer loop
      vertex 98.2606 -54.7035 14.8408
      vertex 96.7463 -54.2723 15.0333
      vertex 96.6797 -54.4031 15.0333
    endloop
  endfacet
  facet normal 0.178586 0.350343 0.919438
    outer loop
      vertex 98.3018 -53.1323 14.5507
      vertex 97.1005 -53.0254 14.7433
      vertex 98.6814 -53.3258 14.5507
    endloop
  endfacet
  facet normal 0.178586 0.350343 0.919438
    outer loop
      vertex 97.1005 -53.0254 14.7433
      vertex 98.3018 -53.1323 14.5507
      vertex 96.7209 -52.8319 14.7433
    endloop
  endfacet
  facet normal -0.00861591 -0.0543177 0.998487
    outer loop
      vertex 75.6812 -54.5736 17.1852
      vertex 75.7377 -54.8969 17.1681
      vertex 75.8262 -54.5966 17.1852
    endloop
  endfacet
  facet normal -0.0085774 -0.054311 0.998487
    outer loop
      vertex 75.7377 -54.8969 17.1681
      vertex 75.6812 -54.5736 17.1852
      vertex 75.5927 -54.874 17.1681
    endloop
  endfacet
  facet normal -0.0251976 -0.0494131 0.998461
    outer loop
      vertex 75.4619 -54.8073 17.1681
      vertex 75.6812 -54.5736 17.1852
      vertex 75.5504 -54.5069 17.1852
    endloop
  endfacet
  facet normal -0.0251976 -0.0494131 0.998461
    outer loop
      vertex 75.6812 -54.5736 17.1852
      vertex 75.4619 -54.8073 17.1681
      vertex 75.5927 -54.874 17.1681
    endloop
  endfacet
  facet normal -0.043864 -0.0439063 0.998072
    outer loop
      vertex 75.3581 -54.7035 17.1681
      vertex 75.5504 -54.5069 17.1852
      vertex 75.4465 -54.4031 17.1852
    endloop
  endfacet
  facet normal -0.0438854 -0.0438854 0.998072
    outer loop
      vertex 75.5504 -54.5069 17.1852
      vertex 75.3581 -54.7035 17.1681
      vertex 75.4619 -54.8073 17.1681
    endloop
  endfacet
  facet normal 0.203353 0.551801 0.808804
    outer loop
      vertex 96.9555 -52.1098 14.1916
      vertex 98.3018 -53.1323 14.5507
      vertex 98.5364 -52.4101 13.999
    endloop
  endfacet
  facet normal 0.203391 0.551838 0.808769
    outer loop
      vertex 98.3018 -53.1323 14.5507
      vertex 96.9555 -52.1098 14.1916
      vertex 96.7209 -52.8319 14.7433
    endloop
  endfacet
  facet normal -0.124608 -0.0197654 0.992009
    outer loop
      vertex 75.2684 -54.4276 17.1681
      vertex 75.3799 -54.2723 17.1852
      vertex 75.3569 -54.1273 17.1852
    endloop
  endfacet
  facet normal -0.124623 -0.0197542 0.992007
    outer loop
      vertex 75.3799 -54.2723 17.1852
      vertex 75.2684 -54.4276 17.1681
      vertex 75.2914 -54.5727 17.1681
    endloop
  endfacet
  facet normal -0.308755 0.0367212 0.950433
    outer loop
      vertex 74.4642 -54.1273 16.8952
      vertex 75.2756 -54.3217 17.1663
      vertex 75.3569 -54.1273 17.1852
    endloop
  endfacet
  facet normal -0.310155 0.030546 0.950195
    outer loop
      vertex 75.2756 -54.3217 17.1663
      vertex 74.4642 -54.1273 16.8952
      vertex 74.4619 -54.1351 16.8947
    endloop
  endfacet
  facet normal -0.309847 0.0372144 0.950058
    outer loop
      vertex 75.3569 -54.1273 17.1852
      vertex 75.2756 -54.3217 17.1663
      vertex 75.2684 -54.4276 17.1681
    endloop
  endfacet
  facet normal 0.117367 -0.0186168 0.992914
    outer loop
      vertex 96.7463 -54.2723 15.0333
      vertex 98.3502 -54.4276 14.8408
      vertex 96.7693 -54.1273 15.0333
    endloop
  endfacet
  facet normal 0.117368 -0.0186042 0.992914
    outer loop
      vertex 98.3502 -54.4276 14.8408
      vertex 96.7463 -54.2723 15.0333
      vertex 98.3272 -54.5727 14.8408
    endloop
  endfacet
  facet normal 0.219527 0.778905 0.587465
    outer loop
      vertex 98.5364 -52.4101 13.999
      vertex 97.126 -51.5851 13.4322
      vertex 96.9555 -52.1098 14.1916
    endloop
  endfacet
  facet normal 0.219491 0.778877 0.587515
    outer loop
      vertex 97.126 -51.5851 13.4322
      vertex 98.5364 -52.4101 13.999
      vertex 98.7069 -51.8854 13.2397
    endloop
  endfacet
  facet normal 0.213611 0.927094 0.308004
    outer loop
      vertex 98.7069 -51.8854 13.2397
      vertex 97.2156 -51.3092 12.5396
      vertex 97.126 -51.5851 13.4322
    endloop
  endfacet
  facet normal 0.213679 0.92712 0.307881
    outer loop
      vertex 97.2156 -51.3092 12.5396
      vertex 98.7069 -51.8854 13.2397
      vertex 98.7965 -51.6096 12.347
    endloop
  endfacet
  facet normal -0.959238 0.282598 0
    outer loop
      vertex 72.9197 -53.512 14.6743
      vertex 73.0082 -53.2116 0
      vertex 72.9197 -53.512 0
    endloop
  endfacet
  facet normal -0.959238 0.282598 0
    outer loop
      vertex 73.0082 -53.2116 0
      vertex 72.9197 -53.512 14.6743
      vertex 73.0082 -53.2116 14.6915
    endloop
  endfacet
  facet normal -0.78517 0.197714 0.58687
    outer loop
      vertex 73.1956 -53.6016 15.567
      vertex 73.8087 -53.4717 16.3435
      vertex 73.284 -53.3013 15.5841
    endloop
  endfacet
  facet normal -0.785175 0.197649 0.586885
    outer loop
      vertex 73.8087 -53.4717 16.3435
      vertex 73.1956 -53.6016 15.567
      vertex 73.7203 -53.7721 16.3264
    endloop
  endfacet
  facet normal -0.576684 0.123735 0.807543
    outer loop
      vertex 73.7203 -53.7721 16.3264
      vertex 74.5309 -53.7064 16.8952
      vertex 73.8087 -53.4717 16.3435
    endloop
  endfacet
  facet normal -0.57668 0.123927 0.807516
    outer loop
      vertex 74.5309 -53.7064 16.8952
      vertex 73.7203 -53.7721 16.3264
      vertex 74.4424 -54.0068 16.8781
    endloop
  endfacet
  facet normal 0.147074 0.147216 0.978109
    outer loop
      vertex 98.1567 -54.048 14.8408
      vertex 96.6797 -53.8514 15.0333
      vertex 98.2606 -54.1518 14.8408
    endloop
  endfacet
  facet normal 0.147056 0.147056 0.978135
    outer loop
      vertex 96.6797 -53.8514 15.0333
      vertex 98.1567 -54.048 14.8408
      vertex 96.5759 -53.7476 15.0333
    endloop
  endfacet
  facet normal 0.186678 0.982421 0
    outer loop
      vertex 97.2156 -51.3092 0
      vertex 98.7965 -51.6096 12.347
      vertex 98.7965 -51.6096 0
    endloop
  endfacet
  facet normal 0.186678 0.982421 0
    outer loop
      vertex 98.7965 -51.6096 12.347
      vertex 97.2156 -51.3092 0
      vertex 97.2156 -51.3092 12.5396
    endloop
  endfacet
  facet normal -0.385053 0.0610193 0.920875
    outer loop
      vertex 74.4424 -54.0068 16.8781
      vertex 74.4642 -54.1273 16.8952
      vertex 74.5309 -53.7064 16.8952
    endloop
  endfacet
  facet normal -0.39667 0.0582416 0.916112
    outer loop
      vertex 74.4642 -54.1273 16.8952
      vertex 74.4424 -54.0068 16.8781
      vertex 74.4619 -54.1351 16.8947
    endloop
  endfacet
  facet normal 0.124547 0.0197557 0.992017
    outer loop
      vertex 98.3272 -54.2826 14.8408
      vertex 96.7693 -54.1273 15.0333
      vertex 98.3502 -54.4276 14.8408
    endloop
  endfacet
  facet normal 0.124545 0.0197419 0.992017
    outer loop
      vertex 96.7693 -54.1273 15.0333
      vertex 98.3272 -54.2826 14.8408
      vertex 96.7463 -53.9822 15.0333
    endloop
  endfacet
  facet normal 0.104131 -0.0868857 0.990761
    outer loop
      vertex 96.6797 -54.4031 15.0333
      vertex 76.1174 -54.7035 17.1681
      vertex 98.2606 -54.7035 14.8408
    endloop
  endfacet
  facet normal 0.165562 0.261662 0.950853
    outer loop
      vertex 97.1005 -53.0254 14.7433
      vertex 98.1567 -54.048 14.8408
      vertex 98.6814 -53.3258 14.5507
    endloop
  endfacet
  facet normal 0.165505 0.261605 0.950879
    outer loop
      vertex 98.1567 -54.048 14.8408
      vertex 97.1005 -53.0254 14.7433
      vertex 96.5759 -53.7476 15.0333
    endloop
  endfacet
  facet normal 0.133293 0.0678692 0.98875
    outer loop
      vertex 98.2606 -54.1518 14.8408
      vertex 96.7463 -53.9822 15.0333
      vertex 98.3272 -54.2826 14.8408
    endloop
  endfacet
  facet normal 0.133293 0.0678692 0.98875
    outer loop
      vertex 96.7463 -53.9822 15.0333
      vertex 98.2606 -54.1518 14.8408
      vertex 96.6797 -53.8514 15.0333
    endloop
  endfacet
  facet normal 0.22349 0.777737 0.587518
    outer loop
      vertex 96.9413 -52.107 14.1933
      vertex 93.1182 -50.8036 13.9222
      vertex 92.9478 -51.3283 14.6816
    endloop
  endfacet
  facet normal 0.223469 0.77769 0.587588
    outer loop
      vertex 93.1182 -50.8036 13.9222
      vertex 96.9413 -52.107 14.1933
      vertex 97.1118 -51.5823 13.434
    endloop
  endfacet
  facet normal -0.30885 0.0367791 0.950399
    outer loop
      vertex 74.8059 -52.9673 16.9613
      vertex 75.3577 -54.1245 17.1854
      vertex 75.6986 -52.9673 17.2514
    endloop
  endfacet
  facet normal -0.308882 0.0367622 0.95039
    outer loop
      vertex 75.3577 -54.1245 17.1854
      vertex 74.8059 -52.9673 16.9613
      vertex 74.4651 -54.1245 16.8953
    endloop
  endfacet
  facet normal -0.917037 0.252524 0.308665
    outer loop
      vertex 73.009 -53.2089 14.6916
      vertex 73.6257 -52.1412 15.6503
      vertex 73.3499 -52.0516 14.7576
    endloop
  endfacet
  facet normal -0.917037 0.252524 0.308665
    outer loop
      vertex 73.6257 -52.1412 15.6503
      vertex 73.009 -53.2089 14.6916
      vertex 73.2848 -53.2985 15.5843
    endloop
  endfacet
  facet normal 0.104138 -0.0870504 0.990746
    outer loop
      vertex 92.6719 -53.6216 15.5233
      vertex 76.5476 -53.2431 17.2514
      vertex 96.6655 -54.4004 15.0351
    endloop
  endfacet
  facet normal -0.124835 -0.0198015 0.99198
    outer loop
      vertex 75.3577 -54.1245 17.1854
      vertex 75.7216 -53.1123 17.2514
      vertex 75.6986 -52.9673 17.2514
    endloop
  endfacet
  facet normal -0.124861 -0.0197919 0.991977
    outer loop
      vertex 75.7216 -53.1123 17.2514
      vertex 75.3577 -54.1245 17.1854
      vertex 75.3807 -54.2696 17.1854
    endloop
  endfacet
  facet normal -0.576662 0.123811 0.807547
    outer loop
      vertex 73.8095 -53.469 16.3436
      vertex 74.8726 -52.5464 16.9613
      vertex 74.1504 -52.3117 16.4096
    endloop
  endfacet
  facet normal -0.576662 0.123811 0.807547
    outer loop
      vertex 74.8726 -52.5464 16.9613
      vertex 73.8095 -53.469 16.3436
      vertex 74.5317 -53.7037 16.8953
    endloop
  endfacet
  facet normal -0.385757 0.0611309 0.920573
    outer loop
      vertex 74.5317 -53.7037 16.8953
      vertex 74.8059 -52.9673 16.9613
      vertex 74.8726 -52.5464 16.9613
    endloop
  endfacet
  facet normal -0.385454 0.0610057 0.920708
    outer loop
      vertex 74.8059 -52.9673 16.9613
      vertex 74.5317 -53.7037 16.8953
      vertex 74.4651 -54.1245 16.8953
    endloop
  endfacet
  facet normal -0.959249 0.282561 0
    outer loop
      vertex 73.009 -53.2089 14.6916
      vertex 73.3499 -52.0516 0
      vertex 73.009 -53.2089 0
    endloop
  endfacet
  facet normal -0.959249 0.282561 0
    outer loop
      vertex 73.3499 -52.0516 0
      vertex 73.009 -53.2089 14.6916
      vertex 73.3499 -52.0516 14.7576
    endloop
  endfacet
  facet normal 0.21366 0.927082 0.308006
    outer loop
      vertex 93.1182 -50.8036 13.9222
      vertex 91.2156 -50.1492 13.2723
      vertex 91.126 -50.4251 14.1649
    endloop
  endfacet
  facet normal 0.213651 0.927077 0.308027
    outer loop
      vertex 91.2156 -50.1492 13.2723
      vertex 93.1182 -50.8036 13.9222
      vertex 93.2079 -50.5277 13.0296
    endloop
  endfacet
  facet normal 0.203357 0.551781 0.808816
    outer loop
      vertex 90.9555 -50.9498 14.9243
      vertex 92.7131 -52.0505 15.2333
      vertex 92.9478 -51.3283 14.6816
    endloop
  endfacet
  facet normal 0.2034 0.551835 0.808769
    outer loop
      vertex 92.7131 -52.0505 15.2333
      vertex 90.9555 -50.9498 14.9243
      vertex 90.7209 -51.6719 15.476
    endloop
  endfacet
  facet normal -0.0707311 -0.0360145 0.996845
    outer loop
      vertex 75.3807 -54.2696 17.1854
      vertex 75.7882 -53.2431 17.2514
      vertex 75.7216 -53.1123 17.2514
    endloop
  endfacet
  facet normal -0.0707311 -0.0360145 0.996845
    outer loop
      vertex 75.7882 -53.2431 17.2514
      vertex 75.3807 -54.2696 17.1854
      vertex 75.4473 -54.4004 17.1854
    endloop
  endfacet
  facet normal 0.10413 -0.0871741 0.990736
    outer loop
      vertex 76.5476 -53.2431 17.2514
      vertex 76.2067 -54.4004 17.1854
      vertex 96.6655 -54.4004 15.0351
    endloop
  endfacet
  facet normal -0.785098 0.19779 0.586941
    outer loop
      vertex 73.2848 -53.2985 15.5843
      vertex 74.1504 -52.3117 16.4096
      vertex 73.6257 -52.1412 15.6503
    endloop
  endfacet
  facet normal -0.785098 0.19779 0.586941
    outer loop
      vertex 74.1504 -52.3117 16.4096
      vertex 73.2848 -53.2985 15.5843
      vertex 73.8095 -53.469 16.3436
    endloop
  endfacet
  facet normal 0.218222 0.925973 0.308145
    outer loop
      vertex 97.1118 -51.5823 13.434
      vertex 93.2079 -50.5277 13.0296
      vertex 93.1182 -50.8036 13.9222
    endloop
  endfacet
  facet normal 0.218249 0.926015 0.307998
    outer loop
      vertex 93.2079 -50.5277 13.0296
      vertex 97.1118 -51.5823 13.434
      vertex 97.2014 -51.3065 12.5413
    endloop
  endfacet
  facet normal 0.147109 0.147109 0.97812
    outer loop
      vertex 92.5681 -52.9661 15.5233
      vertex 90.6797 -52.6914 15.766
      vertex 92.6719 -53.0699 15.5233
    endloop
  endfacet
  facet normal 0.147109 0.147109 0.97812
    outer loop
      vertex 90.6797 -52.6914 15.766
      vertex 92.5681 -52.9661 15.5233
      vertex 90.5759 -52.5876 15.766
    endloop
  endfacet
  facet normal 0.117422 -0.0186256 0.992907
    outer loop
      vertex 90.7463 -53.1123 15.766
      vertex 92.7615 -53.3458 15.5233
      vertex 90.7693 -52.9673 15.766
    endloop
  endfacet
  facet normal 0.117432 -0.0185461 0.992908
    outer loop
      vertex 92.7615 -53.3458 15.5233
      vertex 90.7463 -53.1123 15.766
      vertex 92.7386 -53.4908 15.5233
    endloop
  endfacet
  facet normal 0.186643 0.982428 0
    outer loop
      vertex 91.2156 -50.1492 0
      vertex 93.2079 -50.5277 13.0296
      vertex 93.2079 -50.5277 0
    endloop
  endfacet
  facet normal 0.186643 0.982428 0
    outer loop
      vertex 93.2079 -50.5277 13.0296
      vertex 91.2156 -50.1492 0
      vertex 91.2156 -50.1492 13.2723
    endloop
  endfacet
  facet normal 0.219541 0.778901 0.587465
    outer loop
      vertex 92.9478 -51.3283 14.6816
      vertex 91.126 -50.4251 14.1649
      vertex 90.9555 -50.9498 14.9243
    endloop
  endfacet
  facet normal 0.219552 0.778912 0.587446
    outer loop
      vertex 91.126 -50.4251 14.1649
      vertex 92.9478 -51.3283 14.6816
      vertex 93.1182 -50.8036 13.9222
    endloop
  endfacet
  facet normal 0.18153 0.356117 0.916639
    outer loop
      vertex 96.7067 -52.8292 14.745
      vertex 93.0928 -52.2439 15.2333
      vertex 97.0863 -53.0227 14.745
    endloop
  endfacet
  facet normal 0.181567 0.356469 0.916495
    outer loop
      vertex 93.0928 -52.2439 15.2333
      vertex 96.7067 -52.8292 14.745
      vertex 92.7131 -52.0505 15.2333
    endloop
  endfacet
  facet normal 0.191411 0.98151 0
    outer loop
      vertex 93.2079 -50.5277 0
      vertex 97.2014 -51.3065 12.5413
      vertex 97.2014 -51.3065 0
    endloop
  endfacet
  facet normal 0.191411 0.98151 0
    outer loop
      vertex 97.2014 -51.3065 12.5413
      vertex 93.2079 -50.5277 0
      vertex 93.2079 -50.5277 13.0296
    endloop
  endfacet
  facet normal 0.0802109 -0.0802881 0.993539
    outer loop
      vertex 76.4437 -53.3469 17.2514
      vertex 76.2067 -54.4004 17.1854
      vertex 76.5476 -53.2431 17.2514
    endloop
  endfacet
  facet normal 0.0803098 -0.0803098 0.993529
    outer loop
      vertex 76.2067 -54.4004 17.1854
      vertex 76.4437 -53.3469 17.2514
      vertex 76.1029 -54.5042 17.1854
    endloop
  endfacet
  facet normal 0.178609 0.350661 0.919313
    outer loop
      vertex 92.7131 -52.0505 15.2333
      vertex 91.1005 -51.8654 15.476
      vertex 93.0928 -52.2439 15.2333
    endloop
  endfacet
  facet normal 0.178592 0.350353 0.919433
    outer loop
      vertex 91.1005 -51.8654 15.476
      vertex 92.7131 -52.0505 15.2333
      vertex 90.7209 -51.6719 15.476
    endloop
  endfacet
  facet normal 0.148505 0.148648 0.977676
    outer loop
      vertex 96.5616 -53.7449 15.0351
      vertex 92.6719 -53.0699 15.5233
      vertex 96.6655 -53.8487 15.0351
    endloop
  endfacet
  facet normal 0.148479 0.148479 0.977705
    outer loop
      vertex 92.6719 -53.0699 15.5233
      vertex 96.5616 -53.7449 15.0351
      vertex 92.5681 -52.9661 15.5233
    endloop
  endfacet
  facet normal 0.167084 0.26057 0.950887
    outer loop
      vertex 93.0928 -52.2439 15.2333
      vertex 96.5616 -53.7449 15.0351
      vertex 97.0863 -53.0227 14.745
    endloop
  endfacet
  facet normal 0.167046 0.260478 0.950919
    outer loop
      vertex 96.5616 -53.7449 15.0351
      vertex 93.0928 -52.2439 15.2333
      vertex 92.5681 -52.9661 15.5233
    endloop
  endfacet
  facet normal 0.104134 -0.0871727 0.990736
    outer loop
      vertex 90.6797 -53.2431 15.766
      vertex 76.5476 -53.2431 17.2514
      vertex 92.6719 -53.6216 15.5233
    endloop
  endfacet
  facet normal -0.00862982 -0.0544054 0.998482
    outer loop
      vertex 76.0229 -53.4136 17.2514
      vertex 75.827 -54.5938 17.1854
      vertex 76.1679 -53.4366 17.2514
    endloop
  endfacet
  facet normal -0.00859325 -0.0544114 0.998482
    outer loop
      vertex 75.827 -54.5938 17.1854
      vertex 76.0229 -53.4136 17.2514
      vertex 75.682 -54.5709 17.1854
    endloop
  endfacet
  facet normal 0.0341235 -0.0669168 0.997175
    outer loop
      vertex 76.3129 -53.4136 17.2514
      vertex 76.1029 -54.5042 17.1854
      vertex 76.4437 -53.3469 17.2514
    endloop
  endfacet
  facet normal 0.0340946 -0.0669113 0.997176
    outer loop
      vertex 76.1029 -54.5042 17.1854
      vertex 76.3129 -53.4136 17.2514
      vertex 75.972 -54.5709 17.1854
    endloop
  endfacet
  facet normal 0.125131 0.0198483 0.991942
    outer loop
      vertex 96.7321 -53.9795 15.0351
      vertex 92.7615 -53.3458 15.5233
      vertex 96.7551 -54.1245 15.0351
    endloop
  endfacet
  facet normal 0.125117 0.0197599 0.991945
    outer loop
      vertex 92.7615 -53.3458 15.5233
      vertex 96.7321 -53.9795 15.0351
      vertex 92.7386 -53.2008 15.5233
    endloop
  endfacet
  facet normal 0.124591 0.0196767 0.992013
    outer loop
      vertex 92.7386 -53.2008 15.5233
      vertex 90.7693 -52.9673 15.766
      vertex 92.7615 -53.3458 15.5233
    endloop
  endfacet
  facet normal 0.124599 0.0197503 0.992011
    outer loop
      vertex 90.7693 -52.9673 15.766
      vertex 92.7386 -53.2008 15.5233
      vertex 90.7463 -52.8222 15.766
    endloop
  endfacet
  facet normal 0.13336 0.0679535 0.988735
    outer loop
      vertex 92.6719 -53.0699 15.5233
      vertex 90.7463 -52.8222 15.766
      vertex 92.7386 -53.2008 15.5233
    endloop
  endfacet
  facet normal 0.133354 0.0679003 0.98874
    outer loop
      vertex 90.7463 -52.8222 15.766
      vertex 92.6719 -53.0699 15.5233
      vertex 90.6797 -52.6914 15.766
    endloop
  endfacet
  facet normal 0.206289 0.5508 0.808742
    outer loop
      vertex 92.9478 -51.3283 14.6816
      vertex 96.7067 -52.8292 14.745
      vertex 96.9413 -52.107 14.1933
    endloop
  endfacet
  facet normal 0.206283 0.550783 0.808755
    outer loop
      vertex 96.7067 -52.8292 14.745
      vertex 92.9478 -51.3283 14.6816
      vertex 92.7131 -52.0505 15.2333
    endloop
  endfacet
  facet normal -0.043935 -0.0439773 0.998066
    outer loop
      vertex 75.4473 -54.4004 17.1854
      vertex 75.8921 -53.3469 17.2514
      vertex 75.7882 -53.2431 17.2514
    endloop
  endfacet
  facet normal -0.043935 -0.0439773 0.998066
    outer loop
      vertex 75.8921 -53.3469 17.2514
      vertex 75.4473 -54.4004 17.1854
      vertex 75.5512 -54.5042 17.1854
    endloop
  endfacet
  facet normal 0.165529 0.261567 0.950885
    outer loop
      vertex 91.1005 -51.8654 15.476
      vertex 92.5681 -52.9661 15.5233
      vertex 93.0928 -52.2439 15.2333
    endloop
  endfacet
  facet normal 0.165539 0.26158 0.95088
    outer loop
      vertex 92.5681 -52.9661 15.5233
      vertex 91.1005 -51.8654 15.476
      vertex 90.5759 -52.5876 15.766
    endloop
  endfacet
  facet normal 0.110207 -0.0561986 0.992319
    outer loop
      vertex 90.7463 -53.1123 15.766
      vertex 92.6719 -53.6216 15.5233
      vertex 92.7386 -53.4908 15.5233
    endloop
  endfacet
  facet normal 0.110226 -0.0561245 0.992321
    outer loop
      vertex 92.6719 -53.6216 15.5233
      vertex 90.7463 -53.1123 15.766
      vertex 90.6797 -53.2431 15.766
    endloop
  endfacet
  facet normal -0.0252445 -0.049505 0.998455
    outer loop
      vertex 75.5512 -54.5042 17.1854
      vertex 76.0229 -53.4136 17.2514
      vertex 75.8921 -53.3469 17.2514
    endloop
  endfacet
  facet normal -0.0252445 -0.049505 0.998455
    outer loop
      vertex 76.0229 -53.4136 17.2514
      vertex 75.5512 -54.5042 17.1854
      vertex 75.682 -54.5709 17.1854
    endloop
  endfacet
  facet normal 0.11035 -0.0561875 0.992303
    outer loop
      vertex 92.7386 -53.4908 15.5233
      vertex 96.6655 -54.4004 15.0351
      vertex 96.7321 -54.2696 15.0351
    endloop
  endfacet
  facet normal 0.110332 -0.0562628 0.992301
    outer loop
      vertex 96.6655 -54.4004 15.0351
      vertex 92.7386 -53.4908 15.5233
      vertex 92.6719 -53.6216 15.5233
    endloop
  endfacet
  facet normal 0.134177 0.0683193 0.9886
    outer loop
      vertex 96.6655 -53.8487 15.0351
      vertex 92.7386 -53.2008 15.5233
      vertex 96.7321 -53.9795 15.0351
    endloop
  endfacet
  facet normal 0.134185 0.0683739 0.988595
    outer loop
      vertex 92.7386 -53.2008 15.5233
      vertex 96.6655 -53.8487 15.0351
      vertex 92.6719 -53.0699 15.5233
    endloop
  endfacet
  facet normal 0.00947205 -0.0597151 0.998171
    outer loop
      vertex 76.1679 -53.4366 17.2514
      vertex 75.972 -54.5709 17.1854
      vertex 76.3129 -53.4136 17.2514
    endloop
  endfacet
  facet normal 0.00942972 -0.0597078 0.998171
    outer loop
      vertex 75.972 -54.5709 17.1854
      vertex 76.1679 -53.4366 17.2514
      vertex 75.827 -54.5938 17.1854
    endloop
  endfacet
  facet normal 0.117748 -0.0185961 0.992869
    outer loop
      vertex 92.7386 -53.4908 15.5233
      vertex 96.7551 -54.1245 15.0351
      vertex 92.7615 -53.3458 15.5233
    endloop
  endfacet
  facet normal 0.117737 -0.0186627 0.992869
    outer loop
      vertex 96.7551 -54.1245 15.0351
      vertex 92.7386 -53.4908 15.5233
      vertex 96.7321 -54.2696 15.0351
    endloop
  endfacet
  facet normal 0.104131 -0.0871545 0.990738
    outer loop
      vertex 103.489 -56.8558 14.1018
      vertex 47.9314 -130.856 13.4314
      vertex 90.6068 -130.856 8.94603
    endloop
  endfacet
  facet normal -0.1564 -0.987694 0
    outer loop
      vertex 46.6361 -133.398 0
      vertex 47.5518 -133.543 10.9376
      vertex 46.6361 -133.398 10.9376
    endloop
  endfacet
  facet normal -0.1564 -0.987694 -0
    outer loop
      vertex 47.5518 -133.543 10.9376
      vertex 46.6361 -133.398 0
      vertex 47.5518 -133.543 0
    endloop
  endfacet
  facet normal -0.574141 -0.574508 0.583354
    outer loop
      vertex 45.8356 -131.827 12.5897
      vertex 45.9806 -132.743 11.8303
      vertex 46.3049 -132.296 12.5897
    endloop
  endfacet
  facet normal -0.574838 -0.574256 0.582916
    outer loop
      vertex 45.9806 -132.743 11.8303
      vertex 45.8356 -131.827 12.5897
      vertex 45.3892 -132.151 11.8303
    endloop
  endfacet
  facet normal 0.268503 -0.528241 0.805524
    outer loop
      vertex 91.0277 -131.682 8.65599
      vertex 90.648 -131.875 8.65599
      vertex 90.8827 -132.597 8.10429
    endloop
  endfacet
  facet normal 0.104086 -0.0871623 0.990742
    outer loop
      vertex 38.6109 -56.8558 20.9209
      vertex 37.0689 -56.8558 21.0829
      vertex 47.9314 -130.856 13.4314
    endloop
  endfacet
  facet normal 0.0905264 0.0143495 0.995791
    outer loop
      vertex 73.2914 -56.4349 17.2828
      vertex 73.3133 -56.58 17.2829
      vertex 73.3144 -56.58 17.2828
    endloop
  endfacet
  facet normal 0.0994915 0.015702 0.994915
    outer loop
      vertex 73.3133 -56.58 17.2829
      vertex 73.2914 -56.4349 17.2828
      vertex 73.2904 -56.4349 17.2829
    endloop
  endfacet
  facet normal 0 -1 0
    outer loop
      vertex 73.3144 -56.58 17.2828
      vertex 73.3133 -56.58 17.2829
      vertex 73.3129 -56.58 17.2829
    endloop
  endfacet
  facet normal -0.140858 -0.279156 0.949858
    outer loop
      vertex 47.2759 -130.96 13.4314
      vertex 46.7512 -131.682 13.1414
      vertex 47.4067 -131.026 13.4314
    endloop
  endfacet
  facet normal -0.368511 -0.723923 0.583211
    outer loop
      vertex 46.8962 -132.597 12.5897
      vertex 46.3049 -132.296 12.5897
      vertex 46.7257 -133.122 11.8303
    endloop
  endfacet
  facet normal -0.723952 -0.368876 0.582944
    outer loop
      vertex 45.8356 -131.827 12.5897
      vertex 45.0096 -131.406 11.8303
      vertex 45.3892 -132.151 11.8303
    endloop
  endfacet
  facet normal -0.56387 -0.166412 0.808924
    outer loop
      vertex 34.6717 -57.2355 20.2412
      vertex 46.2564 -131.001 13.1414
      vertex 35.3939 -57.0008 20.7929
    endloop
  endfacet
  facet normal -0.563875 -0.166412 0.80892
    outer loop
      vertex 46.2564 -131.001 13.1414
      vertex 34.6717 -57.2355 20.2412
      vertex 45.5343 -131.236 12.5897
    endloop
  endfacet
  facet normal 0.104133 -0.0871559 0.990737
    outer loop
      vertex 103.489 -56.8558 14.1018
      vertex 38.6109 -56.8558 20.9209
      vertex 47.9314 -130.856 13.4314
    endloop
  endfacet
  facet normal -0.418859 -0.419276 0.80546
    outer loop
      vertex 46.4499 -131.381 13.1414
      vertex 46.3049 -132.296 12.5897
      vertex 46.7512 -131.682 13.1414
    endloop
  endfacet
  facet normal -0.418969 -0.419237 0.805423
    outer loop
      vertex 46.3049 -132.296 12.5897
      vertex 46.4499 -131.381 13.1414
      vertex 45.8356 -131.827 12.5897
    endloop
  endfacet
  facet normal -0.278396 -0.141762 0.949947
    outer loop
      vertex 47.1054 -130.725 13.4314
      vertex 46.2564 -131.001 13.1414
      vertex 46.4499 -131.381 13.1414
    endloop
  endfacet
  facet normal -0.0931575 -0.585224 0.805503
    outer loop
      vertex 47.1309 -131.875 13.1414
      vertex 46.8962 -132.597 12.5897
      vertex 47.5518 -131.942 13.1414
    endloop
  endfacet
  facet normal 0.148922 -0.940466 0.305527
    outer loop
      vertex 90.2271 -133.253 7.34494
      vertex 90.2271 -133.543 6.45227
      vertex 91.1428 -133.398 6.45227
    endloop
  endfacet
  facet normal 0 -1 0
    outer loop
      vertex 47.5518 -133.543 0
      vertex 90.2271 -133.543 6.45227
      vertex 47.5518 -133.543 10.9376
    endloop
  endfacet
  facet normal 0 -1 -0
    outer loop
      vertex 90.2271 -133.543 6.45227
      vertex 47.5518 -133.543 0
      vertex 90.2271 -133.543 0
    endloop
  endfacet
  facet normal -0.981581 -0.155556 0.110911
    outer loop
      vertex 44.5887 -130.58 10.9376
      vertex 33.8712 -57.4956 18.5892
      vertex 33.7261 -56.58 18.5892
    endloop
  endfacet
  facet normal -0.981788 -0.155414 0.109262
    outer loop
      vertex 33.8712 -57.4956 18.5892
      vertex 44.5887 -130.58 10.9376
      vertex 44.7337 -131.496 10.9376
    endloop
  endfacet
  facet normal -0.890993 -0.454018 0
    outer loop
      vertex 45.1546 -132.322 0
      vertex 44.7337 -131.496 10.9376
      vertex 44.7337 -131.496 0
    endloop
  endfacet
  facet normal -0.890993 -0.454018 0
    outer loop
      vertex 44.7337 -131.496 10.9376
      vertex 45.1546 -132.322 0
      vertex 45.1546 -132.322 10.9376
    endloop
  endfacet
  facet normal -0.936739 -0.169189 0.306422
    outer loop
      vertex 33.8712 -57.4956 18.5892
      vertex 45.0096 -131.406 11.8303
      vertex 34.147 -57.406 19.4818
    endloop
  endfacet
  facet normal -0.936695 -0.169195 0.306555
    outer loop
      vertex 45.0096 -131.406 11.8303
      vertex 33.8712 -57.4956 18.5892
      vertex 44.7337 -131.496 10.9376
    endloop
  endfacet
  facet normal 0.527982 -0.268854 0.805576
    outer loop
      vertex 91.5225 -131.001 8.65599
      vertex 91.329 -131.381 8.65599
      vertex 92.2446 -131.236 8.10429
    endloop
  endfacet
  facet normal 0.278431 -0.14178 0.949934
    outer loop
      vertex 91.5225 -131.001 8.65599
      vertex 90.6735 -130.725 8.94603
      vertex 91.329 -131.381 8.65599
    endloop
  endfacet
  facet normal -0.271749 -0.138364 0.95237
    outer loop
      vertex 36.3095 -56.8558 21.0829
      vertex 47.1054 -130.725 13.4314
      vertex 47.1721 -130.856 13.4314
    endloop
  endfacet
  facet normal -0.27174 -0.138363 0.952372
    outer loop
      vertex 47.1054 -130.725 13.4314
      vertex 36.3095 -56.8558 21.0829
      vertex 36.2429 -56.725 21.0829
    endloop
  endfacet
  facet normal -0.79078 -0.176676 0.586049
    outer loop
      vertex 34.147 -57.406 19.4818
      vertex 45.5343 -131.236 12.5897
      vertex 34.6717 -57.2355 20.2412
    endloop
  endfacet
  facet normal -0.790836 -0.176677 0.585972
    outer loop
      vertex 45.5343 -131.236 12.5897
      vertex 34.147 -57.406 19.4818
      vertex 45.0096 -131.406 11.8303
    endloop
  endfacet
  facet normal -0.723945 -0.369077 0.582825
    outer loop
      vertex 45.5343 -131.236 12.5897
      vertex 45.0096 -131.406 11.8303
      vertex 45.8356 -131.827 12.5897
    endloop
  endfacet
  facet normal 0.0489344 -0.308499 0.949965
    outer loop
      vertex 47.5518 -131.049 13.4314
      vertex 47.5518 -131.942 13.1414
      vertex 47.6968 -131.026 13.4314
    endloop
  endfacet
  facet normal -0.268503 -0.528241 0.805524
    outer loop
      vertex 47.1309 -131.875 13.1414
      vertex 46.7512 -131.682 13.1414
      vertex 46.8962 -132.597 12.5897
    endloop
  endfacet
  facet normal -0.673552 -0.672869 0.305899
    outer loop
      vertex 45.1546 -132.322 10.9376
      vertex 45.9806 -132.743 11.8303
      vertex 45.3892 -132.151 11.8303
    endloop
  endfacet
  facet normal -0.673126 -0.67364 0.305141
    outer loop
      vertex 45.9806 -132.743 11.8303
      vertex 45.1546 -132.322 10.9376
      vertex 45.8101 -132.977 10.9376
    endloop
  endfacet
  facet normal -0.432369 -0.848306 0.305671
    outer loop
      vertex 46.7257 -133.122 11.8303
      vertex 45.8101 -132.977 10.9376
      vertex 46.6361 -133.398 10.9376
    endloop
  endfacet
  facet normal 0.368186 -0.723938 0.583398
    outer loop
      vertex 91.474 -132.296 8.10429
      vertex 91.0531 -133.122 7.34494
      vertex 91.7983 -132.743 7.34494
    endloop
  endfacet
  facet normal -0.368233 -0.723932 0.583376
    outer loop
      vertex 46.3049 -132.296 12.5897
      vertex 45.9806 -132.743 11.8303
      vertex 46.7257 -133.122 11.8303
    endloop
  endfacet
  facet normal 0.454104 -0.890949 0
    outer loop
      vertex 91.1428 -133.398 0
      vertex 91.9688 -132.977 6.45227
      vertex 91.1428 -133.398 6.45227
    endloop
  endfacet
  facet normal 0.454104 -0.890949 0
    outer loop
      vertex 91.9688 -132.977 6.45227
      vertex 91.1428 -133.398 0
      vertex 91.9688 -132.977 0
    endloop
  endfacet
  facet normal 0.0931575 -0.585224 0.805503
    outer loop
      vertex 90.648 -131.875 8.65599
      vertex 90.2271 -131.942 8.65599
      vertex 90.8827 -132.597 8.10429
    endloop
  endfacet
  facet normal 0.985181 -0.171517 1.31159e-05
    outer loop
      vertex 96.2184 -113.268 7.72221
      vertex 93.227 -130.451 0
      vertex 105.372 -60.6909 0
    endloop
  endfacet
  facet normal 0.933781 -0.183951 0.306946
    outer loop
      vertex 92.7693 -131.406 7.34494
      vertex 96.2184 -113.268 7.72221
      vertex 95.9425 -113.179 8.61488
    endloop
  endfacet
  facet normal 0.933721 -0.183944 0.307133
    outer loop
      vertex 96.2184 -113.268 7.72221
      vertex 92.7693 -131.406 7.34494
      vertex 93.0452 -131.496 6.45227
    endloop
  endfacet
  facet normal 0.103964 -0.103764 0.989153
    outer loop
      vertex 47.9314 -130.856 13.4314
      vertex 90.503 -130.96 8.94603
      vertex 90.6068 -130.856 8.94603
    endloop
  endfacet
  facet normal 0.103964 -0.103764 0.989153
    outer loop
      vertex 90.503 -130.96 8.94603
      vertex 47.9314 -130.856 13.4314
      vertex 47.8276 -130.96 13.4314
    endloop
  endfacet
  facet normal 0.506716 0.69748 0.506716
    outer loop
      vertex 72.845 -54.4586 16.441
      vertex 72.8449 -53.9069 15.6817
      vertex 72.8449 -54.4586 16.4411
    endloop
  endfacet
  facet normal -0 0.808999 0.587811
    outer loop
      vertex 72.8449 -53.9069 15.6817
      vertex 72.845 -54.4586 16.441
      vertex 72.845 -53.9069 15.6817
    endloop
  endfacet
  facet normal -0.0166848 -0.105259 0.994305
    outer loop
      vertex 36.6892 -57.0493 21.0829
      vertex 47.4067 -131.026 13.4314
      vertex 47.5518 -131.049 13.4314
    endloop
  endfacet
  facet normal -0.0166966 -0.105261 0.994304
    outer loop
      vertex 47.4067 -131.026 13.4314
      vertex 36.6892 -57.0493 21.0829
      vertex 36.5442 -57.0263 21.0829
    endloop
  endfacet
  facet normal -0.27929 -0.139232 0.950059
    outer loop
      vertex 35.3939 -57.0008 20.7929
      vertex 47.1054 -130.725 13.4314
      vertex 36.2429 -56.725 21.0829
    endloop
  endfacet
  facet normal -0.279261 -0.139228 0.950068
    outer loop
      vertex 47.1054 -130.725 13.4314
      vertex 35.3939 -57.0008 20.7929
      vertex 46.2564 -131.001 13.1414
    endloop
  endfacet
  facet normal 0.0999602 -0.29243 0.951048
    outer loop
      vertex 90.3722 -131.026 8.94603
      vertex 47.9726 -131.875 13.1414
      vertex 90.648 -131.875 8.65599
    endloop
  endfacet
  facet normal 0.0999606 -0.292389 0.951061
    outer loop
      vertex 47.9726 -131.875 13.1414
      vertex 90.3722 -131.026 8.94603
      vertex 47.6968 -131.026 13.4314
    endloop
  endfacet
  facet normal 0.12727 -0.802287 0.583213
    outer loop
      vertex 90.2271 -132.701 8.10429
      vertex 90.2271 -133.253 7.34494
      vertex 90.8827 -132.597 8.10429
    endloop
  endfacet
  facet normal 0.706837 -0.707377 0
    outer loop
      vertex 91.9688 -132.977 6.45227
      vertex 92.6243 -132.322 0
      vertex 92.6243 -132.322 6.45227
    endloop
  endfacet
  facet normal 0.706837 -0.707377 0
    outer loop
      vertex 92.6243 -132.322 0
      vertex 91.9688 -132.977 6.45227
      vertex 91.9688 -132.977 0
    endloop
  endfacet
  facet normal -0.848339 -0.432254 0.305742
    outer loop
      vertex 45.3892 -132.151 11.8303
      vertex 45.0096 -131.406 11.8303
      vertex 45.1546 -132.322 10.9376
    endloop
  endfacet
  facet normal -0.84832 -0.432274 0.305765
    outer loop
      vertex 45.0096 -131.406 11.8303
      vertex 44.7337 -131.496 10.9376
      vertex 45.1546 -132.322 10.9376
    endloop
  endfacet
  facet normal -0.706837 -0.707377 0
    outer loop
      vertex 45.8101 -132.977 0
      vertex 45.1546 -132.322 10.9376
      vertex 45.1546 -132.322 0
    endloop
  endfacet
  facet normal -0.706837 -0.707377 0
    outer loop
      vertex 45.1546 -132.322 10.9376
      vertex 45.8101 -132.977 0
      vertex 45.8101 -132.977 10.9376
    endloop
  endfacet
  facet normal -0.989397 -0.145235 -0
    outer loop
      vertex 44.5887 -130.58 10.9376
      vertex 33.7261 -56.58 0
      vertex 44.5887 -130.58 0
    endloop
  endfacet
  facet normal -0.989397 -0.145235 0
    outer loop
      vertex 33.7261 -56.58 0
      vertex 44.5887 -130.58 10.9376
      vertex 33.7261 -56.58 18.5892
    endloop
  endfacet
  facet normal -0.431777 -0.848858 0.304974
    outer loop
      vertex 45.9806 -132.743 11.8303
      vertex 45.8101 -132.977 10.9376
      vertex 46.7257 -133.122 11.8303
    endloop
  endfacet
  facet normal -0.0928674 -0.585422 0.805393
    outer loop
      vertex 47.5518 -131.942 13.1414
      vertex 46.8962 -132.597 12.5897
      vertex 47.5518 -132.701 12.5897
    endloop
  endfacet
  facet normal -0.149121 -0.940375 0.305707
    outer loop
      vertex 46.7257 -133.122 11.8303
      vertex 46.6361 -133.398 10.9376
      vertex 47.5518 -133.253 11.8303
    endloop
  endfacet
  facet normal -0.148922 -0.940469 0.305518
    outer loop
      vertex 47.5518 -133.253 11.8303
      vertex 46.6361 -133.398 10.9376
      vertex 47.5518 -133.543 10.9376
    endloop
  endfacet
  facet normal 0.723936 -0.368867 0.58297
    outer loop
      vertex 92.7693 -131.406 7.34494
      vertex 91.9433 -131.827 8.10429
      vertex 92.3897 -132.151 7.34494
    endloop
  endfacet
  facet normal 0.723929 -0.369069 0.58285
    outer loop
      vertex 92.2446 -131.236 8.10429
      vertex 91.9433 -131.827 8.10429
      vertex 92.7693 -131.406 7.34494
    endloop
  endfacet
  facet normal 0.0928674 -0.585422 0.805393
    outer loop
      vertex 90.2271 -131.942 8.65599
      vertex 90.2271 -132.701 8.10429
      vertex 90.8827 -132.597 8.10429
    endloop
  endfacet
  facet normal 0.985196 -0.17143 0
    outer loop
      vertex 105.928 -57.4956 11.6081
      vertex 105.372 -60.6909 0
      vertex 105.928 -57.4956 0
    endloop
  endfacet
  facet normal 0.985181 -0.171515 2.42504e-05
    outer loop
      vertex 105.372 -60.6909 0
      vertex 105.928 -57.4956 11.6081
      vertex 96.2184 -113.268 7.72221
    endloop
  endfacet
  facet normal 0.790178 -0.17841 0.586335
    outer loop
      vertex 92.2446 -131.236 8.10429
      vertex 105.652 -57.406 12.5007
      vertex 105.127 -57.2355 13.2601
    endloop
  endfacet
  facet normal 0.790365 -0.178429 0.586077
    outer loop
      vertex 105.652 -57.406 12.5007
      vertex 92.2446 -131.236 8.10429
      vertex 92.7693 -131.406 7.34494
    endloop
  endfacet
  facet normal -0.36964 -0.000387004 0.929175
    outer loop
      vertex 105.652 -57.406 12.5007
      vertex 92.7693 -131.406 7.34494
      vertex 95.9425 -113.179 8.61488
    endloop
  endfacet
  facet normal 0.0932355 -0.0474731 0.994512
    outer loop
      vertex 73.2884 -56.725 17.2831
      vertex 73.225 -56.8558 17.2828
      vertex 73.2916 -56.725 17.2828
    endloop
  endfacet
  facet normal 0.0904394 -0.0461186 0.994834
    outer loop
      vertex 73.225 -56.8558 17.2828
      vertex 73.2884 -56.725 17.2831
      vertex 73.2217 -56.8558 17.2831
    endloop
  endfacet
  facet normal 0 -1 0
    outer loop
      vertex 73.2217 -56.8558 17.2831
      vertex 103.489 -56.8558 14.1018
      vertex 73.225 -56.8558 17.2828
    endloop
  endfacet
  facet normal 0 1 0
    outer loop
      vertex 73.1993 -56.8558 17.2855
      vertex 103.489 -56.8558 14.1018
      vertex 73.2217 -56.8558 17.2831
    endloop
  endfacet
  facet normal 0 -1 0
    outer loop
      vertex 103.489 -56.8558 14.1018
      vertex 73.1993 -56.8558 17.2855
      vertex 38.6109 -56.8558 20.9209
    endloop
  endfacet
  facet normal 0.27844 -0.14177 0.949933
    outer loop
      vertex 90.6735 -130.725 8.94603
      vertex 90.6068 -130.856 8.94603
      vertex 91.329 -131.381 8.65599
    endloop
  endfacet
  facet normal -0.0491122 -0.308527 0.949947
    outer loop
      vertex 47.4067 -131.026 13.4314
      vertex 47.1309 -131.875 13.1414
      vertex 47.5518 -131.942 13.1414
    endloop
  endfacet
  facet normal 0.0893646 -0.0894507 0.991974
    outer loop
      vertex 36.965 -56.9596 21.0829
      vertex 47.9314 -130.856 13.4314
      vertex 37.0689 -56.8558 21.0829
    endloop
  endfacet
  facet normal 0.089588 -0.0894157 0.991957
    outer loop
      vertex 47.9314 -130.856 13.4314
      vertex 36.965 -56.9596 21.0829
      vertex 47.8276 -130.96 13.4314
    endloop
  endfacet
  facet normal 0.084713 -0.585849 0.805981
    outer loop
      vertex 47.5518 -131.942 13.1414
      vertex 90.2271 -132.701 8.10429
      vertex 90.2271 -131.942 8.65599
    endloop
  endfacet
  facet normal 0.084713 -0.585849 0.805981
    outer loop
      vertex 90.2271 -132.701 8.10429
      vertex 47.5518 -131.942 13.1414
      vertex 47.5518 -132.701 12.5897
    endloop
  endfacet
  facet normal -0.278405 -0.141753 0.949946
    outer loop
      vertex 47.1054 -130.725 13.4314
      vertex 46.4499 -131.381 13.1414
      vertex 47.1721 -130.856 13.4314
    endloop
  endfacet
  facet normal -0.268894 -0.528229 0.805401
    outer loop
      vertex 46.7512 -131.682 13.1414
      vertex 46.3049 -132.296 12.5897
      vertex 46.8962 -132.597 12.5897
    endloop
  endfacet
  facet normal 0.0873751 -0.548898 0.83131
    outer loop
      vertex 47.9726 -131.875 13.1414
      vertex 90.2271 -131.942 8.65599
      vertex 90.648 -131.875 8.65599
    endloop
  endfacet
  facet normal 0.0873815 -0.548808 0.831369
    outer loop
      vertex 90.2271 -131.942 8.65599
      vertex 47.9726 -131.875 13.1414
      vertex 47.5518 -131.942 13.1414
    endloop
  endfacet
  facet normal -0.141558 -0.278496 0.949948
    outer loop
      vertex 47.4067 -131.026 13.4314
      vertex 46.7512 -131.682 13.1414
      vertex 47.1309 -131.875 13.1414
    endloop
  endfacet
  facet normal -0.0559118 -0.110807 0.992268
    outer loop
      vertex 36.5442 -57.0263 21.0829
      vertex 47.2759 -130.96 13.4314
      vertex 47.4067 -131.026 13.4314
    endloop
  endfacet
  facet normal -0.0565495 -0.110895 0.992222
    outer loop
      vertex 47.2759 -130.96 13.4314
      vertex 36.5442 -57.0263 21.0829
      vertex 36.4134 -56.9596 21.0829
    endloop
  endfacet
  facet normal 0.0616811 -0.807343 0.586849
    outer loop
      vertex 47.5518 -133.253 11.8303
      vertex 90.2271 -132.701 8.10429
      vertex 47.5518 -132.701 12.5897
    endloop
  endfacet
  facet normal 0.0616831 -0.807325 0.586875
    outer loop
      vertex 90.2271 -132.701 8.10429
      vertex 47.5518 -133.253 11.8303
      vertex 90.2271 -133.253 7.34494
    endloop
  endfacet
  facet normal 0.0324563 -0.950573 0.3088
    outer loop
      vertex 47.5518 -133.543 10.9376
      vertex 90.2271 -133.253 7.34494
      vertex 47.5518 -133.253 11.8303
    endloop
  endfacet
  facet normal 0.032457 -0.95057 0.30881
    outer loop
      vertex 90.2271 -133.253 7.34494
      vertex 47.5518 -133.543 10.9376
      vertex 90.2271 -133.543 6.45227
    endloop
  endfacet
  facet normal 0.574825 -0.574243 0.582942
    outer loop
      vertex 91.9433 -131.827 8.10429
      vertex 91.7983 -132.743 7.34494
      vertex 92.3897 -132.151 7.34494
    endloop
  endfacet
  facet normal 0.574128 -0.574495 0.58338
    outer loop
      vertex 91.7983 -132.743 7.34494
      vertex 91.9433 -131.827 8.10429
      vertex 91.474 -132.296 8.10429
    endloop
  endfacet
  facet normal 0.268894 -0.528229 0.805401
    outer loop
      vertex 91.0277 -131.682 8.65599
      vertex 90.8827 -132.597 8.10429
      vertex 91.474 -132.296 8.10429
    endloop
  endfacet
  facet normal 0.43173 -0.848879 0.304981
    outer loop
      vertex 91.7983 -132.743 7.34494
      vertex 91.0531 -133.122 7.34494
      vertex 91.9688 -132.977 6.45227
    endloop
  endfacet
  facet normal 0.67355 -0.672867 0.305908
    outer loop
      vertex 91.7983 -132.743 7.34494
      vertex 92.6243 -132.322 6.45227
      vertex 92.3897 -132.151 7.34494
    endloop
  endfacet
  facet normal 0.673124 -0.673638 0.305151
    outer loop
      vertex 92.6243 -132.322 6.45227
      vertex 91.7983 -132.743 7.34494
      vertex 91.9688 -132.977 6.45227
    endloop
  endfacet
  facet normal 0.1564 -0.987694 0
    outer loop
      vertex 90.2271 -133.543 0
      vertex 91.1428 -133.398 6.45227
      vertex 90.2271 -133.543 6.45227
    endloop
  endfacet
  facet normal 0.1564 -0.987694 0
    outer loop
      vertex 91.1428 -133.398 6.45227
      vertex 90.2271 -133.543 0
      vertex 91.1428 -133.398 0
    endloop
  endfacet
  facet normal 0.368513 -0.723927 0.583205
    outer loop
      vertex 91.474 -132.296 8.10429
      vertex 90.8827 -132.597 8.10429
      vertex 91.0531 -133.122 7.34494
    endloop
  endfacet
  facet normal 0.127238 -0.802278 0.583232
    outer loop
      vertex 90.8827 -132.597 8.10429
      vertex 90.2271 -133.253 7.34494
      vertex 91.0531 -133.122 7.34494
    endloop
  endfacet
  facet normal 0.628969 0.456942 0.628969
    outer loop
      vertex 72.8449 -55.218 16.9928
      vertex 72.845 -55.218 16.9927
      vertex 72.845 -54.4586 16.441
    endloop
  endfacet
  facet normal 0.628969 0.456942 0.628969
    outer loop
      vertex 72.8449 -55.218 16.9928
      vertex 72.845 -54.4586 16.441
      vertex 72.8449 -54.4586 16.4411
    endloop
  endfacet
  facet normal 0.933705 -0.18395 0.307175
    outer loop
      vertex 95.9425 -113.179 8.61488
      vertex 105.928 -57.4956 11.6081
      vertex 105.652 -57.406 12.5007
    endloop
  endfacet
  facet normal 0.93378 -0.183951 0.306946
    outer loop
      vertex 105.928 -57.4956 11.6081
      vertex 95.9425 -113.179 8.61488
      vertex 96.2184 -113.268 7.72221
    endloop
  endfacet
  facet normal 0.567478 -0.155131 0.808643
    outer loop
      vertex 91.5225 -131.001 8.65599
      vertex 105.127 -57.2355 13.2601
      vertex 104.405 -57.0008 13.8118
    endloop
  endfacet
  facet normal 0.567388 -0.155119 0.808708
    outer loop
      vertex 105.127 -57.2355 13.2601
      vertex 91.5225 -131.001 8.65599
      vertex 92.2446 -131.236 8.10429
    endloop
  endfacet
  facet normal 0.985184 -0.171503 -1.77556e-05
    outer loop
      vertex 93.0452 -131.496 6.45227
      vertex 93.227 -130.451 0
      vertex 96.2184 -113.268 7.72221
    endloop
  endfacet
  facet normal 0.985202 -0.171397 0
    outer loop
      vertex 93.227 -130.451 0
      vertex 93.0452 -131.496 6.45227
      vertex 93.0452 -131.496 0
    endloop
  endfacet
  facet normal 0.890993 -0.454018 0
    outer loop
      vertex 92.6243 -132.322 6.45227
      vertex 93.0452 -131.496 0
      vertex 93.0452 -131.496 6.45227
    endloop
  endfacet
  facet normal 0.890993 -0.454018 0
    outer loop
      vertex 93.0452 -131.496 0
      vertex 92.6243 -132.322 6.45227
      vertex 92.6243 -132.322 0
    endloop
  endfacet
  facet normal 0.220818 -0.221038 0.949938
    outer loop
      vertex 90.6068 -130.856 8.94603
      vertex 91.0277 -131.682 8.65599
      vertex 91.329 -131.381 8.65599
    endloop
  endfacet
  facet normal 0.221236 -0.22081 0.949894
    outer loop
      vertex 91.0277 -131.682 8.65599
      vertex 90.6068 -130.856 8.94603
      vertex 90.503 -130.96 8.94603
    endloop
  endfacet
  facet normal 0.0665153 -0.0105048 0.99773
    outer loop
      vertex 73.3129 -56.58 17.2829
      vertex 73.2915 -56.725 17.2828
      vertex 73.3144 -56.58 17.2828
    endloop
  endfacet
  facet normal 0.0623752 -0.009894 0.998004
    outer loop
      vertex 73.2915 -56.725 17.2828
      vertex 73.3129 -56.58 17.2829
      vertex 73.2899 -56.725 17.2829
    endloop
  endfacet
  facet normal 0 1 0
    outer loop
      vertex 73.2899 -56.725 17.2829
      vertex 73.2916 -56.725 17.2828
      vertex 73.2915 -56.725 17.2828
    endloop
  endfacet
  facet normal 0 1 0
    outer loop
      vertex 73.2916 -56.725 17.2828
      vertex 73.2899 -56.725 17.2829
      vertex 73.2884 -56.725 17.2831
    endloop
  endfacet
  facet normal 0.200735 -0.102823 0.974235
    outer loop
      vertex 103.489 -56.8558 14.1018
      vertex 90.6735 -130.725 8.94603
      vertex 103.556 -56.725 14.1018
    endloop
  endfacet
  facet normal 0.20249 -0.1031 0.973842
    outer loop
      vertex 90.6735 -130.725 8.94603
      vertex 103.489 -56.8558 14.1018
      vertex 90.6068 -130.856 8.94603
    endloop
  endfacet
  facet normal -0.127225 -0.802292 0.583217
    outer loop
      vertex 46.8962 -132.597 12.5897
      vertex 46.7257 -133.122 11.8303
      vertex 47.5518 -133.253 11.8303
    endloop
  endfacet
  facet normal -0.127272 -0.802305 0.583188
    outer loop
      vertex 47.5518 -132.701 12.5897
      vertex 46.8962 -132.597 12.5897
      vertex 47.5518 -133.253 11.8303
    endloop
  endfacet
  facet normal -0.221208 -0.220783 0.949906
    outer loop
      vertex 47.1721 -130.856 13.4314
      vertex 46.7512 -131.682 13.1414
      vertex 47.2759 -130.96 13.4314
    endloop
  endfacet
  facet normal -0.220791 -0.221011 0.94995
    outer loop
      vertex 46.7512 -131.682 13.1414
      vertex 47.1721 -130.856 13.4314
      vertex 46.4499 -131.381 13.1414
    endloop
  endfacet
  facet normal 0.0491233 -0.308524 0.949947
    outer loop
      vertex 47.6968 -131.026 13.4314
      vertex 47.5518 -131.942 13.1414
      vertex 47.9726 -131.875 13.1414
    endloop
  endfacet
  facet normal -0.119711 -0.119481 0.985593
    outer loop
      vertex 36.4134 -56.9596 21.0829
      vertex 47.1721 -130.856 13.4314
      vertex 47.2759 -130.96 13.4314
    endloop
  endfacet
  facet normal -0.119314 -0.119429 0.985648
    outer loop
      vertex 47.1721 -130.856 13.4314
      vertex 36.4134 -56.9596 21.0829
      vertex 36.3095 -56.8558 21.0829
    endloop
  endfacet
  facet normal -0.987702 -0.15635 0
    outer loop
      vertex 44.7337 -131.496 0
      vertex 44.5887 -130.58 10.9376
      vertex 44.5887 -130.58 0
    endloop
  endfacet
  facet normal -0.987702 -0.15635 0
    outer loop
      vertex 44.5887 -130.58 10.9376
      vertex 44.7337 -131.496 0
      vertex 44.7337 -131.496 10.9376
    endloop
  endfacet
  facet normal 0.848336 -0.432253 0.305751
    outer loop
      vertex 92.7693 -131.406 7.34494
      vertex 92.3897 -132.151 7.34494
      vertex 92.6243 -132.322 6.45227
    endloop
  endfacet
  facet normal 0.848318 -0.432272 0.305774
    outer loop
      vertex 92.7693 -131.406 7.34494
      vertex 92.6243 -132.322 6.45227
      vertex 93.0452 -131.496 6.45227
    endloop
  endfacet
  facet normal 0.527972 -0.269168 0.805478
    outer loop
      vertex 92.2446 -131.236 8.10429
      vertex 91.329 -131.381 8.65599
      vertex 91.9433 -131.827 8.10429
    endloop
  endfacet
  facet normal 0.418969 -0.419237 0.805423
    outer loop
      vertex 91.329 -131.381 8.65599
      vertex 91.474 -132.296 8.10429
      vertex 91.9433 -131.827 8.10429
    endloop
  endfacet
  facet normal 0.418859 -0.419276 0.80546
    outer loop
      vertex 91.474 -132.296 8.10429
      vertex 91.329 -131.381 8.65599
      vertex 91.0277 -131.682 8.65599
    endloop
  endfacet
  facet normal 0.149138 -0.940365 0.305733
    outer loop
      vertex 91.0531 -133.122 7.34494
      vertex 90.2271 -133.253 7.34494
      vertex 91.1428 -133.398 6.45227
    endloop
  endfacet
  facet normal 0.432361 -0.84829 0.305724
    outer loop
      vertex 91.9688 -132.977 6.45227
      vertex 91.0531 -133.122 7.34494
      vertex 91.1428 -133.398 6.45227
    endloop
  endfacet
  facet normal 0.0487712 -0.0956413 0.99422
    outer loop
      vertex 36.8342 -57.0263 21.0829
      vertex 47.8276 -130.96 13.4314
      vertex 36.965 -56.9596 21.0829
    endloop
  endfacet
  facet normal 0.0482959 -0.0957137 0.994237
    outer loop
      vertex 47.8276 -130.96 13.4314
      vertex 36.8342 -57.0263 21.0829
      vertex 47.6968 -131.026 13.4314
    endloop
  endfacet
  facet normal 0.141576 -0.278531 0.949935
    outer loop
      vertex 91.0277 -131.682 8.65599
      vertex 90.3722 -131.026 8.94603
      vertex 90.648 -131.875 8.65599
    endloop
  endfacet
  facet normal 0.14917 0.942731 0.298341
    outer loop
      vertex 72.845 -55.218 16.9927
      vertex 73.2657 -55.2846 16.9928
      vertex 73.2659 -55.2846 16.9927
    endloop
  endfacet
  facet normal 0.154448 0.975854 0.154448
    outer loop
      vertex 73.2657 -55.2846 16.9928
      vertex 72.845 -55.218 16.9927
      vertex 72.8449 -55.218 16.9928
    endloop
  endfacet
  facet normal 0 -1 0
    outer loop
      vertex 73.2659 -55.2846 16.9927
      vertex 73.2657 -55.2846 16.9928
      vertex 73.2656 -55.2846 16.9928
    endloop
  endfacet
  facet normal 0 0 1
    outer loop
      vertex 72.9901 -56.1336 17.2828
      vertex 73.1205 -56.2003 17.2828
      vertex 73.1209 -56.2003 17.2828
    endloop
  endfacet
  facet normal 0 0 1
    outer loop
      vertex 73.1205 -56.2003 17.2828
      vertex 72.9901 -56.1336 17.2828
      vertex 72.9897 -56.1336 17.2828
    endloop
  endfacet
  facet normal 0 0 0
    outer loop
      vertex 73.1209 -56.2003 17.2828
      vertex 73.1205 -56.2003 17.2828
      vertex 73.1203 -56.2003 17.2828
    endloop
  endfacet
  facet normal 0.287034 -0.116217 0.950844
    outer loop
      vertex 90.6735 -130.725 8.94603
      vertex 104.405 -57.0008 13.8118
      vertex 103.556 -56.725 14.1018
    endloop
  endfacet
  facet normal 0.287049 -0.116219 0.950839
    outer loop
      vertex 104.405 -57.0008 13.8118
      vertex 90.6735 -130.725 8.94603
      vertex 91.5225 -131.001 8.65599
    endloop
  endfacet
  facet normal -0.0489007 -0.3085 0.949967
    outer loop
      vertex 47.5518 -131.049 13.4314
      vertex 47.4067 -131.026 13.4314
      vertex 47.5518 -131.942 13.1414
    endloop
  endfacet
  facet normal -0.527982 -0.268854 0.805576
    outer loop
      vertex 46.2564 -131.001 13.1414
      vertex 45.5343 -131.236 12.5897
      vertex 46.4499 -131.381 13.1414
    endloop
  endfacet
  facet normal -0.527972 -0.269168 0.805478
    outer loop
      vertex 46.4499 -131.381 13.1414
      vertex 45.5343 -131.236 12.5897
      vertex 45.8356 -131.827 12.5897
    endloop
  endfacet
  facet normal 0.308749 0.216197 0.926247
    outer loop
      vertex 73.2656 -55.2846 16.9928
      vertex 72.9901 -56.1336 17.2828
      vertex 73.2659 -55.2846 16.9927
    endloop
  endfacet
  facet normal 0 0.323241 0.946317
    outer loop
      vertex 72.9901 -56.1336 17.2828
      vertex 73.2656 -55.2846 16.9928
      vertex 72.9898 -56.1336 17.2828
    endloop
  endfacet
  facet normal 0 0 0
    outer loop
      vertex 72.9901 -56.1336 17.2828
      vertex 72.9898 -56.1336 17.2828
      vertex 72.9897 -56.1336 17.2828
    endloop
  endfacet
  facet normal 0.0159448 -0.100522 0.994807
    outer loop
      vertex 36.6892 -57.0493 21.0829
      vertex 47.6968 -131.026 13.4314
      vertex 36.8342 -57.0263 21.0829
    endloop
  endfacet
  facet normal 0.0159448 -0.100522 0.994807
    outer loop
      vertex 47.6968 -131.026 13.4314
      vertex 36.6892 -57.0493 21.0829
      vertex 47.5518 -131.049 13.4314
    endloop
  endfacet
  facet normal 0.140876 -0.279191 0.949846
    outer loop
      vertex 90.503 -130.96 8.94603
      vertex 90.3722 -131.026 8.94603
      vertex 91.0277 -131.682 8.65599
    endloop
  endfacet
  facet normal 0.102355 -0.20285 0.973846
    outer loop
      vertex 47.8276 -130.96 13.4314
      vertex 90.3722 -131.026 8.94603
      vertex 90.503 -130.96 8.94603
    endloop
  endfacet
  facet normal 0.102355 -0.20285 0.973846
    outer loop
      vertex 90.3722 -131.026 8.94603
      vertex 47.8276 -130.96 13.4314
      vertex 47.6968 -131.026 13.4314
    endloop
  endfacet
  facet normal 0 0 1
    outer loop
      vertex 73.1209 -56.2003 17.2828
      vertex 73.2242 -56.3041 17.2828
      vertex 73.2247 -56.3041 17.2828
    endloop
  endfacet
  facet normal 0 0 1
    outer loop
      vertex 73.2242 -56.3041 17.2828
      vertex 73.1209 -56.2003 17.2828
      vertex 73.1203 -56.2003 17.2828
    endloop
  endfacet
  facet normal 0 1 0
    outer loop
      vertex 73.2247 -56.3041 17.2828
      vertex 73.2242 -56.3041 17.2828
      vertex 73.224 -56.3041 17.2829
    endloop
  endfacet
  facet normal -0.454104 -0.890949 0
    outer loop
      vertex 45.8101 -132.977 0
      vertex 46.6361 -133.398 10.9376
      vertex 45.8101 -132.977 10.9376
    endloop
  endfacet
  facet normal -0.454104 -0.890949 -0
    outer loop
      vertex 46.6361 -133.398 10.9376
      vertex 45.8101 -132.977 0
      vertex 46.6361 -133.398 0
    endloop
  endfacet
  facet normal 0.123787 0.063124 0.990299
    outer loop
      vertex 73.2247 -56.3041 17.2828
      vertex 73.2906 -56.4349 17.2829
      vertex 73.2914 -56.4349 17.2828
    endloop
  endfacet
  facet normal 0.141056 0.0718222 0.987393
    outer loop
      vertex 73.2906 -56.4349 17.2829
      vertex 73.2247 -56.3041 17.2828
      vertex 73.224 -56.3041 17.2829
    endloop
  endfacet
  facet normal 0 -1 0
    outer loop
      vertex 73.2914 -56.4349 17.2828
      vertex 73.2906 -56.4349 17.2829
      vertex 73.2904 -56.4349 17.2829
    endloop
  endfacet
  facet normal 0.802253 0.127234 0.583269
    outer loop
      vertex 105.863 -54.5408 12.5853
      vertex 105.338 -54.7113 13.3446
      vertex 105.994 -55.3668 12.5853
    endloop
  endfacet
  facet normal 0.940466 -0.148938 0.305517
    outer loop
      vertex 106.284 -55.3668 11.6926
      vertex 105.994 -55.3668 12.5853
      vertex 106.139 -56.2824 11.6926
    endloop
  endfacet
  facet normal 0.369061 0.723913 0.582876
    outer loop
      vertex 104.147 -52.8246 12.5853
      vertex 103.977 -53.3493 13.3446
      vertex 104.568 -53.6506 13.3446
    endloop
  endfacet
  facet normal 0.454018 0.890993 -0
    outer loop
      vertex 105.063 -52.9696 0
      vertex 104.237 -52.5487 11.6926
      vertex 105.063 -52.9696 11.6926
    endloop
  endfacet
  facet normal 0.454018 0.890993 0
    outer loop
      vertex 104.237 -52.5487 11.6926
      vertex 105.063 -52.9696 0
      vertex 104.237 -52.5487 0
    endloop
  endfacet
  facet normal 0.221128 0.220908 0.949896
    outer loop
      vertex 104.122 -54.2649 13.8963
      vertex 103.701 -55.0909 14.1864
      vertex 104.423 -54.5662 13.8963
    endloop
  endfacet
  facet normal 0.220711 0.221136 0.94994
    outer loop
      vertex 103.701 -55.0909 14.1864
      vertex 104.122 -54.2649 13.8963
      vertex 103.597 -54.9871 14.1864
    endloop
  endfacet
  facet normal 0.015611 -0.0291132 0.999454
    outer loop
      vertex 75.5543 -55.7159 17.1364
      vertex 75.5009 -55.7514 17.1362
      vertex 75.516 -55.7742 17.1353
    endloop
  endfacet
  facet normal 0.0123241 -0.02417 0.999632
    outer loop
      vertex 75.5009 -55.7514 17.1362
      vertex 75.5543 -55.7159 17.1364
      vertex 75.4886 -55.7494 17.1364
    endloop
  endfacet
  facet normal 0.890971 0.45406 0
    outer loop
      vertex 106.139 -54.4512 11.6926
      vertex 105.718 -53.6251 0
      vertex 105.718 -53.6251 11.6926
    endloop
  endfacet
  facet normal 0.890971 0.45406 0
    outer loop
      vertex 105.718 -53.6251 0
      vertex 106.139 -54.4512 11.6926
      vertex 106.139 -54.4512 0
    endloop
  endfacet
  facet normal 0.111786 0.706468 0.698861
    outer loop
      vertex 103.321 -53.2455 13.3446
      vertex 103.366 -53.3188 13.4115
      vertex 103.977 -53.3493 13.3446
    endloop
  endfacet
  facet normal 0.111762 0.706463 0.69887
    outer loop
      vertex 103.366 -53.3188 13.4115
      vertex 103.321 -53.2455 13.3446
      vertex 103.129 -53.2359 13.3656
    endloop
  endfacet
  facet normal 0.14887 0.940445 0.305616
    outer loop
      vertex 103.321 -52.4037 11.6926
      vertex 103.321 -52.6938 12.5853
      vertex 104.237 -52.5487 11.6926
    endloop
  endfacet
  facet normal 0.0543839 -0.0543839 0.997038
    outer loop
      vertex 75.5543 -55.7159 17.1364
      vertex 75.574 -55.7402 17.134
      vertex 75.6581 -55.6121 17.1364
    endloop
  endfacet
  facet normal 0.054278 -0.0544698 0.997039
    outer loop
      vertex 75.574 -55.7402 17.134
      vertex 75.5543 -55.7159 17.1364
      vertex 75.516 -55.7742 17.1353
    endloop
  endfacet
  facet normal 0.106057 -0.053515 0.992919
    outer loop
      vertex 103.157 -55.4813 14.2532
      vertex 103.701 -55.6426 14.1864
      vertex 103.767 -55.5118 14.1864
    endloop
  endfacet
  facet normal 0.105847 -0.0542181 0.992903
    outer loop
      vertex 103.701 -55.6426 14.1864
      vertex 103.157 -55.4813 14.2532
      vertex 103.09 -55.6121 14.2532
    endloop
  endfacet
  facet normal 0.0811822 0.947929 0.307962
    outer loop
      vertex 103.321 -52.6938 12.5853
      vertex 102.965 -52.4204 11.8376
      vertex 102.924 -52.6739 12.6287
    endloop
  endfacet
  facet normal 0.0809295 0.947978 0.307877
    outer loop
      vertex 102.965 -52.4204 11.8376
      vertex 103.321 -52.4037 11.6926
      vertex 102.727 -52.3741 11.7576
    endloop
  endfacet
  facet normal 0.0810004 0.947918 0.308044
    outer loop
      vertex 103.321 -52.4037 11.6926
      vertex 102.965 -52.4204 11.8376
      vertex 103.321 -52.6938 12.5853
    endloop
  endfacet
  facet normal 0.573988 0.574667 0.583349
    outer loop
      vertex 104.892 -53.2043 12.5853
      vertex 105.037 -54.1199 13.3446
      vertex 105.484 -53.7956 12.5853
    endloop
  endfacet
  facet normal 0.574756 0.574389 0.582867
    outer loop
      vertex 105.037 -54.1199 13.3446
      vertex 104.892 -53.2043 12.5853
      vertex 104.568 -53.6506 13.3446
    endloop
  endfacet
  facet normal 0.585421 -0.0928814 0.805391
    outer loop
      vertex 105.442 -55.3668 13.3446
      vertex 104.683 -55.3668 13.8963
      vertex 105.338 -56.0223 13.3446
    endloop
  endfacet
  facet normal 0.148919 0.940422 0.305663
    outer loop
      vertex 104.237 -52.5487 11.6926
      vertex 103.321 -52.6938 12.5853
      vertex 104.147 -52.8246 12.5853
    endloop
  endfacet
  facet normal 0.585232 -0.0931588 0.805497
    outer loop
      vertex 104.683 -55.3668 13.8963
      vertex 104.616 -55.7877 13.8963
      vertex 105.338 -56.0223 13.3446
    endloop
  endfacet
  facet normal 0.15635 0.987702 -0
    outer loop
      vertex 104.237 -52.5487 0
      vertex 103.321 -52.4037 11.6926
      vertex 104.237 -52.5487 11.6926
    endloop
  endfacet
  facet normal 0.15635 0.987702 0
    outer loop
      vertex 103.321 -52.4037 11.6926
      vertex 104.237 -52.5487 0
      vertex 103.321 -52.4037 0
    endloop
  endfacet
  facet normal 0.287111 -0.116255 0.950817
    outer loop
      vertex 103.75 -55.6094 14.1796
      vertex 104.616 -55.7877 13.8963
      vertex 103.767 -55.5118 14.1864
    endloop
  endfacet
  facet normal 0.287111 -0.116255 0.950817
    outer loop
      vertex 104.616 -55.7877 13.8963
      vertex 103.75 -55.6094 14.1796
      vertex 104.599 -55.8853 13.8895
    endloop
  endfacet
  facet normal 0.432274 0.84832 0.305765
    outer loop
      vertex 104.237 -52.5487 11.6926
      vertex 104.147 -52.8246 12.5853
      vertex 105.063 -52.9696 11.6926
    endloop
  endfacet
  facet normal 0.104132 -0.0869271 0.990757
    outer loop
      vertex 75.6581 -55.6121 17.1364
      vertex 75.574 -55.7402 17.134
      vertex 103.09 -55.6121 14.2532
    endloop
  endfacet
  facet normal 0.723913 0.368444 0.583266
    outer loop
      vertex 105.863 -54.5408 12.5853
      vertex 105.037 -54.1199 13.3446
      vertex 105.338 -54.7113 13.3446
    endloop
  endfacet
  facet normal 0.103969 -0.0871374 0.990756
    outer loop
      vertex 103.701 -55.6426 14.1864
      vertex 103.09 -55.6121 14.2532
      vertex 103.684 -55.7402 14.1796
    endloop
  endfacet
  facet normal 0.104174 0.804576 0.584641
    outer loop
      vertex 103.321 -53.2455 13.3446
      vertex 103.225 -52.7561 12.6882
      vertex 103.129 -53.2359 13.3656
    endloop
  endfacet
  facet normal 0.104196 0.804729 0.584426
    outer loop
      vertex 103.321 -52.6938 12.5853
      vertex 103.114 -52.7357 12.6799
      vertex 103.225 -52.7561 12.6882
    endloop
  endfacet
  facet normal 0.104231 0.804684 0.584483
    outer loop
      vertex 103.114 -52.7357 12.6799
      vertex 103.321 -52.6938 12.5853
      vertex 102.924 -52.6739 12.6287
    endloop
  endfacet
  facet normal 0.104478 0.804571 0.584594
    outer loop
      vertex 103.321 -52.6938 12.5853
      vertex 103.225 -52.7561 12.6882
      vertex 103.321 -53.2455 13.3446
    endloop
  endfacet
  facet normal 0.268717 0.527986 0.805619
    outer loop
      vertex 103.977 -53.3493 13.3446
      vertex 103.742 -54.0715 13.8963
      vertex 104.122 -54.2649 13.8963
    endloop
  endfacet
  facet normal 0.127076 0.80248 0.58299
    outer loop
      vertex 104.147 -52.8246 12.5853
      vertex 103.321 -52.6938 12.5853
      vertex 103.977 -53.3493 13.3446
    endloop
  endfacet
  facet normal 0.940372 0.149139 0.305708
    outer loop
      vertex 106.139 -54.4512 11.6926
      vertex 105.863 -54.5408 12.5853
      vertex 105.994 -55.3668 12.5853
    endloop
  endfacet
  facet normal 0.940466 0.148938 0.305517
    outer loop
      vertex 106.139 -54.4512 11.6926
      vertex 105.994 -55.3668 12.5853
      vertex 106.284 -55.3668 11.6926
    endloop
  endfacet
  facet normal -0.684115 0.43628 0.584506
    outer loop
      vertex 73.1062 -53.7921 15.5441
      vertex 73.1232 -53.7704 15.5478
      vertex 73.1159 -53.7651 15.5353
    endloop
  endfacet
  facet normal -0.683808 0.435935 0.585122
    outer loop
      vertex 73.1232 -53.7704 15.5478
      vertex 73.1062 -53.7921 15.5441
      vertex 73.1185 -53.792 15.5584
    endloop
  endfacet
  facet normal -0.680647 0.436336 0.588498
    outer loop
      vertex 73.1062 -53.7921 15.5441
      vertex 73.1159 -53.7651 15.5353
      vertex 73.0963 -53.795 15.5348
    endloop
  endfacet
  facet normal -0.686712 0.427858 0.587676
    outer loop
      vertex 73.1062 -53.7921 15.5441
      vertex 73.2255 -53.8447 15.7218
      vertex 73.1185 -53.792 15.5584
    endloop
  endfacet
  facet normal -0.682158 0.435969 0.58702
    outer loop
      vertex 73.4994 -54.1851 16.2929
      vertex 73.2255 -53.8447 15.7218
      vertex 73.1062 -53.7921 15.5441
    endloop
  endfacet
  facet normal -0.681822 0.436381 0.587104
    outer loop
      vertex 73.2255 -53.8447 15.7218
      vertex 73.4994 -54.1851 16.2929
      vertex 73.5622 -54.0894 16.2947
    endloop
  endfacet
  facet normal 0.269168 0.527972 0.805478
    outer loop
      vertex 104.568 -53.6506 13.3446
      vertex 103.977 -53.3493 13.3446
      vertex 104.122 -54.2649 13.8963
    endloop
  endfacet
  facet normal 0.141744 0.278504 0.949918
    outer loop
      vertex 103.742 -54.0715 13.8963
      vertex 103.466 -54.9205 14.1864
      vertex 104.122 -54.2649 13.8963
    endloop
  endfacet
  facet normal 0.308595 -0.0489496 0.949933
    outer loop
      vertex 103.79 -55.3668 14.1864
      vertex 103.767 -55.5118 14.1864
      vertex 104.683 -55.3668 13.8963
    endloop
  endfacet
  facet normal 0.308618 0.0491267 0.949917
    outer loop
      vertex 104.616 -54.9459 13.8963
      vertex 103.767 -55.2218 14.1864
      vertex 104.683 -55.3668 13.8963
    endloop
  endfacet
  facet normal 0.126973 0.802451 0.583053
    outer loop
      vertex 103.321 -52.6938 12.5853
      vertex 103.321 -53.2455 13.3446
      vertex 103.977 -53.3493 13.3446
    endloop
  endfacet
  facet normal 0.848882 0.431731 0.304972
    outer loop
      vertex 105.718 -53.6251 11.6926
      vertex 105.484 -53.7956 12.5853
      vertex 105.863 -54.5408 12.5853
    endloop
  endfacet
  facet normal 0.723922 0.368178 0.583423
    outer loop
      vertex 105.484 -53.7956 12.5853
      vertex 105.037 -54.1199 13.3446
      vertex 105.863 -54.5408 12.5853
    endloop
  endfacet
  facet normal 0.419209 0.418941 0.805452
    outer loop
      vertex 104.568 -53.6506 13.3446
      vertex 104.423 -54.5662 13.8963
      vertex 105.037 -54.1199 13.3446
    endloop
  endfacet
  facet normal 0.419319 0.418901 0.805415
    outer loop
      vertex 104.423 -54.5662 13.8963
      vertex 104.568 -53.6506 13.3446
      vertex 104.122 -54.2649 13.8963
    endloop
  endfacet
  facet normal 0.0497699 0.998761 0
    outer loop
      vertex 102.727 -52.3741 0
      vertex 103.321 -52.4037 11.6926
      vertex 103.321 -52.4037 0
    endloop
  endfacet
  facet normal 0.0497699 0.998761 0
    outer loop
      vertex 103.321 -52.4037 11.6926
      vertex 102.727 -52.3741 0
      vertex 102.727 -52.3741 11.7576
    endloop
  endfacet
  facet normal 0.432331 0.848267 0.305833
    outer loop
      vertex 105.063 -52.9696 11.6926
      vertex 104.147 -52.8246 12.5853
      vertex 104.892 -53.2043 12.5853
    endloop
  endfacet
  facet normal 0.368955 0.723917 0.582939
    outer loop
      vertex 104.892 -53.2043 12.5853
      vertex 104.147 -52.8246 12.5853
      vertex 104.568 -53.6506 13.3446
    endloop
  endfacet
  facet normal 0.802268 -0.127286 0.583237
    outer loop
      vertex 105.442 -55.3668 13.3446
      vertex 105.338 -56.0223 13.3446
      vertex 105.994 -55.3668 12.5853
    endloop
  endfacet
  facet normal 0.27857 0.141596 0.949921
    outer loop
      vertex 104.423 -54.5662 13.8963
      vertex 103.767 -55.2218 14.1864
      vertex 104.616 -54.9459 13.8963
    endloop
  endfacet
  facet normal -0.797456 0.518453 0.308659
    outer loop
      vertex 73.0963 -53.795 15.5348
      vertex 72.9947 -53.677 15.0741
      vertex 72.9589 -53.6586 14.9507
    endloop
  endfacet
  facet normal -0.797868 0.517856 0.308597
    outer loop
      vertex 72.9947 -53.677 15.0741
      vertex 73.0963 -53.795 15.5348
      vertex 73.1159 -53.7651 15.5353
    endloop
  endfacet
  facet normal 0.109522 0.0173724 0.993833
    outer loop
      vertex 103.767 -55.2218 14.1864
      vertex 103.179 -55.3363 14.2532
      vertex 103.79 -55.3668 14.1864
    endloop
  endfacet
  facet normal 0.109667 0.0166276 0.993829
    outer loop
      vertex 103.179 -55.3363 14.2532
      vertex 103.767 -55.2218 14.1864
      vertex 103.157 -55.1912 14.2532
    endloop
  endfacet
  facet normal 0.118446 0.286492 0.950733
    outer loop
      vertex 103.119 -54.1866 14.0086
      vertex 103.742 -54.0715 13.8963
      vertex 103.131 -54.0409 13.9632
    endloop
  endfacet
  facet normal 0.118478 0.286358 0.950769
    outer loop
      vertex 103.742 -54.0715 13.8963
      vertex 103.119 -54.1866 14.0086
      vertex 103.466 -54.9205 14.1864
    endloop
  endfacet
  facet normal 0.118496 0.286366 0.950764
    outer loop
      vertex 103.466 -54.9205 14.1864
      vertex 103.119 -54.1866 14.0086
      vertex 102.869 -54.8906 14.2518
    endloop
  endfacet
  facet normal 0.987691 0.156417 0
    outer loop
      vertex 106.284 -55.3668 11.6926
      vertex 106.139 -54.4512 0
      vertex 106.139 -54.4512 11.6926
    endloop
  endfacet
  facet normal 0.987691 0.156417 0
    outer loop
      vertex 106.139 -54.4512 0
      vertex 106.284 -55.3668 11.6926
      vertex 106.284 -55.3668 0
    endloop
  endfacet
  facet normal 0.848326 0.432327 0.305673
    outer loop
      vertex 106.139 -54.4512 11.6926
      vertex 105.718 -53.6251 11.6926
      vertex 105.863 -54.5408 12.5853
    endloop
  endfacet
  facet normal 0.707377 0.706837 0
    outer loop
      vertex 105.718 -53.6251 11.6926
      vertex 105.063 -52.9696 0
      vertex 105.063 -52.9696 11.6926
    endloop
  endfacet
  facet normal 0.707377 0.706837 0
    outer loop
      vertex 105.063 -52.9696 0
      vertex 105.718 -53.6251 11.6926
      vertex 105.718 -53.6251 0
    endloop
  endfacet
  facet normal 0.528261 0.268513 0.805506
    outer loop
      vertex 105.338 -54.7113 13.3446
      vertex 104.423 -54.5662 13.8963
      vertex 104.616 -54.9459 13.8963
    endloop
  endfacet
  facet normal 0.802268 0.127286 0.583237
    outer loop
      vertex 105.994 -55.3668 12.5853
      vertex 105.338 -54.7113 13.3446
      vertex 105.442 -55.3668 13.3446
    endloop
  endfacet
  facet normal 0.585421 0.0928814 0.805391
    outer loop
      vertex 105.338 -54.7113 13.3446
      vertex 104.683 -55.3668 13.8963
      vertex 105.442 -55.3668 13.3446
    endloop
  endfacet
  facet normal 0.985167 -0.171597 0
    outer loop
      vertex 106.122 -56.38 11.6858
      vertex 106.139 -56.2824 0
      vertex 106.139 -56.2824 11.6926
    endloop
  endfacet
  facet normal 0.985167 -0.171597 0
    outer loop
      vertex 106.139 -56.2824 0
      vertex 106.122 -56.38 11.6858
      vertex 106.122 -56.38 0
    endloop
  endfacet
  facet normal 0.802253 -0.127234 0.583269
    outer loop
      vertex 105.994 -55.3668 12.5853
      vertex 105.338 -56.0223 13.3446
      vertex 105.863 -56.1928 12.5853
    endloop
  endfacet
  facet normal 0.117261 0.57849 0.807217
    outer loop
      vertex 103.366 -53.3188 13.4115
      vertex 103.742 -54.0715 13.8963
      vertex 103.977 -53.3493 13.3446
    endloop
  endfacet
  facet normal 0.117354 0.578515 0.807185
    outer loop
      vertex 103.742 -54.0715 13.8963
      vertex 103.366 -53.3188 13.4115
      vertex 103.131 -54.0409 13.9632
    endloop
  endfacet
  facet normal 0.673461 0.672947 0.305929
    outer loop
      vertex 104.892 -53.2043 12.5853
      vertex 105.718 -53.6251 11.6926
      vertex 105.063 -52.9696 11.6926
    endloop
  endfacet
  facet normal 0.672994 0.673791 0.305099
    outer loop
      vertex 105.718 -53.6251 11.6926
      vertex 104.892 -53.2043 12.5853
      vertex 105.484 -53.7956 12.5853
    endloop
  endfacet
  facet normal 0.528251 0.268859 0.805398
    outer loop
      vertex 105.037 -54.1199 13.3446
      vertex 104.423 -54.5662 13.8963
      vertex 105.338 -54.7113 13.3446
    endloop
  endfacet
  facet normal 0.987691 -0.156417 0
    outer loop
      vertex 106.139 -56.2824 11.6926
      vertex 106.284 -55.3668 0
      vertex 106.284 -55.3668 11.6926
    endloop
  endfacet
  facet normal 0.987691 -0.156417 0
    outer loop
      vertex 106.284 -55.3668 0
      vertex 106.139 -56.2824 11.6926
      vertex 106.139 -56.2824 0
    endloop
  endfacet
  facet normal -0.0319877 0.00499229 0.999476
    outer loop
      vertex 74.8321 -55.1912 17.1364
      vertex 74.8239 -55.2037 17.1362
      vertex 74.8294 -55.2085 17.1364
    endloop
  endfacet
  facet normal 0.117114 0.23036 0.966032
    outer loop
      vertex 103.466 -54.9205 14.1864
      vertex 102.986 -54.9566 14.2532
      vertex 103.597 -54.9871 14.1864
    endloop
  endfacet
  facet normal 0.117316 0.228469 0.966457
    outer loop
      vertex 102.986 -54.9566 14.2532
      vertex 103.466 -54.9205 14.1864
      vertex 102.869 -54.8906 14.2518
    endloop
  endfacet
  facet normal 0.279299 0.140823 0.949822
    outer loop
      vertex 104.423 -54.5662 13.8963
      vertex 103.701 -55.0909 14.1864
      vertex 103.767 -55.2218 14.1864
    endloop
  endfacet
  facet normal 0.113587 0.113806 0.986988
    outer loop
      vertex 103.597 -54.9871 14.1864
      vertex 103.09 -55.0604 14.2532
      vertex 103.701 -55.0909 14.1864
    endloop
  endfacet
  facet normal 0.113587 0.113806 0.986988
    outer loop
      vertex 103.09 -55.0604 14.2532
      vertex 103.597 -54.9871 14.1864
      vertex 102.986 -54.9566 14.2532
    endloop
  endfacet
  facet normal 0.567476 -0.155182 0.808634
    outer loop
      vertex 104.599 -55.8853 13.8895
      vertex 105.338 -56.0223 13.3446
      vertex 104.616 -55.7877 13.8963
    endloop
  endfacet
  facet normal 0.568673 -0.149579 0.808849
    outer loop
      vertex 105.338 -56.0223 13.3446
      vertex 104.599 -55.8853 13.8895
      vertex 105.322 -56.1199 13.3378
    endloop
  endfacet
  facet normal 0.308618 -0.0491267 0.949917
    outer loop
      vertex 104.683 -55.3668 13.8963
      vertex 103.767 -55.5118 14.1864
      vertex 104.616 -55.7877 13.8963
    endloop
  endfacet
  facet normal 0.933699 -0.184032 0.307147
    outer loop
      vertex 105.846 -56.2904 12.5785
      vertex 106.139 -56.2824 11.6926
      vertex 105.863 -56.1928 12.5853
    endloop
  endfacet
  facet normal 0.933699 -0.184032 0.307147
    outer loop
      vertex 106.139 -56.2824 11.6926
      vertex 105.846 -56.2904 12.5785
      vertex 106.122 -56.38 11.6858
    endloop
  endfacet
  facet normal 0.940372 -0.149139 0.305708
    outer loop
      vertex 105.994 -55.3668 12.5853
      vertex 105.863 -56.1928 12.5853
      vertex 106.139 -56.2824 11.6926
    endloop
  endfacet
  facet normal -0.127662 0.0651917 0.989673
    outer loop
      vertex 74.8988 -55.0604 17.1364
      vertex 74.8221 -55.1772 17.1342
      vertex 74.8341 -55.1704 17.1353
    endloop
  endfacet
  facet normal -0.126512 0.0645132 0.989865
    outer loop
      vertex 74.8341 -55.1704 17.1353
      vertex 74.8321 -55.1912 17.1364
      vertex 74.8988 -55.0604 17.1364
    endloop
  endfacet
  facet normal -0.12187 0.0640991 0.990474
    outer loop
      vertex 74.8321 -55.1912 17.1364
      vertex 74.8341 -55.1704 17.1353
      vertex 74.8239 -55.2037 17.1362
    endloop
  endfacet
  facet normal -0.267384 0.157392 0.950649
    outer loop
      vertex 74.1229 -54.6378 16.8482
      vertex 74.8988 -55.0604 17.1364
      vertex 74.1766 -54.5357 16.8464
    endloop
  endfacet
  facet normal -0.267268 0.157603 0.950647
    outer loop
      vertex 74.8988 -55.0604 17.1364
      vertex 74.1229 -54.6378 16.8482
      vertex 74.8221 -55.1772 17.1342
    endloop
  endfacet
  facet normal -0.264017 0.155643 0.951877
    outer loop
      vertex 74.1229 -54.6378 16.8482
      vertex 74.1766 -54.5357 16.8464
      vertex 74.0994 -54.6532 16.8442
    endloop
  endfacet
  facet normal 0.107822 -0.0171028 0.994023
    outer loop
      vertex 103.179 -55.3363 14.2532
      vertex 103.767 -55.5118 14.1864
      vertex 103.79 -55.3668 14.1864
    endloop
  endfacet
  facet normal 0.108033 -0.0163912 0.994012
    outer loop
      vertex 103.767 -55.5118 14.1864
      vertex 103.179 -55.3363 14.2532
      vertex 103.157 -55.4813 14.2532
    endloop
  endfacet
  facet normal 0.308595 0.0489496 0.949933
    outer loop
      vertex 104.683 -55.3668 13.8963
      vertex 103.767 -55.2218 14.1864
      vertex 103.79 -55.3668 14.1864
    endloop
  endfacet
  facet normal 0.585232 0.0931588 0.805497
    outer loop
      vertex 105.338 -54.7113 13.3446
      vertex 104.616 -54.9459 13.8963
      vertex 104.683 -55.3668 13.8963
    endloop
  endfacet
  facet normal 0.792117 -0.170684 0.586018
    outer loop
      vertex 105.322 -56.1199 13.3378
      vertex 105.863 -56.1928 12.5853
      vertex 105.338 -56.0223 13.3446
    endloop
  endfacet
  facet normal 0.790623 -0.178518 0.585702
    outer loop
      vertex 105.863 -56.1928 12.5853
      vertex 105.322 -56.1199 13.3378
      vertex 105.846 -56.2904 12.5785
    endloop
  endfacet
  facet normal -0.498846 0.312618 0.808346
    outer loop
      vertex 74.1766 -54.5357 16.8464
      vertex 73.6413 -54.3137 16.4302
      vertex 74.0994 -54.6532 16.8442
    endloop
  endfacet
  facet normal -0.498963 0.312375 0.808367
    outer loop
      vertex 73.5622 -54.0894 16.2947
      vertex 73.6413 -54.3137 16.4302
      vertex 74.1766 -54.5357 16.8464
    endloop
  endfacet
  facet normal -0.498955 0.31238 0.80837
    outer loop
      vertex 73.5622 -54.0894 16.2947
      vertex 73.5118 -54.1831 16.2998
      vertex 73.6413 -54.3137 16.4302
    endloop
  endfacet
  facet normal -0.499865 0.31283 0.807634
    outer loop
      vertex 73.5118 -54.1831 16.2998
      vertex 73.5622 -54.0894 16.2947
      vertex 73.4994 -54.1851 16.2929
    endloop
  endfacet
  facet normal 0.205221 -0.103552 0.973222
    outer loop
      vertex 103.701 -55.6426 14.1864
      vertex 103.75 -55.6094 14.1796
      vertex 103.767 -55.5118 14.1864
    endloop
  endfacet
  facet normal 0.205221 -0.103552 0.973222
    outer loop
      vertex 103.75 -55.6094 14.1796
      vertex 103.701 -55.6426 14.1864
      vertex 103.684 -55.7402 14.1796
    endloop
  endfacet
  facet normal 0.14164 0.278602 0.949905
    outer loop
      vertex 104.122 -54.2649 13.8963
      vertex 103.466 -54.9205 14.1864
      vertex 103.597 -54.9871 14.1864
    endloop
  endfacet
  facet normal 0.104135 -0.0863939 0.990804
    outer loop
      vertex 103.09 -55.6121 14.2532
      vertex 75.574 -55.7402 17.134
      vertex 103.684 -55.7402 14.1796
    endloop
  endfacet
  facet normal 0.111471 0.0562038 0.992177
    outer loop
      vertex 103.701 -55.0909 14.1864
      vertex 103.157 -55.1912 14.2532
      vertex 103.767 -55.2218 14.1864
    endloop
  endfacet
  facet normal 0.111317 0.0570201 0.992148
    outer loop
      vertex 103.157 -55.1912 14.2532
      vertex 103.701 -55.0909 14.1864
      vertex 103.09 -55.0604 14.2532
    endloop
  endfacet
  facet normal 0.14272 0.283713 0.948229
    outer loop
      vertex 103.131 -54.0409 13.9632
      vertex 103.086 -54.1827 14.0124
      vertex 103.119 -54.1866 14.0086
    endloop
  endfacet
  facet normal 0.144539 0.283103 0.948136
    outer loop
      vertex 103.086 -54.1827 14.0124
      vertex 103.131 -54.0409 13.9632
      vertex 102.707 -53.9892 14.0124
    endloop
  endfacet
  facet normal 0.129595 0.129845 0.983029
    outer loop
      vertex 102.986 -54.9566 14.2532
      vertex 102.665 -55.0087 14.3024
      vertex 103.09 -55.0604 14.2532
    endloop
  endfacet
  facet normal 0.129785 0.128785 0.983143
    outer loop
      vertex 102.665 -55.0087 14.3024
      vertex 102.986 -54.9566 14.2532
      vertex 102.562 -54.9049 14.3024
    endloop
  endfacet
  facet normal 0.164517 0.794207 0.584952
    outer loop
      vertex 103.129 -53.2359 13.3656
      vertex 102.941 -53.267 13.4607
      vertex 103.366 -53.3188 13.4115
    endloop
  endfacet
  facet normal 0.164893 0.793702 0.585531
    outer loop
      vertex 103.129 -53.2359 13.3656
      vertex 103.112 -52.7423 12.7013
      vertex 102.941 -53.267 13.4607
    endloop
  endfacet
  facet normal 0.164812 0.793712 0.585541
    outer loop
      vertex 103.112 -52.7423 12.7013
      vertex 103.129 -53.2359 13.3656
      vertex 103.225 -52.7561 12.6882
    endloop
  endfacet
  facet normal 0.0148103 -0.0290433 0.999468
    outer loop
      vertex 75.4574 -55.7309 17.1374
      vertex 75.5543 -55.7159 17.1364
      vertex 75.5882 -55.6642 17.1374
    endloop
  endfacet
  facet normal 0.0148109 -0.029047 0.999468
    outer loop
      vertex 75.5543 -55.7159 17.1364
      vertex 75.4574 -55.7309 17.1374
      vertex 75.4886 -55.7494 17.1364
    endloop
  endfacet
  facet normal 0.0159368 -0.0271501 0.999504
    outer loop
      vertex 75.4886 -55.7494 17.1364
      vertex 75.4574 -55.7309 17.1374
      vertex 75.4495 -55.7429 17.1372
    endloop
  endfacet
  facet normal -0.267605 0.157082 0.950638
    outer loop
      vertex 74.1766 -54.5357 16.8464
      vertex 74.9327 -55.0087 17.1374
      vertex 74.2105 -54.484 16.8474
    endloop
  endfacet
  facet normal -0.267605 0.157082 0.950638
    outer loop
      vertex 74.9327 -55.0087 17.1374
      vertex 74.1766 -54.5357 16.8464
      vertex 74.8988 -55.0604 17.1364
    endloop
  endfacet
  facet normal 0.122287 0.0626392 0.990516
    outer loop
      vertex 103.09 -55.0604 14.2532
      vertex 102.732 -55.1395 14.3024
      vertex 103.157 -55.1912 14.2532
    endloop
  endfacet
  facet normal 0.122287 0.0626392 0.990516
    outer loop
      vertex 102.732 -55.1395 14.3024
      vertex 103.09 -55.0604 14.2532
      vertex 102.665 -55.0087 14.3024
    endloop
  endfacet
  facet normal 0.108167 -0.0554064 0.992588
    outer loop
      vertex 102.732 -55.4296 14.3024
      vertex 103.09 -55.6121 14.2532
      vertex 103.157 -55.4813 14.2532
    endloop
  endfacet
  facet normal 0.108167 -0.0554064 0.992588
    outer loop
      vertex 103.09 -55.6121 14.2532
      vertex 102.732 -55.4296 14.3024
      vertex 102.665 -55.5604 14.3024
    endloop
  endfacet
  facet normal 0.104133 -0.0868278 0.990766
    outer loop
      vertex 102.665 -55.5604 14.3024
      vertex 75.6581 -55.6121 17.1364
      vertex 103.09 -55.6121 14.2532
    endloop
  endfacet
  facet normal 0.150145 0.940715 0.304159
    outer loop
      vertex 103.114 -52.7357 12.6799
      vertex 103.112 -52.7423 12.7013
      vertex 103.225 -52.7561 12.6882
    endloop
  endfacet
  facet normal 0.162513 0.565098 0.80886
    outer loop
      vertex 102.941 -53.267 13.4607
      vertex 103.131 -54.0409 13.9632
      vertex 103.366 -53.3188 13.4115
    endloop
  endfacet
  facet normal 0.162758 0.565117 0.808797
    outer loop
      vertex 103.131 -54.0409 13.9632
      vertex 102.941 -53.267 13.4607
      vertex 102.707 -53.9892 14.0124
    endloop
  endfacet
  facet normal 0.142223 0.277704 0.95008
    outer loop
      vertex 103.086 -54.1827 14.0124
      vertex 102.869 -54.8906 14.2518
      vertex 103.119 -54.1866 14.0086
    endloop
  endfacet
  facet normal 0.143666 0.277235 0.95
    outer loop
      vertex 102.869 -54.8906 14.2518
      vertex 103.086 -54.1827 14.0124
      vertex 102.562 -54.9049 14.3024
    endloop
  endfacet
  facet normal 0.143856 0.275181 0.950569
    outer loop
      vertex 102.986 -54.9566 14.2532
      vertex 102.869 -54.8906 14.2518
      vertex 102.562 -54.9049 14.3024
    endloop
  endfacet
  facet normal -0.683292 0.437512 0.584547
    outer loop
      vertex 73.1286 -53.7458 15.5357
      vertex 73.1159 -53.7651 15.5353
      vertex 73.1232 -53.7704 15.5478
    endloop
  endfacet
  facet normal -0.681398 0.437014 0.587125
    outer loop
      vertex 73.5622 -54.0894 16.2947
      vertex 73.5516 -54.0053 16.2198
      vertex 73.2255 -53.8447 15.7218
    endloop
  endfacet
  facet normal -0.681585 0.436883 0.587005
    outer loop
      vertex 73.5516 -54.0053 16.2198
      vertex 73.5622 -54.0894 16.2947
      vertex 73.5962 -54.0377 16.2957
    endloop
  endfacet
  facet normal -0.485361 0.314145 0.815928
    outer loop
      vertex 73.5962 -54.0377 16.2957
      vertex 73.5941 -54.0838 16.3122
      vertex 73.6 -54.0404 16.299
    endloop
  endfacet
  facet normal -0.498472 0.312172 0.808748
    outer loop
      vertex 73.5941 -54.0838 16.3122
      vertex 73.5962 -54.0377 16.2957
      vertex 73.5622 -54.0894 16.2947
    endloop
  endfacet
  facet normal -0.49941 0.311831 0.808301
    outer loop
      vertex 73.7745 -54.1672 16.4558
      vertex 74.1766 -54.5357 16.8464
      vertex 74.2105 -54.484 16.8474
    endloop
  endfacet
  facet normal -0.498435 0.313515 0.808251
    outer loop
      vertex 73.5622 -54.0894 16.2947
      vertex 73.7745 -54.1672 16.4558
      vertex 73.5941 -54.0838 16.3122
    endloop
  endfacet
  facet normal -0.49892 0.312439 0.80837
    outer loop
      vertex 73.7745 -54.1672 16.4558
      vertex 73.5622 -54.0894 16.2947
      vertex 74.1766 -54.5357 16.8464
    endloop
  endfacet
  facet normal 0.104127 -0.0876408 0.990695
    outer loop
      vertex 75.6921 -55.5604 17.1374
      vertex 75.6581 -55.6121 17.1364
      vertex 102.665 -55.5604 14.3024
    endloop
  endfacet
  facet normal -0.130576 0.0664862 0.989206
    outer loop
      vertex 74.8988 -55.0604 17.1364
      vertex 74.8661 -55.1395 17.1374
      vertex 74.9327 -55.0087 17.1374
    endloop
  endfacet
  facet normal -0.129563 0.0660694 0.989368
    outer loop
      vertex 74.8661 -55.1395 17.1374
      vertex 74.8988 -55.0604 17.1364
      vertex 74.8321 -55.1912 17.1364
    endloop
  endfacet
  facet normal 0.0561605 -0.0562146 0.996838
    outer loop
      vertex 75.5882 -55.6642 17.1374
      vertex 75.6581 -55.6121 17.1364
      vertex 75.6921 -55.5604 17.1374
    endloop
  endfacet
  facet normal 0.0560033 -0.0560033 0.996859
    outer loop
      vertex 75.6581 -55.6121 17.1364
      vertex 75.5882 -55.6642 17.1374
      vertex 75.5543 -55.7159 17.1364
    endloop
  endfacet
  facet normal -0.835314 0.549773 0
    outer loop
      vertex 72.8814 -53.5943 14.6427
      vertex 72.8943 -53.5747 0
      vertex 72.8814 -53.5943 0
    endloop
  endfacet
  facet normal -0.835314 0.549773 0
    outer loop
      vertex 72.8943 -53.5747 0
      vertex 72.8814 -53.5943 14.6427
      vertex 72.8943 -53.5747 14.6431
    endloop
  endfacet
  facet normal 0.00287805 -0.0185584 0.999824
    outer loop
      vertex 75.4574 -55.7309 17.1374
      vertex 75.4387 -55.7338 17.1374
      vertex 75.4495 -55.7429 17.1372
    endloop
  endfacet
  facet normal 0.113177 -0.0171717 0.993426
    outer loop
      vertex 102.755 -55.2845 14.3024
      vertex 103.157 -55.4813 14.2532
      vertex 103.179 -55.3363 14.2532
    endloop
  endfacet
  facet normal 0.112831 -0.017885 0.993453
    outer loop
      vertex 103.157 -55.4813 14.2532
      vertex 102.755 -55.2845 14.3024
      vertex 102.732 -55.4296 14.3024
    endloop
  endfacet
  facet normal 0.117391 0.0177988 0.992926
    outer loop
      vertex 103.157 -55.1912 14.2532
      vertex 102.755 -55.2845 14.3024
      vertex 103.179 -55.3363 14.2532
    endloop
  endfacet
  facet normal 0.117208 0.0185917 0.992933
    outer loop
      vertex 102.755 -55.2845 14.3024
      vertex 103.157 -55.1912 14.2532
      vertex 102.732 -55.1395 14.3024
    endloop
  endfacet
  facet normal -0.797515 0.518394 0.308606
    outer loop
      vertex 73.1286 -53.7458 15.5357
      vertex 72.9947 -53.677 15.0741
      vertex 73.1159 -53.7651 15.5353
    endloop
  endfacet
  facet normal -0.797107 0.518304 0.309809
    outer loop
      vertex 72.8943 -53.5747 14.6431
      vertex 72.8814 -53.5943 14.6427
      vertex 72.8882 -53.5897 14.6525
    endloop
  endfacet
  facet normal -0.0334549 0.00531526 0.999426
    outer loop
      vertex 74.8661 -55.1395 17.1374
      vertex 74.8467 -55.224 17.1372
      vertex 74.8508 -55.2358 17.1374
    endloop
  endfacet
  facet normal -0.0396253 0.00673245 0.999192
    outer loop
      vertex 74.8321 -55.1912 17.1364
      vertex 74.8467 -55.224 17.1372
      vertex 74.8661 -55.1395 17.1374
    endloop
  endfacet
  facet normal -0.0405357 0.00632638 0.999158
    outer loop
      vertex 74.8467 -55.224 17.1372
      vertex 74.8321 -55.1912 17.1364
      vertex 74.8294 -55.2085 17.1364
    endloop
  endfacet
  facet normal 0.191395 0.981513 0
    outer loop
      vertex 85.2014 -48.9765 0
      vertex 91.2014 -50.1465 13.274
      vertex 91.2014 -50.1465 0
    endloop
  endfacet
  facet normal 0.191395 0.981513 0
    outer loop
      vertex 91.2014 -50.1465 13.274
      vertex 85.2014 -48.9765 0
      vertex 85.2014 -48.9765 14.0075
    endloop
  endfacet
  facet normal 0.218227 0.926021 0.307998
    outer loop
      vertex 91.1118 -50.4223 14.1667
      vertex 85.2014 -48.9765 14.0075
      vertex 85.1118 -49.2523 14.9002
    endloop
  endfacet
  facet normal 0.218227 0.926021 0.307998
    outer loop
      vertex 85.2014 -48.9765 14.0075
      vertex 91.1118 -50.4223 14.1667
      vertex 91.2014 -50.1465 13.274
    endloop
  endfacet
  facet normal 0.206288 0.5508 0.808742
    outer loop
      vertex 84.9413 -49.777 15.6596
      vertex 90.7067 -51.6692 15.4777
      vertex 90.9413 -50.947 14.926
    endloop
  endfacet
  facet normal 0.206288 0.5508 0.808742
    outer loop
      vertex 90.7067 -51.6692 15.4777
      vertex 84.9413 -49.777 15.6596
      vertex 84.7067 -50.4992 16.2113
    endloop
  endfacet
  facet normal 0.117752 -0.018678 0.992867
    outer loop
      vertex 84.7321 -51.9395 16.5013
      vertex 90.7551 -52.9645 15.7677
      vertex 84.7551 -51.7945 16.5013
    endloop
  endfacet
  facet normal 0.117752 -0.018678 0.992867
    outer loop
      vertex 90.7551 -52.9645 15.7677
      vertex 84.7321 -51.9395 16.5013
      vertex 90.7321 -53.1095 15.7677
    endloop
  endfacet
  facet normal 0.0802867 -0.0802867 0.993533
    outer loop
      vertex 76.7892 -52.1742 17.3182
      vertex 76.5484 -53.2404 17.2515
      vertex 76.893 -52.0704 17.3182
    endloop
  endfacet
  facet normal 0.0802867 -0.0802867 0.993533
    outer loop
      vertex 76.5484 -53.2404 17.2515
      vertex 76.7892 -52.1742 17.3182
      vertex 76.4446 -53.3442 17.2515
    endloop
  endfacet
  facet normal -0.917042 0.252472 0.308695
    outer loop
      vertex 73.3507 -52.0489 14.7577
      vertex 73.9711 -50.9685 15.7171
      vertex 73.6953 -50.8789 14.8245
    endloop
  endfacet
  facet normal -0.917044 0.2525 0.308664
    outer loop
      vertex 73.9711 -50.9685 15.7171
      vertex 73.3507 -52.0489 14.7577
      vertex 73.6265 -52.1385 15.6504
    endloop
  endfacet
  facet normal 0.181513 0.356084 0.916655
    outer loop
      vertex 90.7067 -51.6692 15.4777
      vertex 85.0863 -50.6927 16.2113
      vertex 91.0863 -51.8627 15.4777
    endloop
  endfacet
  facet normal 0.181513 0.356084 0.916655
    outer loop
      vertex 85.0863 -50.6927 16.2113
      vertex 90.7067 -51.6692 15.4777
      vertex 84.7067 -50.4992 16.2113
    endloop
  endfacet
  facet normal 0.223492 0.777722 0.587537
    outer loop
      vertex 90.9413 -50.947 14.926
      vertex 85.1118 -49.2523 14.9002
      vertex 84.9413 -49.777 15.6596
    endloop
  endfacet
  facet normal 0.223482 0.777686 0.587588
    outer loop
      vertex 85.1118 -49.2523 14.9002
      vertex 90.9413 -50.947 14.926
      vertex 91.1118 -50.4223 14.1667
    endloop
  endfacet
  facet normal 0.0341122 -0.0668947 0.997177
    outer loop
      vertex 76.6584 -52.2409 17.3182
      vertex 76.4446 -53.3442 17.2515
      vertex 76.7892 -52.1742 17.3182
    endloop
  endfacet
  facet normal 0.0340833 -0.0668891 0.997178
    outer loop
      vertex 76.4446 -53.3442 17.2515
      vertex 76.6584 -52.2409 17.3182
      vertex 76.3137 -53.4109 17.2515
    endloop
  endfacet
  facet normal -0.576663 0.123807 0.807547
    outer loop
      vertex 74.1512 -52.309 16.4098
      vertex 75.218 -51.3737 17.0282
      vertex 74.4958 -51.139 16.4765
    endloop
  endfacet
  facet normal -0.576663 0.123807 0.807547
    outer loop
      vertex 75.218 -51.3737 17.0282
      vertex 74.1512 -52.309 16.4098
      vertex 74.8734 -52.5437 16.9615
    endloop
  endfacet
  facet normal -0.785137 0.197789 0.58689
    outer loop
      vertex 73.6265 -52.1385 15.6504
      vertex 74.4958 -51.139 16.4765
      vertex 73.9711 -50.9685 15.7171
    endloop
  endfacet
  facet normal -0.785137 0.197789 0.58689
    outer loop
      vertex 74.4958 -51.139 16.4765
      vertex 73.6265 -52.1385 15.6504
      vertex 74.1512 -52.309 16.4098
    endloop
  endfacet
  facet normal 0.110375 -0.0561571 0.992302
    outer loop
      vertex 84.7321 -51.9395 16.5013
      vertex 90.6655 -53.2404 15.7677
      vertex 90.7321 -53.1095 15.7677
    endloop
  endfacet
  facet normal 0.110375 -0.0561571 0.992302
    outer loop
      vertex 90.6655 -53.2404 15.7677
      vertex 84.7321 -51.9395 16.5013
      vertex 84.6655 -52.0704 16.5013
    endloop
  endfacet
  facet normal -0.959258 0.28253 0
    outer loop
      vertex 73.3507 -52.0489 14.7577
      vertex 73.6953 -50.8789 0
      vertex 73.3507 -52.0489 0
    endloop
  endfacet
  facet normal -0.959258 0.28253 0
    outer loop
      vertex 73.6953 -50.8789 0
      vertex 73.3507 -52.0489 14.7577
      vertex 73.6953 -50.8789 14.8245
    endloop
  endfacet
  facet normal 0.104127 -0.0872117 0.990733
    outer loop
      vertex 84.6655 -52.0704 16.5013
      vertex 76.893 -52.0704 17.3182
      vertex 90.6655 -53.2404 15.7677
    endloop
  endfacet
  facet normal 0.104133 -0.0871508 0.990738
    outer loop
      vertex 76.893 -52.0704 17.3182
      vertex 76.5484 -53.2404 17.2515
      vertex 90.6655 -53.2404 15.7677
    endloop
  endfacet
  facet normal 0.167057 0.26047 0.950919
    outer loop
      vertex 85.0863 -50.6927 16.2113
      vertex 90.5616 -52.5849 15.7677
      vertex 91.0863 -51.8627 15.4777
    endloop
  endfacet
  facet normal 0.167057 0.26047 0.950919
    outer loop
      vertex 90.5616 -52.5849 15.7677
      vertex 85.0863 -50.6927 16.2113
      vertex 84.5616 -51.4149 16.5013
    endloop
  endfacet
  facet normal 0.134197 0.0683295 0.988596
    outer loop
      vertex 90.6655 -52.6887 15.7677
      vertex 84.7321 -51.6495 16.5013
      vertex 90.7321 -52.8195 15.7677
    endloop
  endfacet
  facet normal 0.134197 0.0683295 0.988596
    outer loop
      vertex 84.7321 -51.6495 16.5013
      vertex 90.6655 -52.6887 15.7677
      vertex 84.6655 -51.5187 16.5013
    endloop
  endfacet
  facet normal -0.0706758 -0.0360128 0.996849
    outer loop
      vertex 75.7224 -53.1095 17.2515
      vertex 76.1337 -52.0704 17.3182
      vertex 76.067 -51.9395 17.3182
    endloop
  endfacet
  facet normal -0.0707352 -0.035989 0.996846
    outer loop
      vertex 76.1337 -52.0704 17.3182
      vertex 75.7224 -53.1095 17.2515
      vertex 75.789 -53.2404 17.2515
    endloop
  endfacet
  facet normal -0.308786 0.0367645 0.950421
    outer loop
      vertex 75.1514 -51.7945 17.0282
      vertex 75.6994 -52.9645 17.2515
      vertex 76.044 -51.7945 17.3182
    endloop
  endfacet
  facet normal -0.308754 0.0367811 0.95043
    outer loop
      vertex 75.6994 -52.9645 17.2515
      vertex 75.1514 -51.7945 17.0282
      vertex 74.8067 -52.9645 16.9615
    endloop
  endfacet
  facet normal 0.00941872 -0.0596793 0.998173
    outer loop
      vertex 76.5133 -52.2638 17.3182
      vertex 76.3137 -53.4109 17.2515
      vertex 76.6584 -52.2409 17.3182
    endloop
  endfacet
  facet normal 0.0094254 -0.0596805 0.998173
    outer loop
      vertex 76.3137 -53.4109 17.2515
      vertex 76.5133 -52.2638 17.3182
      vertex 76.1687 -53.4338 17.2515
    endloop
  endfacet
  facet normal -0.0252358 -0.0494878 0.998456
    outer loop
      vertex 75.8929 -53.3442 17.2515
      vertex 76.3683 -52.2409 17.3182
      vertex 76.2375 -52.1742 17.3182
    endloop
  endfacet
  facet normal -0.0252358 -0.0494878 0.998456
    outer loop
      vertex 76.3683 -52.2409 17.3182
      vertex 75.8929 -53.3442 17.2515
      vertex 76.0237 -53.4109 17.2515
    endloop
  endfacet
  facet normal -0.385244 0.0609726 0.920798
    outer loop
      vertex 74.8734 -52.5437 16.9615
      vertex 75.1514 -51.7945 17.0282
      vertex 75.218 -51.3737 17.0282
    endloop
  endfacet
  facet normal -0.385607 0.0611217 0.920636
    outer loop
      vertex 75.1514 -51.7945 17.0282
      vertex 74.8734 -52.5437 16.9615
      vertex 74.8067 -52.9645 16.9615
    endloop
  endfacet
  facet normal -0.124797 -0.0197953 0.991985
    outer loop
      vertex 75.6994 -52.9645 17.2515
      vertex 76.067 -51.9395 17.3182
      vertex 76.044 -51.7945 17.3182
    endloop
  endfacet
  facet normal -0.124797 -0.0197953 0.991985
    outer loop
      vertex 76.067 -51.9395 17.3182
      vertex 75.6994 -52.9645 17.2515
      vertex 75.7224 -53.1095 17.2515
    endloop
  endfacet
  facet normal 0.148527 0.14867 0.977669
    outer loop
      vertex 90.5616 -52.5849 15.7677
      vertex 84.6655 -51.5187 16.5013
      vertex 90.6655 -52.6887 15.7677
    endloop
  endfacet
  facet normal 0.148527 0.14867 0.977669
    outer loop
      vertex 84.6655 -51.5187 16.5013
      vertex 90.5616 -52.5849 15.7677
      vertex 84.5616 -51.4149 16.5013
    endloop
  endfacet
  facet normal 0.125152 0.0198517 0.991939
    outer loop
      vertex 90.7321 -52.8195 15.7677
      vertex 84.7551 -51.7945 16.5013
      vertex 90.7551 -52.9645 15.7677
    endloop
  endfacet
  facet normal 0.125152 0.0198517 0.991939
    outer loop
      vertex 84.7551 -51.7945 16.5013
      vertex 90.7321 -52.8195 15.7677
      vertex 84.7321 -51.6495 16.5013
    endloop
  endfacet
  facet normal -0.04395 -0.04395 0.998067
    outer loop
      vertex 75.789 -53.2404 17.2515
      vertex 76.2375 -52.1742 17.3182
      vertex 76.1337 -52.0704 17.3182
    endloop
  endfacet
  facet normal -0.0439202 -0.0439625 0.998067
    outer loop
      vertex 76.2375 -52.1742 17.3182
      vertex 75.789 -53.2404 17.2515
      vertex 75.8929 -53.3442 17.2515
    endloop
  endfacet
  facet normal -0.00859018 -0.054392 0.998483
    outer loop
      vertex 76.3683 -52.2409 17.3182
      vertex 76.1687 -53.4338 17.2515
      vertex 76.5133 -52.2638 17.3182
    endloop
  endfacet
  facet normal -0.00859018 -0.054392 0.998483
    outer loop
      vertex 76.1687 -53.4338 17.2515
      vertex 76.3683 -52.2409 17.3182
      vertex 76.0237 -53.4109 17.2515
    endloop
  endfacet
  facet normal 0.104291 -0.0676509 0.992243
    outer loop
      vertex 76.5484 -53.2404 17.2515
      vertex 76.5476 -53.2431 17.2514
      vertex 90.6655 -53.2404 15.7677
    endloop
  endfacet
  facet normal 0.122625 0.0194374 0.992263
    outer loop
      vertex 90.7463 -52.8222 15.766
      vertex 90.7551 -52.9645 15.7677
      vertex 90.7693 -52.9673 15.766
    endloop
  endfacet
  facet normal 0.122488 0.0194292 0.99228
    outer loop
      vertex 90.7551 -52.9645 15.7677
      vertex 90.7463 -52.8222 15.766
      vertex 90.7321 -52.8195 15.7677
    endloop
  endfacet
  facet normal 0.104229 -0.0761951 0.99163
    outer loop
      vertex 90.6655 -53.2404 15.7677
      vertex 76.5476 -53.2431 17.2514
      vertex 90.6797 -53.2431 15.766
    endloop
  endfacet
  facet normal -0.0801121 -0.0127074 0.996705
    outer loop
      vertex 75.6986 -52.9673 17.2514
      vertex 75.7224 -53.1095 17.2515
      vertex 75.6994 -52.9645 17.2515
    endloop
  endfacet
  facet normal -0.0801121 -0.0127074 0.996705
    outer loop
      vertex 75.7224 -53.1095 17.2515
      vertex 75.6986 -52.9673 17.2514
      vertex 75.7216 -53.1123 17.2514
    endloop
  endfacet
  facet normal 0.144698 0.144698 0.978839
    outer loop
      vertex 90.5759 -52.5876 15.766
      vertex 90.6655 -52.6887 15.7677
      vertex 90.6797 -52.6914 15.766
    endloop
  endfacet
  facet normal 0.14353 0.143668 0.979162
    outer loop
      vertex 90.6655 -52.6887 15.7677
      vertex 90.5759 -52.5876 15.766
      vertex 90.5616 -52.5849 15.7677
    endloop
  endfacet
  facet normal 0.186794 0.982399 0
    outer loop
      vertex 91.2014 -50.1465 0
      vertex 91.2156 -50.1492 13.2723
      vertex 91.2156 -50.1492 0
    endloop
  endfacet
  facet normal 0.186794 0.982399 0
    outer loop
      vertex 91.2156 -50.1492 13.2723
      vertex 91.2014 -50.1465 0
      vertex 91.2014 -50.1465 13.274
    endloop
  endfacet
  facet normal -0.00539364 -0.0341519 0.999402
    outer loop
      vertex 76.0237 -53.4109 17.2515
      vertex 76.1679 -53.4366 17.2514
      vertex 76.1687 -53.4338 17.2515
    endloop
  endfacet
  facet normal -0.00560753 -0.0353518 0.999359
    outer loop
      vertex 76.1679 -53.4366 17.2514
      vertex 76.0237 -53.4109 17.2515
      vertex 76.0229 -53.4136 17.2514
    endloop
  endfacet
  facet normal 0.0524864 -0.0524864 0.997241
    outer loop
      vertex 76.4446 -53.3442 17.2515
      vertex 76.5476 -53.2431 17.2514
      vertex 76.5484 -53.2404 17.2515
    endloop
  endfacet
  facet normal 0.0553053 -0.0553586 0.996934
    outer loop
      vertex 76.5476 -53.2431 17.2514
      vertex 76.4446 -53.3442 17.2515
      vertex 76.4437 -53.3469 17.2514
    endloop
  endfacet
  facet normal 0.022705 -0.044559 0.998749
    outer loop
      vertex 76.3137 -53.4109 17.2515
      vertex 76.4437 -53.3469 17.2514
      vertex 76.4446 -53.3442 17.2515
    endloop
  endfacet
  facet normal 0.0222215 -0.0435769 0.998803
    outer loop
      vertex 76.4437 -53.3469 17.2514
      vertex 76.3137 -53.4109 17.2515
      vertex 76.3129 -53.4136 17.2514
    endloop
  endfacet
  facet normal 0.00613171 -0.0388252 0.999227
    outer loop
      vertex 76.1687 -53.4338 17.2515
      vertex 76.3129 -53.4136 17.2514
      vertex 76.3137 -53.4109 17.2515
    endloop
  endfacet
  facet normal 0.0059297 -0.0373829 0.999283
    outer loop
      vertex 76.3129 -53.4136 17.2514
      vertex 76.1687 -53.4338 17.2515
      vertex 76.1679 -53.4366 17.2514
    endloop
  endfacet
  facet normal 0.176017 0.345302 0.921837
    outer loop
      vertex 90.7209 -51.6719 15.476
      vertex 91.0863 -51.8627 15.4777
      vertex 91.1005 -51.8654 15.476
    endloop
  endfacet
  facet normal 0.176017 0.345302 0.921837
    outer loop
      vertex 91.0863 -51.8627 15.4777
      vertex 90.7209 -51.6719 15.476
      vertex 90.7067 -51.6692 15.4777
    endloop
  endfacet
  facet normal -0.308509 0.0542284 0.949675
    outer loop
      vertex 74.8067 -52.9645 16.9615
      vertex 75.6986 -52.9673 17.2514
      vertex 75.6994 -52.9645 17.2515
    endloop
  endfacet
  facet normal -0.308995 0.0203669 0.950845
    outer loop
      vertex 75.6986 -52.9673 17.2514
      vertex 74.8067 -52.9645 16.9615
      vertex 74.8059 -52.9673 16.9613
    endloop
  endfacet
  facet normal 0.107993 -0.0549874 0.99263
    outer loop
      vertex 90.7321 -53.1095 15.7677
      vertex 90.6797 -53.2431 15.766
      vertex 90.7463 -53.1123 15.766
    endloop
  endfacet
  facet normal 0.108349 -0.0551262 0.992583
    outer loop
      vertex 90.6797 -53.2431 15.766
      vertex 90.7321 -53.1095 15.7677
      vertex 90.6655 -53.2404 15.7677
    endloop
  endfacet
  facet normal 0.131109 0.0667572 0.989118
    outer loop
      vertex 90.6797 -52.6914 15.766
      vertex 90.7321 -52.8195 15.7677
      vertex 90.7463 -52.8222 15.766
    endloop
  endfacet
  facet normal 0.131109 0.0667572 0.989118
    outer loop
      vertex 90.7321 -52.8195 15.7677
      vertex 90.6797 -52.6914 15.766
      vertex 90.6655 -52.6887 15.7677
    endloop
  endfacet
  facet normal -0.958798 0.284088 0
    outer loop
      vertex 73.3499 -52.0516 14.7576
      vertex 73.3507 -52.0489 0
      vertex 73.3499 -52.0516 0
    endloop
  endfacet
  facet normal -0.958798 0.284088 0
    outer loop
      vertex 73.3507 -52.0489 0
      vertex 73.3499 -52.0516 14.7576
      vertex 73.3507 -52.0489 14.7577
    endloop
  endfacet
  facet normal -0.915007 0.259678 0.308755
    outer loop
      vertex 73.3499 -52.0516 14.7576
      vertex 73.6265 -52.1385 15.6504
      vertex 73.3507 -52.0489 14.7577
    endloop
  endfacet
  facet normal -0.915007 0.259678 0.308755
    outer loop
      vertex 73.6265 -52.1385 15.6504
      vertex 73.3499 -52.0516 14.7576
      vertex 73.6257 -52.1412 15.6503
    endloop
  endfacet
  facet normal 0.205491 0.551123 0.808726
    outer loop
      vertex 90.9413 -50.947 14.926
      vertex 90.7209 -51.6719 15.476
      vertex 90.9555 -50.9498 14.9243
    endloop
  endfacet
  facet normal 0.201849 0.552311 0.808832
    outer loop
      vertex 90.7209 -51.6719 15.476
      vertex 90.9413 -50.947 14.926
      vertex 90.7067 -51.6692 15.4777
    endloop
  endfacet
  facet normal -0.0285269 -0.0285544 0.999185
    outer loop
      vertex 75.7882 -53.2431 17.2514
      vertex 75.8929 -53.3442 17.2515
      vertex 75.789 -53.2404 17.2515
    endloop
  endfacet
  facet normal -0.0285269 -0.0285544 0.999185
    outer loop
      vertex 75.8929 -53.3442 17.2515
      vertex 75.7882 -53.2431 17.2514
      vertex 75.8921 -53.3469 17.2514
    endloop
  endfacet
  facet normal -0.0163969 -0.0321546 0.999348
    outer loop
      vertex 75.8921 -53.3469 17.2514
      vertex 76.0237 -53.4109 17.2515
      vertex 75.8929 -53.3442 17.2515
    endloop
  endfacet
  facet normal -0.0163969 -0.0321546 0.999348
    outer loop
      vertex 76.0237 -53.4109 17.2515
      vertex 75.8921 -53.3469 17.2514
      vertex 76.0229 -53.4136 17.2514
    endloop
  endfacet
  facet normal -0.472178 0.0748438 0.87832
    outer loop
      vertex 74.8726 -52.5464 16.9613
      vertex 74.8067 -52.9645 16.9615
      vertex 74.8734 -52.5437 16.9615
    endloop
  endfacet
  facet normal -0.488033 0.0773386 0.869392
    outer loop
      vertex 74.8067 -52.9645 16.9615
      vertex 74.8726 -52.5464 16.9613
      vertex 74.8059 -52.9673 16.9613
    endloop
  endfacet
  facet normal -0.0448949 -0.0228418 0.998731
    outer loop
      vertex 75.7216 -53.1123 17.2514
      vertex 75.789 -53.2404 17.2515
      vertex 75.7224 -53.1095 17.2515
    endloop
  endfacet
  facet normal -0.0459208 -0.0233817 0.998671
    outer loop
      vertex 75.789 -53.2404 17.2515
      vertex 75.7216 -53.1123 17.2514
      vertex 75.7882 -53.2431 17.2514
    endloop
  endfacet
  facet normal 0.163806 0.262822 0.950838
    outer loop
      vertex 91.0863 -51.8627 15.4777
      vertex 90.5759 -52.5876 15.766
      vertex 91.1005 -51.8654 15.476
    endloop
  endfacet
  facet normal 0.162791 0.263528 0.950816
    outer loop
      vertex 90.5759 -52.5876 15.766
      vertex 91.0863 -51.8627 15.4777
      vertex 90.5616 -52.5849 15.7677
    endloop
  endfacet
  facet normal 0.22149 0.925219 0.308078
    outer loop
      vertex 91.126 -50.4251 14.1649
      vertex 91.2014 -50.1465 13.274
      vertex 91.1118 -50.4223 14.1667
    endloop
  endfacet
  facet normal 0.213171 0.927199 0.307993
    outer loop
      vertex 91.2014 -50.1465 13.274
      vertex 91.126 -50.4251 14.1649
      vertex 91.2156 -50.1492 13.2723
    endloop
  endfacet
  facet normal 0.22368 0.777627 0.587592
    outer loop
      vertex 90.9555 -50.9498 14.9243
      vertex 91.1118 -50.4223 14.1667
      vertex 90.9413 -50.947 14.926
    endloop
  endfacet
  facet normal 0.227594 0.776482 0.587602
    outer loop
      vertex 91.1118 -50.4223 14.1667
      vertex 90.9555 -50.9498 14.9243
      vertex 91.126 -50.4251 14.1649
    endloop
  endfacet
  facet normal -0.781726 0.209873 0.587246
    outer loop
      vertex 73.6257 -52.1412 15.6503
      vertex 74.1512 -52.309 16.4098
      vertex 73.6265 -52.1385 15.6504
    endloop
  endfacet
  facet normal -0.787278 0.189812 0.586656
    outer loop
      vertex 74.1512 -52.309 16.4098
      vertex 73.6257 -52.1412 15.6503
      vertex 74.1504 -52.3117 16.4096
    endloop
  endfacet
  facet normal -0.579973 0.112074 0.806889
    outer loop
      vertex 74.1504 -52.3117 16.4096
      vertex 74.8734 -52.5437 16.9615
      vertex 74.1512 -52.309 16.4098
    endloop
  endfacet
  facet normal -0.579973 0.112074 0.806889
    outer loop
      vertex 74.8734 -52.5437 16.9615
      vertex 74.1504 -52.3117 16.4096
      vertex 74.8726 -52.5464 16.9613
    endloop
  endfacet
  facet normal 0.115294 -0.018288 0.993163
    outer loop
      vertex 90.7321 -53.1095 15.7677
      vertex 90.7693 -52.9673 15.766
      vertex 90.7551 -52.9645 15.7677
    endloop
  endfacet
  facet normal 0.115294 -0.018288 0.993163
    outer loop
      vertex 90.7693 -52.9673 15.766
      vertex 90.7321 -53.1095 15.7677
      vertex 90.7463 -53.1123 15.766
    endloop
  endfacet
  facet normal 0.104129 -0.0871026 0.990742
    outer loop
      vertex 75.574 -55.7402 17.134
      vertex 75.1615 -56.1594 17.1405
      vertex 103.611 -56.1594 14.1504
    endloop
  endfacet
  facet normal 0.00179239 0.0130995 0.999913
    outer loop
      vertex 74.9263 -55.3379 17.1392
      vertex 74.9268 -55.4372 17.1405
      vertex 74.9799 -55.3834 17.1397
    endloop
  endfacet
  facet normal 0.00198363 0.0132624 0.99991
    outer loop
      vertex 74.7818 -55.4143 17.1405
      vertex 74.9263 -55.3379 17.1392
      vertex 74.8982 -55.296 17.1387
    endloop
  endfacet
  facet normal 0.00206904 0.0131009 0.999912
    outer loop
      vertex 74.9263 -55.3379 17.1392
      vertex 74.7818 -55.4143 17.1405
      vertex 74.9268 -55.4372 17.1405
    endloop
  endfacet
  facet normal 0.287119 -0.11623 0.950817
    outer loop
      vertex 103.677 -56.0286 14.1504
      vertex 104.599 -55.8853 13.8895
      vertex 103.75 -55.6094 14.1796
    endloop
  endfacet
  facet normal 0.287122 -0.116258 0.950813
    outer loop
      vertex 104.599 -55.8853 13.8895
      vertex 103.677 -56.0286 14.1504
      vertex 104.526 -56.3044 13.8603
    endloop
  endfacet
  facet normal 0.985174 -0.171559 0
    outer loop
      vertex 106.049 -56.7992 11.6566
      vertex 106.122 -56.38 0
      vertex 106.122 -56.38 11.6858
    endloop
  endfacet
  facet normal 0.985174 -0.171559 0
    outer loop
      vertex 106.122 -56.38 0
      vertex 106.049 -56.7992 11.6566
      vertex 106.049 -56.7992 0
    endloop
  endfacet
  facet normal 0.205154 -0.103518 0.97324
    outer loop
      vertex 103.684 -55.7402 14.1796
      vertex 103.677 -56.0286 14.1504
      vertex 103.75 -55.6094 14.1796
    endloop
  endfacet
  facet normal 0.205154 -0.103518 0.97324
    outer loop
      vertex 103.677 -56.0286 14.1504
      vertex 103.684 -55.7402 14.1796
      vertex 103.611 -56.1594 14.1504
    endloop
  endfacet
  facet normal -0.215696 0.227012 0.949706
    outer loop
      vertex 74.8221 -55.1772 17.1342
      vertex 74.506 -55.5039 17.1405
      vertex 74.8341 -55.1704 17.1353
    endloop
  endfacet
  facet normal -0.21459 0.225688 0.950271
    outer loop
      vertex 73.9813 -54.7817 16.8504
      vertex 74.8221 -55.1772 17.1342
      vertex 74.1229 -54.6378 16.8482
    endloop
  endfacet
  facet normal -0.2145 0.225865 0.95025
    outer loop
      vertex 74.8221 -55.1772 17.1342
      vertex 73.9813 -54.7817 16.8504
      vertex 74.506 -55.5039 17.1405
    endloop
  endfacet
  facet normal -0.411291 0.417108 0.810469
    outer loop
      vertex 74.0994 -54.6532 16.8442
      vertex 73.9813 -54.7817 16.8504
      vertex 74.1229 -54.6378 16.8482
    endloop
  endfacet
  facet normal -0.416071 0.421278 0.80586
    outer loop
      vertex 73.9813 -54.7817 16.8504
      vertex 74.0994 -54.6532 16.8442
      vertex 73.6413 -54.3137 16.4302
    endloop
  endfacet
  facet normal 0.790633 -0.17848 0.5857
    outer loop
      vertex 105.249 -56.5391 13.3086
      vertex 105.846 -56.2904 12.5785
      vertex 105.322 -56.1199 13.3378
    endloop
  endfacet
  facet normal 0.790633 -0.17848 0.5857
    outer loop
      vertex 105.846 -56.2904 12.5785
      vertex 105.249 -56.5391 13.3086
      vertex 105.773 -56.7096 12.5493
    endloop
  endfacet
  facet normal 0.0195418 -0.00378276 0.999802
    outer loop
      vertex 75.2511 -55.8836 17.1405
      vertex 75.4387 -55.7338 17.1374
      vertex 75.4167 -55.7153 17.1379
    endloop
  endfacet
  facet normal 0.017492 -0.00121485 0.999846
    outer loop
      vertex 75.4387 -55.7338 17.1374
      vertex 75.2511 -55.8836 17.1405
      vertex 75.4495 -55.7429 17.1372
    endloop
  endfacet
  facet normal 0.0197295 -0.00437109 0.999796
    outer loop
      vertex 75.2511 -55.8836 17.1405
      vertex 75.4886 -55.7494 17.1364
      vertex 75.4495 -55.7429 17.1372
    endloop
  endfacet
  facet normal 0.016482 0.00137821 0.999863
    outer loop
      vertex 75.2511 -55.8836 17.1405
      vertex 75.5009 -55.7514 17.1362
      vertex 75.4886 -55.7494 17.1364
    endloop
  endfacet
  facet normal 0.0187803 -0.002966 0.999819
    outer loop
      vertex 75.5009 -55.7514 17.1362
      vertex 75.2511 -55.8836 17.1405
      vertex 75.2282 -56.0286 17.1405
    endloop
  endfacet
  facet normal 0.00497429 0.0105455 0.999932
    outer loop
      vertex 75.0191 -55.4288 17.1399
      vertex 75.0577 -55.5039 17.1405
      vertex 75.0832 -55.478 17.1401
    endloop
  endfacet
  facet normal 0.00565491 0.00928768 0.999941
    outer loop
      vertex 74.9268 -55.4372 17.1405
      vertex 75.0191 -55.4288 17.1399
      vertex 74.9799 -55.3834 17.1397
    endloop
  endfacet
  facet normal 0.00551505 0.0108234 0.999926
    outer loop
      vertex 75.0191 -55.4288 17.1399
      vertex 74.9268 -55.4372 17.1405
      vertex 75.0577 -55.5039 17.1405
    endloop
  endfacet
  facet normal 0.104128 -0.0871444 0.990739
    outer loop
      vertex 103.684 -55.7402 14.1796
      vertex 75.574 -55.7402 17.134
      vertex 103.611 -56.1594 14.1504
    endloop
  endfacet
  facet normal 0.0138305 0.00183847 0.999903
    outer loop
      vertex 75.3553 -55.6885 17.1387
      vertex 75.2511 -55.8836 17.1405
      vertex 75.4167 -55.7153 17.1379
    endloop
  endfacet
  facet normal 0.0133866 0.00196408 0.999908
    outer loop
      vertex 75.2282 -55.7386 17.1405
      vertex 75.3553 -55.6885 17.1387
      vertex 75.3127 -55.6527 17.1392
    endloop
  endfacet
  facet normal 0.0133309 0.00210536 0.999909
    outer loop
      vertex 75.3553 -55.6885 17.1387
      vertex 75.2282 -55.7386 17.1405
      vertex 75.2511 -55.8836 17.1405
    endloop
  endfacet
  facet normal 0.566983 -0.155124 0.808991
    outer loop
      vertex 104.526 -56.3044 13.8603
      vertex 105.322 -56.1199 13.3378
      vertex 104.599 -55.8853 13.8895
    endloop
  endfacet
  facet normal 0.56698 -0.155087 0.809
    outer loop
      vertex 105.322 -56.1199 13.3378
      vertex 104.526 -56.3044 13.8603
      vertex 105.249 -56.5391 13.3086
    endloop
  endfacet
  facet normal 0.000569109 0.0171444 0.999853
    outer loop
      vertex 74.7818 -55.4143 17.1405
      vertex 74.8508 -55.2358 17.1374
      vertex 74.8467 -55.224 17.1372
    endloop
  endfacet
  facet normal -0.00338873 0.0185472 0.999822
    outer loop
      vertex 74.8592 -55.26 17.1379
      vertex 74.7818 -55.4143 17.1405
      vertex 74.8982 -55.296 17.1387
    endloop
  endfacet
  facet normal -0.00448923 0.0190989 0.999808
    outer loop
      vertex 74.8508 -55.2358 17.1374
      vertex 74.7818 -55.4143 17.1405
      vertex 74.8592 -55.26 17.1379
    endloop
  endfacet
  facet normal -0.0028941 0.0183251 0.999828
    outer loop
      vertex 74.7818 -55.4143 17.1405
      vertex 74.8467 -55.224 17.1372
      vertex 74.6368 -55.4372 17.1405
    endloop
  endfacet
  facet normal 0.0102775 0.00502286 0.999935
    outer loop
      vertex 75.2447 -55.6131 17.1397
      vertex 75.2282 -55.7386 17.1405
      vertex 75.3127 -55.6527 17.1392
    endloop
  endfacet
  facet normal 0.0100296 0.00639249 0.999929
    outer loop
      vertex 75.1615 -55.6077 17.1405
      vertex 75.2447 -55.6131 17.1397
      vertex 75.1978 -55.5708 17.1399
    endloop
  endfacet
  facet normal 0.00994364 0.00506677 0.999938
    outer loop
      vertex 75.2447 -55.6131 17.1397
      vertex 75.1615 -55.6077 17.1405
      vertex 75.2282 -55.7386 17.1405
    endloop
  endfacet
  facet normal 0.00838078 0.00801456 0.999933
    outer loop
      vertex 75.1288 -55.5236 17.1401
      vertex 75.1615 -55.6077 17.1405
      vertex 75.1978 -55.5708 17.1399
    endloop
  endfacet
  facet normal 0.00778163 0.00778163 0.999939
    outer loop
      vertex 75.0577 -55.5039 17.1405
      vertex 75.1288 -55.5236 17.1401
      vertex 75.0832 -55.478 17.1401
    endloop
  endfacet
  facet normal 0.00778163 0.00778163 0.999939
    outer loop
      vertex 75.1288 -55.5236 17.1401
      vertex 75.0577 -55.5039 17.1405
      vertex 75.1615 -55.6077 17.1405
    endloop
  endfacet
  facet normal 0.933707 -0.183992 0.307145
    outer loop
      vertex 105.773 -56.7096 12.5493
      vertex 106.122 -56.38 11.6858
      vertex 105.846 -56.2904 12.5785
    endloop
  endfacet
  facet normal 0.933707 -0.183992 0.307145
    outer loop
      vertex 106.122 -56.38 11.6858
      vertex 105.773 -56.7096 12.5493
      vertex 106.049 -56.7992 11.6566
    endloop
  endfacet
  facet normal -0.0173862 0.0323343 0.999326
    outer loop
      vertex 74.8341 -55.1704 17.1353
      vertex 74.6368 -55.4372 17.1405
      vertex 74.8239 -55.2037 17.1362
    endloop
  endfacet
  facet normal -0.015946 0.0312704 0.999384
    outer loop
      vertex 74.6368 -55.4372 17.1405
      vertex 74.8341 -55.1704 17.1353
      vertex 74.506 -55.5039 17.1405
    endloop
  endfacet
  facet normal -0.01719 0.0323919 0.999327
    outer loop
      vertex 74.8294 -55.2085 17.1364
      vertex 74.6368 -55.4372 17.1405
      vertex 74.8467 -55.224 17.1372
    endloop
  endfacet
  facet normal -0.0119358 0.0279709 0.999537
    outer loop
      vertex 74.6368 -55.4372 17.1405
      vertex 74.8294 -55.2085 17.1364
      vertex 74.8239 -55.2037 17.1362
    endloop
  endfacet
  facet normal 0.0333812 -0.017338 0.999292
    outer loop
      vertex 75.2282 -56.0286 17.1405
      vertex 75.516 -55.7742 17.1353
      vertex 75.5009 -55.7514 17.1362
    endloop
  endfacet
  facet normal 0.0328741 -0.0167638 0.999319
    outer loop
      vertex 75.1615 -56.1594 17.1405
      vertex 75.516 -55.7742 17.1353
      vertex 75.2282 -56.0286 17.1405
    endloop
  endfacet
  facet normal 0.0314679 -0.0154688 0.999385
    outer loop
      vertex 75.516 -55.7742 17.1353
      vertex 75.1615 -56.1594 17.1405
      vertex 75.574 -55.7402 17.134
    endloop
  endfacet
  facet normal 0.5673 -0.154044 0.808976
    outer loop
      vertex 104.469 -56.6351 13.8373
      vertex 105.249 -56.5391 13.3086
      vertex 104.526 -56.3044 13.8603
    endloop
  endfacet
  facet normal 0.567292 -0.155736 0.808657
    outer loop
      vertex 105.249 -56.5391 13.3086
      vertex 104.469 -56.6351 13.8373
      vertex 105.191 -56.8698 13.2856
    endloop
  endfacet
  facet normal 0.790403 -0.179363 0.58574
    outer loop
      vertex 105.191 -56.8698 13.2856
      vertex 105.773 -56.7096 12.5493
      vertex 105.249 -56.5391 13.3086
    endloop
  endfacet
  facet normal 0.790491 -0.177203 0.58628
    outer loop
      vertex 105.773 -56.7096 12.5493
      vertex 105.191 -56.8698 13.2856
      vertex 105.716 -57.0403 12.5262
    endloop
  endfacet
  facet normal 0.985469 -0.169857 0
    outer loop
      vertex 105.992 -57.1299 11.6336
      vertex 106.049 -56.7992 0
      vertex 106.049 -56.7992 11.6566
    endloop
  endfacet
  facet normal 0.985469 -0.169857 0
    outer loop
      vertex 106.049 -56.7992 0
      vertex 105.992 -57.1299 11.6336
      vertex 105.992 -57.1299 0
    endloop
  endfacet
  facet normal 0.0690258 -0.0351989 0.996994
    outer loop
      vertex 74.7418 -56.3593 17.1625
      vertex 75.1615 -56.1594 17.1405
      vertex 75.2282 -56.0286 17.1405
    endloop
  endfacet
  facet normal 0.0689929 -0.0351294 0.996998
    outer loop
      vertex 75.1615 -56.1594 17.1405
      vertex 74.7418 -56.3593 17.1625
      vertex 74.6752 -56.4901 17.1625
    endloop
  endfacet
  facet normal 0.104126 -0.0874651 0.990711
    outer loop
      vertex 103.611 -56.1594 14.1504
      vertex 75.1615 -56.1594 17.1405
      vertex 103.553 -56.4901 14.1273
    endloop
  endfacet
  facet normal 0.934029 -0.182442 0.30709
    outer loop
      vertex 105.716 -57.0403 12.5262
      vertex 106.049 -56.7992 11.6566
      vertex 105.773 -56.7096 12.5493
    endloop
  endfacet
  facet normal 0.934038 -0.182352 0.307118
    outer loop
      vertex 106.049 -56.7992 11.6566
      vertex 105.716 -57.0403 12.5262
      vertex 105.992 -57.1299 11.6336
    endloop
  endfacet
  facet normal -0.560309 0.828283 0
    outer loop
      vertex 72.8814 -53.5943 14.6427
      vertex 72.8882 -53.5897 14.6536
      vertex 72.8882 -53.5897 14.6525
    endloop
  endfacet
  facet normal -0.56231 0.826925 0.00182122
    outer loop
      vertex 72.8882 -53.5897 14.6536
      vertex 72.8814 -53.5943 14.6427
      vertex 72.8485 -53.6167 14.6554
    endloop
  endfacet
  facet normal -0.562791 0.826599 0
    outer loop
      vertex 72.8485 -53.6167 0
      vertex 72.8814 -53.5943 14.6427
      vertex 72.8814 -53.5943 0
    endloop
  endfacet
  facet normal -0.562791 0.826599 0
    outer loop
      vertex 72.8814 -53.5943 14.6427
      vertex 72.8485 -53.6167 0
      vertex 72.8485 -53.6167 14.6554
    endloop
  endfacet
  facet normal -0.524249 0.7928 0.310855
    outer loop
      vertex 73.0963 -53.795 15.5348
      vertex 73.0333 -53.8416 15.5474
      vertex 73.1062 -53.7921 15.5441
    endloop
  endfacet
  facet normal -0.524982 0.793187 0.308622
    outer loop
      vertex 73.0963 -53.795 15.5348
      vertex 72.9516 -53.6879 15.0134
      vertex 73.0333 -53.8416 15.5474
    endloop
  endfacet
  facet normal -0.526559 0.792061 0.308828
    outer loop
      vertex 72.9589 -53.6586 14.9507
      vertex 72.9516 -53.6879 15.0134
      vertex 73.0963 -53.795 15.5348
    endloop
  endfacet
  facet normal -0.525982 0.792363 0.309036
    outer loop
      vertex 72.9516 -53.6879 15.0134
      vertex 72.9589 -53.6586 14.9507
      vertex 72.937 -53.641 14.8683
    endloop
  endfacet
  facet normal -0.526417 0.791188 0.311298
    outer loop
      vertex 72.8846 -53.5986 14.6704
      vertex 72.8609 -53.6161 14.6748
      vertex 72.8906 -53.6035 14.693
    endloop
  endfacet
  facet normal -0.527951 0.792052 0.306466
    outer loop
      vertex 72.8882 -53.5897 14.6536
      vertex 72.8609 -53.6161 14.6748
      vertex 72.8846 -53.5986 14.6704
    endloop
  endfacet
  facet normal -0.524811 0.792395 0.310939
    outer loop
      vertex 72.8609 -53.6161 14.6748
      vertex 72.8882 -53.5897 14.6536
      vertex 72.8485 -53.6167 14.6554
    endloop
  endfacet
  facet normal 0.0193587 0.0379919 0.999091
    outer loop
      vertex 74.9268 -55.4372 17.1405
      vertex 74.5713 -55.8346 17.1625
      vertex 75.0577 -55.5039 17.1405
    endloop
  endfacet
  facet normal 0.0193689 0.0379828 0.999091
    outer loop
      vertex 74.5713 -55.8346 17.1625
      vertex 74.9268 -55.4372 17.1405
      vertex 74.4405 -55.7679 17.1625
    endloop
  endfacet
  facet normal 0.0269083 0.0269083 0.999276
    outer loop
      vertex 75.0577 -55.5039 17.1405
      vertex 74.6752 -55.9384 17.1625
      vertex 75.1615 -55.6077 17.1405
    endloop
  endfacet
  facet normal 0.0268945 0.0269204 0.999276
    outer loop
      vertex 74.6752 -55.9384 17.1625
      vertex 75.0577 -55.5039 17.1405
      vertex 74.5713 -55.8346 17.1625
    endloop
  endfacet
  facet normal -0.0136375 0.0863512 0.996171
    outer loop
      vertex 74.6368 -55.4372 17.1405
      vertex 74.2955 -55.7449 17.1625
      vertex 74.7818 -55.4143 17.1405
    endloop
  endfacet
  facet normal -0.0137097 0.0864307 0.996164
    outer loop
      vertex 74.2955 -55.7449 17.1625
      vertex 74.6368 -55.4372 17.1405
      vertex 74.1505 -55.7679 17.1625
    endloop
  endfacet
  facet normal 0.0408109 0.0064453 0.999146
    outer loop
      vertex 74.7418 -56.0692 17.1625
      vertex 75.2511 -55.8836 17.1405
      vertex 75.2282 -55.7386 17.1405
    endloop
  endfacet
  facet normal 0.0408012 0.00647191 0.999146
    outer loop
      vertex 75.2511 -55.8836 17.1405
      vertex 74.7418 -56.0692 17.1625
      vertex 74.7648 -56.2142 17.1625
    endloop
  endfacet
  facet normal 0.0506144 -0.00799358 0.998686
    outer loop
      vertex 74.7648 -56.2142 17.1625
      vertex 75.2282 -56.0286 17.1405
      vertex 75.2511 -55.8836 17.1405
    endloop
  endfacet
  facet normal 0.0506269 -0.00802494 0.998685
    outer loop
      vertex 75.2282 -56.0286 17.1405
      vertex 74.7648 -56.2142 17.1625
      vertex 74.7418 -56.3593 17.1625
    endloop
  endfacet
  facet normal -0.436836 0.681082 0.587623
    outer loop
      vertex 73.4994 -54.1851 16.2929
      vertex 73.3476 -54.2948 16.3072
      vertex 73.5118 -54.1831 16.2998
    endloop
  endfacet
  facet normal -0.437059 0.681332 0.587168
    outer loop
      vertex 73.4994 -54.1851 16.2929
      vertex 73.1143 -53.8225 15.5855
      vertex 73.3476 -54.2948 16.3072
    endloop
  endfacet
  facet normal -0.436695 0.682227 0.586399
    outer loop
      vertex 73.1143 -53.8225 15.5855
      vertex 73.1062 -53.7921 15.5441
      vertex 73.0333 -53.8416 15.5474
    endloop
  endfacet
  facet normal -0.43445 0.683337 0.586775
    outer loop
      vertex 73.1062 -53.7921 15.5441
      vertex 73.1143 -53.8225 15.5855
      vertex 73.4994 -54.1851 16.2929
    endloop
  endfacet
  facet normal 0.0335738 0.0171075 0.99929
    outer loop
      vertex 74.6752 -55.9384 17.1625
      vertex 75.2282 -55.7386 17.1405
      vertex 75.1615 -55.6077 17.1405
    endloop
  endfacet
  facet normal 0.0335776 0.0170969 0.99929
    outer loop
      vertex 75.2282 -55.7386 17.1405
      vertex 74.6752 -55.9384 17.1625
      vertex 74.7418 -56.0692 17.1625
    endloop
  endfacet
  facet normal -0.305604 0.503552 0.80811
    outer loop
      vertex 73.6413 -54.3137 16.4302
      vertex 73.7368 -54.9479 16.8615
      vertex 73.9813 -54.7817 16.8504
    endloop
  endfacet
  facet normal -0.305983 0.503411 0.808054
    outer loop
      vertex 73.4424 -54.2805 16.3342
      vertex 73.6413 -54.3137 16.4302
      vertex 73.5118 -54.1831 16.2998
    endloop
  endfacet
  facet normal -0.305968 0.503448 0.808037
    outer loop
      vertex 73.6413 -54.3137 16.4302
      vertex 73.4424 -54.2805 16.3342
      vertex 73.7368 -54.9479 16.8615
    endloop
  endfacet
  facet normal -0.306068 0.503452 0.807997
    outer loop
      vertex 73.4424 -54.2805 16.3342
      vertex 73.5118 -54.1831 16.2998
      vertex 73.3476 -54.2948 16.3072
    endloop
  endfacet
  facet normal 0.104131 -0.0872172 0.990732
    outer loop
      vertex 75.1615 -56.1594 17.1405
      vertex 74.6752 -56.4901 17.1625
      vertex 103.553 -56.4901 14.1273
    endloop
  endfacet
  facet normal 0.204656 -0.103267 0.973372
    outer loop
      vertex 103.611 -56.1594 14.1504
      vertex 103.62 -56.3593 14.1273
      vertex 103.677 -56.0286 14.1504
    endloop
  endfacet
  facet normal 0.20196 -0.103451 0.973915
    outer loop
      vertex 103.62 -56.3593 14.1273
      vertex 103.611 -56.1594 14.1504
      vertex 103.553 -56.4901 14.1273
    endloop
  endfacet
  facet normal 0.287233 -0.115924 0.95082
    outer loop
      vertex 103.62 -56.3593 14.1273
      vertex 104.526 -56.3044 13.8603
      vertex 103.677 -56.0286 14.1504
    endloop
  endfacet
  facet normal 0.287227 -0.115638 0.950857
    outer loop
      vertex 104.526 -56.3044 13.8603
      vertex 103.62 -56.3593 14.1273
      vertex 104.469 -56.6351 13.8373
    endloop
  endfacet
  facet normal -0.144707 0.276494 0.950058
    outer loop
      vertex 73.8579 -54.926 16.8736
      vertex 74.506 -55.5039 17.1405
      vertex 73.9813 -54.7817 16.8504
    endloop
  endfacet
  facet normal -0.144876 0.276316 0.950084
    outer loop
      vertex 74.506 -55.5039 17.1405
      vertex 73.8579 -54.926 16.8736
      vertex 74.139 -55.7534 17.1571
    endloop
  endfacet
  facet normal -0.144955 0.276692 0.949963
    outer loop
      vertex 73.8579 -54.926 16.8736
      vertex 73.9813 -54.7817 16.8504
      vertex 73.7368 -54.9479 16.8615
    endloop
  endfacet
  facet normal -0.129959 0.254852 0.958207
    outer loop
      vertex 74.506 -55.5039 17.1405
      vertex 74.1505 -55.7679 17.1625
      vertex 74.6368 -55.4372 17.1405
    endloop
  endfacet
  facet normal -0.129488 0.254237 0.958434
    outer loop
      vertex 74.1505 -55.7679 17.1625
      vertex 74.506 -55.5039 17.1405
      vertex 74.139 -55.7534 17.1571
    endloop
  endfacet
  facet normal 0.00851359 0.053907 0.99851
    outer loop
      vertex 74.7818 -55.4143 17.1405
      vertex 74.4405 -55.7679 17.1625
      vertex 74.9268 -55.4372 17.1405
    endloop
  endfacet
  facet normal 0.00854585 0.053876 0.998511
    outer loop
      vertex 74.4405 -55.7679 17.1625
      vertex 74.7818 -55.4143 17.1405
      vertex 74.2955 -55.7449 17.1625
    endloop
  endfacet
  facet normal 0.567434 -0.155275 0.808646
    outer loop
      vertex 104.429 -56.8646 13.8213
      vertex 105.191 -56.8698 13.2856
      vertex 104.469 -56.6351 13.8373
    endloop
  endfacet
  facet normal 0.567427 -0.155341 0.808638
    outer loop
      vertex 105.191 -56.8698 13.2856
      vertex 104.429 -56.8646 13.8213
      vertex 105.151 -57.0992 13.2696
    endloop
  endfacet
  facet normal 0.0368976 0.072357 0.996696
    outer loop
      vertex 74.4405 -55.7679 17.1625
      vertex 74.0298 -56.064 17.1992
      vertex 74.5713 -55.8346 17.1625
    endloop
  endfacet
  facet normal 0.0368976 0.072357 0.996696
    outer loop
      vertex 74.0298 -56.064 17.1992
      vertex 74.4405 -55.7679 17.1625
      vertex 73.899 -55.9973 17.1992
    endloop
  endfacet
  facet normal -0.181878 0.558614 0.809241
    outer loop
      vertex 73.7368 -54.9479 16.8615
      vertex 73.4557 -55.0965 16.9009
      vertex 73.8579 -54.926 16.8736
    endloop
  endfacet
  facet normal -0.18213 0.558851 0.80902
    outer loop
      vertex 73.3049 -54.4155 16.3965
      vertex 73.7368 -54.9479 16.8615
      vertex 73.4424 -54.2805 16.3342
    endloop
  endfacet
  facet normal -0.18206 0.558895 0.809006
    outer loop
      vertex 73.7368 -54.9479 16.8615
      vertex 73.3049 -54.4155 16.3965
      vertex 73.4557 -55.0965 16.9009
    endloop
  endfacet
  facet normal -0.181968 0.558739 0.809135
    outer loop
      vertex 73.4424 -54.2805 16.3342
      vertex 73.1781 -54.4106 16.3646
      vertex 73.3049 -54.4155 16.3965
    endloop
  endfacet
  facet normal -0.182012 0.558814 0.809073
    outer loop
      vertex 73.1781 -54.4106 16.3646
      vertex 73.4424 -54.2805 16.3342
      vertex 73.1553 -54.4021 16.3536
    endloop
  endfacet
  facet normal 0.10413 -0.0873002 0.990725
    outer loop
      vertex 74.6752 -56.4901 17.1625
      vertex 74.1337 -56.7195 17.1992
      vertex 103.513 -56.7195 14.1113
    endloop
  endfacet
  facet normal 0.0860114 -0.0437948 0.995331
    outer loop
      vertex 74.2003 -56.5887 17.1992
      vertex 74.6752 -56.4901 17.1625
      vertex 74.7418 -56.3593 17.1625
    endloop
  endfacet
  facet normal 0.0860114 -0.0437948 0.995331
    outer loop
      vertex 74.6752 -56.4901 17.1625
      vertex 74.2003 -56.5887 17.1992
      vertex 74.1337 -56.7195 17.1992
    endloop
  endfacet
  facet normal 0.985136 -0.171776 0
    outer loop
      vertex 105.952 -57.3593 11.6176
      vertex 105.992 -57.1299 0
      vertex 105.992 -57.1299 11.6336
    endloop
  endfacet
  facet normal 0.985136 -0.171776 0
    outer loop
      vertex 105.992 -57.1299 0
      vertex 105.952 -57.3593 11.6176
      vertex 105.952 -57.3593 0
    endloop
  endfacet
  facet normal 0.0183365 0.1156 0.993127
    outer loop
      vertex 74.2955 -55.7449 17.1625
      vertex 73.899 -55.9973 17.1992
      vertex 74.4405 -55.7679 17.1625
    endloop
  endfacet
  facet normal 0.0182724 0.115699 0.993116
    outer loop
      vertex 73.899 -55.9973 17.1992
      vertex 74.2955 -55.7449 17.1625
      vertex 73.754 -55.9744 17.1992
    endloop
  endfacet
  facet normal -0.352841 0.883544 0.307981
    outer loop
      vertex 72.8942 -53.602 14.7017
      vertex 72.8609 -53.6161 14.704
      vertex 72.9062 -53.6138 14.7493
    endloop
  endfacet
  facet normal -0.353446 0.883036 0.308745
    outer loop
      vertex 73.0333 -53.8416 15.5474
      vertex 72.9884 -53.8759 15.5941
      vertex 73.1143 -53.8225 15.5855
    endloop
  endfacet
  facet normal -0.353892 0.883013 0.3083
    outer loop
      vertex 72.9884 -53.8759 15.5941
      vertex 73.0333 -53.8416 15.5474
      vertex 72.9516 -53.6879 15.0134
    endloop
  endfacet
  facet normal -0.0640324 0.303286 0.950746
    outer loop
      vertex 74.139 -55.7534 17.1571
      vertex 73.7242 -55.9485 17.1914
      vertex 74.1505 -55.7679 17.1625
    endloop
  endfacet
  facet normal -0.0644306 0.303807 0.950552
    outer loop
      vertex 73.673 -55.0985 16.9162
      vertex 74.139 -55.7534 17.1571
      vertex 73.8579 -54.926 16.8736
    endloop
  endfacet
  facet normal -0.0643267 0.303876 0.950538
    outer loop
      vertex 74.139 -55.7534 17.1571
      vertex 73.673 -55.0985 16.9162
      vertex 73.7242 -55.9485 17.1914
    endloop
  endfacet
  facet normal -0.0641421 0.303525 0.950662
    outer loop
      vertex 73.673 -55.0985 16.9162
      vertex 73.8579 -54.926 16.8736
      vertex 73.4557 -55.0965 16.9009
    endloop
  endfacet
  facet normal 0.0556362 0.0283285 0.998049
    outer loop
      vertex 74.6752 -55.9384 17.1625
      vertex 74.2003 -56.2987 17.1992
      vertex 74.7418 -56.0692 17.1625
    endloop
  endfacet
  facet normal 0.055648 0.0283129 0.998049
    outer loop
      vertex 74.2003 -56.2987 17.1992
      vertex 74.6752 -55.9384 17.1625
      vertex 74.1337 -56.1678 17.1992
    endloop
  endfacet
  facet normal 0.10413 -0.0872575 0.990729
    outer loop
      vertex 103.553 -56.4901 14.1273
      vertex 74.6752 -56.4901 17.1625
      vertex 103.513 -56.7195 14.1113
    endloop
  endfacet
  facet normal 0.0633745 0.0100525 0.997939
    outer loop
      vertex 74.2003 -56.2987 17.1992
      vertex 74.7648 -56.2142 17.1625
      vertex 74.7418 -56.0692 17.1625
    endloop
  endfacet
  facet normal 0.0633745 0.0100525 0.997939
    outer loop
      vertex 74.7648 -56.2142 17.1625
      vertex 74.2003 -56.2987 17.1992
      vertex 74.2233 -56.4437 17.1992
    endloop
  endfacet
  facet normal 0.201097 -0.103008 0.97414
    outer loop
      vertex 103.553 -56.4901 14.1273
      vertex 103.58 -56.5887 14.1113
      vertex 103.62 -56.3593 14.1273
    endloop
  endfacet
  facet normal 0.201097 -0.103008 0.97414
    outer loop
      vertex 103.58 -56.5887 14.1113
      vertex 103.553 -56.4901 14.1273
      vertex 103.513 -56.7195 14.1113
    endloop
  endfacet
  facet normal -0.281712 0.758814 0.587231
    outer loop
      vertex 73.3476 -54.2948 16.3072
      vertex 73.1553 -54.4021 16.3536
      vertex 73.4424 -54.2805 16.3342
    endloop
  endfacet
  facet normal -0.281564 0.758663 0.587496
    outer loop
      vertex 73.3476 -54.2948 16.3072
      vertex 73.071 -53.8955 15.659
      vertex 73.1553 -54.4021 16.3536
    endloop
  endfacet
  facet normal -0.281627 0.758608 0.587537
    outer loop
      vertex 73.071 -53.8955 15.659
      vertex 73.1143 -53.8225 15.5855
      vertex 72.9884 -53.8759 15.5941
    endloop
  endfacet
  facet normal -0.281675 0.758611 0.587511
    outer loop
      vertex 73.1143 -53.8225 15.5855
      vertex 73.071 -53.8955 15.659
      vertex 73.3476 -54.2948 16.3072
    endloop
  endfacet
  facet normal 0.07246 -0.0114857 0.997305
    outer loop
      vertex 74.2233 -56.4437 17.1992
      vertex 74.7418 -56.3593 17.1625
      vertex 74.7648 -56.2142 17.1625
    endloop
  endfacet
  facet normal 0.0724613 -0.0114939 0.997305
    outer loop
      vertex 74.7418 -56.3593 17.1625
      vertex 74.2233 -56.4437 17.1992
      vertex 74.2003 -56.5887 17.1992
    endloop
  endfacet
  facet normal -0.389763 0.920912 0.00250323
    outer loop
      vertex 72.8906 -53.6035 14.693
      vertex 72.8609 -53.6161 14.704
      vertex 72.8942 -53.602 14.7017
    endloop
  endfacet
  facet normal -0.39055 0.920582 0
    outer loop
      vertex 72.8609 -53.6161 14.704
      vertex 72.8906 -53.6035 14.693
      vertex 72.8609 -53.6161 14.6748
    endloop
  endfacet
  facet normal -0.0392444 0.24741 0.968116
    outer loop
      vertex 74.1505 -55.7679 17.1625
      vertex 73.754 -55.9744 17.1992
      vertex 74.2955 -55.7449 17.1625
    endloop
  endfacet
  facet normal -0.0389227 0.246822 0.968279
    outer loop
      vertex 73.754 -55.9744 17.1992
      vertex 74.1505 -55.7679 17.1625
      vertex 73.7242 -55.9485 17.1914
    endloop
  endfacet
  facet normal 0.286987 -0.11636 0.950841
    outer loop
      vertex 103.58 -56.5887 14.1113
      vertex 104.469 -56.6351 13.8373
      vertex 103.62 -56.3593 14.1273
    endloop
  endfacet
  facet normal 0.286991 -0.11631 0.950846
    outer loop
      vertex 104.469 -56.6351 13.8373
      vertex 103.58 -56.5887 14.1113
      vertex 104.429 -56.8646 13.8213
    endloop
  endfacet
  facet normal 0.790112 -0.178666 0.586346
    outer loop
      vertex 105.151 -57.0992 13.2696
      vertex 105.716 -57.0403 12.5262
      vertex 105.191 -56.8698 13.2856
    endloop
  endfacet
  facet normal 0.790112 -0.178666 0.586346
    outer loop
      vertex 105.716 -57.0403 12.5262
      vertex 105.151 -57.0992 13.2696
      vertex 105.676 -57.2697 12.5102
    endloop
  endfacet
  facet normal 0.933648 -0.184224 0.307185
    outer loop
      vertex 105.676 -57.2697 12.5102
      vertex 105.992 -57.1299 11.6336
      vertex 105.716 -57.0403 12.5262
    endloop
  endfacet
  facet normal 0.933648 -0.184224 0.307185
    outer loop
      vertex 105.992 -57.1299 11.6336
      vertex 105.676 -57.2697 12.5102
      vertex 105.952 -57.3593 11.6176
    endloop
  endfacet
  facet normal 0.0474855 0.0475313 0.99774
    outer loop
      vertex 74.5713 -55.8346 17.1625
      vertex 74.1337 -56.1678 17.1992
      vertex 74.6752 -55.9384 17.1625
    endloop
  endfacet
  facet normal 0.0474855 0.0475313 0.99774
    outer loop
      vertex 74.1337 -56.1678 17.1992
      vertex 74.5713 -55.8346 17.1625
      vertex 74.0298 -56.064 17.1992
    endloop
  endfacet
  facet normal 0.104132 -0.0871112 0.990741
    outer loop
      vertex 75.8968 -55.2486 17.1433
      vertex 75.6921 -55.5604 17.1374
      vertex 102.665 -55.5604 14.3024
    endloop
  endfacet
  facet normal 0.167115 0.260575 0.95088
    outer loop
      vertex 101.488 -53.8709 14.2078
      vertex 102.562 -54.9049 14.3024
      vertex 103.086 -54.1827 14.0124
    endloop
  endfacet
  facet normal 0.167062 0.260523 0.950904
    outer loop
      vertex 102.562 -54.9049 14.3024
      vertex 101.488 -53.8709 14.2078
      vertex 100.963 -54.5931 14.4979
    endloop
  endfacet
  facet normal 0.191334 0.981524 -0.00116261
    outer loop
      vertex 102.727 -52.3741 11.7576
      vertex 101.603 -52.1547 12.0041
      vertex 102.965 -52.4204 11.8376
    endloop
  endfacet
  facet normal 0.19158 0.981477 0
    outer loop
      vertex 101.603 -52.1547 0
      vertex 102.727 -52.3741 11.7576
      vertex 102.727 -52.3741 0
    endloop
  endfacet
  facet normal 0.19158 0.981477 0
    outer loop
      vertex 102.727 -52.3741 11.7576
      vertex 101.603 -52.1547 0
      vertex 101.603 -52.1547 12.0041
    endloop
  endfacet
  facet normal -0.0379407 0.00598789 0.999262
    outer loop
      vertex 74.8661 -55.1395 17.1374
      vertex 75.0478 -54.9728 17.1433
      vertex 75.0707 -54.8277 17.1433
    endloop
  endfacet
  facet normal -0.0382606 0.00633711 0.999248
    outer loop
      vertex 74.8661 -55.1395 17.1374
      vertex 74.8592 -55.26 17.1379
      vertex 75.0478 -54.9728 17.1433
    endloop
  endfacet
  facet normal -0.0407986 0.00648202 0.999146
    outer loop
      vertex 74.8592 -55.26 17.1379
      vertex 74.8661 -55.1395 17.1374
      vertex 74.8508 -55.2358 17.1374
    endloop
  endfacet
  facet normal 0.223541 0.777742 0.587492
    outer loop
      vertex 102.941 -53.267 13.4607
      vertex 101.513 -52.4306 12.8968
      vertex 101.343 -52.9553 13.6561
    endloop
  endfacet
  facet normal 0.22344 0.777664 0.587633
    outer loop
      vertex 101.513 -52.4306 12.8968
      vertex 102.941 -53.267 13.4607
      vertex 103.112 -52.7423 12.7013
    endloop
  endfacet
  facet normal 0.104124 -0.0875348 0.990705
    outer loop
      vertex 101.067 -55.2486 14.4979
      vertex 75.8968 -55.2486 17.1433
      vertex 102.665 -55.5604 14.3024
    endloop
  endfacet
  facet normal -0.679571 0.439881 0.587101
    outer loop
      vertex 73.6014 -54.0298 16.2958
      vertex 73.5516 -54.0053 16.2198
      vertex 73.5962 -54.0377 16.2957
    endloop
  endfacet
  facet normal 0.134277 0.0687808 0.988554
    outer loop
      vertex 102.665 -55.0087 14.3024
      vertex 101.133 -54.8277 14.4979
      vertex 102.732 -55.1395 14.3024
    endloop
  endfacet
  facet normal 0.13416 0.0676953 0.988645
    outer loop
      vertex 101.133 -54.8277 14.4979
      vertex 102.665 -55.0087 14.3024
      vertex 101.067 -54.6969 14.4979
    endloop
  endfacet
  facet normal -0.00267568 -0.0168684 0.999854
    outer loop
      vertex 75.3127 -55.6527 17.1392
      vertex 75.5171 -55.4421 17.1433
      vertex 75.3721 -55.4191 17.1433
    endloop
  endfacet
  facet normal -0.00254612 -0.0169942 0.999852
    outer loop
      vertex 75.5171 -55.4421 17.1433
      vertex 75.3127 -55.6527 17.1392
      vertex 75.3553 -55.6885 17.1387
    endloop
  endfacet
  facet normal -0.00249785 -0.0169136 0.999854
    outer loop
      vertex 75.3127 -55.6527 17.1392
      vertex 75.3721 -55.4191 17.1433
      vertex 75.2447 -55.6131 17.1397
    endloop
  endfacet
  facet normal 0.218839 0.926476 0.306188
    outer loop
      vertex 102.924 -52.6739 12.6287
      vertex 103.112 -52.7423 12.7013
      vertex 103.114 -52.7357 12.6799
    endloop
  endfacet
  facet normal 0.218154 0.926152 0.307656
    outer loop
      vertex 103.112 -52.7423 12.7013
      vertex 102.924 -52.6739 12.6287
      vertex 101.513 -52.4306 12.8968
    endloop
  endfacet
  facet normal 0.218221 0.925961 0.30818
    outer loop
      vertex 102.924 -52.6739 12.6287
      vertex 101.603 -52.1547 12.0041
      vertex 101.513 -52.4306 12.8968
    endloop
  endfacet
  facet normal 0.2183 0.92599 0.308038
    outer loop
      vertex 101.603 -52.1547 12.0041
      vertex 102.924 -52.6739 12.6287
      vertex 102.965 -52.4204 11.8376
    endloop
  endfacet
  facet normal 0.206338 0.550896 0.808664
    outer loop
      vertex 101.343 -52.9553 13.6561
      vertex 102.707 -53.9892 14.0124
      vertex 102.941 -53.267 13.4607
    endloop
  endfacet
  facet normal 0.206197 0.550756 0.808796
    outer loop
      vertex 102.707 -53.9892 14.0124
      vertex 101.343 -52.9553 13.6561
      vertex 101.108 -53.6775 14.2078
    endloop
  endfacet
  facet normal 0.181471 0.35544 0.916914
    outer loop
      vertex 102.707 -53.9892 14.0124
      vertex 101.488 -53.8709 14.2078
      vertex 103.086 -54.1827 14.0124
    endloop
  endfacet
  facet normal 0.181512 0.356642 0.916439
    outer loop
      vertex 101.488 -53.8709 14.2078
      vertex 102.707 -53.9892 14.0124
      vertex 101.108 -53.6775 14.2078
    endloop
  endfacet
  facet normal 0.0547694 -0.0548222 0.996993
    outer loop
      vertex 75.7929 -55.3524 17.1433
      vertex 75.6921 -55.5604 17.1374
      vertex 75.8968 -55.2486 17.1433
    endloop
  endfacet
  facet normal 0.0547694 -0.0548222 0.996993
    outer loop
      vertex 75.6921 -55.5604 17.1374
      vertex 75.7929 -55.3524 17.1433
      vertex 75.5882 -55.6642 17.1374
    endloop
  endfacet
  facet normal 0.117751 -0.0186777 0.992867
    outer loop
      vertex 101.133 -55.1178 14.4979
      vertex 102.755 -55.2845 14.3024
      vertex 101.156 -54.9728 14.4979
    endloop
  endfacet
  facet normal 0.117752 -0.0186651 0.992868
    outer loop
      vertex 102.755 -55.2845 14.3024
      vertex 101.133 -55.1178 14.4979
      vertex 102.732 -55.4296 14.3024
    endloop
  endfacet
  facet normal 0.110304 -0.0565012 0.992291
    outer loop
      vertex 101.133 -55.1178 14.4979
      vertex 102.665 -55.5604 14.3024
      vertex 102.732 -55.4296 14.3024
    endloop
  endfacet
  facet normal 0.110518 -0.0557662 0.992308
    outer loop
      vertex 102.665 -55.5604 14.3024
      vertex 101.133 -55.1178 14.4979
      vertex 101.067 -55.2486 14.4979
    endloop
  endfacet
  facet normal 0.014498 -0.0284308 0.999491
    outer loop
      vertex 75.6621 -55.4191 17.1433
      vertex 75.5882 -55.6642 17.1374
      vertex 75.7929 -55.3524 17.1433
    endloop
  endfacet
  facet normal 0.014498 -0.0284308 0.999491
    outer loop
      vertex 75.5882 -55.6642 17.1374
      vertex 75.6621 -55.4191 17.1433
      vertex 75.4574 -55.7309 17.1374
    endloop
  endfacet
  facet normal -0.00720227 -0.0141346 0.999874
    outer loop
      vertex 75.1978 -55.5708 17.1399
      vertex 75.3721 -55.4191 17.1433
      vertex 75.2412 -55.3524 17.1433
    endloop
  endfacet
  facet normal -0.00783195 -0.0134112 0.999879
    outer loop
      vertex 75.3721 -55.4191 17.1433
      vertex 75.1978 -55.5708 17.1399
      vertex 75.2447 -55.6131 17.1397
    endloop
  endfacet
  facet normal -0.00682235 -0.0142101 0.999876
    outer loop
      vertex 75.1978 -55.5708 17.1399
      vertex 75.2412 -55.3524 17.1433
      vertex 75.1288 -55.5236 17.1401
    endloop
  endfacet
  facet normal 0.148364 0.14722 0.977913
    outer loop
      vertex 102.562 -54.9049 14.3024
      vertex 101.067 -54.6969 14.4979
      vertex 102.665 -55.0087 14.3024
    endloop
  endfacet
  facet normal 0.148553 0.148839 0.977639
    outer loop
      vertex 101.067 -54.6969 14.4979
      vertex 102.562 -54.9049 14.3024
      vertex 100.963 -54.5931 14.4979
    endloop
  endfacet
  facet normal 0.00334961 -0.0211171 0.999771
    outer loop
      vertex 75.5171 -55.4421 17.1433
      vertex 75.4574 -55.7309 17.1374
      vertex 75.6621 -55.4191 17.1433
    endloop
  endfacet
  facet normal 0.00412658 -0.0212776 0.999765
    outer loop
      vertex 75.4167 -55.7153 17.1379
      vertex 75.4574 -55.7309 17.1374
      vertex 75.5171 -55.4421 17.1433
    endloop
  endfacet
  facet normal 0.0035378 -0.0228127 0.999733
    outer loop
      vertex 75.4574 -55.7309 17.1374
      vertex 75.4167 -55.7153 17.1379
      vertex 75.4387 -55.7338 17.1374
    endloop
  endfacet
  facet normal 0.00379256 -0.0211549 0.999769
    outer loop
      vertex 75.4167 -55.7153 17.1379
      vertex 75.5171 -55.4421 17.1433
      vertex 75.3553 -55.6885 17.1387
    endloop
  endfacet
  facet normal -0.0112821 -0.0112821 0.999873
    outer loop
      vertex 75.0832 -55.478 17.1401
      vertex 75.2412 -55.3524 17.1433
      vertex 75.1374 -55.2486 17.1433
    endloop
  endfacet
  facet normal -0.0112821 -0.0112821 0.999873
    outer loop
      vertex 75.2412 -55.3524 17.1433
      vertex 75.0832 -55.478 17.1401
      vertex 75.1288 -55.5236 17.1401
    endloop
  endfacet
  facet normal -0.0117029 -0.0111826 0.999869
    outer loop
      vertex 75.0832 -55.478 17.1401
      vertex 75.1374 -55.2486 17.1433
      vertex 75.0191 -55.4288 17.1399
    endloop
  endfacet
  facet normal -0.267959 0.157836 0.950413
    outer loop
      vertex 74.2686 -54.3956 16.8491
      vertex 74.2105 -54.484 16.8474
      vertex 74.2571 -54.4645 16.8573
    endloop
  endfacet
  facet normal -0.267376 0.157367 0.950655
    outer loop
      vertex 74.2571 -54.4645 16.8573
      vertex 74.9327 -55.0087 17.1374
      vertex 75.0737 -54.7939 17.1415
    endloop
  endfacet
  facet normal -0.267659 0.157006 0.950635
    outer loop
      vertex 74.9327 -55.0087 17.1374
      vertex 74.2571 -54.4645 16.8573
      vertex 74.2105 -54.484 16.8474
    endloop
  endfacet
  facet normal -0.0159733 -0.00814539 0.999839
    outer loop
      vertex 74.9263 -55.3379 17.1392
      vertex 75.1374 -55.2486 17.1433
      vertex 75.0707 -55.1178 17.1433
    endloop
  endfacet
  facet normal -0.0153096 -0.00881431 0.999844
    outer loop
      vertex 75.1374 -55.2486 17.1433
      vertex 74.9799 -55.3834 17.1397
      vertex 75.0191 -55.4288 17.1399
    endloop
  endfacet
  facet normal -0.0160624 -0.00793464 0.99984
    outer loop
      vertex 75.1374 -55.2486 17.1433
      vertex 74.9263 -55.3379 17.1392
      vertex 74.9799 -55.3834 17.1397
    endloop
  endfacet
  facet normal -0.487724 0.310706 0.815835
    outer loop
      vertex 73.6014 -54.0298 16.2958
      vertex 73.5962 -54.0377 16.2957
      vertex 73.6 -54.0404 16.299
    endloop
  endfacet
  facet normal -0.499003 0.31242 0.808325
    outer loop
      vertex 74.2686 -54.3956 16.8491
      vertex 73.7745 -54.1672 16.4558
      vertex 74.2105 -54.484 16.8474
    endloop
  endfacet
  facet normal -0.0230748 -0.00364423 0.999727
    outer loop
      vertex 74.8592 -55.26 17.1379
      vertex 75.0707 -55.1178 17.1433
      vertex 75.0478 -54.9728 17.1433
    endloop
  endfacet
  facet normal -0.023029 -0.00351432 0.999729
    outer loop
      vertex 75.0707 -55.1178 17.1433
      vertex 74.8982 -55.296 17.1387
      vertex 74.9263 -55.3379 17.1392
    endloop
  endfacet
  facet normal -0.0234102 -0.00314507 0.999721
    outer loop
      vertex 75.0707 -55.1178 17.1433
      vertex 74.8592 -55.26 17.1379
      vertex 74.8982 -55.296 17.1387
    endloop
  endfacet
  facet normal 0.125148 0.0198511 0.991939
    outer loop
      vertex 102.732 -55.1395 14.3024
      vertex 101.156 -54.9728 14.4979
      vertex 102.755 -55.2845 14.3024
    endloop
  endfacet
  facet normal 0.125147 0.0198372 0.99194
    outer loop
      vertex 101.156 -54.9728 14.4979
      vertex 102.732 -55.1395 14.3024
      vertex 101.133 -54.8277 14.4979
    endloop
  endfacet
  facet normal -0.126156 0.0639165 0.989949
    outer loop
      vertex 74.9327 -55.0087 17.1374
      vertex 75.0707 -54.8277 17.1433
      vertex 75.0737 -54.7939 17.1415
    endloop
  endfacet
  facet normal -0.127388 0.0648628 0.98973
    outer loop
      vertex 75.0707 -54.8277 17.1433
      vertex 74.9327 -55.0087 17.1374
      vertex 74.8661 -55.1395 17.1374
    endloop
  endfacet
  facet normal -0.926837 0.375465 0
    outer loop
      vertex 72.8943 -53.5747 14.6431
      vertex 72.9197 -53.512 0
      vertex 72.8943 -53.5747 0
    endloop
  endfacet
  facet normal -0.926837 0.375465 0
    outer loop
      vertex 72.9197 -53.512 0
      vertex 72.8943 -53.5747 14.6431
      vertex 72.9197 -53.512 14.6743
    endloop
  endfacet
  facet normal -0.926332 0.376708 0
    outer loop
      vertex 72.8882 -53.5897 14.6536
      vertex 72.8943 -53.5747 14.6431
      vertex 72.8882 -53.5897 14.6525
    endloop
  endfacet
  facet normal -0.925916 0.377725 0.00169357
    outer loop
      vertex 72.8846 -53.5986 14.6704
      vertex 72.8943 -53.5747 14.6431
      vertex 72.8882 -53.5897 14.6536
    endloop
  endfacet
  facet normal -0.926763 0.375647 -0.00042616
    outer loop
      vertex 72.8943 -53.5747 14.6431
      vertex 72.8846 -53.5986 14.6704
      vertex 72.9197 -53.512 14.6743
    endloop
  endfacet
  facet normal -0.0496552 -0.0253211 0.998445
    outer loop
      vertex 75.0707 -55.1178 17.1433
      vertex 75.3581 -54.7035 17.1681
      vertex 75.2914 -54.5727 17.1681
    endloop
  endfacet
  facet normal -0.0496552 -0.0253211 0.998445
    outer loop
      vertex 75.3581 -54.7035 17.1681
      vertex 75.0707 -55.1178 17.1433
      vertex 75.1374 -55.2486 17.1433
    endloop
  endfacet
  facet normal 0.134047 0.0676384 0.988664
    outer loop
      vertex 101.067 -54.6969 14.4979
      vertex 98.7386 -54.3608 14.7906
      vertex 101.133 -54.8277 14.4979
    endloop
  endfacet
  facet normal 0.134142 0.0683521 0.988602
    outer loop
      vertex 98.7386 -54.3608 14.7906
      vertex 101.067 -54.6969 14.4979
      vertex 98.6719 -54.2299 14.7906
    endloop
  endfacet
  facet normal 0.213771 0.927098 0.307883
    outer loop
      vertex 99.1182 -51.9636 13.1896
      vertex 98.7965 -51.6096 12.347
      vertex 98.7069 -51.8854 13.2397
    endloop
  endfacet
  facet normal 0.213511 0.927121 0.307992
    outer loop
      vertex 98.7965 -51.6096 12.347
      vertex 99.1182 -51.9636 13.1896
      vertex 99.2079 -51.6877 12.2969
    endloop
  endfacet
  facet normal 0.218243 0.925978 0.308114
    outer loop
      vertex 101.513 -52.4306 12.8968
      vertex 99.2079 -51.6877 12.2969
      vertex 99.1182 -51.9636 13.1896
    endloop
  endfacet
  facet normal 0.21822 0.925962 0.30818
    outer loop
      vertex 99.2079 -51.6877 12.2969
      vertex 101.513 -52.4306 12.8968
      vertex 101.603 -52.1547 12.0041
    endloop
  endfacet
  facet normal 0.117638 -0.0186469 0.992881
    outer loop
      vertex 98.3272 -54.5727 14.8408
      vertex 98.7615 -54.5058 14.7906
      vertex 98.3502 -54.4276 14.8408
    endloop
  endfacet
  facet normal 0.117627 -0.018577 0.992884
    outer loop
      vertex 98.7615 -54.5058 14.7906
      vertex 98.3272 -54.5727 14.8408
      vertex 98.7386 -54.6508 14.7906
    endloop
  endfacet
  facet normal 0.00766118 -0.0485431 0.998792
    outer loop
      vertex 75.7377 -54.8969 17.1681
      vertex 75.6621 -55.4191 17.1433
      vertex 75.8828 -54.874 17.1681
    endloop
  endfacet
  facet normal 0.00770085 -0.0485488 0.998791
    outer loop
      vertex 75.6621 -55.4191 17.1433
      vertex 75.7377 -54.8969 17.1681
      vertex 75.5171 -55.4421 17.1433
    endloop
  endfacet
  facet normal 0.20338 0.551773 0.808816
    outer loop
      vertex 98.5364 -52.4101 13.999
      vertex 98.7131 -53.2105 14.5006
      vertex 98.9478 -52.4883 13.9489
    endloop
  endfacet
  facet normal 0.203428 0.551775 0.808802
    outer loop
      vertex 98.7131 -53.2105 14.5006
      vertex 98.5364 -52.4101 13.999
      vertex 98.3018 -53.1323 14.5507
    endloop
  endfacet
  facet normal 0.223459 0.777708 0.587568
    outer loop
      vertex 101.343 -52.9553 13.6561
      vertex 99.1182 -51.9636 13.1896
      vertex 98.9478 -52.4883 13.9489
    endloop
  endfacet
  facet normal 0.223496 0.777755 0.587492
    outer loop
      vertex 99.1182 -51.9636 13.1896
      vertex 101.343 -52.9553 13.6561
      vertex 101.513 -52.4306 12.8968
    endloop
  endfacet
  facet normal 0.191377 0.981517 0
    outer loop
      vertex 99.2079 -51.6877 0
      vertex 101.603 -52.1547 12.0041
      vertex 101.603 -52.1547 0
    endloop
  endfacet
  facet normal 0.191377 0.981517 0
    outer loop
      vertex 101.603 -52.1547 12.0041
      vertex 99.2079 -51.6877 0
      vertex 99.2079 -51.6877 12.2969
    endloop
  endfacet
  facet normal 0.186509 0.982453 0
    outer loop
      vertex 98.7965 -51.6096 0
      vertex 99.2079 -51.6877 12.2969
      vertex 99.2079 -51.6877 0
    endloop
  endfacet
  facet normal 0.186509 0.982453 0
    outer loop
      vertex 99.2079 -51.6877 12.2969
      vertex 98.7965 -51.6096 0
      vertex 98.7965 -51.6096 12.347
    endloop
  endfacet
  facet normal 0.0759828 -0.0759828 0.99421
    outer loop
      vertex 76.0136 -54.8073 17.1681
      vertex 75.8968 -55.2486 17.1433
      vertex 76.1174 -54.7035 17.1681
    endloop
  endfacet
  facet normal 0.0758841 -0.0759572 0.994219
    outer loop
      vertex 75.8968 -55.2486 17.1433
      vertex 76.0136 -54.8073 17.1681
      vertex 75.7929 -55.3524 17.1433
    endloop
  endfacet
  facet normal 0.148485 0.148771 0.97766
    outer loop
      vertex 100.963 -54.5931 14.4979
      vertex 98.6719 -54.2299 14.7906
      vertex 101.067 -54.6969 14.4979
    endloop
  endfacet
  facet normal 0.14844 0.14844 0.977717
    outer loop
      vertex 98.6719 -54.2299 14.7906
      vertex 100.963 -54.5931 14.4979
      vertex 98.5681 -54.1261 14.7906
    endloop
  endfacet
  facet normal 0.181584 0.356784 0.916369
    outer loop
      vertex 101.108 -53.6775 14.2078
      vertex 99.0928 -53.4039 14.5006
      vertex 101.488 -53.8709 14.2078
    endloop
  endfacet
  facet normal 0.181559 0.356453 0.916503
    outer loop
      vertex 99.0928 -53.4039 14.5006
      vertex 101.108 -53.6775 14.2078
      vertex 98.7131 -53.2105 14.5006
    endloop
  endfacet
  facet normal 0.0291762 -0.0572152 0.997935
    outer loop
      vertex 75.8828 -54.874 17.1681
      vertex 75.7929 -55.3524 17.1433
      vertex 76.0136 -54.8073 17.1681
    endloop
  endfacet
  facet normal 0.0291762 -0.0572152 0.997935
    outer loop
      vertex 75.7929 -55.3524 17.1433
      vertex 75.8828 -54.874 17.1681
      vertex 75.6621 -55.4191 17.1433
    endloop
  endfacet
  facet normal 0.110395 -0.0562946 0.992292
    outer loop
      vertex 98.3272 -54.5727 14.8408
      vertex 98.6719 -54.7816 14.7906
      vertex 98.7386 -54.6508 14.7906
    endloop
  endfacet
  facet normal 0.110434 -0.0562301 0.992292
    outer loop
      vertex 98.6719 -54.7816 14.7906
      vertex 98.3272 -54.5727 14.8408
      vertex 98.2606 -54.7035 14.8408
    endloop
  endfacet
  facet normal 0.104136 -0.0868913 0.99076
    outer loop
      vertex 98.6719 -54.7816 14.7906
      vertex 76.1174 -54.7035 17.1681
      vertex 101.067 -55.2486 14.4979
    endloop
  endfacet
  facet normal 0.133581 0.0680663 0.988698
    outer loop
      vertex 98.6719 -54.2299 14.7906
      vertex 98.3272 -54.2826 14.8408
      vertex 98.7386 -54.3608 14.7906
    endloop
  endfacet
  facet normal 0.133589 0.06802 0.9887
    outer loop
      vertex 98.3272 -54.2826 14.8408
      vertex 98.6719 -54.2299 14.7906
      vertex 98.2606 -54.1518 14.8408
    endloop
  endfacet
  facet normal 0.167041 0.260538 0.950903
    outer loop
      vertex 99.0928 -53.4039 14.5006
      vertex 100.963 -54.5931 14.4979
      vertex 101.488 -53.8709 14.2078
    endloop
  endfacet
  facet normal 0.167016 0.2605 0.950918
    outer loop
      vertex 100.963 -54.5931 14.4979
      vertex 99.0928 -53.4039 14.5006
      vertex 98.5681 -54.1261 14.7906
    endloop
  endfacet
  facet normal -0.758928 0.28078 0.58753
    outer loop
      vertex 73.2255 -53.8447 15.7218
      vertex 73.1956 -53.6016 15.567
      vertex 73.1185 -53.792 15.5584
    endloop
  endfacet
  facet normal -0.759006 0.280723 0.587456
    outer loop
      vertex 73.1956 -53.6016 15.567
      vertex 73.2255 -53.8447 15.7218
      vertex 73.7203 -53.7721 16.3264
    endloop
  endfacet
  facet normal -0.759037 0.280539 0.587503
    outer loop
      vertex 73.5516 -54.0053 16.2198
      vertex 73.7203 -53.7721 16.3264
      vertex 73.2255 -53.8447 15.7218
    endloop
  endfacet
  facet normal -0.758945 0.280385 0.587696
    outer loop
      vertex 73.6014 -54.0298 16.2958
      vertex 73.7203 -53.7721 16.3264
      vertex 73.5516 -54.0053 16.2198
    endloop
  endfacet
  facet normal -0.756214 0.278608 0.592045
    outer loop
      vertex 73.6 -54.0404 16.299
      vertex 73.7203 -53.7721 16.3264
      vertex 73.6014 -54.0298 16.2958
    endloop
  endfacet
  facet normal -0.760685 0.281333 0.584987
    outer loop
      vertex 73.7203 -53.7721 16.3264
      vertex 73.6 -54.0404 16.299
      vertex 73.5941 -54.0838 16.3122
    endloop
  endfacet
  facet normal 0.11774 -0.0185949 0.99287
    outer loop
      vertex 98.7386 -54.6508 14.7906
      vertex 101.156 -54.9728 14.4979
      vertex 98.7615 -54.5058 14.7906
    endloop
  endfacet
  facet normal 0.11773 -0.0186744 0.99287
    outer loop
      vertex 101.156 -54.9728 14.4979
      vertex 98.7386 -54.6508 14.7906
      vertex 101.133 -55.1178 14.4979
    endloop
  endfacet
  facet normal 0.124822 0.0197132 0.991983
    outer loop
      vertex 98.7386 -54.3608 14.7906
      vertex 98.3502 -54.4276 14.8408
      vertex 98.7615 -54.5058 14.7906
    endloop
  endfacet
  facet normal 0.124807 0.019797 0.991983
    outer loop
      vertex 98.3502 -54.4276 14.8408
      vertex 98.7386 -54.3608 14.7906
      vertex 98.3272 -54.2826 14.8408
    endloop
  endfacet
  facet normal 0.147353 0.147353 0.978046
    outer loop
      vertex 98.5681 -54.1261 14.7906
      vertex 98.2606 -54.1518 14.8408
      vertex 98.6719 -54.2299 14.7906
    endloop
  endfacet
  facet normal 0.147339 0.147481 0.978029
    outer loop
      vertex 98.2606 -54.1518 14.8408
      vertex 98.5681 -54.1261 14.7906
      vertex 98.1567 -54.048 14.8408
    endloop
  endfacet
  facet normal 0.20625 0.550738 0.808794
    outer loop
      vertex 98.9478 -52.4883 13.9489
      vertex 101.108 -53.6775 14.2078
      vertex 101.343 -52.9553 13.6561
    endloop
  endfacet
  facet normal 0.20628 0.550784 0.808755
    outer loop
      vertex 101.108 -53.6775 14.2078
      vertex 98.9478 -52.4883 13.9489
      vertex 98.7131 -53.2105 14.5006
    endloop
  endfacet
  facet normal 0.104117 -0.0884264 0.990626
    outer loop
      vertex 98.2606 -54.7035 14.8408
      vertex 76.1174 -54.7035 17.1681
      vertex 98.6719 -54.7816 14.7906
    endloop
  endfacet
  facet normal 0.104126 -0.0872142 0.990733
    outer loop
      vertex 76.1174 -54.7035 17.1681
      vertex 75.8968 -55.2486 17.1433
      vertex 101.067 -55.2486 14.4979
    endloop
  endfacet
  facet normal -0.0192128 -0.0376767 0.999105
    outer loop
      vertex 75.2412 -55.3524 17.1433
      vertex 75.5927 -54.874 17.1681
      vertex 75.4619 -54.8073 17.1681
    endloop
  endfacet
  facet normal -0.0192021 -0.0376845 0.999105
    outer loop
      vertex 75.5927 -54.874 17.1681
      vertex 75.2412 -55.3524 17.1433
      vertex 75.3721 -55.4191 17.1433
    endloop
  endfacet
  facet normal -0.556781 0.18855 0.808977
    outer loop
      vertex 74.4424 -54.0068 16.8781
      vertex 73.7745 -54.1672 16.4558
      vertex 74.2686 -54.3956 16.8491
    endloop
  endfacet
  facet normal -0.556783 0.188568 0.808972
    outer loop
      vertex 73.7203 -53.7721 16.3264
      vertex 73.7745 -54.1672 16.4558
      vertex 74.4424 -54.0068 16.8781
    endloop
  endfacet
  facet normal -0.556775 0.188571 0.808976
    outer loop
      vertex 73.7745 -54.1672 16.4558
      vertex 73.7203 -53.7721 16.3264
      vertex 73.5941 -54.0838 16.3122
    endloop
  endfacet
  facet normal -0.558294 0.189317 0.807754
    outer loop
      vertex 74.4424 -54.0068 16.8781
      vertex 74.2686 -54.3956 16.8491
      vertex 74.2571 -54.4645 16.8573
    endloop
  endfacet
  facet normal 0.110436 -0.0557247 0.99232
    outer loop
      vertex 98.7386 -54.6508 14.7906
      vertex 101.067 -55.2486 14.4979
      vertex 101.133 -55.1178 14.4979
    endloop
  endfacet
  facet normal 0.1103 -0.0562465 0.992305
    outer loop
      vertex 101.067 -55.2486 14.4979
      vertex 98.7386 -54.6508 14.7906
      vertex 98.6719 -54.7816 14.7906
    endloop
  endfacet
  facet normal 0.125122 0.0198332 0.991943
    outer loop
      vertex 101.133 -54.8277 14.4979
      vertex 98.7615 -54.5058 14.7906
      vertex 101.156 -54.9728 14.4979
    endloop
  endfacet
  facet normal 0.125112 0.0197591 0.991946
    outer loop
      vertex 98.7615 -54.5058 14.7906
      vertex 101.133 -54.8277 14.4979
      vertex 98.7386 -54.3608 14.7906
    endloop
  endfacet
  facet normal -0.299483 0.0781094 0.950899
    outer loop
      vertex 74.4619 -54.1351 16.8947
      vertex 75.0737 -54.7939 17.1415
      vertex 75.2756 -54.3217 17.1663
    endloop
  endfacet
  facet normal -0.299407 0.0781857 0.950917
    outer loop
      vertex 74.4619 -54.1351 16.8947
      vertex 74.2571 -54.4645 16.8573
      vertex 75.0737 -54.7939 17.1415
    endloop
  endfacet
  facet normal -0.298645 0.0776797 0.951198
    outer loop
      vertex 74.2571 -54.4645 16.8573
      vertex 74.4619 -54.1351 16.8947
      vertex 74.4424 -54.0068 16.8781
    endloop
  endfacet
  facet normal -0.297119 0.0770551 0.951726
    outer loop
      vertex 75.2756 -54.3217 17.1663
      vertex 75.0737 -54.7939 17.1415
      vertex 75.0707 -54.8277 17.1433
    endloop
  endfacet
  facet normal 0.178493 0.350432 0.919422
    outer loop
      vertex 98.7131 -53.2105 14.5006
      vertex 98.6814 -53.3258 14.5507
      vertex 99.0928 -53.4039 14.5006
    endloop
  endfacet
  facet normal 0.178613 0.350395 0.919413
    outer loop
      vertex 98.6814 -53.3258 14.5507
      vertex 98.7131 -53.2105 14.5006
      vertex 98.3018 -53.1323 14.5507
    endloop
  endfacet
  facet normal -0.182162 0.0290904 0.982838
    outer loop
      vertex 75.0707 -54.8277 17.1433
      vertex 75.2684 -54.4276 17.1681
      vertex 75.2756 -54.3217 17.1663
    endloop
  endfacet
  facet normal -0.181184 0.0285948 0.983033
    outer loop
      vertex 75.2684 -54.4276 17.1681
      vertex 75.0707 -54.8277 17.1433
      vertex 75.0478 -54.9728 17.1433
    endloop
  endfacet
  facet normal -0.886627 0.344725 0.308314
    outer loop
      vertex 72.9197 -53.512 14.6743
      vertex 72.9062 -53.6138 14.7493
      vertex 72.9177 -53.6132 14.7817
    endloop
  endfacet
  facet normal -0.8861 0.345219 0.309275
    outer loop
      vertex 72.8942 -53.602 14.7017
      vertex 72.9197 -53.512 14.6743
      vertex 72.8846 -53.5986 14.6704
    endloop
  endfacet
  facet normal -0.886223 0.345165 0.308984
    outer loop
      vertex 72.9062 -53.6138 14.7493
      vertex 72.9197 -53.512 14.6743
      vertex 72.8942 -53.602 14.7017
    endloop
  endfacet
  facet normal -0.888633 0.338593 0.309332
    outer loop
      vertex 72.8942 -53.602 14.7017
      vertex 72.8846 -53.5986 14.6704
      vertex 72.8906 -53.6035 14.693
    endloop
  endfacet
  facet normal -0.886676 0.344656 0.308248
    outer loop
      vertex 72.937 -53.641 14.8683
      vertex 72.9197 -53.512 14.6743
      vertex 72.9177 -53.6132 14.7817
    endloop
  endfacet
  facet normal -0.885568 0.346495 0.309372
    outer loop
      vertex 72.9197 -53.512 14.6743
      vertex 72.937 -53.641 14.8683
      vertex 72.9589 -53.6586 14.9507
    endloop
  endfacet
  facet normal -0.886505 0.344784 0.308597
    outer loop
      vertex 72.9947 -53.677 15.0741
      vertex 72.9197 -53.512 14.6743
      vertex 72.9589 -53.6586 14.9507
    endloop
  endfacet
  facet normal -0.886514 0.344768 0.308592
    outer loop
      vertex 72.9197 -53.512 14.6743
      vertex 72.9947 -53.677 15.0741
      vertex 73.1956 -53.6016 15.567
    endloop
  endfacet
  facet normal -0.886472 0.344909 0.308554
    outer loop
      vertex 73.1286 -53.7458 15.5357
      vertex 73.1956 -53.6016 15.567
      vertex 72.9947 -53.677 15.0741
    endloop
  endfacet
  facet normal -0.886894 0.345518 0.306653
    outer loop
      vertex 73.1232 -53.7704 15.5478
      vertex 73.1956 -53.6016 15.567
      vertex 73.1286 -53.7458 15.5357
    endloop
  endfacet
  facet normal -0.886086 0.344818 0.30976
    outer loop
      vertex 73.1956 -53.6016 15.567
      vertex 73.1232 -53.7704 15.5478
      vertex 73.1185 -53.792 15.5584
    endloop
  endfacet
  facet normal -0.0323505 -0.0323505 0.998953
    outer loop
      vertex 75.1374 -55.2486 17.1433
      vertex 75.4619 -54.8073 17.1681
      vertex 75.3581 -54.7035 17.1681
    endloop
  endfacet
  facet normal -0.0323505 -0.0323505 0.998953
    outer loop
      vertex 75.4619 -54.8073 17.1681
      vertex 75.1374 -55.2486 17.1433
      vertex 75.2412 -55.3524 17.1433
    endloop
  endfacet
  facet normal 0.165463 0.261615 0.950884
    outer loop
      vertex 98.6814 -53.3258 14.5507
      vertex 98.5681 -54.1261 14.7906
      vertex 99.0928 -53.4039 14.5006
    endloop
  endfacet
  facet normal 0.165683 0.261575 0.950856
    outer loop
      vertex 98.5681 -54.1261 14.7906
      vertex 98.6814 -53.3258 14.5507
      vertex 98.1567 -54.048 14.8408
    endloop
  endfacet
  facet normal 0.219593 0.778847 0.587517
    outer loop
      vertex 98.9478 -52.4883 13.9489
      vertex 98.7069 -51.8854 13.2397
      vertex 98.5364 -52.4101 13.999
    endloop
  endfacet
  facet normal 0.219644 0.778846 0.587499
    outer loop
      vertex 98.7069 -51.8854 13.2397
      vertex 98.9478 -52.4883 13.9489
      vertex 99.1182 -51.9636 13.1896
    endloop
  endfacet
  facet normal -0.00674614 -0.0427157 0.999064
    outer loop
      vertex 75.5927 -54.874 17.1681
      vertex 75.5171 -55.4421 17.1433
      vertex 75.7377 -54.8969 17.1681
    endloop
  endfacet
  facet normal -0.00677499 -0.0427119 0.999064
    outer loop
      vertex 75.5171 -55.4421 17.1433
      vertex 75.5927 -54.874 17.1681
      vertex 75.3721 -55.4191 17.1433
    endloop
  endfacet
  facet normal -0.0805076 -0.0127614 0.996672
    outer loop
      vertex 75.0478 -54.9728 17.1433
      vertex 75.2914 -54.5727 17.1681
      vertex 75.2684 -54.4276 17.1681
    endloop
  endfacet
  facet normal -0.0805682 -0.0127242 0.996668
    outer loop
      vertex 75.2914 -54.5727 17.1681
      vertex 75.0478 -54.9728 17.1433
      vertex 75.0707 -55.1178 17.1433
    endloop
  endfacet
  facet normal -0.454018 0.890993 0
    outer loop
      vertex 76.043 -47.4646 0
      vertex 75.217 -47.8855 14.9107
      vertex 76.043 -47.4646 14.9107
    endloop
  endfacet
  facet normal -0.454018 0.890993 0
    outer loop
      vertex 75.217 -47.8855 14.9107
      vertex 76.043 -47.4646 0
      vertex 75.217 -47.8855 0
    endloop
  endfacet
  facet normal 0.205522 0.978652 0
    outer loop
      vertex 83.1682 -48.5498 0
      vertex 85.1591 -48.9679 14.0127
      vertex 85.1591 -48.9679 0
    endloop
  endfacet
  facet normal 0.205522 0.978652 0
    outer loop
      vertex 85.1591 -48.9679 14.0127
      vertex 83.1682 -48.5498 0
      vertex 83.1682 -48.5498 14.2588
    endloop
  endfacet
  facet normal 0.0802883 -0.0802883 0.993533
    outer loop
      vertex 77.2345 -50.6623 17.4044
      vertex 76.8955 -52.0618 17.3187
      vertex 77.3383 -50.5585 17.4044
    endloop
  endfacet
  facet normal 0.0802883 -0.0802883 0.993533
    outer loop
      vertex 76.8955 -52.0618 17.3187
      vertex 77.2345 -50.6623 17.4044
      vertex 76.7917 -52.1656 17.3187
    endloop
  endfacet
  facet normal -0.848362 0.432295 0.30562
    outer loop
      vertex 74.5615 -48.541 14.9107
      vertex 74.1406 -49.367 14.9107
      vertex 74.4165 -49.4566 15.8033
    endloop
  endfacet
  facet normal 0.231317 0.775344 0.587651
    outer loop
      vertex 82.9081 -49.3504 15.9108
      vertex 77.7847 -47.7404 15.8033
      vertex 77.6142 -48.2651 16.5627
    endloop
  endfacet
  facet normal 0.231317 0.775344 0.587651
    outer loop
      vertex 77.7847 -47.7404 15.8033
      vertex 82.9081 -49.3504 15.9108
      vertex 83.0786 -48.8257 15.1514
    endloop
  endfacet
  facet normal 0.212081 0.548789 0.808611
    outer loop
      vertex 77.6142 -48.2651 16.5627
      vertex 82.6734 -50.0726 16.4625
      vertex 82.9081 -49.3504 15.9108
    endloop
  endfacet
  facet normal 0.212081 0.548789 0.808611
    outer loop
      vertex 82.6734 -50.0726 16.4625
      vertex 77.6142 -48.2651 16.5627
      vertex 77.3795 -48.9873 17.1144
    endloop
  endfacet
  facet normal -0.432301 0.848374 0.305578
    outer loop
      vertex 76.043 -47.4646 14.9107
      vertex 75.217 -47.8855 14.9107
      vertex 76.1327 -47.7404 15.8033
    endloop
  endfacet
  facet normal 0.156417 0.987691 -0
    outer loop
      vertex 77.8743 -47.4646 0
      vertex 76.9587 -47.3196 14.9107
      vertex 77.8743 -47.4646 14.9107
    endloop
  endfacet
  facet normal 0.156417 0.987691 0
    outer loop
      vertex 76.9587 -47.3196 14.9107
      vertex 77.8743 -47.4646 0
      vertex 76.9587 -47.3196 0
    endloop
  endfacet
  facet normal -0.574512 0.574512 0.582985
    outer loop
      vertex 75.3875 -48.1201 15.8033
      vertex 75.2425 -49.0357 16.5627
      vertex 75.7118 -48.5664 16.5627
    endloop
  endfacet
  facet normal -0.574512 0.574512 0.582985
    outer loop
      vertex 75.2425 -49.0357 16.5627
      vertex 75.3875 -48.1201 15.8033
      vertex 74.7961 -48.7115 15.8033
    endloop
  endfacet
  facet normal -0.43228 0.848393 0.305553
    outer loop
      vertex 76.1327 -47.7404 15.8033
      vertex 75.217 -47.8855 14.9107
      vertex 75.3875 -48.1201 15.8033
    endloop
  endfacet
  facet normal 0.148936 0.940456 0.305548
    outer loop
      vertex 76.9587 -47.3196 14.9107
      vertex 76.9587 -47.6096 15.8033
      vertex 77.8743 -47.4646 14.9107
    endloop
  endfacet
  facet normal -0.890993 0.454018 0
    outer loop
      vertex 74.1406 -49.367 0
      vertex 74.5615 -48.541 14.9107
      vertex 74.5615 -48.541 0
    endloop
  endfacet
  facet normal -0.890993 0.454018 0
    outer loop
      vertex 74.5615 -48.541 14.9107
      vertex 74.1406 -49.367 0
      vertex 74.1406 -49.367 14.9107
    endloop
  endfacet
  facet normal 0.0926727 0.585231 0.805554
    outer loop
      vertex 76.9587 -48.1613 16.5627
      vertex 76.9587 -48.9207 17.1144
      vertex 77.6142 -48.2651 16.5627
    endloop
  endfacet
  facet normal -0.723933 0.368822 0.583002
    outer loop
      vertex 75.2425 -49.0357 16.5627
      vertex 74.4165 -49.4566 15.8033
      vertex 74.9412 -49.6271 16.5627
    endloop
  endfacet
  facet normal -0.959253 0.28255 0
    outer loop
      vertex 73.6978 -50.8703 14.8249
      vertex 74.1406 -49.367 0
      vertex 73.6978 -50.8703 0
    endloop
  endfacet
  facet normal -0.959253 0.28255 0
    outer loop
      vertex 74.1406 -49.367 0
      vertex 73.6978 -50.8703 14.8249
      vertex 74.1406 -49.367 14.9107
    endloop
  endfacet
  facet normal 0.0926291 0.58526 0.805537
    outer loop
      vertex 77.6142 -48.2651 16.5627
      vertex 76.9587 -48.9207 17.1144
      vertex 77.3795 -48.9873 17.1144
    endloop
  endfacet
  facet normal -0.127076 0.802485 0.582983
    outer loop
      vertex 76.9587 -47.6096 15.8033
      vertex 76.1327 -47.7404 15.8033
      vertex 76.3031 -48.2651 16.5627
    endloop
  endfacet
  facet normal 0.21495 0.547844 0.808495
    outer loop
      vertex 82.9081 -49.3504 15.9108
      vertex 84.6643 -50.4906 16.2165
      vertex 84.899 -49.7685 15.6648
    endloop
  endfacet
  facet normal 0.214918 0.547805 0.80853
    outer loop
      vertex 84.6643 -50.4906 16.2165
      vertex 82.9081 -49.3504 15.9108
      vertex 82.6734 -50.0726 16.4625
    endloop
  endfacet
  facet normal -0.848417 0.432236 0.305551
    outer loop
      vertex 74.5615 -48.541 14.9107
      vertex 74.4165 -49.4566 15.8033
      vertex 74.7961 -48.7115 15.8033
    endloop
  endfacet
  facet normal -0.723933 0.368816 0.583005
    outer loop
      vertex 74.7961 -48.7115 15.8033
      vertex 74.4165 -49.4566 15.8033
      vertex 75.2425 -49.0357 16.5627
    endloop
  endfacet
  facet normal 0.0488437 0.30861 0.949934
    outer loop
      vertex 77.3795 -48.9873 17.1144
      vertex 76.9587 -48.9207 17.1144
      vertex 77.1037 -49.8363 17.4044
    endloop
  endfacet
  facet normal -0.527978 0.268988 0.805534
    outer loop
      vertex 75.2425 -49.0357 16.5627
      vertex 74.9412 -49.6271 16.5627
      vertex 75.8568 -49.4821 17.1144
    endloop
  endfacet
  facet normal -0.0926586 0.585231 0.805555
    outer loop
      vertex 76.9587 -48.1613 16.5627
      vertex 76.3031 -48.2651 16.5627
      vertex 76.9587 -48.9207 17.1144
    endloop
  endfacet
  facet normal -0.368883 0.723931 0.582966
    outer loop
      vertex 76.1327 -47.7404 15.8033
      vertex 75.7118 -48.5664 16.5627
      vertex 76.3031 -48.2651 16.5627
    endloop
  endfacet
  facet normal 0.231864 0.922555 0.308434
    outer loop
      vertex 85.0694 -49.2438 14.9054
      vertex 83.1682 -48.5498 14.2588
      vertex 83.0786 -48.8257 15.1514
    endloop
  endfacet
  facet normal 0.231867 0.922557 0.308426
    outer loop
      vertex 83.1682 -48.5498 14.2588
      vertex 85.0694 -49.2438 14.9054
      vertex 85.1591 -48.9679 14.0127
    endloop
  endfacet
  facet normal -0.1564 0.987694 0
    outer loop
      vertex 76.9587 -47.3196 0
      vertex 76.043 -47.4646 14.9107
      vertex 76.9587 -47.3196 14.9107
    endloop
  endfacet
  facet normal -0.1564 0.987694 0
    outer loop
      vertex 76.043 -47.4646 14.9107
      vertex 76.9587 -47.3196 0
      vertex 76.043 -47.4646 0
    endloop
  endfacet
  facet normal 0.200815 0.979629 0
    outer loop
      vertex 77.8743 -47.4646 0
      vertex 83.1682 -48.5498 14.2588
      vertex 83.1682 -48.5498 0
    endloop
  endfacet
  facet normal 0.200815 0.979629 0
    outer loop
      vertex 83.1682 -48.5498 14.2588
      vertex 77.8743 -47.4646 0
      vertex 77.8743 -47.4646 14.9107
    endloop
  endfacet
  facet normal -0.368863 0.723932 0.582977
    outer loop
      vertex 76.1327 -47.7404 15.8033
      vertex 75.3875 -48.1201 15.8033
      vertex 75.7118 -48.5664 16.5627
    endloop
  endfacet
  facet normal 0.141871 0.278389 0.949933
    outer loop
      vertex 77.3795 -48.9873 17.1144
      vertex 77.1037 -49.8363 17.4044
      vertex 77.7592 -49.1808 17.1144
    endloop
  endfacet
  facet normal -0.673286 0.673286 0.305566
    outer loop
      vertex 74.5615 -48.541 14.9107
      vertex 75.3875 -48.1201 15.8033
      vertex 75.217 -47.8855 14.9107
    endloop
  endfacet
  facet normal -0.673286 0.673286 0.305566
    outer loop
      vertex 75.3875 -48.1201 15.8033
      vertex 74.5615 -48.541 14.9107
      vertex 74.7961 -48.7115 15.8033
    endloop
  endfacet
  facet normal -0.308619 0.0489185 0.949927
    outer loop
      vertex 75.6634 -49.8618 17.1144
      vertex 75.5967 -50.2826 17.1144
      vertex 76.5123 -50.1376 17.4044
    endloop
  endfacet
  facet normal -0.52798 0.268926 0.805553
    outer loop
      vertex 75.8568 -49.4821 17.1144
      vertex 74.9412 -49.6271 16.5627
      vertex 75.6634 -49.8618 17.1144
    endloop
  endfacet
  facet normal -0.127055 0.802479 0.582996
    outer loop
      vertex 76.9587 -47.6096 15.8033
      vertex 76.3031 -48.2651 16.5627
      vertex 76.9587 -48.1613 16.5627
    endloop
  endfacet
  facet normal 0.127074 0.802477 0.582995
    outer loop
      vertex 76.9587 -47.6096 15.8033
      vertex 76.9587 -48.1613 16.5627
      vertex 77.6142 -48.2651 16.5627
    endloop
  endfacet
  facet normal 0.152718 0.152718 0.976399
    outer loop
      vertex 84.5193 -51.4063 16.5065
      vertex 82.6322 -51.092 16.7525
      vertex 84.6231 -51.5101 16.5065
    endloop
  endfacet
  facet normal 0.152718 0.152718 0.976399
    outer loop
      vertex 82.6322 -51.092 16.7525
      vertex 84.5193 -51.4063 16.5065
      vertex 82.5284 -50.9882 16.7525
    endloop
  endfacet
  facet normal 0.235192 0.774146 0.587693
    outer loop
      vertex 84.899 -49.7685 15.6648
      vertex 83.0786 -48.8257 15.1514
      vertex 82.9081 -49.3504 15.9108
    endloop
  endfacet
  facet normal 0.235203 0.774157 0.587673
    outer loop
      vertex 83.0786 -48.8257 15.1514
      vertex 84.899 -49.7685 15.6648
      vertex 85.0694 -49.2438 14.9054
    endloop
  endfacet
  facet normal 0.227334 0.923745 0.308243
    outer loop
      vertex 83.0786 -48.8257 15.1514
      vertex 77.8743 -47.4646 14.9107
      vertex 77.7847 -47.7404 15.8033
    endloop
  endfacet
  facet normal 0.227322 0.923717 0.308337
    outer loop
      vertex 77.8743 -47.4646 14.9107
      vertex 83.0786 -48.8257 15.1514
      vertex 83.1682 -48.5498 14.2588
    endloop
  endfacet
  facet normal 0.151306 0.151306 0.976838
    outer loop
      vertex 82.5284 -50.9882 16.7525
      vertex 77.3383 -50.0068 17.4044
      vertex 82.6322 -51.092 16.7525
    endloop
  endfacet
  facet normal 0.151306 0.151306 0.976838
    outer loop
      vertex 77.3383 -50.0068 17.4044
      vertex 82.5284 -50.9882 16.7525
      vertex 77.2345 -49.903 17.4044
    endloop
  endfacet
  facet normal -0.917007 0.252482 0.308789
    outer loop
      vertex 73.6978 -50.8703 14.8249
      vertex 74.4165 -49.4566 15.8033
      vertex 74.1406 -49.367 14.9107
    endloop
  endfacet
  facet normal -0.917011 0.252506 0.308758
    outer loop
      vertex 74.4165 -49.4566 15.8033
      vertex 73.6978 -50.8703 14.8249
      vertex 73.9737 -50.9599 15.7176
    endloop
  endfacet
  facet normal -0.785132 0.197805 0.586891
    outer loop
      vertex 73.9737 -50.9599 15.7176
      vertex 74.9412 -49.6271 16.5627
      vertex 74.4165 -49.4566 15.8033
    endloop
  endfacet
  facet normal -0.785132 0.197805 0.586891
    outer loop
      vertex 74.9412 -49.6271 16.5627
      vertex 73.9737 -50.9599 15.7176
      vertex 74.4984 -51.1304 16.477
    endloop
  endfacet
  facet normal -0.308596 0.0487369 0.949944
    outer loop
      vertex 76.5123 -50.1376 17.4044
      vertex 75.5967 -50.2826 17.1144
      vertex 76.4894 -50.2826 17.4044
    endloop
  endfacet
  facet normal -0.00858386 -0.0543894 0.998483
    outer loop
      vertex 76.8136 -50.729 17.4044
      vertex 76.5159 -52.2553 17.3187
      vertex 76.9587 -50.7519 17.4044
    endloop
  endfacet
  facet normal -0.00862022 -0.0543823 0.998483
    outer loop
      vertex 76.5159 -52.2553 17.3187
      vertex 76.8136 -50.729 17.4044
      vertex 76.3708 -52.2323 17.3187
    endloop
  endfacet
  facet normal -0.269042 0.527935 0.805544
    outer loop
      vertex 76.3031 -48.2651 16.5627
      vertex 76.1581 -49.1808 17.1144
      vertex 76.5378 -48.9873 17.1144
    endloop
  endfacet
  facet normal 0.110744 -0.0564728 0.992243
    outer loop
      vertex 82.6989 -51.5129 16.7525
      vertex 84.6231 -52.0618 16.5065
      vertex 84.6898 -51.931 16.5065
    endloop
  endfacet
  facet normal 0.110744 -0.0564728 0.992243
    outer loop
      vertex 84.6231 -52.0618 16.5065
      vertex 82.6989 -51.5129 16.7525
      vertex 82.6322 -51.6437 16.7525
    endloop
  endfacet
  facet normal 0.148925 0.940462 0.305538
    outer loop
      vertex 77.8743 -47.4646 14.9107
      vertex 76.9587 -47.6096 15.8033
      vertex 77.7847 -47.7404 15.8033
    endloop
  endfacet
  facet normal 0.127075 0.802477 0.582994
    outer loop
      vertex 77.7847 -47.7404 15.8033
      vertex 76.9587 -47.6096 15.8033
      vertex 77.6142 -48.2651 16.5627
    endloop
  endfacet
  facet normal 0.136738 0.0697279 0.98815
    outer loop
      vertex 84.6231 -51.5101 16.5065
      vertex 82.6989 -51.2229 16.7525
      vertex 84.6898 -51.6409 16.5065
    endloop
  endfacet
  facet normal 0.13673 0.0696706 0.988155
    outer loop
      vertex 82.6989 -51.2229 16.7525
      vertex 84.6231 -51.5101 16.5065
      vertex 82.6322 -51.092 16.7525
    endloop
  endfacet
  facet normal 0.19073 0.374264 0.907496
    outer loop
      vertex 84.6643 -50.4906 16.2165
      vertex 83.0531 -50.266 16.4625
      vertex 85.044 -50.6841 16.2165
    endloop
  endfacet
  facet normal 0.190746 0.37449 0.907399
    outer loop
      vertex 83.0531 -50.266 16.4625
      vertex 84.6643 -50.4906 16.2165
      vertex 82.6734 -50.0726 16.4625
    endloop
  endfacet
  facet normal 0.187643 0.368397 0.910535
    outer loop
      vertex 82.6734 -50.0726 16.4625
      vertex 77.7592 -49.1808 17.1144
      vertex 83.0531 -50.266 16.4625
    endloop
  endfacet
  facet normal 0.187611 0.368145 0.910643
    outer loop
      vertex 77.7592 -49.1808 17.1144
      vertex 82.6734 -50.0726 16.4625
      vertex 77.3795 -48.9873 17.1144
    endloop
  endfacet
  facet normal 0.0341123 -0.0668948 0.997177
    outer loop
      vertex 77.1037 -50.729 17.4044
      vertex 76.7917 -52.1656 17.3187
      vertex 77.2345 -50.6623 17.4044
    endloop
  endfacet
  facet normal 0.0341123 -0.0668948 0.997177
    outer loop
      vertex 76.7917 -52.1656 17.3187
      vertex 77.1037 -50.729 17.4044
      vertex 76.6609 -52.2323 17.3187
    endloop
  endfacet
  facet normal -0.0439516 -0.0439516 0.998066
    outer loop
      vertex 76.1362 -52.0618 17.3187
      vertex 76.6828 -50.6623 17.4044
      vertex 76.579 -50.5585 17.4044
    endloop
  endfacet
  facet normal -0.0439516 -0.0439516 0.998066
    outer loop
      vertex 76.6828 -50.6623 17.4044
      vertex 76.1362 -52.0618 17.3187
      vertex 76.24 -52.1656 17.3187
    endloop
  endfacet
  facet normal -0.269012 0.527936 0.805553
    outer loop
      vertex 76.3031 -48.2651 16.5627
      vertex 75.7118 -48.5664 16.5627
      vertex 76.1581 -49.1808 17.1144
    endloop
  endfacet
  facet normal -0.418986 0.418986 0.805544
    outer loop
      vertex 75.7118 -48.5664 16.5627
      vertex 75.8568 -49.4821 17.1144
      vertex 76.1581 -49.1808 17.1144
    endloop
  endfacet
  facet normal -0.418986 0.418986 0.805544
    outer loop
      vertex 75.8568 -49.4821 17.1144
      vertex 75.7118 -48.5664 16.5627
      vertex 75.2425 -49.0357 16.5627
    endloop
  endfacet
  facet normal -0.092608 0.585266 0.805536
    outer loop
      vertex 76.9587 -48.9207 17.1144
      vertex 76.3031 -48.2651 16.5627
      vertex 76.5378 -48.9873 17.1144
    endloop
  endfacet
  facet normal -0.148925 0.940457 0.305553
    outer loop
      vertex 76.9587 -47.6096 15.8033
      vertex 76.043 -47.4646 14.9107
      vertex 76.1327 -47.7404 15.8033
    endloop
  endfacet
  facet normal -0.148921 0.940459 0.305549
    outer loop
      vertex 76.9587 -47.3196 14.9107
      vertex 76.043 -47.4646 14.9107
      vertex 76.9587 -47.6096 15.8033
    endloop
  endfacet
  facet normal -0.707107 0.707107 0
    outer loop
      vertex 74.5615 -48.541 0
      vertex 75.217 -47.8855 14.9107
      vertex 75.217 -47.8855 0
    endloop
  endfacet
  facet normal -0.707107 0.707107 0
    outer loop
      vertex 75.217 -47.8855 14.9107
      vertex 74.5615 -48.541 0
      vertex 74.5615 -48.541 14.9107
    endloop
  endfacet
  facet normal -0.141871 0.278389 0.949933
    outer loop
      vertex 76.5378 -48.9873 17.1144
      vertex 76.1581 -49.1808 17.1144
      vertex 76.8136 -49.8363 17.4044
    endloop
  endfacet
  facet normal -0.141932 0.278331 0.94994
    outer loop
      vertex 76.8136 -49.8363 17.4044
      vertex 76.1581 -49.1808 17.1144
      vertex 76.6828 -49.903 17.4044
    endloop
  endfacet
  facet normal 0.141932 0.278331 0.94994
    outer loop
      vertex 77.7592 -49.1808 17.1144
      vertex 77.1037 -49.8363 17.4044
      vertex 77.2345 -49.903 17.4044
    endloop
  endfacet
  facet normal 0.12675 0.0200177 0.991733
    outer loop
      vertex 84.6898 -51.6409 16.5065
      vertex 82.7219 -51.3679 16.7525
      vertex 84.7127 -51.7859 16.5065
    endloop
  endfacet
  facet normal 0.126762 0.0201071 0.991729
    outer loop
      vertex 82.7219 -51.3679 16.7525
      vertex 84.6898 -51.6409 16.5065
      vertex 82.6989 -51.2229 16.7525
    endloop
  endfacet
  facet normal 0.118403 -0.0187812 0.992788
    outer loop
      vertex 77.405 -50.4276 17.4044
      vertex 82.7219 -51.3679 16.7525
      vertex 77.428 -50.2826 17.4044
    endloop
  endfacet
  facet normal 0.118403 -0.0187812 0.992788
    outer loop
      vertex 82.7219 -51.3679 16.7525
      vertex 77.405 -50.4276 17.4044
      vertex 82.6989 -51.5129 16.7525
    endloop
  endfacet
  facet normal 0.00942533 -0.05968 0.998173
    outer loop
      vertex 76.9587 -50.7519 17.4044
      vertex 76.6609 -52.2323 17.3187
      vertex 77.1037 -50.729 17.4044
    endloop
  endfacet
  facet normal 0.00946783 -0.0596885 0.998172
    outer loop
      vertex 76.6609 -52.2323 17.3187
      vertex 76.9587 -50.7519 17.4044
      vertex 76.5159 -52.2553 17.3187
    endloop
  endfacet
  facet normal -0.278331 0.141932 0.94994
    outer loop
      vertex 76.579 -50.0068 17.4044
      vertex 75.8568 -49.4821 17.1144
      vertex 76.5123 -50.1376 17.4044
    endloop
  endfacet
  facet normal 0 0 1
    outer loop
      vertex 77.405 -50.1376 17.4044
      vertex 77.405 -50.4276 17.4044
      vertex 77.428 -50.2826 17.4044
    endloop
  endfacet
  facet normal 0 0 1
    outer loop
      vertex 77.3383 -50.0068 17.4044
      vertex 77.405 -50.4276 17.4044
      vertex 77.405 -50.1376 17.4044
    endloop
  endfacet
  facet normal 0 0 1
    outer loop
      vertex 77.3383 -50.0068 17.4044
      vertex 77.3383 -50.5585 17.4044
      vertex 77.405 -50.4276 17.4044
    endloop
  endfacet
  facet normal 0 0 1
    outer loop
      vertex 77.2345 -49.903 17.4044
      vertex 77.3383 -50.5585 17.4044
      vertex 77.3383 -50.0068 17.4044
    endloop
  endfacet
  facet normal 0 0 1
    outer loop
      vertex 77.2345 -49.903 17.4044
      vertex 77.2345 -50.6623 17.4044
      vertex 77.3383 -50.5585 17.4044
    endloop
  endfacet
  facet normal 0 0 1
    outer loop
      vertex 77.1037 -49.8363 17.4044
      vertex 77.2345 -50.6623 17.4044
      vertex 77.2345 -49.903 17.4044
    endloop
  endfacet
  facet normal 0 0 1
    outer loop
      vertex 77.1037 -49.8363 17.4044
      vertex 77.1037 -50.729 17.4044
      vertex 77.2345 -50.6623 17.4044
    endloop
  endfacet
  facet normal 0 0 1
    outer loop
      vertex 76.9587 -49.8133 17.4044
      vertex 77.1037 -50.729 17.4044
      vertex 77.1037 -49.8363 17.4044
    endloop
  endfacet
  facet normal 0 0 1
    outer loop
      vertex 76.9587 -49.8133 17.4044
      vertex 76.9587 -50.7519 17.4044
      vertex 77.1037 -50.729 17.4044
    endloop
  endfacet
  facet normal -0 0 1
    outer loop
      vertex 76.8136 -49.8363 17.4044
      vertex 76.9587 -50.7519 17.4044
      vertex 76.9587 -49.8133 17.4044
    endloop
  endfacet
  facet normal 0 0 1
    outer loop
      vertex 76.8136 -49.8363 17.4044
      vertex 76.8136 -50.729 17.4044
      vertex 76.9587 -50.7519 17.4044
    endloop
  endfacet
  facet normal -0 0 1
    outer loop
      vertex 76.6828 -49.903 17.4044
      vertex 76.8136 -50.729 17.4044
      vertex 76.8136 -49.8363 17.4044
    endloop
  endfacet
  facet normal 0 0 1
    outer loop
      vertex 76.6828 -49.903 17.4044
      vertex 76.6828 -50.6623 17.4044
      vertex 76.8136 -50.729 17.4044
    endloop
  endfacet
  facet normal -0 0 1
    outer loop
      vertex 76.579 -50.0068 17.4044
      vertex 76.6828 -50.6623 17.4044
      vertex 76.6828 -49.903 17.4044
    endloop
  endfacet
  facet normal 0 0 1
    outer loop
      vertex 76.579 -50.0068 17.4044
      vertex 76.579 -50.5585 17.4044
      vertex 76.6828 -50.6623 17.4044
    endloop
  endfacet
  facet normal -0 0 1
    outer loop
      vertex 76.5123 -50.1376 17.4044
      vertex 76.579 -50.5585 17.4044
      vertex 76.579 -50.0068 17.4044
    endloop
  endfacet
  facet normal 0 0 1
    outer loop
      vertex 76.5123 -50.1376 17.4044
      vertex 76.5123 -50.4276 17.4044
      vertex 76.579 -50.5585 17.4044
    endloop
  endfacet
  facet normal 0 -0 1
    outer loop
      vertex 76.5123 -50.4276 17.4044
      vertex 76.5123 -50.1376 17.4044
      vertex 76.4894 -50.2826 17.4044
    endloop
  endfacet
  facet normal -0.278436 0.141821 0.949926
    outer loop
      vertex 75.8568 -49.4821 17.1144
      vertex 75.6634 -49.8618 17.1144
      vertex 76.5123 -50.1376 17.4044
    endloop
  endfacet
  facet normal 0.135897 0.0692463 0.9883
    outer loop
      vertex 82.6322 -51.092 16.7525
      vertex 77.405 -50.1376 17.4044
      vertex 82.6989 -51.2229 16.7525
    endloop
  endfacet
  facet normal 0.135907 0.0693043 0.988295
    outer loop
      vertex 77.405 -50.1376 17.4044
      vertex 82.6322 -51.092 16.7525
      vertex 77.3383 -50.0068 17.4044
    endloop
  endfacet
  facet normal 0.171532 0.257251 0.950999
    outer loop
      vertex 83.0531 -50.266 16.4625
      vertex 84.5193 -51.4063 16.5065
      vertex 85.044 -50.6841 16.2165
    endloop
  endfacet
  facet normal 0.171532 0.257251 0.950999
    outer loop
      vertex 84.5193 -51.4063 16.5065
      vertex 83.0531 -50.266 16.4625
      vertex 82.5284 -50.9882 16.7525
    endloop
  endfacet
  facet normal -0.0488326 0.308613 0.949933
    outer loop
      vertex 76.9587 -48.9207 17.1144
      vertex 76.5378 -48.9873 17.1144
      vertex 76.8136 -49.8363 17.4044
    endloop
  endfacet
  facet normal 0.118719 -0.0188312 0.992749
    outer loop
      vertex 82.6989 -51.5129 16.7525
      vertex 84.7127 -51.7859 16.5065
      vertex 82.7219 -51.3679 16.7525
    endloop
  endfacet
  facet normal 0.118731 -0.0187384 0.99275
    outer loop
      vertex 84.7127 -51.7859 16.5065
      vertex 82.6989 -51.5129 16.7525
      vertex 84.6898 -51.931 16.5065
    endloop
  endfacet
  facet normal -0.576659 0.12382 0.807547
    outer loop
      vertex 74.4984 -51.1304 16.477
      vertex 75.6634 -49.8618 17.1144
      vertex 74.9412 -49.6271 16.5627
    endloop
  endfacet
  facet normal -0.576696 0.123871 0.807513
    outer loop
      vertex 75.6634 -49.8618 17.1144
      vertex 74.4984 -51.1304 16.477
      vertex 75.2205 -51.3651 17.0287
    endloop
  endfacet
  facet normal 0.170057 0.258314 0.950976
    outer loop
      vertex 77.7592 -49.1808 17.1144
      vertex 82.5284 -50.9882 16.7525
      vertex 83.0531 -50.266 16.4625
    endloop
  endfacet
  facet normal 0.170057 0.258314 0.950976
    outer loop
      vertex 82.5284 -50.9882 16.7525
      vertex 77.7592 -49.1808 17.1144
      vertex 77.2345 -49.903 17.4044
    endloop
  endfacet
  facet normal 0.126237 0.0200238 0.991798
    outer loop
      vertex 82.6989 -51.2229 16.7525
      vertex 77.428 -50.2826 17.4044
      vertex 82.7219 -51.3679 16.7525
    endloop
  endfacet
  facet normal 0.126237 0.0200238 0.991798
    outer loop
      vertex 77.428 -50.2826 17.4044
      vertex 82.6989 -51.2229 16.7525
      vertex 77.405 -50.1376 17.4044
    endloop
  endfacet
  facet normal 0.105 -0.0830913 0.990995
    outer loop
      vertex 82.6322 -51.6437 16.7525
      vertex 77.3383 -50.5585 17.4044
      vertex 84.6231 -52.0618 16.5065
    endloop
  endfacet
  facet normal 0.10413 -0.0871517 0.990738
    outer loop
      vertex 77.3383 -50.5585 17.4044
      vertex 76.8955 -52.0618 17.3187
      vertex 84.6231 -52.0618 16.5065
    endloop
  endfacet
  facet normal 0.110624 -0.0564114 0.99226
    outer loop
      vertex 77.405 -50.4276 17.4044
      vertex 82.6322 -51.6437 16.7525
      vertex 82.6989 -51.5129 16.7525
    endloop
  endfacet
  facet normal 0.110633 -0.0563729 0.992261
    outer loop
      vertex 82.6322 -51.6437 16.7525
      vertex 77.405 -50.4276 17.4044
      vertex 77.3383 -50.5585 17.4044
    endloop
  endfacet
  facet normal 0.0489542 0.308624 0.949924
    outer loop
      vertex 76.9587 -48.9207 17.1144
      vertex 76.9587 -49.8133 17.4044
      vertex 77.1037 -49.8363 17.4044
    endloop
  endfacet
  facet normal -0.0489205 0.308625 0.949925
    outer loop
      vertex 76.9587 -48.9207 17.1144
      vertex 76.8136 -49.8363 17.4044
      vertex 76.9587 -49.8133 17.4044
    endloop
  endfacet
  facet normal -0.385596 0.0611199 0.920641
    outer loop
      vertex 75.2205 -51.3651 17.0287
      vertex 75.5967 -50.2826 17.1144
      vertex 75.6634 -49.8618 17.1144
    endloop
  endfacet
  facet normal -0.385188 0.0609636 0.920822
    outer loop
      vertex 75.5967 -50.2826 17.1144
      vertex 75.2205 -51.3651 17.0287
      vertex 75.1539 -51.7859 17.0287
    endloop
  endfacet
  facet normal -0.308754 0.0367621 0.950431
    outer loop
      vertex 75.5967 -50.2826 17.1144
      vertex 76.0466 -51.7859 17.3187
      vertex 76.4894 -50.2826 17.4044
    endloop
  endfacet
  facet normal -0.308754 0.0367621 0.950431
    outer loop
      vertex 76.0466 -51.7859 17.3187
      vertex 75.5967 -50.2826 17.1144
      vertex 75.1539 -51.7859 17.0287
    endloop
  endfacet
  facet normal -0.124977 -0.0197377 0.991963
    outer loop
      vertex 76.0466 -51.7859 17.3187
      vertex 76.5123 -50.4276 17.4044
      vertex 76.4894 -50.2826 17.4044
    endloop
  endfacet
  facet normal -0.125003 -0.0197283 0.99196
    outer loop
      vertex 76.5123 -50.4276 17.4044
      vertex 76.0466 -51.7859 17.3187
      vertex 76.0695 -51.931 17.3187
    endloop
  endfacet
  facet normal -0.0252352 -0.0494868 0.998456
    outer loop
      vertex 76.24 -52.1656 17.3187
      vertex 76.8136 -50.729 17.4044
      vertex 76.6828 -50.6623 17.4044
    endloop
  endfacet
  facet normal -0.0252352 -0.0494868 0.998456
    outer loop
      vertex 76.8136 -50.729 17.4044
      vertex 76.24 -52.1656 17.3187
      vertex 76.3708 -52.2323 17.3187
    endloop
  endfacet
  facet normal -0.220933 0.220933 0.949935
    outer loop
      vertex 76.1581 -49.1808 17.1144
      vertex 76.579 -50.0068 17.4044
      vertex 76.6828 -49.903 17.4044
    endloop
  endfacet
  facet normal -0.220933 0.220933 0.949935
    outer loop
      vertex 76.579 -50.0068 17.4044
      vertex 76.1581 -49.1808 17.1144
      vertex 75.8568 -49.4821 17.1144
    endloop
  endfacet
  facet normal -0.0706701 -0.0360099 0.99685
    outer loop
      vertex 76.0695 -51.931 17.3187
      vertex 76.579 -50.5585 17.4044
      vertex 76.5123 -50.4276 17.4044
    endloop
  endfacet
  facet normal -0.070639 -0.0360216 0.996851
    outer loop
      vertex 76.579 -50.5585 17.4044
      vertex 76.0695 -51.931 17.3187
      vertex 76.1362 -52.0618 17.3187
    endloop
  endfacet
  facet normal -0.96025 0.279142 0
    outer loop
      vertex 73.6953 -50.8789 14.8245
      vertex 73.6978 -50.8703 0
      vertex 73.6953 -50.8789 0
    endloop
  endfacet
  facet normal -0.96025 0.279142 0
    outer loop
      vertex 73.6978 -50.8703 0
      vertex 73.6953 -50.8789 14.8245
      vertex 73.6978 -50.8703 14.8249
    endloop
  endfacet
  facet normal -0.917087 0.252234 0.308754
    outer loop
      vertex 73.6953 -50.8789 14.8245
      vertex 73.9737 -50.9599 15.7176
      vertex 73.6978 -50.8703 14.8249
    endloop
  endfacet
  facet normal -0.915261 0.258755 0.308776
    outer loop
      vertex 73.9737 -50.9599 15.7176
      vertex 73.6953 -50.8789 14.8245
      vertex 73.9711 -50.9685 15.7171
    endloop
  endfacet
  facet normal 0.209845 0.54958 0.808657
    outer loop
      vertex 84.899 -49.7685 15.6648
      vertex 84.7067 -50.4992 16.2113
      vertex 84.9413 -49.777 15.6596
    endloop
  endfacet
  facet normal 0.210595 0.549352 0.808617
    outer loop
      vertex 84.7067 -50.4992 16.2113
      vertex 84.899 -49.7685 15.6648
      vertex 84.6643 -50.4906 16.2165
    endloop
  endfacet
  facet normal -0.575766 0.127111 0.807673
    outer loop
      vertex 74.4958 -51.139 16.4765
      vertex 75.2205 -51.3651 17.0287
      vertex 74.4984 -51.1304 16.477
    endloop
  endfacet
  facet normal -0.577483 0.120931 0.807397
    outer loop
      vertex 75.2205 -51.3651 17.0287
      vertex 74.4958 -51.139 16.4765
      vertex 75.218 -51.3737 17.0282
    endloop
  endfacet
  facet normal -0.125329 -0.0197796 0.991918
    outer loop
      vertex 76.044 -51.7945 17.3182
      vertex 76.0695 -51.931 17.3187
      vertex 76.0466 -51.7859 17.3187
    endloop
  endfacet
  facet normal -0.128818 -0.0204333 0.991458
    outer loop
      vertex 76.0695 -51.931 17.3187
      vertex 76.044 -51.7945 17.3182
      vertex 76.067 -51.9395 17.3182
    endloop
  endfacet
  facet normal -0.401182 0.0634951 0.913795
    outer loop
      vertex 75.218 -51.3737 17.0282
      vertex 75.1539 -51.7859 17.0287
      vertex 75.2205 -51.3651 17.0287
    endloop
  endfacet
  facet normal -0.401182 0.0634951 0.913795
    outer loop
      vertex 75.1539 -51.7859 17.0287
      vertex 75.218 -51.3737 17.0282
      vertex 75.1514 -51.7945 17.0282
    endloop
  endfacet
  facet normal 0.0347057 -0.0680585 0.997078
    outer loop
      vertex 76.6609 -52.2323 17.3187
      vertex 76.7892 -52.1742 17.3182
      vertex 76.7917 -52.1656 17.3187
    endloop
  endfacet
  facet normal 0.0347057 -0.0680585 0.997078
    outer loop
      vertex 76.7892 -52.1742 17.3182
      vertex 76.6609 -52.2323 17.3187
      vertex 76.6584 -52.2409 17.3182
    endloop
  endfacet
  facet normal 0.125688 0.0199367 0.991869
    outer loop
      vertex 84.7321 -51.6495 16.5013
      vertex 84.7127 -51.7859 16.5065
      vertex 84.7551 -51.7945 16.5013
    endloop
  endfacet
  facet normal 0.125972 0.019895 0.991834
    outer loop
      vertex 84.7127 -51.7859 16.5065
      vertex 84.7321 -51.6495 16.5013
      vertex 84.6898 -51.6409 16.5065
    endloop
  endfacet
  facet normal -0.783735 0.202812 0.587049
    outer loop
      vertex 73.9711 -50.9685 15.7171
      vertex 74.4984 -51.1304 16.477
      vertex 73.9737 -50.9599 15.7176
    endloop
  endfacet
  facet normal -0.783735 0.202812 0.587049
    outer loop
      vertex 74.4984 -51.1304 16.477
      vertex 73.9711 -50.9685 15.7171
      vertex 74.4958 -51.139 16.4765
    endloop
  endfacet
  facet normal 0.22319 0.924758 0.308234
    outer loop
      vertex 85.1118 -49.2523 14.9002
      vertex 85.1591 -48.9679 14.0127
      vertex 85.0694 -49.2438 14.9054
    endloop
  endfacet
  facet normal 0.225773 0.92415 0.308177
    outer loop
      vertex 85.1591 -48.9679 14.0127
      vertex 85.1118 -49.2523 14.9002
      vertex 85.2014 -48.9765 14.0075
    endloop
  endfacet
  facet normal 0.228228 0.776304 0.587591
    outer loop
      vertex 84.9413 -49.777 15.6596
      vertex 85.0694 -49.2438 14.9054
      vertex 84.899 -49.7685 15.6648
    endloop
  endfacet
  facet normal 0.22772 0.776444 0.587604
    outer loop
      vertex 85.0694 -49.2438 14.9054
      vertex 84.9413 -49.777 15.6596
      vertex 85.1118 -49.2523 14.9002
    endloop
  endfacet
  facet normal 0.186461 0.365792 0.911827
    outer loop
      vertex 84.7067 -50.4992 16.2113
      vertex 85.044 -50.6841 16.2165
      vertex 85.0863 -50.6927 16.2113
    endloop
  endfacet
  facet normal 0.185874 0.364735 0.91237
    outer loop
      vertex 85.044 -50.6841 16.2165
      vertex 84.7067 -50.4992 16.2113
      vertex 84.6643 -50.4906 16.2165
    endloop
  endfacet
  facet normal -0.0449539 -0.0449539 0.997977
    outer loop
      vertex 76.1337 -52.0704 17.3182
      vertex 76.24 -52.1656 17.3187
      vertex 76.1362 -52.0618 17.3187
    endloop
  endfacet
  facet normal -0.0449539 -0.0449539 0.997977
    outer loop
      vertex 76.24 -52.1656 17.3187
      vertex 76.1337 -52.0704 17.3182
      vertex 76.2375 -52.1742 17.3182
    endloop
  endfacet
  facet normal 0.104124 -0.0878659 0.990675
    outer loop
      vertex 76.8955 -52.0618 17.3187
      vertex 76.893 -52.0704 17.3182
      vertex 84.6231 -52.0618 16.5065
    endloop
  endfacet
  facet normal -0.072913 -0.0371812 0.996645
    outer loop
      vertex 76.067 -51.9395 17.3182
      vertex 76.1362 -52.0618 17.3187
      vertex 76.0695 -51.931 17.3187
    endloop
  endfacet
  facet normal -0.0724117 -0.0368973 0.996692
    outer loop
      vertex 76.1362 -52.0618 17.3187
      vertex 76.067 -51.9395 17.3182
      vertex 76.1337 -52.0704 17.3182
    endloop
  endfacet
  facet normal -0.308739 0.0380848 0.950384
    outer loop
      vertex 75.1539 -51.7859 17.0287
      vertex 76.044 -51.7945 17.3182
      vertex 76.0466 -51.7859 17.3187
    endloop
  endfacet
  facet normal -0.30881 0.034509 0.950497
    outer loop
      vertex 76.044 -51.7945 17.3182
      vertex 75.1539 -51.7859 17.0287
      vertex 75.1514 -51.7945 17.0282
    endloop
  endfacet
  facet normal 0.081422 -0.081422 0.993348
    outer loop
      vertex 76.7917 -52.1656 17.3187
      vertex 76.893 -52.0704 17.3182
      vertex 76.8955 -52.0618 17.3187
    endloop
  endfacet
  facet normal 0.081422 -0.081422 0.993348
    outer loop
      vertex 76.893 -52.0704 17.3182
      vertex 76.7917 -52.1656 17.3187
      vertex 76.7892 -52.1742 17.3182
    endloop
  endfacet
  facet normal -0.0088787 -0.056013 0.998391
    outer loop
      vertex 76.3708 -52.2323 17.3187
      vertex 76.5133 -52.2638 17.3182
      vertex 76.5159 -52.2553 17.3187
    endloop
  endfacet
  facet normal -0.00876512 -0.0554997 0.99842
    outer loop
      vertex 76.5133 -52.2638 17.3182
      vertex 76.3708 -52.2323 17.3187
      vertex 76.3683 -52.2409 17.3182
    endloop
  endfacet
  facet normal 0.00964957 -0.0608342 0.998101
    outer loop
      vertex 76.5159 -52.2553 17.3187
      vertex 76.6584 -52.2409 17.3182
      vertex 76.6609 -52.2323 17.3187
    endloop
  endfacet
  facet normal 0.00973552 -0.0616866 0.998048
    outer loop
      vertex 76.6584 -52.2409 17.3182
      vertex 76.5159 -52.2553 17.3187
      vertex 76.5133 -52.2638 17.3182
    endloop
  endfacet
  facet normal 0.104141 -0.0856872 0.990864
    outer loop
      vertex 84.6231 -52.0618 16.5065
      vertex 76.893 -52.0704 17.3182
      vertex 84.6655 -52.0704 16.5013
    endloop
  endfacet
  facet normal 0.150361 0.150506 0.977108
    outer loop
      vertex 84.5616 -51.4149 16.5013
      vertex 84.6231 -51.5101 16.5065
      vertex 84.6655 -51.5187 16.5013
    endloop
  endfacet
  facet normal 0.150755 0.150755 0.977009
    outer loop
      vertex 84.6231 -51.5101 16.5065
      vertex 84.5616 -51.4149 16.5013
      vertex 84.5193 -51.4063 16.5065
    endloop
  endfacet
  facet normal -0.0257785 -0.0505521 0.998389
    outer loop
      vertex 76.2375 -52.1742 17.3182
      vertex 76.3708 -52.2323 17.3187
      vertex 76.24 -52.1656 17.3187
    endloop
  endfacet
  facet normal -0.0257785 -0.0505521 0.998389
    outer loop
      vertex 76.3708 -52.2323 17.3187
      vertex 76.2375 -52.1742 17.3182
      vertex 76.3683 -52.2409 17.3182
    endloop
  endfacet
  facet normal 0.169502 0.258713 0.950966
    outer loop
      vertex 85.044 -50.6841 16.2165
      vertex 84.5616 -51.4149 16.5013
      vertex 85.0863 -50.6927 16.2113
    endloop
  endfacet
  facet normal 0.169502 0.258713 0.950966
    outer loop
      vertex 84.5616 -51.4149 16.5013
      vertex 85.044 -50.6841 16.2165
      vertex 84.5193 -51.4063 16.5065
    endloop
  endfacet
  facet normal 0.135532 0.0690092 0.988367
    outer loop
      vertex 84.6655 -51.5187 16.5013
      vertex 84.6898 -51.6409 16.5065
      vertex 84.7321 -51.6495 16.5013
    endloop
  endfacet
  facet normal 0.135205 0.0689464 0.988416
    outer loop
      vertex 84.6898 -51.6409 16.5065
      vertex 84.6655 -51.5187 16.5013
      vertex 84.6231 -51.5101 16.5065
    endloop
  endfacet
  facet normal 0.199234 0.979952 0
    outer loop
      vertex 85.1591 -48.9679 0
      vertex 85.2014 -48.9765 14.0075
      vertex 85.2014 -48.9765 0
    endloop
  endfacet
  facet normal 0.199234 0.979952 0
    outer loop
      vertex 85.2014 -48.9765 14.0075
      vertex 85.1591 -48.9679 0
      vertex 85.1591 -48.9679 14.0127
    endloop
  endfacet
  facet normal 0.110666 -0.0563052 0.992261
    outer loop
      vertex 84.6898 -51.931 16.5065
      vertex 84.6655 -52.0704 16.5013
      vertex 84.7321 -51.9395 16.5013
    endloop
  endfacet
  facet normal 0.110291 -0.0562414 0.992307
    outer loop
      vertex 84.6655 -52.0704 16.5013
      vertex 84.6898 -51.931 16.5065
      vertex 84.6231 -52.0618 16.5065
    endloop
  endfacet
  facet normal 0.117987 -0.0186209 0.992841
    outer loop
      vertex 84.6898 -51.931 16.5065
      vertex 84.7551 -51.7945 16.5013
      vertex 84.7127 -51.7859 16.5065
    endloop
  endfacet
  facet normal 0.118277 -0.0187611 0.992803
    outer loop
      vertex 84.7551 -51.7945 16.5013
      vertex 84.6898 -51.931 16.5065
      vertex 84.7321 -51.9395 16.5013
    endloop
  endfacet
  facet normal 0.286909 -0.116558 0.950841
    outer loop
      vertex 103.559 -56.7081 14.103
      vertex 104.429 -56.8646 13.8213
      vertex 103.58 -56.5887 14.1113
    endloop
  endfacet
  facet normal 0.28689 -0.116652 0.950835
    outer loop
      vertex 104.429 -56.8646 13.8213
      vertex 103.559 -56.7081 14.103
      vertex 104.408 -56.9839 13.813
    endloop
  endfacet
  facet normal 0.567194 -0.156101 0.808655
    outer loop
      vertex 104.408 -56.9839 13.813
      vertex 105.151 -57.0992 13.2696
      vertex 104.429 -56.8646 13.8213
    endloop
  endfacet
  facet normal 0.567218 -0.155976 0.808662
    outer loop
      vertex 105.151 -57.0992 13.2696
      vertex 104.408 -56.9839 13.813
      vertex 105.13 -57.2186 13.2613
    endloop
  endfacet
  facet normal -0.0512144 0.587065 0.807918
    outer loop
      vertex 73.1781 -54.4417 16.4075
      vertex 73.4557 -55.0965 16.9009
      vertex 73.3049 -54.4155 16.3965
    endloop
  endfacet
  facet normal -0.0514863 0.586971 0.807969
    outer loop
      vertex 73.4557 -55.0965 16.9009
      vertex 73.1781 -55.2011 16.9592
      vertex 73.673 -55.0985 16.9162
    endloop
  endfacet
  facet normal -0.0514911 0.58698 0.807962
    outer loop
      vertex 73.1781 -55.2011 16.9592
      vertex 73.4557 -55.0965 16.9009
      vertex 73.1781 -54.4417 16.4075
    endloop
  endfacet
  facet normal 0.0784068 0.0398922 0.996123
    outer loop
      vertex 74.1337 -56.1678 17.1992
      vertex 73.6245 -56.418 17.2493
      vertex 74.2003 -56.2987 17.1992
    endloop
  endfacet
  facet normal 0.0783712 0.0399645 0.996123
    outer loop
      vertex 73.6245 -56.418 17.2493
      vertex 74.1337 -56.1678 17.1992
      vertex 73.5578 -56.2872 17.2493
    endloop
  endfacet
  facet normal 0.984883 -0.173221 0
    outer loop
      vertex 105.931 -57.4787 11.6093
      vertex 105.952 -57.3593 0
      vertex 105.952 -57.3593 11.6176
    endloop
  endfacet
  facet normal 0.984883 -0.173221 0
    outer loop
      vertex 105.952 -57.3593 0
      vertex 105.931 -57.4787 11.6093
      vertex 105.931 -57.4787 0
    endloop
  endfacet
  facet normal 0.0895817 -0.0142095 0.995878
    outer loop
      vertex 73.6474 -56.5631 17.2493
      vertex 74.2003 -56.5887 17.1992
      vertex 74.2233 -56.4437 17.1992
    endloop
  endfacet
  facet normal 0.0895846 -0.0141482 0.995879
    outer loop
      vertex 74.2003 -56.5887 17.1992
      vertex 73.6474 -56.5631 17.2493
      vertex 73.6245 -56.7081 17.2493
    endloop
  endfacet
  facet normal -0.115593 0.804206 0.583002
    outer loop
      vertex 73.1781 -54.4106 16.3646
      vertex 73.1781 -54.4417 16.4075
      vertex 73.3049 -54.4155 16.3965
    endloop
  endfacet
  facet normal 0.0716719 0.071741 0.994845
    outer loop
      vertex 74.0298 -56.064 17.1992
      vertex 73.5578 -56.2872 17.2493
      vertex 74.1337 -56.1678 17.1992
    endloop
  endfacet
  facet normal 0.0716942 0.0716942 0.994847
    outer loop
      vertex 73.5578 -56.2872 17.2493
      vertex 74.0298 -56.064 17.1992
      vertex 73.454 -56.1834 17.2493
    endloop
  endfacet
  facet normal 0.104133 -0.0871851 0.990735
    outer loop
      vertex 103.513 -56.7195 14.1113
      vertex 73.5578 -56.8389 17.2493
      vertex 103.492 -56.8389 14.103
    endloop
  endfacet
  facet normal 0.104137 -0.0865468 0.99079
    outer loop
      vertex 74.1337 -56.7195 17.1992
      vertex 73.5578 -56.8389 17.2493
      vertex 103.513 -56.7195 14.1113
    endloop
  endfacet
  facet normal 0.933377 -0.185519 0.307231
    outer loop
      vertex 105.655 -57.3891 12.5019
      vertex 105.952 -57.3593 11.6176
      vertex 105.676 -57.2697 12.5102
    endloop
  endfacet
  facet normal 0.933377 -0.185519 0.307231
    outer loop
      vertex 105.952 -57.3593 11.6176
      vertex 105.655 -57.3891 12.5019
      vertex 105.931 -57.4787 11.6093
    endloop
  endfacet
  facet normal 0.789848 -0.179681 0.586392
    outer loop
      vertex 105.13 -57.2186 13.2613
      vertex 105.676 -57.2697 12.5102
      vertex 105.151 -57.0992 13.2696
    endloop
  endfacet
  facet normal 0.789848 -0.179681 0.586392
    outer loop
      vertex 105.676 -57.2697 12.5102
      vertex 105.13 -57.2186 13.2613
      vertex 105.655 -57.3891 12.5019
    endloop
  endfacet
  facet normal 0.201314 -0.10312 0.974084
    outer loop
      vertex 103.513 -56.7195 14.1113
      vertex 103.559 -56.7081 14.103
      vertex 103.58 -56.5887 14.1113
    endloop
  endfacet
  facet normal 0.201314 -0.10312 0.974084
    outer loop
      vertex 103.559 -56.7081 14.103
      vertex 103.513 -56.7195 14.1113
      vertex 103.492 -56.8389 14.103
    endloop
  endfacet
  facet normal 0.0365693 0.231552 0.972135
    outer loop
      vertex 73.754 -55.9744 17.1992
      vertex 73.3232 -56.1167 17.2493
      vertex 73.899 -55.9973 17.1992
    endloop
  endfacet
  facet normal 0.0366016 0.231462 0.972155
    outer loop
      vertex 73.3232 -56.1167 17.2493
      vertex 73.754 -55.9744 17.1992
      vertex 73.2587 -56.0771 17.2423
    endloop
  endfacet
  facet normal 0.0184446 0.309483 0.950726
    outer loop
      vertex 73.673 -55.0985 16.9162
      vertex 73.1781 -55.2011 16.9592
      vertex 73.391 -55.2783 16.9802
    endloop
  endfacet
  facet normal 0.0187919 0.308993 0.950879
    outer loop
      vertex 73.391 -55.2783 16.9802
      vertex 73.7242 -55.9485 17.1914
      vertex 73.673 -55.0985 16.9162
    endloop
  endfacet
  facet normal 0.0188706 0.308158 0.951148
    outer loop
      vertex 73.7242 -55.9485 17.1914
      vertex 73.2587 -56.0771 17.2423
      vertex 73.754 -55.9744 17.1992
    endloop
  endfacet
  facet normal 0.018633 0.308922 0.950905
    outer loop
      vertex 73.2587 -56.0771 17.2423
      vertex 73.7242 -55.9485 17.1914
      vertex 73.391 -55.2783 16.9802
    endloop
  endfacet
  facet normal 0.0967062 -0.0492403 0.994094
    outer loop
      vertex 73.6245 -56.7081 17.2493
      vertex 74.1337 -56.7195 17.1992
      vertex 74.2003 -56.5887 17.1992
    endloop
  endfacet
  facet normal 0.0967042 -0.0493132 0.994091
    outer loop
      vertex 74.1337 -56.7195 17.1992
      vertex 73.6245 -56.7081 17.2493
      vertex 73.5578 -56.8389 17.2493
    endloop
  endfacet
  facet normal 0.0612904 0.120192 0.990857
    outer loop
      vertex 73.899 -55.9973 17.1992
      vertex 73.454 -56.1834 17.2493
      vertex 74.0298 -56.064 17.1992
    endloop
  endfacet
  facet normal 0.0612904 0.120192 0.990857
    outer loop
      vertex 73.454 -56.1834 17.2493
      vertex 73.899 -55.9973 17.1992
      vertex 73.3232 -56.1167 17.2493
    endloop
  endfacet
  facet normal 0.0839361 0.013314 0.996382
    outer loop
      vertex 73.6245 -56.418 17.2493
      vertex 74.2233 -56.4437 17.1992
      vertex 74.2003 -56.2987 17.1992
    endloop
  endfacet
  facet normal 0.0839333 0.0132465 0.996383
    outer loop
      vertex 74.2233 -56.4437 17.1992
      vertex 73.6245 -56.418 17.2493
      vertex 73.6474 -56.5631 17.2493
    endloop
  endfacet
  facet normal 0.984607 -0.174782 0
    outer loop
      vertex 105.928 -57.4956 11.6081
      vertex 105.931 -57.4787 0
      vertex 105.931 -57.4787 11.6093
    endloop
  endfacet
  facet normal 0.984607 -0.174782 0
    outer loop
      vertex 105.931 -57.4787 0
      vertex 105.928 -57.4956 11.6081
      vertex 105.928 -57.4956 0
    endloop
  endfacet
  facet normal -0.0169554 0.950983 0.308779
    outer loop
      vertex 72.9884 -53.8759 15.5941
      vertex 72.845 -53.9069 15.6817
      vertex 73.071 -53.8955 15.659
    endloop
  endfacet
  facet normal -0.0168527 0.950935 0.308931
    outer loop
      vertex 72.9516 -53.6879 15.0134
      vertex 72.845 -53.9069 15.6817
      vertex 72.9884 -53.8759 15.5941
    endloop
  endfacet
  facet normal -0.0173353 0.950874 0.309091
    outer loop
      vertex 72.845 -53.6169 14.789
      vertex 72.9516 -53.6879 15.0134
      vertex 72.937 -53.641 14.8683
    endloop
  endfacet
  facet normal -0.0169309 0.950938 0.308919
    outer loop
      vertex 72.9516 -53.6879 15.0134
      vertex 72.845 -53.6169 14.789
      vertex 72.845 -53.9069 15.6817
    endloop
  endfacet
  facet normal -0.0173548 0.950867 0.309112
    outer loop
      vertex 72.845 -53.6169 14.789
      vertex 72.937 -53.641 14.8683
      vertex 72.9177 -53.6132 14.7817
    endloop
  endfacet
  facet normal 0.0514764 0.586981 0.807963
    outer loop
      vertex 73.1781 -54.4417 16.4075
      vertex 72.845 -54.4586 16.441
      vertex 73.1781 -55.2011 16.9592
    endloop
  endfacet
  facet normal 0.0514764 0.586981 0.807963
    outer loop
      vertex 73.1781 -55.2011 16.9592
      vertex 72.845 -54.4586 16.441
      vertex 72.845 -55.218 16.9927
    endloop
  endfacet
  facet normal 0.0186624 0.809492 0.586834
    outer loop
      vertex 73.1553 -54.4021 16.3536
      vertex 73.1781 -54.4417 16.4075
      vertex 73.1781 -54.4106 16.3646
    endloop
  endfacet
  facet normal 0.0179745 0.809364 0.587032
    outer loop
      vertex 73.1781 -54.4417 16.4075
      vertex 73.1553 -54.4021 16.3536
      vertex 72.845 -54.4586 16.441
    endloop
  endfacet
  facet normal 0.0182574 0.808864 0.587713
    outer loop
      vertex 73.1553 -54.4021 16.3536
      vertex 72.845 -53.9069 15.6817
      vertex 72.845 -54.4586 16.441
    endloop
  endfacet
  facet normal 0.0182313 0.808858 0.587721
    outer loop
      vertex 73.071 -53.8955 15.659
      vertex 72.845 -53.9069 15.6817
      vertex 73.1553 -54.4021 16.3536
    endloop
  endfacet
  facet normal -0.0508722 0.998705 -0.000438059
    outer loop
      vertex 72.9062 -53.6138 14.7493
      vertex 72.845 -53.6169 14.789
      vertex 72.9177 -53.6132 14.7817
    endloop
  endfacet
  facet normal -0.0506354 0.998717 -7.21053e-05
    outer loop
      vertex 72.8609 -53.6161 14.704
      vertex 72.845 -53.6169 14.789
      vertex 72.9062 -53.6138 14.7493
    endloop
  endfacet
  facet normal -0.0483306 0.998831 0
    outer loop
      vertex 72.8485 -53.6167 14.6554
      vertex 72.8609 -53.6161 14.704
      vertex 72.8609 -53.6161 14.6748
    endloop
  endfacet
  facet normal -0.049143 0.998792 0.00020777
    outer loop
      vertex 72.8609 -53.6161 14.704
      vertex 72.8485 -53.6167 14.6554
      vertex 72.845 -53.6169 14.789
    endloop
  endfacet
  facet normal -0.0570498 0.998371 0
    outer loop
      vertex 72.845 -53.6169 0
      vertex 72.8485 -53.6167 14.6554
      vertex 72.8485 -53.6167 0
    endloop
  endfacet
  facet normal -0.0570498 0.998371 0
    outer loop
      vertex 72.8485 -53.6167 14.6554
      vertex 72.845 -53.6169 0
      vertex 72.845 -53.6169 14.789
    endloop
  endfacet
  facet normal 0.0974458 0.0496914 0.994
    outer loop
      vertex 73.5578 -56.2872 17.2493
      vertex 73.2914 -56.4349 17.2828
      vertex 73.6245 -56.418 17.2493
    endloop
  endfacet
  facet normal 0.0974458 0.0496914 0.994
    outer loop
      vertex 73.5578 -56.2872 17.2493
      vertex 73.2247 -56.3041 17.2828
      vertex 73.2914 -56.4349 17.2828
    endloop
  endfacet
  facet normal 0.206356 -0.105702 0.972751
    outer loop
      vertex 103.492 -56.8389 14.103
      vertex 103.556 -56.725 14.1018
      vertex 103.559 -56.7081 14.103
    endloop
  endfacet
  facet normal 0.206356 -0.105702 0.972751
    outer loop
      vertex 103.556 -56.725 14.1018
      vertex 103.492 -56.8389 14.103
      vertex 103.489 -56.8558 14.1018
    endloop
  endfacet
  facet normal 0.932971 -0.187436 0.307298
    outer loop
      vertex 105.652 -57.406 12.5007
      vertex 105.931 -57.4787 11.6093
      vertex 105.655 -57.3891 12.5019
    endloop
  endfacet
  facet normal 0.932971 -0.187436 0.307298
    outer loop
      vertex 105.931 -57.4787 11.6093
      vertex 105.652 -57.406 12.5007
      vertex 105.928 -57.4956 11.6081
    endloop
  endfacet
  facet normal 0.0992957 0.0156711 0.994935
    outer loop
      vertex 73.6245 -56.418 17.2493
      vertex 73.3144 -56.58 17.2828
      vertex 73.6474 -56.5631 17.2493
    endloop
  endfacet
  facet normal 0.0992629 0.0157343 0.994937
    outer loop
      vertex 73.6245 -56.418 17.2493
      vertex 73.2914 -56.4349 17.2828
      vertex 73.3144 -56.58 17.2828
    endloop
  endfacet
  facet normal 0.104118 -0.0888203 0.990591
    outer loop
      vertex 103.492 -56.8389 14.103
      vertex 73.5578 -56.8389 17.2493
      vertex 103.489 -56.8558 14.1018
    endloop
  endfacet
  facet normal 0.0680719 0.432314 0.89915
    outer loop
      vertex 73.1781 -55.2011 16.9592
      vertex 73.2659 -55.2846 16.9927
      vertex 73.391 -55.2783 16.9802
    endloop
  endfacet
  facet normal 0.0684584 0.432645 0.898961
    outer loop
      vertex 73.1781 -55.2011 16.9592
      vertex 72.845 -55.218 16.9927
      vertex 73.2659 -55.2846 16.9927
    endloop
  endfacet
  facet normal 0.0799738 0.298782 0.950964
    outer loop
      vertex 73.2659 -55.2846 16.9927
      vertex 73.2587 -56.0771 17.2423
      vertex 73.391 -55.2783 16.9802
    endloop
  endfacet
  facet normal 0.0805369 0.298764 0.950923
    outer loop
      vertex 73.2587 -56.0771 17.2423
      vertex 73.2659 -55.2846 16.9927
      vertex 72.9901 -56.1336 17.2828
    endloop
  endfacet
  facet normal 0.0804491 0.299109 0.950822
    outer loop
      vertex 73.3232 -56.1167 17.2493
      vertex 73.2587 -56.0771 17.2423
      vertex 72.9901 -56.1336 17.2828
    endloop
  endfacet
  facet normal 0.102617 -0.0523286 0.993344
    outer loop
      vertex 73.6245 -56.7081 17.2493
      vertex 73.2916 -56.725 17.2828
      vertex 73.5578 -56.8389 17.2493
    endloop
  endfacet
  facet normal 0 0.892822 0.450409
    outer loop
      vertex 73.2916 -56.725 17.2828
      vertex 73.6245 -56.7081 17.2493
      vertex 73.2915 -56.725 17.2828
    endloop
  endfacet
  facet normal 0.102645 -0.0522643 0.993344
    outer loop
      vertex 73.5578 -56.8389 17.2493
      vertex 73.2916 -56.725 17.2828
      vertex 73.225 -56.8558 17.2828
    endloop
  endfacet
  facet normal 0.104138 -0.0867697 0.990771
    outer loop
      vertex 73.5578 -56.8389 17.2493
      vertex 73.225 -56.8558 17.2828
      vertex 103.489 -56.8558 14.1018
    endloop
  endfacet
  facet normal 0.0896701 0.175845 0.980325
    outer loop
      vertex 73.3232 -56.1167 17.2493
      vertex 73.1209 -56.2003 17.2828
      vertex 73.454 -56.1834 17.2493
    endloop
  endfacet
  facet normal 0.0896701 0.175845 0.980325
    outer loop
      vertex 73.3232 -56.1167 17.2493
      vertex 72.9901 -56.1336 17.2828
      vertex 73.1209 -56.2003 17.2828
    endloop
  endfacet
  facet normal 0.0948493 0.0948493 0.990963
    outer loop
      vertex 73.454 -56.1834 17.2493
      vertex 73.2247 -56.3041 17.2828
      vertex 73.5578 -56.2872 17.2493
    endloop
  endfacet
  facet normal 0.0948493 0.0948493 0.990963
    outer loop
      vertex 73.454 -56.1834 17.2493
      vertex 73.1209 -56.2003 17.2828
      vertex 73.2247 -56.3041 17.2828
    endloop
  endfacet
  facet normal 0.566594 -0.158002 0.808707
    outer loop
      vertex 104.405 -57.0008 13.8118
      vertex 105.13 -57.2186 13.2613
      vertex 104.408 -56.9839 13.813
    endloop
  endfacet
  facet normal 0.566594 -0.158002 0.808707
    outer loop
      vertex 105.13 -57.2186 13.2613
      vertex 104.405 -57.0008 13.8118
      vertex 105.127 -57.2355 13.2601
    endloop
  endfacet
  facet normal 0.286328 -0.11834 0.950795
    outer loop
      vertex 103.556 -56.725 14.1018
      vertex 104.408 -56.9839 13.813
      vertex 103.559 -56.7081 14.103
    endloop
  endfacet
  facet normal 0.286328 -0.11834 0.950795
    outer loop
      vertex 104.408 -56.9839 13.813
      vertex 103.556 -56.725 14.1018
      vertex 104.405 -57.0008 13.8118
    endloop
  endfacet
  facet normal 0.100883 -0.0159326 0.994771
    outer loop
      vertex 73.6474 -56.5631 17.2493
      vertex 73.3144 -56.58 17.2828
      vertex 73.6245 -56.7081 17.2493
    endloop
  endfacet
  facet normal 0.100883 -0.0159326 0.994771
    outer loop
      vertex 73.6245 -56.7081 17.2493
      vertex 73.3144 -56.58 17.2828
      vertex 73.2915 -56.725 17.2828
    endloop
  endfacet
  facet normal 0.789305 -0.181757 0.586482
    outer loop
      vertex 105.127 -57.2355 13.2601
      vertex 105.655 -57.3891 12.5019
      vertex 105.13 -57.2186 13.2613
    endloop
  endfacet
  facet normal 0.789305 -0.181757 0.586482
    outer loop
      vertex 105.655 -57.3891 12.5019
      vertex 105.127 -57.2355 13.2601
      vertex 105.652 -57.406 12.5007
    endloop
  endfacet
  facet normal 0.0659316 0.807238 0.586532
    outer loop
      vertex 72.8449 -54.4586 16.4411
      vertex 68.845 -53.8869 16.1039
      vertex 68.845 -54.4386 16.8632
    endloop
  endfacet
  facet normal 0.0659411 0.807275 0.586481
    outer loop
      vertex 68.845 -53.8869 16.1039
      vertex 72.8449 -54.4586 16.4411
      vertex 72.8449 -53.9069 15.6817
    endloop
  endfacet
  facet normal 0 -0.99888 0.0473179
    outer loop
      vertex 68.845 -53.8869 16.1039
      vertex 72.8449 -53.9069 15.6817
      vertex 72.845 -53.9069 15.6817
    endloop
  endfacet
  facet normal -0.121551 -0.121668 0.9851
    outer loop
      vertex 36.4104 -56.9396 21.085
      vertex 36.3095 -56.8558 21.0829
      vertex 36.4134 -56.9596 21.0829
    endloop
  endfacet
  facet normal -0.120996 -0.120996 0.985251
    outer loop
      vertex 36.3095 -56.8558 21.0829
      vertex 36.4104 -56.9396 21.085
      vertex 36.3066 -56.8358 21.085
    endloop
  endfacet
  facet normal -0.98965 -0.143499 -0
    outer loop
      vertex 33.7261 -56.58 18.5892
      vertex 33.7232 -56.56 0
      vertex 33.7261 -56.58 0
    endloop
  endfacet
  facet normal -0.98965 -0.143499 0
    outer loop
      vertex 33.7232 -56.56 0
      vertex 33.7261 -56.58 18.5892
      vertex 33.7232 -56.56 18.5912
    endloop
  endfacet
  facet normal 0.0373404 0.950411 0.308748
    outer loop
      vertex 72.845 -53.9069 15.6817
      vertex 68.845 -53.5969 15.2112
      vertex 68.845 -53.8869 16.1039
    endloop
  endfacet
  facet normal 0.0373404 0.950411 0.308748
    outer loop
      vertex 72.845 -53.6169 14.789
      vertex 68.845 -53.5969 15.2112
      vertex 72.845 -53.9069 15.6817
    endloop
  endfacet
  facet normal -0.979195 -0.155071 0.13088
    outer loop
      vertex 33.7261 -56.58 18.5892
      vertex 33.8682 -57.4756 18.5912
      vertex 33.7232 -56.56 18.5912
    endloop
  endfacet
  facet normal -0.984232 -0.155977 0.0834168
    outer loop
      vertex 33.8682 -57.4756 18.5912
      vertex 33.7261 -56.58 18.5892
      vertex 33.8712 -57.4956 18.5892
    endloop
  endfacet
  facet normal 0.00499994 0.999988 0
    outer loop
      vertex 68.845 -53.5969 0
      vertex 72.845 -53.6169 14.789
      vertex 72.845 -53.6169 0
    endloop
  endfacet
  facet normal 0.00499994 0.999988 0
    outer loop
      vertex 72.845 -53.6169 14.789
      vertex 68.845 -53.5969 0
      vertex 68.845 -53.5969 15.2112
    endloop
  endfacet
  facet normal -0.0169472 -0.106841 0.994132
    outer loop
      vertex 36.6863 -57.0293 21.085
      vertex 36.5442 -57.0263 21.0829
      vertex 36.6892 -57.0493 21.0829
    endloop
  endfacet
  facet normal -0.0169489 -0.106925 0.994123
    outer loop
      vertex 36.5442 -57.0263 21.0829
      vertex 36.6863 -57.0293 21.085
      vertex 36.5412 -57.0063 21.085
    endloop
  endfacet
  facet normal 0.0905526 -0.0905526 0.991766
    outer loop
      vertex 36.9621 -56.9396 21.085
      vertex 37.0689 -56.8558 21.0829
      vertex 37.0659 -56.8358 21.085
    endloop
  endfacet
  facet normal 0.0908656 -0.0909531 0.991701
    outer loop
      vertex 37.0689 -56.8558 21.0829
      vertex 36.9621 -56.9396 21.085
      vertex 36.965 -56.9596 21.0829
    endloop
  endfacet
  facet normal 0.104103 -0.0852105 0.99091
    outer loop
      vertex 38.5911 -56.8358 20.9247
      vertex 37.0689 -56.8558 21.0829
      vertex 38.6109 -56.8558 20.9209
    endloop
  endfacet
  facet normal 0.0894034 0.564585 0.820519
    outer loop
      vertex 69.1206 -55.1994 17.3858
      vertex 69.2659 -55.2647 17.4149
      vertex 72.8449 -55.218 16.9928
    endloop
  endfacet
  facet normal 0.0927156 0.57009 0.816334
    outer loop
      vertex 69.2659 -55.2647 17.4149
      vertex 69.1206 -55.1994 17.3858
      vertex 69.1968 -55.2453 17.4092
    endloop
  endfacet
  facet normal 0.0893862 0.56477 0.820393
    outer loop
      vertex 73.2657 -55.2846 16.9928
      vertex 72.8449 -55.218 16.9928
      vertex 69.2659 -55.2647 17.4149
    endloop
  endfacet
  facet normal -0.791588 -0.173375 0.585943
    outer loop
      vertex 34.1441 -57.386 19.4839
      vertex 34.6717 -57.2355 20.2412
      vertex 34.6688 -57.2155 20.2432
    endloop
  endfacet
  facet normal -0.790899 -0.176213 0.586027
    outer loop
      vertex 34.6717 -57.2355 20.2412
      vertex 34.1441 -57.386 19.4839
      vertex 34.147 -57.406 19.4818
    endloop
  endfacet
  facet normal 0.104116 -0.0883986 0.990629
    outer loop
      vertex 38.5911 -56.8358 20.9247
      vertex 37.0659 -56.8358 21.085
      vertex 37.0689 -56.8558 21.0829
    endloop
  endfacet
  facet normal 0.0236271 0.983891 0.177203
    outer loop
      vertex 69.2913 -56.705 17.705
      vertex 73.2884 -56.725 17.2831
      vertex 73.2899 -56.725 17.2829
    endloop
  endfacet
  facet normal 0.104555 -0.0533168 0.993089
    outer loop
      vertex 69.2913 -56.705 17.705
      vertex 73.2217 -56.8558 17.2831
      vertex 73.2884 -56.725 17.2831
    endloop
  endfacet
  facet normal 0.104559 -0.0532386 0.993093
    outer loop
      vertex 73.2217 -56.8558 17.2831
      vertex 69.2913 -56.705 17.705
      vertex 69.2247 -56.8358 17.705
    endloop
  endfacet
  facet normal 0 -0.998879 0.047329
    outer loop
      vertex 69.3143 -56.56 17.705
      vertex 73.3129 -56.58 17.2829
      vertex 73.3133 -56.58 17.2829
    endloop
  endfacet
  facet normal 0.104882 -0.0166364 0.994346
    outer loop
      vertex 69.3143 -56.56 17.705
      vertex 73.2899 -56.725 17.2829
      vertex 73.3129 -56.58 17.2829
    endloop
  endfacet
  facet normal 0.104882 -0.0166364 0.994346
    outer loop
      vertex 73.2899 -56.725 17.2829
      vertex 69.3143 -56.56 17.705
      vertex 69.2913 -56.705 17.705
    endloop
  endfacet
  facet normal 0.104149 -0.0851651 0.990909
    outer loop
      vertex 73.1993 -56.8558 17.2855
      vertex 38.5911 -56.8358 20.9247
      vertex 38.6109 -56.8558 20.9209
    endloop
  endfacet
  facet normal 0.08796 0.585482 0.8059
    outer loop
      vertex 72.8449 -54.4586 16.4411
      vertex 69.2732 -54.5366 16.8876
      vertex 72.8449 -55.218 16.9928
    endloop
  endfacet
  facet normal 0.0879932 0.585182 0.806113
    outer loop
      vertex 68.845 -54.4386 16.8632
      vertex 69.2732 -54.5366 16.8876
      vertex 72.8449 -54.4586 16.4411
    endloop
  endfacet
  facet normal 0.0882289 0.586049 0.805458
    outer loop
      vertex 69.2732 -54.5366 16.8876
      vertex 68.845 -54.4386 16.8632
      vertex 68.8995 -54.4578 16.8712
    endloop
  endfacet
  facet normal 0.0879638 0.5855 0.805886
    outer loop
      vertex 72.8449 -55.218 16.9928
      vertex 69.2732 -54.5366 16.8876
      vertex 69.1206 -55.1994 17.3858
    endloop
  endfacet
  facet normal 0.103784 0.203522 0.973554
    outer loop
      vertex 72.9897 -56.1336 17.2828
      vertex 68.99 -56.1136 17.705
      vertex 69.1208 -56.1803 17.705
    endloop
  endfacet
  facet normal 0 -0.99888 0.0473179
    outer loop
      vertex 68.99 -56.1136 17.705
      vertex 72.9897 -56.1336 17.2828
      vertex 72.9898 -56.1336 17.2828
    endloop
  endfacet
  facet normal 0.103784 0.203522 0.973554
    outer loop
      vertex 73.1205 -56.2003 17.2828
      vertex 72.9897 -56.1336 17.2828
      vertex 69.1208 -56.1803 17.705
    endloop
  endfacet
  facet normal -0.0575119 -0.112782 0.991954
    outer loop
      vertex 36.5412 -57.0063 21.085
      vertex 36.4134 -56.9596 21.0829
      vertex 36.5442 -57.0263 21.0829
    endloop
  endfacet
  facet normal -0.0575119 -0.112782 0.991954
    outer loop
      vertex 36.4134 -56.9596 21.0829
      vertex 36.5412 -57.0063 21.085
      vertex 36.4104 -56.9396 21.085
    endloop
  endfacet
  facet normal 0.105075 0.0535014 0.993024
    outer loop
      vertex 73.224 -56.3041 17.2829
      vertex 69.2247 -56.2841 17.705
      vertex 69.2913 -56.4149 17.705
    endloop
  endfacet
  facet normal 0.00633831 0.9999 0.0126766
    outer loop
      vertex 69.2247 -56.2841 17.705
      vertex 73.224 -56.3041 17.2829
      vertex 73.2242 -56.3041 17.2828
    endloop
  endfacet
  facet normal 0.105075 0.0535014 0.993024
    outer loop
      vertex 73.2906 -56.4349 17.2829
      vertex 73.224 -56.3041 17.2829
      vertex 69.2913 -56.4149 17.705
    endloop
  endfacet
  facet normal 0.101591 0.301048 0.948182
    outer loop
      vertex 69.2247 -56.8358 17.705
      vertex 73.1993 -56.8558 17.2855
      vertex 73.2217 -56.8558 17.2831
    endloop
  endfacet
  facet normal 0.104132 -0.0869607 0.990754
    outer loop
      vertex 73.1993 -56.8558 17.2855
      vertex 69.2247 -56.8358 17.705
      vertex 38.5911 -56.8358 20.9247
    endloop
  endfacet
  facet normal -0.274322 -0.139678 0.95144
    outer loop
      vertex 36.3066 -56.8358 21.085
      vertex 36.2429 -56.725 21.0829
      vertex 36.3095 -56.8558 21.0829
    endloop
  endfacet
  facet normal -0.277231 -0.141371 0.950346
    outer loop
      vertex 36.2429 -56.725 21.0829
      vertex 36.3066 -56.8358 21.085
      vertex 36.2399 -56.705 21.085
    endloop
  endfacet
  facet normal -0.936942 -0.168033 0.306439
    outer loop
      vertex 33.8682 -57.4756 18.5912
      vertex 34.147 -57.406 19.4818
      vertex 34.1441 -57.386 19.4839
    endloop
  endfacet
  facet normal -0.936366 -0.171105 0.306499
    outer loop
      vertex 34.147 -57.406 19.4818
      vertex 33.8682 -57.4756 18.5912
      vertex 33.8712 -57.4956 18.5892
    endloop
  endfacet
  facet normal 0.0495595 -0.0971872 0.994031
    outer loop
      vertex 36.8313 -57.0063 21.085
      vertex 36.965 -56.9596 21.0829
      vertex 36.9621 -56.9396 21.085
    endloop
  endfacet
  facet normal 0.0495595 -0.0971872 0.994031
    outer loop
      vertex 36.965 -56.9596 21.0829
      vertex 36.8313 -57.0063 21.085
      vertex 36.8342 -57.0263 21.0829
    endloop
  endfacet
  facet normal 0 -0.998891 0.0470929
    outer loop
      vertex 69.2659 -55.2647 17.4149
      vertex 73.2656 -55.2846 16.9928
      vertex 73.2657 -55.2846 16.9928
    endloop
  endfacet
  facet normal 0.101819 0.291782 0.95105
    outer loop
      vertex 69.2659 -55.2647 17.4149
      vertex 72.9898 -56.1336 17.2828
      vertex 73.2656 -55.2846 16.9928
    endloop
  endfacet
  facet normal 0.101844 0.291895 0.951013
    outer loop
      vertex 72.9898 -56.1336 17.2828
      vertex 69.2659 -55.2647 17.4149
      vertex 68.99 -56.1136 17.705
    endloop
  endfacet
  facet normal 0.0161935 -0.102089 0.994643
    outer loop
      vertex 36.6863 -57.0293 21.085
      vertex 36.8342 -57.0263 21.0829
      vertex 36.8313 -57.0063 21.085
    endloop
  endfacet
  facet normal 0.0161935 -0.102089 0.994643
    outer loop
      vertex 36.8342 -57.0263 21.0829
      vertex 36.6863 -57.0293 21.085
      vertex 36.6892 -57.0493 21.0829
    endloop
  endfacet
  facet normal -0.564998 -0.162812 0.808869
    outer loop
      vertex 34.6688 -57.2155 20.2432
      vertex 35.3939 -57.0008 20.7929
      vertex 35.391 -56.9808 20.7949
    endloop
  endfacet
  facet normal -0.564998 -0.162812 0.808869
    outer loop
      vertex 35.3939 -57.0008 20.7929
      vertex 34.6688 -57.2155 20.2432
      vertex 34.6717 -57.2355 20.2412
    endloop
  endfacet
  facet normal -0.278635 -0.141536 0.949911
    outer loop
      vertex 35.391 -56.9808 20.7949
      vertex 36.2429 -56.725 21.0829
      vertex 36.2399 -56.705 21.085
    endloop
  endfacet
  facet normal -0.280493 -0.135693 0.950216
    outer loop
      vertex 36.2429 -56.725 21.0829
      vertex 35.391 -56.9808 20.7949
      vertex 35.3939 -57.0008 20.7929
    endloop
  endfacet
  facet normal 0 -0.99888 0.0473179
    outer loop
      vertex 69.1208 -56.1803 17.705
      vertex 73.1203 -56.2003 17.2828
      vertex 73.1205 -56.2003 17.2828
    endloop
  endfacet
  facet normal 0.104919 0.10502 0.98892
    outer loop
      vertex 73.1203 -56.2003 17.2828
      vertex 69.1208 -56.1803 17.705
      vertex 69.2247 -56.2841 17.705
    endloop
  endfacet
  facet normal 0.104919 0.10502 0.98892
    outer loop
      vertex 73.2242 -56.3041 17.2828
      vertex 73.1203 -56.2003 17.2828
      vertex 69.2247 -56.2841 17.705
    endloop
  endfacet
  facet normal 0.105033 0.016649 0.994329
    outer loop
      vertex 73.2904 -56.4349 17.2829
      vertex 69.2913 -56.4149 17.705
      vertex 69.3143 -56.56 17.705
    endloop
  endfacet
  facet normal 0 -0.998879 0.047329
    outer loop
      vertex 69.2913 -56.4149 17.705
      vertex 73.2904 -56.4349 17.2829
      vertex 73.2906 -56.4349 17.2829
    endloop
  endfacet
  facet normal 0.105036 0.016577 0.99433
    outer loop
      vertex 73.3133 -56.58 17.2829
      vertex 73.2904 -56.4349 17.2829
      vertex 69.3143 -56.56 17.705
    endloop
  endfacet
  facet normal -0.781521 -0.210582 0.587264
    outer loop
      vertex 34.1439 -57.3847 19.484
      vertex 34.6688 -57.2155 20.2432
      vertex 34.6686 -57.2142 20.2434
    endloop
  endfacet
  facet normal -0.793176 -0.167075 0.585626
    outer loop
      vertex 34.6688 -57.2155 20.2432
      vertex 34.1439 -57.3847 19.484
      vertex 34.1441 -57.386 19.4839
    endloop
  endfacet
  facet normal 0.049381 0.949914 0.308586
    outer loop
      vertex 68.845 -53.8869 16.1039
      vertex 68.77 -53.5956 15.2192
      vertex 68.77 -53.8856 16.1119
    endloop
  endfacet
  facet normal 0.049381 0.949914 0.308586
    outer loop
      vertex 68.77 -53.5956 15.2192
      vertex 68.845 -53.8869 16.1039
      vertex 68.845 -53.5969 15.2112
    endloop
  endfacet
  facet normal 0.104281 -0.0683014 0.9922
    outer loop
      vertex 38.5911 -56.8358 20.9247
      vertex 37.0658 -56.8345 21.0851
      vertex 37.0659 -56.8358 21.085
    endloop
  endfacet
  facet normal 0.0173307 0.99985 0
    outer loop
      vertex 68.77 -53.5956 0
      vertex 68.845 -53.5969 15.2112
      vertex 68.845 -53.5969 0
    endloop
  endfacet
  facet normal 0.0173307 0.99985 0
    outer loop
      vertex 68.845 -53.5969 15.2112
      vertex 68.77 -53.5956 0
      vertex 68.77 -53.5956 15.2192
    endloop
  endfacet
  facet normal 0.0764976 0.806628 0.586088
    outer loop
      vertex 68.845 -54.4386 16.8632
      vertex 68.77 -53.8856 16.1119
      vertex 68.77 -54.4373 16.8712
    endloop
  endfacet
  facet normal 0.0764976 0.806628 0.586088
    outer loop
      vertex 68.77 -53.8856 16.1119
      vertex 68.845 -54.4386 16.8632
      vertex 68.845 -53.8869 16.1039
    endloop
  endfacet
  facet normal 0.106339 0.0168559 0.994187
    outer loop
      vertex 69.2913 -56.4149 17.705
      vertex 69.2393 -56.5587 17.713
      vertex 69.3143 -56.56 17.705
    endloop
  endfacet
  facet normal 0.106478 0.0168047 0.994173
    outer loop
      vertex 69.2393 -56.5587 17.713
      vertex 69.2913 -56.4149 17.705
      vertex 69.2164 -56.4136 17.713
    endloop
  endfacet
  facet normal 0.107292 0.107395 0.98841
    outer loop
      vertex 69.1208 -56.1803 17.705
      vertex 69.1497 -56.2828 17.713
      vertex 69.2247 -56.2841 17.705
    endloop
  endfacet
  facet normal 0.107434 0.107434 0.988391
    outer loop
      vertex 69.1497 -56.2828 17.713
      vertex 69.1208 -56.1803 17.705
      vertex 69.0459 -56.179 17.713
    endloop
  endfacet
  facet normal -0.209936 -0.107054 0.971837
    outer loop
      vertex 36.3064 -56.8345 21.0851
      vertex 36.2399 -56.705 21.085
      vertex 36.3066 -56.8358 21.085
    endloop
  endfacet
  facet normal -0.209936 -0.107054 0.971837
    outer loop
      vertex 36.2399 -56.705 21.085
      vertex 36.3064 -56.8345 21.0851
      vertex 36.2397 -56.7037 21.0851
    endloop
  endfacet
  facet normal 0.0710037 -0.0710721 0.994941
    outer loop
      vertex 36.9619 -56.9383 21.0851
      vertex 37.0659 -56.8358 21.085
      vertex 37.0658 -56.8345 21.0851
    endloop
  endfacet
  facet normal 0.0663723 -0.0663723 0.995585
    outer loop
      vertex 37.0659 -56.8358 21.085
      vertex 36.9619 -56.9383 21.0851
      vertex 36.9621 -56.9396 21.085
    endloop
  endfacet
  facet normal -0.988372 -0.152057 -0
    outer loop
      vertex 33.7232 -56.56 18.5912
      vertex 33.723 -56.5587 0
      vertex 33.7232 -56.56 0
    endloop
  endfacet
  facet normal -0.988372 -0.152057 0
    outer loop
      vertex 33.723 -56.5587 0
      vertex 33.7232 -56.56 18.5912
      vertex 33.723 -56.5587 18.5914
    endloop
  endfacet
  facet normal -0.987276 -0.156351 0.0290058
    outer loop
      vertex 33.7232 -56.56 18.5912
      vertex 33.868 -57.4743 18.5914
      vertex 33.723 -56.5587 18.5914
    endloop
  endfacet
  facet normal -0.987276 -0.156351 0.0290058
    outer loop
      vertex 33.868 -57.4743 18.5914
      vertex 33.7232 -56.56 18.5912
      vertex 33.8682 -57.4756 18.5912
    endloop
  endfacet
  facet normal 0.104305 -0.0653156 0.992398
    outer loop
      vertex 69.2247 -56.8358 17.705
      vertex 37.0658 -56.8345 21.0851
      vertex 38.5911 -56.8358 20.9247
    endloop
  endfacet
  facet normal -0.549849 -0.209006 0.808691
    outer loop
      vertex 34.6686 -57.2142 20.2434
      vertex 35.391 -56.9808 20.7949
      vertex 35.3908 -56.9795 20.7951
    endloop
  endfacet
  facet normal -0.549849 -0.209006 0.808691
    outer loop
      vertex 35.391 -56.9808 20.7949
      vertex 34.6686 -57.2142 20.2434
      vertex 34.6688 -57.2155 20.2432
    endloop
  endfacet
  facet normal -0.936991 -0.167726 0.306458
    outer loop
      vertex 33.868 -57.4743 18.5914
      vertex 34.1441 -57.386 19.4839
      vertex 34.1439 -57.3847 19.484
    endloop
  endfacet
  facet normal -0.932313 -0.190707 0.307284
    outer loop
      vertex 34.1441 -57.386 19.4839
      vertex 33.868 -57.4743 18.5914
      vertex 33.8682 -57.4756 18.5912
    endloop
  endfacet
  facet normal 0.105763 -0.0167761 0.99425
    outer loop
      vertex 69.2393 -56.5587 17.713
      vertex 69.2913 -56.705 17.705
      vertex 69.3143 -56.56 17.705
    endloop
  endfacet
  facet normal 0.105903 -0.0167254 0.994236
    outer loop
      vertex 69.2913 -56.705 17.705
      vertex 69.2393 -56.5587 17.713
      vertex 69.2164 -56.7037 17.713
    endloop
  endfacet
  facet normal 0.106854 0.290251 0.950966
    outer loop
      vertex 69.1909 -55.2633 17.4229
      vertex 68.99 -56.1136 17.705
      vertex 69.2659 -55.2647 17.4149
    endloop
  endfacet
  facet normal 0.106612 0.290311 0.950975
    outer loop
      vertex 68.99 -56.1136 17.705
      vertex 69.1909 -55.2633 17.4229
      vertex 68.9151 -56.1123 17.713
    endloop
  endfacet
  facet normal 0.104108 -0.0893834 0.990541
    outer loop
      vertex 69.1497 -56.8345 17.713
      vertex 37.0658 -56.8345 21.0851
      vertex 69.2247 -56.8358 17.705
    endloop
  endfacet
  facet normal 0.105134 -0.0535315 0.993016
    outer loop
      vertex 69.2164 -56.7037 17.713
      vertex 69.2247 -56.8358 17.705
      vertex 69.2913 -56.705 17.705
    endloop
  endfacet
  facet normal 0.104995 -0.0535411 0.99303
    outer loop
      vertex 69.2247 -56.8358 17.705
      vertex 69.2164 -56.7037 17.713
      vertex 69.1497 -56.8345 17.713
    endloop
  endfacet
  facet normal 0.0118767 -0.0748745 0.997122
    outer loop
      vertex 36.6861 -57.028 21.0851
      vertex 36.8313 -57.0063 21.085
      vertex 36.8311 -57.005 21.0851
    endloop
  endfacet
  facet normal 0.0118767 -0.0748745 0.997122
    outer loop
      vertex 36.8313 -57.0063 21.085
      vertex 36.6861 -57.028 21.0851
      vertex 36.6863 -57.0293 21.085
    endloop
  endfacet
  facet normal 0.0362565 -0.0710998 0.99681
    outer loop
      vertex 36.8311 -57.005 21.0851
      vertex 36.9621 -56.9396 21.085
      vertex 36.9619 -56.9383 21.0851
    endloop
  endfacet
  facet normal 0.0362565 -0.0710998 0.99681
    outer loop
      vertex 36.9621 -56.9396 21.085
      vertex 36.8311 -57.005 21.0851
      vertex 36.8313 -57.0063 21.085
    endloop
  endfacet
  facet normal -0.090167 -0.090167 0.991837
    outer loop
      vertex 36.4102 -56.9383 21.0851
      vertex 36.3066 -56.8358 21.085
      vertex 36.4104 -56.9396 21.085
    endloop
  endfacet
  facet normal -0.090167 -0.090167 0.991837
    outer loop
      vertex 36.3066 -56.8358 21.085
      vertex 36.4102 -56.9383 21.0851
      vertex 36.3064 -56.8345 21.0851
    endloop
  endfacet
  facet normal 0.107436 0.210684 0.971633
    outer loop
      vertex 68.99 -56.1136 17.705
      vertex 69.0459 -56.179 17.713
      vertex 69.1208 -56.1803 17.705
    endloop
  endfacet
  facet normal 0.107436 0.210684 0.971633
    outer loop
      vertex 69.0459 -56.179 17.713
      vertex 68.99 -56.1136 17.705
      vertex 68.9151 -56.1123 17.713
    endloop
  endfacet
  facet normal -0.0406637 -0.0797423 0.995986
    outer loop
      vertex 36.5411 -57.005 21.0851
      vertex 36.4104 -56.9396 21.085
      vertex 36.5412 -57.0063 21.085
    endloop
  endfacet
  facet normal -0.0423447 -0.0831023 0.995641
    outer loop
      vertex 36.4104 -56.9396 21.085
      vertex 36.5411 -57.005 21.0851
      vertex 36.4102 -56.9383 21.0851
    endloop
  endfacet
  facet normal -0.0124583 -0.0785958 0.996829
    outer loop
      vertex 36.6861 -57.028 21.0851
      vertex 36.5412 -57.0063 21.085
      vertex 36.6863 -57.0293 21.085
    endloop
  endfacet
  facet normal -0.0123141 -0.0776323 0.996906
    outer loop
      vertex 36.5412 -57.0063 21.085
      vertex 36.6861 -57.028 21.0851
      vertex 36.5411 -57.005 21.0851
    endloop
  endfacet
  facet normal 0.0950862 0.600667 0.793825
    outer loop
      vertex 68.845 -54.4386 16.8632
      vertex 68.77 -54.4373 16.8712
      vertex 68.8995 -54.4578 16.8712
    endloop
  endfacet
  facet normal 0.0969579 0.582472 0.807047
    outer loop
      vertex 69.1968 -55.2453 17.4092
      vertex 69.1909 -55.2633 17.4229
      vertex 69.2659 -55.2647 17.4149
    endloop
  endfacet
  facet normal -0.286721 -0.11725 0.950812
    outer loop
      vertex 35.3908 -56.9795 20.7951
      vertex 36.2399 -56.705 21.085
      vertex 36.2397 -56.7037 21.0851
    endloop
  endfacet
  facet normal -0.263044 -0.186109 0.946663
    outer loop
      vertex 36.2399 -56.705 21.085
      vertex 35.3908 -56.9795 20.7951
      vertex 35.391 -56.9808 20.7949
    endloop
  endfacet
  facet normal 0.106982 0.0544725 0.992768
    outer loop
      vertex 69.2247 -56.2841 17.705
      vertex 69.2164 -56.4136 17.713
      vertex 69.2913 -56.4149 17.705
    endloop
  endfacet
  facet normal 0.106841 0.0544824 0.992782
    outer loop
      vertex 69.2164 -56.4136 17.713
      vertex 69.2247 -56.2841 17.705
      vertex 69.1497 -56.2828 17.713
    endloop
  endfacet
  facet normal 0.104094 -0.0870997 0.990746
    outer loop
      vertex 38.4319 -56.6749 20.9556
      vertex 37.0423 -56.6749 21.1016
      vertex 37.0658 -56.8345 21.0851
    endloop
  endfacet
  facet normal 0.0249884 0.999688 0
    outer loop
      vertex 62.785 -53.436 0
      vertex 66.7776 -53.5358 15.4339
      vertex 66.7776 -53.5358 0
    endloop
  endfacet
  facet normal 0.0249884 0.999688 0
    outer loop
      vertex 66.7776 -53.5358 15.4339
      vertex 62.785 -53.436 0
      vertex 62.785 -53.436 15.8623
    endloop
  endfacet
  facet normal 0.056864 0.949535 0.308463
    outer loop
      vertex 66.7776 -53.8259 16.3265
      vertex 62.785 -53.436 15.8623
      vertex 62.785 -53.726 16.755
    endloop
  endfacet
  facet normal 0.0568452 0.949495 0.308591
    outer loop
      vertex 62.785 -53.436 15.8623
      vertex 66.7776 -53.8259 16.3265
      vertex 66.7776 -53.5358 15.4339
    endloop
  endfacet
  facet normal -0.271059 -0.138223 0.952587
    outer loop
      vertex 36.283 -56.6749 21.1016
      vertex 36.2397 -56.7037 21.0851
      vertex 36.3064 -56.8345 21.0851
    endloop
  endfacet
  facet normal -0.271059 -0.138223 0.952587
    outer loop
      vertex 36.2397 -56.7037 21.0851
      vertex 36.283 -56.6749 21.1016
      vertex 36.2163 -56.5441 21.1016
    endloop
  endfacet
  facet normal 0.0893917 -0.0893917 0.991977
    outer loop
      vertex 36.9385 -56.7787 21.1016
      vertex 37.0658 -56.8345 21.0851
      vertex 37.0423 -56.6749 21.1016
    endloop
  endfacet
  facet normal 0.0893652 -0.0894513 0.991974
    outer loop
      vertex 37.0658 -56.8345 21.0851
      vertex 36.9385 -56.7787 21.1016
      vertex 36.9619 -56.9383 21.0851
    endloop
  endfacet
  facet normal -0.936739 -0.16903 0.306511
    outer loop
      vertex 33.8446 -57.3147 18.6079
      vertex 34.1439 -57.3847 19.484
      vertex 34.1205 -57.2251 19.5005
    endloop
  endfacet
  facet normal -0.936739 -0.16903 0.306511
    outer loop
      vertex 34.1439 -57.3847 19.484
      vertex 33.8446 -57.3147 18.6079
      vertex 33.868 -57.4743 18.5914
    endloop
  endfacet
  facet normal 0.0830257 0.806205 0.585781
    outer loop
      vertex 66.7776 -54.3776 17.0859
      vertex 62.785 -53.726 16.755
      vertex 62.785 -54.2777 17.5143
    endloop
  endfacet
  facet normal 0.0830358 0.806241 0.58573
    outer loop
      vertex 62.785 -53.726 16.755
      vertex 66.7776 -54.3776 17.0859
      vertex 66.7776 -53.8259 16.3265
    endloop
  endfacet
  facet normal 0.101263 0.639684 0.761938
    outer loop
      vertex 67.4331 -54.4814 17.0859
      vertex 68.8995 -54.4578 16.8712
      vertex 68.77 -54.4373 16.8712
    endloop
  endfacet
  facet normal 0.101329 0.639199 0.762337
    outer loop
      vertex 68.8995 -54.4578 16.8712
      vertex 67.4331 -54.4814 17.0859
      vertex 69.2732 -54.5366 16.8876
    endloop
  endfacet
  facet normal 0.101279 0.639582 0.762022
    outer loop
      vertex 67.4331 -54.4814 17.0859
      vertex 68.77 -54.4373 16.8712
      vertex 66.7776 -54.3776 17.0859
    endloop
  endfacet
  facet normal 0.104127 -0.0874119 0.990715
    outer loop
      vertex 38.4319 -56.6749 20.9556
      vertex 37.0658 -56.8345 21.0851
      vertex 63.1647 -56.6749 18.3561
    endloop
  endfacet
  facet normal 0.0300005 0.99955 0
    outer loop
      vertex 66.7776 -53.5358 0
      vertex 68.77 -53.5956 15.2192
      vertex 68.77 -53.5956 0
    endloop
  endfacet
  facet normal 0.0300005 0.99955 0
    outer loop
      vertex 68.77 -53.5956 15.2192
      vertex 66.7776 -53.5358 0
      vertex 66.7776 -53.5358 15.4339
    endloop
  endfacet
  facet normal 0.061671 0.949222 0.308503
    outer loop
      vertex 68.77 -53.8856 16.1119
      vertex 66.7776 -53.5358 15.4339
      vertex 66.7776 -53.8259 16.3265
    endloop
  endfacet
  facet normal 0.0617214 0.949261 0.308374
    outer loop
      vertex 66.7776 -53.5358 15.4339
      vertex 68.77 -53.8856 16.1119
      vertex 68.77 -53.5956 15.2192
    endloop
  endfacet
  facet normal 0.104139 -0.0860543 0.990833
    outer loop
      vertex 67.1573 -56.7747 17.9276
      vertex 37.0658 -56.8345 21.0851
      vertex 69.1497 -56.8345 17.713
    endloop
  endfacet
  facet normal 0.104126 -0.0878782 0.990674
    outer loop
      vertex 63.1647 -56.6749 18.3561
      vertex 37.0658 -56.8345 21.0851
      vertex 67.1573 -56.7747 17.9276
    endloop
  endfacet
  facet normal 0.105233 -0.0535821 0.993003
    outer loop
      vertex 63.2313 -56.5441 18.3561
      vertex 67.1573 -56.7747 17.9276
      vertex 67.2239 -56.6439 17.9276
    endloop
  endfacet
  facet normal 0.105233 -0.0535821 0.993003
    outer loop
      vertex 67.1573 -56.7747 17.9276
      vertex 63.2313 -56.5441 18.3561
      vertex 63.1647 -56.6749 18.3561
    endloop
  endfacet
  facet normal -0.563846 -0.166648 0.808892
    outer loop
      vertex 34.6452 -57.0546 20.2599
      vertex 35.3908 -56.9795 20.7951
      vertex 35.3673 -56.8199 20.8116
    endloop
  endfacet
  facet normal -0.563903 -0.166307 0.808923
    outer loop
      vertex 35.3908 -56.9795 20.7951
      vertex 34.6452 -57.0546 20.2599
      vertex 34.6686 -57.2142 20.2434
    endloop
  endfacet
  facet normal -0.0166953 -0.105253 0.994305
    outer loop
      vertex 36.6626 -56.8684 21.1016
      vertex 36.5411 -57.005 21.0851
      vertex 36.6861 -57.028 21.0851
    endloop
  endfacet
  facet normal -0.0166953 -0.105253 0.994305
    outer loop
      vertex 36.5411 -57.005 21.0851
      vertex 36.6626 -56.8684 21.1016
      vertex 36.5176 -56.8454 21.1016
    endloop
  endfacet
  facet normal -0.119406 -0.119406 0.985639
    outer loop
      vertex 36.3868 -56.7787 21.1016
      vertex 36.3064 -56.8345 21.0851
      vertex 36.4102 -56.9383 21.0851
    endloop
  endfacet
  facet normal -0.119406 -0.119406 0.985639
    outer loop
      vertex 36.3064 -56.8345 21.0851
      vertex 36.3868 -56.7787 21.1016
      vertex 36.283 -56.6749 21.1016
    endloop
  endfacet
  facet normal -0.27931 -0.139172 0.950062
    outer loop
      vertex 35.3673 -56.8199 20.8116
      vertex 36.2397 -56.7037 21.0851
      vertex 36.2163 -56.5441 21.1016
    endloop
  endfacet
  facet normal -0.279282 -0.139341 0.950045
    outer loop
      vertex 36.2397 -56.7037 21.0851
      vertex 35.3673 -56.8199 20.8116
      vertex 35.3908 -56.9795 20.7951
    endloop
  endfacet
  facet normal -0.0565091 -0.1109 0.992224
    outer loop
      vertex 36.5176 -56.8454 21.1016
      vertex 36.4102 -56.9383 21.0851
      vertex 36.5411 -57.005 21.0851
    endloop
  endfacet
  facet normal -0.0565363 -0.110869 0.992226
    outer loop
      vertex 36.4102 -56.9383 21.0851
      vertex 36.5176 -56.8454 21.1016
      vertex 36.3868 -56.7787 21.1016
    endloop
  endfacet
  facet normal 0.0159321 -0.100511 0.994808
    outer loop
      vertex 36.6626 -56.8684 21.1016
      vertex 36.8311 -57.005 21.0851
      vertex 36.8077 -56.8454 21.1016
    endloop
  endfacet
  facet normal 0.0159413 -0.1005 0.994809
    outer loop
      vertex 36.8311 -57.005 21.0851
      vertex 36.6626 -56.8684 21.1016
      vertex 36.6861 -57.028 21.0851
    endloop
  endfacet
  facet normal 0.111124 0.288824 0.950911
    outer loop
      vertex 67.1985 -55.2036 17.6376
      vertex 68.9151 -56.1123 17.713
      vertex 69.1909 -55.2633 17.4229
    endloop
  endfacet
  facet normal 0.111072 0.288728 0.950947
    outer loop
      vertex 68.9151 -56.1123 17.713
      vertex 67.1985 -55.2036 17.6376
      vertex 66.9226 -56.0526 17.9276
    endloop
  endfacet
  facet normal 0.0987822 0.623812 0.775306
    outer loop
      vertex 66.7776 -54.3776 17.0859
      vertex 63.4405 -54.3816 17.5143
      vertex 67.4331 -54.4814 17.0859
    endloop
  endfacet
  facet normal 0.0988196 0.623448 0.775595
    outer loop
      vertex 63.4405 -54.3816 17.5143
      vertex 66.7776 -54.3776 17.0859
      vertex 62.785 -54.2777 17.5143
    endloop
  endfacet
  facet normal 0.104363 0.582103 0.80639
    outer loop
      vertex 69.2732 -54.5366 16.8876
      vertex 67.4331 -54.4814 17.0859
      vertex 69.1206 -55.1994 17.3858
    endloop
  endfacet
  facet normal 0.102072 0.58108 0.80742
    outer loop
      vertex 69.1206 -55.1994 17.3858
      vertex 69.1909 -55.2633 17.4229
      vertex 69.1968 -55.2453 17.4092
    endloop
  endfacet
  facet normal 0.104367 0.582108 0.806386
    outer loop
      vertex 67.1985 -55.2036 17.6376
      vertex 69.1206 -55.1994 17.3858
      vertex 67.4331 -54.4814 17.0859
    endloop
  endfacet
  facet normal 0.10431 0.582698 0.805967
    outer loop
      vertex 69.1206 -55.1994 17.3858
      vertex 67.1985 -55.2036 17.6376
      vertex 69.1909 -55.2633 17.4229
    endloop
  endfacet
  facet normal 0.101072 0.583004 0.806158
    outer loop
      vertex 63.4405 -54.3816 17.5143
      vertex 67.1985 -55.2036 17.6376
      vertex 67.4331 -54.4814 17.0859
    endloop
  endfacet
  facet normal 0.101072 0.583004 0.806158
    outer loop
      vertex 67.1985 -55.2036 17.6376
      vertex 63.4405 -54.3816 17.5143
      vertex 63.2059 -55.1038 18.066
    endloop
  endfacet
  facet normal -0.989422 -0.145066 -0
    outer loop
      vertex 33.723 -56.5587 18.5914
      vertex 33.6996 -56.3991 0
      vertex 33.723 -56.5587 0
    endloop
  endfacet
  facet normal -0.989422 -0.145066 0
    outer loop
      vertex 33.6996 -56.3991 0
      vertex 33.723 -56.5587 18.5914
      vertex 33.6996 -56.3991 18.6079
    endloop
  endfacet
  facet normal 0.0872446 0.805951 0.585519
    outer loop
      vertex 68.77 -54.4373 16.8712
      vertex 66.7776 -53.8259 16.3265
      vertex 66.7776 -54.3776 17.0859
    endloop
  endfacet
  facet normal 0.0872197 0.805916 0.58557
    outer loop
      vertex 66.7776 -53.8259 16.3265
      vertex 68.77 -54.4373 16.8712
      vertex 68.77 -53.8856 16.1119
    endloop
  endfacet
  facet normal 0.106279 -0.016858 0.994193
    outer loop
      vertex 63.2543 -56.3991 18.3561
      vertex 67.2239 -56.6439 17.9276
      vertex 67.2469 -56.4989 17.9276
    endloop
  endfacet
  facet normal 0.106279 -0.016858 0.994193
    outer loop
      vertex 67.2239 -56.6439 17.9276
      vertex 63.2543 -56.3991 18.3561
      vertex 63.2313 -56.5441 18.3561
    endloop
  endfacet
  facet normal 0.0487684 -0.0956358 0.994221
    outer loop
      vertex 36.8077 -56.8454 21.1016
      vertex 36.9619 -56.9383 21.0851
      vertex 36.9385 -56.7787 21.1016
    endloop
  endfacet
  facet normal 0.0487684 -0.0956358 0.994221
    outer loop
      vertex 36.9619 -56.9383 21.0851
      vertex 36.8077 -56.8454 21.1016
      vertex 36.8311 -57.005 21.0851
    endloop
  endfacet
  facet normal -0.790816 -0.176534 0.586042
    outer loop
      vertex 34.1205 -57.2251 19.5005
      vertex 34.6686 -57.2142 20.2434
      vertex 34.6452 -57.0546 20.2599
    endloop
  endfacet
  facet normal -0.790816 -0.176534 0.586042
    outer loop
      vertex 34.6686 -57.2142 20.2434
      vertex 34.1205 -57.2251 19.5005
      vertex 34.1439 -57.3847 19.484
    endloop
  endfacet
  facet normal -0.981527 -0.155441 0.111551
    outer loop
      vertex 33.723 -56.5587 18.5914
      vertex 33.8446 -57.3147 18.6079
      vertex 33.6996 -56.3991 18.6079
    endloop
  endfacet
  facet normal -0.981527 -0.155441 0.111551
    outer loop
      vertex 33.8446 -57.3147 18.6079
      vertex 33.723 -56.5587 18.5914
      vertex 33.868 -57.4743 18.5914
    endloop
  endfacet
  facet normal 0.107908 0.0549019 0.992644
    outer loop
      vertex 67.1573 -56.223 17.9276
      vertex 63.2313 -56.254 18.3561
      vertex 67.2239 -56.3539 17.9276
    endloop
  endfacet
  facet normal 0.107907 0.0549436 0.992642
    outer loop
      vertex 63.2313 -56.254 18.3561
      vertex 67.1573 -56.223 17.9276
      vertex 63.1647 -56.1232 18.3561
    endloop
  endfacet
  facet normal 0.105336 -0.053715 0.992985
    outer loop
      vertex 67.2239 -56.6439 17.9276
      vertex 69.1497 -56.8345 17.713
      vertex 69.2164 -56.7037 17.713
    endloop
  endfacet
  facet normal 0.105344 -0.0536385 0.992988
    outer loop
      vertex 69.1497 -56.8345 17.713
      vertex 67.2239 -56.6439 17.9276
      vertex 67.1573 -56.7747 17.9276
    endloop
  endfacet
  facet normal 0.107578 0.0169782 0.994052
    outer loop
      vertex 69.2164 -56.4136 17.713
      vertex 67.2469 -56.4989 17.9276
      vertex 69.2393 -56.5587 17.713
    endloop
  endfacet
  facet normal 0.107574 0.0170635 0.994051
    outer loop
      vertex 67.2469 -56.4989 17.9276
      vertex 69.2164 -56.4136 17.713
      vertex 67.2239 -56.3539 17.9276
    endloop
  endfacet
  facet normal 0.108766 0.108871 0.988088
    outer loop
      vertex 67.0534 -56.1192 17.9276
      vertex 63.1647 -56.1232 18.3561
      vertex 67.1573 -56.223 17.9276
    endloop
  endfacet
  facet normal 0.108768 0.108768 0.988099
    outer loop
      vertex 63.1647 -56.1232 18.3561
      vertex 67.0534 -56.1192 17.9276
      vertex 63.0609 -56.0194 18.3561
    endloop
  endfacet
  facet normal 0.109698 0.109698 0.987893
    outer loop
      vertex 69.0459 -56.179 17.713
      vertex 67.1573 -56.223 17.9276
      vertex 69.1497 -56.2828 17.713
    endloop
  endfacet
  facet normal 0.109694 0.1098 0.987882
    outer loop
      vertex 67.1573 -56.223 17.9276
      vertex 69.0459 -56.179 17.713
      vertex 67.0534 -56.1192 17.9276
    endloop
  endfacet
  facet normal 0.107115 0.0169907 0.994101
    outer loop
      vertex 67.2239 -56.3539 17.9276
      vertex 63.2543 -56.3991 18.3561
      vertex 67.2469 -56.4989 17.9276
    endloop
  endfacet
  facet normal 0.107115 0.016979 0.994102
    outer loop
      vertex 63.2543 -56.3991 18.3561
      vertex 67.2239 -56.3539 17.9276
      vertex 63.2313 -56.254 18.3561
    endloop
  endfacet
  facet normal 0.106575 -0.0168316 0.994162
    outer loop
      vertex 67.2469 -56.4989 17.9276
      vertex 69.2164 -56.7037 17.713
      vertex 69.2393 -56.5587 17.713
    endloop
  endfacet
  facet normal 0.106568 -0.0169039 0.994162
    outer loop
      vertex 69.2164 -56.7037 17.713
      vertex 67.2469 -56.4989 17.9276
      vertex 67.2239 -56.6439 17.9276
    endloop
  endfacet
  facet normal 0.10927 0.289323 0.950974
    outer loop
      vertex 63.2059 -55.1038 18.066
      vertex 66.9226 -56.0526 17.9276
      vertex 67.1985 -55.2036 17.6376
    endloop
  endfacet
  facet normal 0.1093 0.289445 0.950934
    outer loop
      vertex 66.9226 -56.0526 17.9276
      vertex 63.2059 -55.1038 18.066
      vertex 62.93 -55.9527 18.3561
    endloop
  endfacet
  facet normal 0.10856 0.0553589 0.992547
    outer loop
      vertex 69.1497 -56.2828 17.713
      vertex 67.2239 -56.3539 17.9276
      vertex 69.2164 -56.4136 17.713
    endloop
  endfacet
  facet normal 0.108565 0.0552363 0.992554
    outer loop
      vertex 67.2239 -56.3539 17.9276
      vertex 69.1497 -56.2828 17.713
      vertex 67.1573 -56.223 17.9276
    endloop
  endfacet
  facet normal 0.110972 0.217619 0.969705
    outer loop
      vertex 68.9151 -56.1123 17.713
      vertex 67.0534 -56.1192 17.9276
      vertex 69.0459 -56.179 17.713
    endloop
  endfacet
  facet normal 0.110963 0.217928 0.969636
    outer loop
      vertex 67.0534 -56.1192 17.9276
      vertex 68.9151 -56.1123 17.713
      vertex 66.9226 -56.0526 17.9276
    endloop
  endfacet
  facet normal 0.109529 0.215112 0.970428
    outer loop
      vertex 66.9226 -56.0526 17.9276
      vertex 63.0609 -56.0194 18.3561
      vertex 67.0534 -56.1192 17.9276
    endloop
  endfacet
  facet normal 0.109532 0.214958 0.970462
    outer loop
      vertex 63.0609 -56.0194 18.3561
      vertex 66.9226 -56.0526 17.9276
      vertex 62.93 -55.9527 18.3561
    endloop
  endfacet
  facet normal 0.0266572 0.999645 0
    outer loop
      vertex 62.77 -53.4356 0
      vertex 62.785 -53.436 15.8623
      vertex 62.785 -53.436 0
    endloop
  endfacet
  facet normal 0.0266572 0.999645 0
    outer loop
      vertex 62.785 -53.436 15.8623
      vertex 62.77 -53.4356 0
      vertex 62.77 -53.4356 15.8639
    endloop
  endfacet
  facet normal 0.0839754 0.806141 0.585734
    outer loop
      vertex 62.785 -54.2777 17.5143
      vertex 62.77 -53.7256 16.7566
      vertex 62.77 -54.2773 17.5159
    endloop
  endfacet
  facet normal 0.0839754 0.806141 0.585734
    outer loop
      vertex 62.77 -53.7256 16.7566
      vertex 62.785 -54.2777 17.5143
      vertex 62.785 -53.726 16.755
    endloop
  endfacet
  facet normal -0.901608 -0.30266 0.309031
    outer loop
      vertex 33.8445 -57.3143 18.6079
      vertex 34.1205 -57.2251 19.5005
      vertex 34.1204 -57.2247 19.5006
    endloop
  endfacet
  facet normal -0.922852 -0.230713 0.30841
    outer loop
      vertex 34.1205 -57.2251 19.5005
      vertex 33.8445 -57.3143 18.6079
      vertex 33.8446 -57.3147 18.6079
    endloop
  endfacet
  facet normal 0.0996829 0.628895 0.771074
    outer loop
      vertex 62.785 -54.2777 17.5143
      vertex 63.4256 -54.3812 17.5159
      vertex 63.4405 -54.3816 17.5143
    endloop
  endfacet
  facet normal 0.0992015 0.625953 0.773526
    outer loop
      vertex 63.4256 -54.3812 17.5159
      vertex 62.785 -54.2777 17.5143
      vertex 62.77 -54.2773 17.5159
    endloop
  endfacet
  facet normal -0.301511 -0.301511 0.904534
    outer loop
      vertex 36.3867 -56.7783 21.1017
      vertex 36.283 -56.6749 21.1016
      vertex 36.3868 -56.7787 21.1016
    endloop
  endfacet
  facet normal -0.301511 -0.301511 0.904534
    outer loop
      vertex 36.283 -56.6749 21.1016
      vertex 36.3867 -56.7783 21.1017
      vertex 36.2829 -56.6745 21.1017
    endloop
  endfacet
  facet normal 0.0582191 0.949461 0.308439
    outer loop
      vertex 62.785 -53.726 16.755
      vertex 62.77 -53.4356 15.8639
      vertex 62.77 -53.7256 16.7566
    endloop
  endfacet
  facet normal 0.0582191 0.949461 0.308439
    outer loop
      vertex 62.77 -53.4356 15.8639
      vertex 62.785 -53.726 16.755
      vertex 62.785 -53.436 15.8623
    endloop
  endfacet
  facet normal -0.245004 -0.235144 0.940575
    outer loop
      vertex 35.3673 -56.8195 20.8116
      vertex 36.2163 -56.5441 21.1016
      vertex 36.2163 -56.5437 21.1017
    endloop
  endfacet
  facet normal -0.323241 0 0.946317
    outer loop
      vertex 36.2163 -56.5441 21.1016
      vertex 35.3673 -56.8195 20.8116
      vertex 35.3673 -56.8199 20.8116
    endloop
  endfacet
  facet normal -0.607054 0 0.794661
    outer loop
      vertex 34.6451 -57.0542 20.2599
      vertex 35.3673 -56.8199 20.8116
      vertex 35.3673 -56.8195 20.8116
    endloop
  endfacet
  facet normal -0.571164 -0.142791 0.808321
    outer loop
      vertex 35.3673 -56.8199 20.8116
      vertex 34.6451 -57.0542 20.2599
      vertex 34.6452 -57.0546 20.2599
    endloop
  endfacet
  facet normal -0 -0 -1
    outer loop
      vertex 33.6996 -56.3991 18.6079
      vertex 33.8445 -57.3143 18.6079
      vertex 33.6995 -56.3987 18.6079
    endloop
  endfacet
  facet normal 0 0 -1
    outer loop
      vertex 33.8445 -57.3143 18.6079
      vertex 33.6996 -56.3991 18.6079
      vertex 33.8446 -57.3147 18.6079
    endloop
  endfacet
  facet normal 0.105194 -0.053562 0.993008
    outer loop
      vertex 63.2164 -56.5437 18.3577
      vertex 63.1647 -56.6749 18.3561
      vertex 63.2313 -56.5441 18.3561
    endloop
  endfacet
  facet normal 0.104509 -0.0532932 0.993095
    outer loop
      vertex 63.1647 -56.6749 18.3561
      vertex 63.2164 -56.5437 18.3577
      vertex 63.1497 -56.6745 18.3577
    endloop
  endfacet
  facet normal 0.111059 0.288864 0.950907
    outer loop
      vertex 63.1909 -55.1033 18.0676
      vertex 62.93 -55.9527 18.3561
      vertex 63.2059 -55.1038 18.066
    endloop
  endfacet
  facet normal 0.109878 0.289235 0.950931
    outer loop
      vertex 62.93 -55.9527 18.3561
      vertex 63.1909 -55.1033 18.0676
      vertex 62.9151 -55.9523 18.3577
    endloop
  endfacet
  facet normal -0.970143 -0.242536 -0
    outer loop
      vertex 33.6996 -56.3991 18.6079
      vertex 33.6995 -56.3987 0
      vertex 33.6996 -56.3991 0
    endloop
  endfacet
  facet normal -0.970143 -0.242536 0
    outer loop
      vertex 33.6995 -56.3987 0
      vertex 33.6996 -56.3991 18.6079
      vertex 33.6995 -56.3987 18.6079
    endloop
  endfacet
  facet normal 0.03706 -0.233639 0.971617
    outer loop
      vertex 36.6626 -56.868 21.1017
      vertex 36.8077 -56.8454 21.1016
      vertex 36.8076 -56.845 21.1017
    endloop
  endfacet
  facet normal 0.0384163 -0.242357 0.969426
    outer loop
      vertex 36.8077 -56.8454 21.1016
      vertex 36.6626 -56.868 21.1017
      vertex 36.6626 -56.8684 21.1016
    endloop
  endfacet
  facet normal 0.102219 0.582693 0.806238
    outer loop
      vertex 63.4256 -54.3812 17.5159
      vertex 63.2059 -55.1038 18.066
      vertex 63.4405 -54.3816 17.5143
    endloop
  endfacet
  facet normal 0.105414 0.581864 0.806425
    outer loop
      vertex 63.2059 -55.1038 18.066
      vertex 63.4256 -54.3812 17.5159
      vertex 63.1909 -55.1033 18.0676
    endloop
  endfacet
  facet normal -0.78549 -0.196372 0.586893
    outer loop
      vertex 34.1204 -57.2247 19.5006
      vertex 34.6452 -57.0546 20.2599
      vertex 34.6451 -57.0542 20.2599
    endloop
  endfacet
  facet normal -0.739816 -0.331345 0.585562
    outer loop
      vertex 34.6452 -57.0546 20.2599
      vertex 34.1204 -57.2247 19.5006
      vertex 34.1205 -57.2251 19.5005
    endloop
  endfacet
  facet normal 0.10925 0.214405 0.970616
    outer loop
      vertex 62.93 -55.9527 18.3561
      vertex 63.0459 -56.019 18.3577
      vertex 63.0609 -56.0194 18.3561
    endloop
  endfacet
  facet normal 0.109978 0.215669 0.970253
    outer loop
      vertex 63.0459 -56.019 18.3577
      vertex 62.93 -55.9527 18.3561
      vertex 62.9151 -55.9523 18.3577
    endloop
  endfacet
  facet normal 0.10382 -0.116224 0.987782
    outer loop
      vertex 63.1497 -56.6745 18.3577
      vertex 37.0423 -56.6745 21.1017
      vertex 38.4319 -56.6749 20.9556
    endloop
  endfacet
  facet normal 0.108067 0.055025 0.99262
    outer loop
      vertex 63.1647 -56.1232 18.3561
      vertex 63.2164 -56.2536 18.3577
      vertex 63.2313 -56.254 18.3561
    endloop
  endfacet
  facet normal 0.107349 0.0547415 0.992713
    outer loop
      vertex 63.2164 -56.2536 18.3577
      vertex 63.1647 -56.1232 18.3561
      vertex 63.1497 -56.1228 18.3577
    endloop
  endfacet
  facet normal 0.108296 0.108296 0.988202
    outer loop
      vertex 63.0609 -56.0194 18.3561
      vertex 63.1497 -56.1228 18.3577
      vertex 63.1647 -56.1232 18.3561
    endloop
  endfacet
  facet normal 0.108296 0.108296 0.988202
    outer loop
      vertex 63.1497 -56.1228 18.3577
      vertex 63.0609 -56.0194 18.3561
      vertex 63.0459 -56.019 18.3577
    endloop
  endfacet
  facet normal -0.653563 -0.333277 0.679545
    outer loop
      vertex 36.2829 -56.6745 21.1017
      vertex 36.2163 -56.5441 21.1016
      vertex 36.283 -56.6749 21.1016
    endloop
  endfacet
  facet normal -0.430037 -0.218964 0.875856
    outer loop
      vertex 36.2163 -56.5441 21.1016
      vertex 36.2829 -56.6745 21.1017
      vertex 36.2163 -56.5437 21.1017
    endloop
  endfacet
  facet normal 0.10435 -0.0582046 0.992836
    outer loop
      vertex 63.1497 -56.6745 18.3577
      vertex 38.4319 -56.6749 20.9556
      vertex 63.1647 -56.6749 18.3561
    endloop
  endfacet
  facet normal 0.106495 0.0168807 0.99417
    outer loop
      vertex 63.2313 -56.254 18.3561
      vertex 63.2393 -56.3987 18.3577
      vertex 63.2543 -56.3991 18.3561
    endloop
  endfacet
  facet normal 0.107202 0.0169189 0.994093
    outer loop
      vertex 63.2393 -56.3987 18.3577
      vertex 63.2313 -56.254 18.3561
      vertex 63.2164 -56.2536 18.3577
    endloop
  endfacet
  facet normal 0.109722 -0.215168 0.970394
    outer loop
      vertex 36.8076 -56.845 21.1017
      vertex 36.9385 -56.7787 21.1016
      vertex 36.9384 -56.7783 21.1017
    endloop
  endfacet
  facet normal 0.109722 -0.215168 0.970394
    outer loop
      vertex 36.9385 -56.7787 21.1016
      vertex 36.8076 -56.845 21.1017
      vertex 36.8077 -56.8454 21.1016
    endloop
  endfacet
  facet normal -0.122743 -0.240702 0.962807
    outer loop
      vertex 36.5176 -56.845 21.1017
      vertex 36.3868 -56.7787 21.1016
      vertex 36.5176 -56.8454 21.1016
    endloop
  endfacet
  facet normal -0.138976 -0.272743 0.951996
    outer loop
      vertex 36.3868 -56.7787 21.1016
      vertex 36.5176 -56.845 21.1017
      vertex 36.3867 -56.7783 21.1017
    endloop
  endfacet
  facet normal -0.0384427 -0.242356 0.969425
    outer loop
      vertex 36.6626 -56.868 21.1017
      vertex 36.5176 -56.8454 21.1016
      vertex 36.6626 -56.8684 21.1016
    endloop
  endfacet
  facet normal -0.0384427 -0.242356 0.969425
    outer loop
      vertex 36.5176 -56.8454 21.1016
      vertex 36.6626 -56.868 21.1017
      vertex 36.5176 -56.845 21.1017
    endloop
  endfacet
  facet normal 0.235488 -0.235715 0.942859
    outer loop
      vertex 36.9384 -56.7783 21.1017
      vertex 37.0423 -56.6749 21.1016
      vertex 37.0423 -56.6745 21.1017
    endloop
  endfacet
  facet normal 0.19245 -0.19245 0.96225
    outer loop
      vertex 37.0423 -56.6749 21.1016
      vertex 36.9384 -56.7783 21.1017
      vertex 36.9385 -56.7787 21.1016
    endloop
  endfacet
  facet normal 0.101404 -0.241285 0.965142
    outer loop
      vertex 38.4319 -56.6749 20.9556
      vertex 37.0423 -56.6745 21.1017
      vertex 37.0423 -56.6749 21.1016
    endloop
  endfacet
  facet normal 0.105608 -0.0167517 0.994267
    outer loop
      vertex 63.2393 -56.3987 18.3577
      vertex 63.2313 -56.5441 18.3561
      vertex 63.2543 -56.3991 18.3561
    endloop
  endfacet
  facet normal 0.106308 -0.0167893 0.994191
    outer loop
      vertex 63.2313 -56.5441 18.3561
      vertex 63.2393 -56.3987 18.3577
      vertex 63.2164 -56.5437 18.3577
    endloop
  endfacet
  facet normal 0.083042 0.806204 0.58578
    outer loop
      vertex 60.7776 -54.2176 17.7306
      vertex 58.785 -53.616 17.1851
      vertex 58.785 -54.1677 17.9444
    endloop
  endfacet
  facet normal 0.0830667 0.806239 0.585729
    outer loop
      vertex 58.785 -53.616 17.1851
      vertex 60.7776 -54.2176 17.7306
      vertex 60.7776 -53.6659 16.9712
    endloop
  endfacet
  facet normal 0.101069 0.583005 0.806158
    outer loop
      vertex 59.4405 -54.2716 17.9444
      vertex 61.1985 -55.0436 18.2823
      vertex 61.4331 -54.3214 17.7306
    endloop
  endfacet
  facet normal 0.101069 0.583005 0.806158
    outer loop
      vertex 61.1985 -55.0436 18.2823
      vertex 59.4405 -54.2716 17.9444
      vertex 59.2059 -54.9938 18.4961
    endloop
  endfacet
  facet normal -0.0166495 -0.104964 0.994337
    outer loop
      vertex 36.6465 -56.7584 21.113
      vertex 36.5176 -56.845 21.1017
      vertex 36.6626 -56.868 21.1017
    endloop
  endfacet
  facet normal -0.0166495 -0.104964 0.994337
    outer loop
      vertex 36.5176 -56.845 21.1017
      vertex 36.6465 -56.7584 21.113
      vertex 36.5015 -56.7354 21.113
    endloop
  endfacet
  facet normal 0.0568915 0.949534 0.308463
    outer loop
      vertex 60.7776 -53.6659 16.9712
      vertex 58.785 -53.326 16.2924
      vertex 58.785 -53.616 17.1851
    endloop
  endfacet
  facet normal 0.0568411 0.949495 0.308591
    outer loop
      vertex 58.785 -53.326 16.2924
      vertex 60.7776 -53.6659 16.9712
      vertex 60.7776 -53.3758 16.0786
    endloop
  endfacet
  facet normal 0.061671 0.949222 0.308503
    outer loop
      vertex 62.77 -53.7256 16.7566
      vertex 60.7776 -53.3758 16.0786
      vertex 60.7776 -53.6659 16.9712
    endloop
  endfacet
  facet normal 0.0617214 0.949261 0.308374
    outer loop
      vertex 60.7776 -53.3758 16.0786
      vertex 62.77 -53.7256 16.7566
      vertex 62.77 -53.4356 15.8639
    endloop
  endfacet
  facet normal 0.101321 0.639328 0.762229
    outer loop
      vertex 62.77 -54.2773 17.5159
      vertex 61.4331 -54.3214 17.7306
      vertex 63.4256 -54.3812 17.5159
    endloop
  endfacet
  facet normal 0.101279 0.639582 0.762022
    outer loop
      vertex 61.4331 -54.3214 17.7306
      vertex 62.77 -54.2773 17.5159
      vertex 60.7776 -54.2176 17.7306
    endloop
  endfacet
  facet normal -0.981656 -0.155568 0.110232
    outer loop
      vertex 33.6995 -56.3987 18.6079
      vertex 33.8285 -57.2047 18.6192
      vertex 33.6834 -56.2891 18.6192
    endloop
  endfacet
  facet normal -0.980817 -0.155328 0.117778
    outer loop
      vertex 33.8285 -57.2047 18.6192
      vertex 33.6995 -56.3987 18.6079
      vertex 33.8445 -57.3143 18.6079
    endloop
  endfacet
  facet normal 0.105336 -0.053715 0.992985
    outer loop
      vertex 61.2239 -56.4839 18.5723
      vertex 63.1497 -56.6745 18.3577
      vertex 63.2164 -56.5437 18.3577
    endloop
  endfacet
  facet normal 0.105344 -0.0536385 0.992988
    outer loop
      vertex 63.1497 -56.6745 18.3577
      vertex 61.2239 -56.4839 18.5723
      vertex 61.1573 -56.6147 18.5723
    endloop
  endfacet
  facet normal 0.0249847 0.999688 0
    outer loop
      vertex 58.785 -53.326 0
      vertex 60.7776 -53.3758 16.0786
      vertex 60.7776 -53.3758 0
    endloop
  endfacet
  facet normal 0.0249847 0.999688 0
    outer loop
      vertex 60.7776 -53.3758 16.0786
      vertex 58.785 -53.326 0
      vertex 58.785 -53.326 16.2924
    endloop
  endfacet
  facet normal -0.0563471 -0.110582 0.992268
    outer loop
      vertex 36.5015 -56.7354 21.113
      vertex 36.3867 -56.7783 21.1017
      vertex 36.5176 -56.845 21.1017
    endloop
  endfacet
  facet normal -0.0563656 -0.110534 0.992273
    outer loop
      vertex 36.3867 -56.7783 21.1017
      vertex 36.5015 -56.7354 21.113
      vertex 36.3707 -56.6687 21.113
    endloop
  endfacet
  facet normal 0.110972 0.217619 0.969705
    outer loop
      vertex 62.9151 -55.9523 18.3577
      vertex 61.0534 -55.9592 18.5723
      vertex 63.0459 -56.019 18.3577
    endloop
  endfacet
  facet normal 0.110972 0.217619 0.969705
    outer loop
      vertex 61.0534 -55.9592 18.5723
      vertex 62.9151 -55.9523 18.3577
      vertex 60.9226 -55.8925 18.5723
    endloop
  endfacet
  facet normal 0.111124 0.288824 0.950911
    outer loop
      vertex 61.1985 -55.0436 18.2823
      vertex 62.9151 -55.9523 18.3577
      vertex 63.1909 -55.1033 18.0676
    endloop
  endfacet
  facet normal 0.111086 0.288754 0.950937
    outer loop
      vertex 62.9151 -55.9523 18.3577
      vertex 61.1985 -55.0436 18.2823
      vertex 60.9226 -55.8925 18.5723
    endloop
  endfacet
  facet normal 0.106253 -0.0168539 0.994196
    outer loop
      vertex 59.2543 -56.2891 18.7861
      vertex 61.2239 -56.4839 18.5723
      vertex 61.2469 -56.3389 18.5723
    endloop
  endfacet
  facet normal 0.106253 -0.0168539 0.994196
    outer loop
      vertex 61.2239 -56.4839 18.5723
      vertex 59.2543 -56.2891 18.7861
      vertex 59.2313 -56.4341 18.7861
    endloop
  endfacet
  facet normal 0.0872446 0.805951 0.585519
    outer loop
      vertex 62.77 -54.2773 17.5159
      vertex 60.7776 -53.6659 16.9712
      vertex 60.7776 -54.2176 17.7306
    endloop
  endfacet
  facet normal 0.0872197 0.805916 0.58557
    outer loop
      vertex 60.7776 -53.6659 16.9712
      vertex 62.77 -54.2773 17.5159
      vertex 62.77 -53.7256 16.7566
    endloop
  endfacet
  facet normal 0.0987797 0.623797 0.77532
    outer loop
      vertex 60.7776 -54.2176 17.7306
      vertex 59.4405 -54.2716 17.9444
      vertex 61.4331 -54.3214 17.7306
    endloop
  endfacet
  facet normal 0.0988283 0.623503 0.77555
    outer loop
      vertex 59.4405 -54.2716 17.9444
      vertex 60.7776 -54.2176 17.7306
      vertex 58.785 -54.1677 17.9444
    endloop
  endfacet
  facet normal 0.0300005 0.99955 0
    outer loop
      vertex 60.7776 -53.3758 0
      vertex 62.77 -53.4356 15.8639
      vertex 62.77 -53.4356 0
    endloop
  endfacet
  facet normal 0.0300005 0.99955 0
    outer loop
      vertex 62.77 -53.4356 15.8639
      vertex 60.7776 -53.3758 0
      vertex 60.7776 -53.3758 16.0786
    endloop
  endfacet
  facet normal 0.10436 0.582153 0.806354
    outer loop
      vertex 61.4331 -54.3214 17.7306
      vertex 63.1909 -55.1033 18.0676
      vertex 63.4256 -54.3812 17.5159
    endloop
  endfacet
  facet normal 0.104338 0.582116 0.806384
    outer loop
      vertex 63.1909 -55.1033 18.0676
      vertex 61.4331 -54.3214 17.7306
      vertex 61.1985 -55.0436 18.2823
    endloop
  endfacet
  facet normal -0.279371 -0.138993 0.95007
    outer loop
      vertex 35.3512 -56.7099 20.823
      vertex 36.2163 -56.5437 21.1017
      vertex 36.2002 -56.4341 21.113
    endloop
  endfacet
  facet normal -0.279189 -0.139826 0.950001
    outer loop
      vertex 36.2163 -56.5437 21.1017
      vertex 35.3512 -56.7099 20.823
      vertex 35.3673 -56.8195 20.8116
    endloop
  endfacet
  facet normal 0.104136 -0.0868526 0.990764
    outer loop
      vertex 59.1647 -56.5649 18.7861
      vertex 37.0262 -56.5649 21.113
      vertex 37.0423 -56.6745 21.1017
    endloop
  endfacet
  facet normal -0.989382 -0.145338 -0
    outer loop
      vertex 33.6995 -56.3987 18.6079
      vertex 33.6834 -56.2891 0
      vertex 33.6995 -56.3987 0
    endloop
  endfacet
  facet normal -0.989382 -0.145338 0
    outer loop
      vertex 33.6834 -56.2891 0
      vertex 33.6995 -56.3987 18.6079
      vertex 33.6834 -56.2891 18.6192
    endloop
  endfacet
  facet normal -0.790668 -0.177107 0.586069
    outer loop
      vertex 34.1043 -57.1151 19.5119
      vertex 34.6451 -57.0542 20.2599
      vertex 34.629 -56.9446 20.2713
    endloop
  endfacet
  facet normal -0.790764 -0.176589 0.586096
    outer loop
      vertex 34.6451 -57.0542 20.2599
      vertex 34.1043 -57.1151 19.5119
      vertex 34.1204 -57.2247 19.5006
    endloop
  endfacet
  facet normal -0.563701 -0.166947 0.808931
    outer loop
      vertex 34.629 -56.9446 20.2713
      vertex 35.3673 -56.8195 20.8116
      vertex 35.3512 -56.7099 20.823
    endloop
  endfacet
  facet normal -0.563701 -0.166947 0.808931
    outer loop
      vertex 35.3673 -56.8195 20.8116
      vertex 34.629 -56.9446 20.2713
      vertex 34.6451 -57.0542 20.2599
    endloop
  endfacet
  facet normal 0.10874 0.108845 0.988093
    outer loop
      vertex 61.0534 -55.9592 18.5723
      vertex 59.1647 -56.0132 18.7861
      vertex 61.1573 -56.063 18.5723
    endloop
  endfacet
  facet normal 0.108744 0.108744 0.988104
    outer loop
      vertex 59.1647 -56.0132 18.7861
      vertex 61.0534 -55.9592 18.5723
      vertex 59.0609 -55.9094 18.7861
    endloop
  endfacet
  facet normal 0.104137 -0.0864182 0.990801
    outer loop
      vertex 59.1647 -56.5649 18.7861
      vertex 37.0423 -56.6745 21.1017
      vertex 63.1497 -56.6745 18.3577
    endloop
  endfacet
  facet normal 0.0486308 -0.095366 0.994254
    outer loop
      vertex 36.7915 -56.7354 21.113
      vertex 36.9384 -56.7783 21.1017
      vertex 36.9223 -56.6687 21.113
    endloop
  endfacet
  facet normal 0.0486308 -0.095366 0.994254
    outer loop
      vertex 36.9384 -56.7783 21.1017
      vertex 36.7915 -56.7354 21.113
      vertex 36.8076 -56.845 21.1017
    endloop
  endfacet
  facet normal -0.936748 -0.169196 0.306391
    outer loop
      vertex 33.8285 -57.2047 18.6192
      vertex 34.1204 -57.2247 19.5006
      vertex 34.1043 -57.1151 19.5119
    endloop
  endfacet
  facet normal -0.936878 -0.168366 0.306453
    outer loop
      vertex 34.1204 -57.2247 19.5006
      vertex 33.8285 -57.2047 18.6192
      vertex 33.8445 -57.3143 18.6079
    endloop
  endfacet
  facet normal 0.106575 -0.0168316 0.994162
    outer loop
      vertex 61.2469 -56.3389 18.5723
      vertex 63.2164 -56.5437 18.3577
      vertex 63.2393 -56.3987 18.3577
    endloop
  endfacet
  facet normal 0.106568 -0.0169039 0.994162
    outer loop
      vertex 63.2164 -56.5437 18.3577
      vertex 61.2469 -56.3389 18.5723
      vertex 61.2239 -56.4839 18.5723
    endloop
  endfacet
  facet normal 0.0891044 -0.0891903 0.992021
    outer loop
      vertex 36.9223 -56.6687 21.113
      vertex 37.0423 -56.6745 21.1017
      vertex 37.0262 -56.5649 21.113
    endloop
  endfacet
  facet normal 0.0891044 -0.0891903 0.992021
    outer loop
      vertex 37.0423 -56.6745 21.1017
      vertex 36.9223 -56.6687 21.113
      vertex 36.9384 -56.7783 21.1017
    endloop
  endfacet
  facet normal 0.109506 0.214742 0.970512
    outer loop
      vertex 60.9226 -55.8925 18.5723
      vertex 59.0609 -55.9094 18.7861
      vertex 61.0534 -55.9592 18.5723
    endloop
  endfacet
  facet normal 0.1095 0.214896 0.970479
    outer loop
      vertex 59.0609 -55.9094 18.7861
      vertex 60.9226 -55.8925 18.5723
      vertex 58.93 -55.8427 18.7861
    endloop
  endfacet
  facet normal 0.109267 0.289354 0.950965
    outer loop
      vertex 59.2059 -54.9938 18.4961
      vertex 60.9226 -55.8925 18.5723
      vertex 61.1985 -55.0436 18.2823
    endloop
  endfacet
  facet normal 0.109267 0.289354 0.950965
    outer loop
      vertex 60.9226 -55.8925 18.5723
      vertex 59.2059 -54.9938 18.4961
      vertex 58.93 -55.8427 18.7861
    endloop
  endfacet
  facet normal -0.119004 -0.119004 0.985736
    outer loop
      vertex 36.3707 -56.6687 21.113
      vertex 36.2829 -56.6745 21.1017
      vertex 36.3867 -56.7783 21.1017
    endloop
  endfacet
  facet normal -0.118996 -0.119111 0.985724
    outer loop
      vertex 36.2829 -56.6745 21.1017
      vertex 36.3707 -56.6687 21.113
      vertex 36.2668 -56.5649 21.113
    endloop
  endfacet
  facet normal -0.271105 -0.13804 0.9526
    outer loop
      vertex 36.2668 -56.5649 21.113
      vertex 36.2163 -56.5437 21.1017
      vertex 36.2829 -56.6745 21.1017
    endloop
  endfacet
  facet normal -0.271105 -0.13804 0.9526
    outer loop
      vertex 36.2163 -56.5437 21.1017
      vertex 36.2668 -56.5649 21.113
      vertex 36.2002 -56.4341 21.113
    endloop
  endfacet
  facet normal 0.0158992 -0.100234 0.994837
    outer loop
      vertex 36.6465 -56.7584 21.113
      vertex 36.8076 -56.845 21.1017
      vertex 36.7915 -56.7354 21.113
    endloop
  endfacet
  facet normal 0.0158992 -0.100234 0.994837
    outer loop
      vertex 36.8076 -56.845 21.1017
      vertex 36.6465 -56.7584 21.113
      vertex 36.6626 -56.868 21.1017
    endloop
  endfacet
  facet normal 0.107089 0.0169865 0.994104
    outer loop
      vertex 61.2239 -56.1939 18.5723
      vertex 59.2543 -56.2891 18.7861
      vertex 61.2469 -56.3389 18.5723
    endloop
  endfacet
  facet normal 0.10709 0.0169749 0.994104
    outer loop
      vertex 59.2543 -56.2891 18.7861
      vertex 61.2239 -56.1939 18.5723
      vertex 59.2313 -56.144 18.7861
    endloop
  endfacet
  facet normal 0.105208 -0.0535691 0.993006
    outer loop
      vertex 59.2313 -56.4341 18.7861
      vertex 61.1573 -56.6147 18.5723
      vertex 61.2239 -56.4839 18.5723
    endloop
  endfacet
  facet normal 0.105208 -0.0535691 0.993006
    outer loop
      vertex 61.1573 -56.6147 18.5723
      vertex 59.2313 -56.4341 18.7861
      vertex 59.1647 -56.5649 18.7861
    endloop
  endfacet
  facet normal 0.10432 -0.0813831 0.991208
    outer loop
      vertex 61.1573 -56.6147 18.5723
      vertex 59.1647 -56.5649 18.7861
      vertex 63.1497 -56.6745 18.3577
    endloop
  endfacet
  facet normal 0.10856 0.0553589 0.992547
    outer loop
      vertex 63.1497 -56.1228 18.3577
      vertex 61.2239 -56.1939 18.5723
      vertex 63.2164 -56.2536 18.3577
    endloop
  endfacet
  facet normal 0.108565 0.0552363 0.992554
    outer loop
      vertex 61.2239 -56.1939 18.5723
      vertex 63.1497 -56.1228 18.3577
      vertex 61.1573 -56.063 18.5723
    endloop
  endfacet
  facet normal 0.107883 0.0548891 0.992647
    outer loop
      vertex 61.1573 -56.063 18.5723
      vertex 59.2313 -56.144 18.7861
      vertex 61.2239 -56.1939 18.5723
    endloop
  endfacet
  facet normal 0.107881 0.0549301 0.992645
    outer loop
      vertex 59.2313 -56.144 18.7861
      vertex 61.1573 -56.063 18.5723
      vertex 59.1647 -56.0132 18.7861
    endloop
  endfacet
  facet normal 0.109698 0.109698 0.987893
    outer loop
      vertex 63.0459 -56.019 18.3577
      vertex 61.1573 -56.063 18.5723
      vertex 63.1497 -56.1228 18.3577
    endloop
  endfacet
  facet normal 0.109694 0.1098 0.987882
    outer loop
      vertex 61.1573 -56.063 18.5723
      vertex 63.0459 -56.019 18.3577
      vertex 61.0534 -55.9592 18.5723
    endloop
  endfacet
  facet normal 0.107578 0.0169782 0.994052
    outer loop
      vertex 63.2164 -56.2536 18.3577
      vertex 61.2469 -56.3389 18.5723
      vertex 63.2393 -56.3987 18.3577
    endloop
  endfacet
  facet normal 0.107574 0.0170635 0.994051
    outer loop
      vertex 61.2469 -56.3389 18.5723
      vertex 63.2164 -56.2536 18.3577
      vertex 61.2239 -56.1939 18.5723
    endloop
  endfacet
  facet normal 0.0839754 0.806141 0.585734
    outer loop
      vertex 58.785 -54.1677 17.9444
      vertex 58.77 -53.6156 17.1867
      vertex 58.77 -54.1673 17.946
    endloop
  endfacet
  facet normal 0.0839754 0.806141 0.585734
    outer loop
      vertex 58.77 -53.6156 17.1867
      vertex 58.785 -54.1677 17.9444
      vertex 58.785 -53.616 17.1851
    endloop
  endfacet
  facet normal 0.0266572 0.999645 0
    outer loop
      vertex 58.77 -53.3256 0
      vertex 58.785 -53.326 16.2924
      vertex 58.785 -53.326 0
    endloop
  endfacet
  facet normal 0.0266572 0.999645 0
    outer loop
      vertex 58.785 -53.326 16.2924
      vertex 58.77 -53.3256 0
      vertex 58.77 -53.3256 16.294
    endloop
  endfacet
  facet normal 0.0582191 0.949461 0.308439
    outer loop
      vertex 58.785 -53.616 17.1851
      vertex 58.77 -53.3256 16.294
      vertex 58.77 -53.6156 17.1867
    endloop
  endfacet
  facet normal 0.0582191 0.949461 0.308439
    outer loop
      vertex 58.77 -53.3256 16.294
      vertex 58.785 -53.616 17.1851
      vertex 58.785 -53.326 16.2924
    endloop
  endfacet
  facet normal -0.837309 -0.132601 0.530406
    outer loop
      vertex 33.6834 -56.2891 18.6192
      vertex 33.8284 -57.2043 18.6193
      vertex 33.6834 -56.2887 18.6193
    endloop
  endfacet
  facet normal -0.92882 -0.147195 -0.34004
    outer loop
      vertex 33.8284 -57.2043 18.6193
      vertex 33.6834 -56.2891 18.6192
      vertex 33.8285 -57.2047 18.6192
    endloop
  endfacet
  facet normal 0.102219 0.582693 0.806238
    outer loop
      vertex 59.4256 -54.2712 17.946
      vertex 59.2059 -54.9938 18.4961
      vertex 59.4405 -54.2716 17.9444
    endloop
  endfacet
  facet normal 0.105414 0.581864 0.806425
    outer loop
      vertex 59.2059 -54.9938 18.4961
      vertex 59.4256 -54.2712 17.946
      vertex 59.1909 -54.9933 18.4977
    endloop
  endfacet
  facet normal 0.115647 0.22696 0.967013
    outer loop
      vertex 58.93 -55.8427 18.7861
      vertex 59.0459 -55.909 18.7878
      vertex 59.0609 -55.9094 18.7861
    endloop
  endfacet
  facet normal 0.116413 0.228288 0.966609
    outer loop
      vertex 59.0459 -55.909 18.7878
      vertex 58.93 -55.8427 18.7861
      vertex 58.9151 -55.8423 18.7878
    endloop
  endfacet
  facet normal 0.111059 0.288763 0.950937
    outer loop
      vertex 59.1909 -54.9933 18.4977
      vertex 58.93 -55.8427 18.7861
      vertex 59.2059 -54.9938 18.4961
    endloop
  endfacet
  facet normal 0.116191 0.287145 0.950814
    outer loop
      vertex 58.93 -55.8427 18.7861
      vertex 59.1909 -54.9933 18.4977
      vertex 58.9151 -55.8423 18.7878
    endloop
  endfacet
  facet normal -0.922881 -0.23072 0.308316
    outer loop
      vertex 33.8284 -57.2043 18.6193
      vertex 34.1043 -57.1151 19.5119
      vertex 34.1042 -57.1147 19.5119
    endloop
  endfacet
  facet normal -0.901644 -0.302646 0.30894
    outer loop
      vertex 34.1043 -57.1151 19.5119
      vertex 33.8284 -57.2043 18.6193
      vertex 33.8285 -57.2047 18.6192
    endloop
  endfacet
  facet normal 0.0999328 -0.293321 0.950777
    outer loop
      vertex 59.1497 -56.5645 18.7878
      vertex 37.0262 -56.5649 21.113
      vertex 59.1647 -56.5649 18.7861
    endloop
  endfacet
  facet normal -1 0 0
    outer loop
      vertex 33.6834 -56.2891 18.6192
      vertex 33.6834 -56.2887 0
      vertex 33.6834 -56.2891 0
    endloop
  endfacet
  facet normal -1 0 0
    outer loop
      vertex 33.6834 -56.2887 0
      vertex 33.6834 -56.2891 18.6192
      vertex 33.6834 -56.2887 18.6193
    endloop
  endfacet
  facet normal 0.114891 0.114891 0.986712
    outer loop
      vertex 59.0609 -55.9094 18.7861
      vertex 59.1497 -56.0128 18.7878
      vertex 59.1647 -56.0132 18.7861
    endloop
  endfacet
  facet normal 0.114891 0.114891 0.986712
    outer loop
      vertex 59.1497 -56.0128 18.7878
      vertex 59.0609 -55.9094 18.7861
      vertex 59.0459 -55.909 18.7878
    endloop
  endfacet
  facet normal -0.300395 -0.0750988 0.950854
    outer loop
      vertex 35.3511 -56.7095 20.823
      vertex 36.2002 -56.4341 21.113
      vertex 36.2001 -56.4337 21.113
    endloop
  endfacet
  facet normal -0.300395 -0.0750988 0.950854
    outer loop
      vertex 36.2002 -56.4341 21.113
      vertex 35.3511 -56.7095 20.823
      vertex 35.3512 -56.7099 20.823
    endloop
  endfacet
  facet normal 0.0996829 0.628895 0.771074
    outer loop
      vertex 58.785 -54.1677 17.9444
      vertex 59.4256 -54.2712 17.946
      vertex 59.4405 -54.2716 17.9444
    endloop
  endfacet
  facet normal 0.0992015 0.625953 0.773526
    outer loop
      vertex 59.4256 -54.2712 17.946
      vertex 58.785 -54.1677 17.9444
      vertex 58.77 -54.1673 17.946
    endloop
  endfacet
  facet normal 0 0 1
    outer loop
      vertex 36.9223 -56.6683 21.113
      vertex 37.0262 -56.5649 21.113
      vertex 37.0261 -56.5645 21.113
    endloop
  endfacet
  facet normal 0 0 1
    outer loop
      vertex 37.0262 -56.5649 21.113
      vertex 36.9223 -56.6683 21.113
      vertex 36.9223 -56.6687 21.113
    endloop
  endfacet
  facet normal 0 0 1
    outer loop
      vertex 36.7915 -56.735 21.113
      vertex 36.9223 -56.6687 21.113
      vertex 36.9223 -56.6683 21.113
    endloop
  endfacet
  facet normal 0 0 1
    outer loop
      vertex 36.9223 -56.6687 21.113
      vertex 36.7915 -56.735 21.113
      vertex 36.7915 -56.7354 21.113
    endloop
  endfacet
  facet normal 0 0 1
    outer loop
      vertex 36.5014 -56.735 21.113
      vertex 36.3707 -56.6687 21.113
      vertex 36.5015 -56.7354 21.113
    endloop
  endfacet
  facet normal -0 -0 1
    outer loop
      vertex 36.3707 -56.6687 21.113
      vertex 36.5014 -56.735 21.113
      vertex 36.3706 -56.6683 21.113
    endloop
  endfacet
  facet normal 0.104489 0.0261223 0.994183
    outer loop
      vertex 59.1497 -56.5645 18.7878
      vertex 37.0261 -56.5645 21.113
      vertex 37.0262 -56.5649 21.113
    endloop
  endfacet
  facet normal 0.113066 0.0179223 0.993426
    outer loop
      vertex 59.2313 -56.144 18.7861
      vertex 59.2393 -56.2887 18.7878
      vertex 59.2543 -56.2891 18.7861
    endloop
  endfacet
  facet normal 0.113816 0.0179627 0.993339
    outer loop
      vertex 59.2393 -56.2887 18.7878
      vertex 59.2313 -56.144 18.7861
      vertex 59.2164 -56.1436 18.7878
    endloop
  endfacet
  facet normal 0 0 1
    outer loop
      vertex 36.6464 -56.758 21.113
      vertex 36.5015 -56.7354 21.113
      vertex 36.6465 -56.7584 21.113
    endloop
  endfacet
  facet normal -0 -0 1
    outer loop
      vertex 36.5015 -56.7354 21.113
      vertex 36.6464 -56.758 21.113
      vertex 36.5014 -56.735 21.113
    endloop
  endfacet
  facet normal -0.785525 -0.196381 0.586843
    outer loop
      vertex 34.1042 -57.1147 19.5119
      vertex 34.629 -56.9446 20.2713
      vertex 34.6289 -56.9442 20.2713
    endloop
  endfacet
  facet normal -0.785525 -0.196381 0.586843
    outer loop
      vertex 34.629 -56.9446 20.2713
      vertex 34.1042 -57.1147 19.5119
      vertex 34.1043 -57.1151 19.5119
    endloop
  endfacet
  facet normal 0 0 1
    outer loop
      vertex 36.6464 -56.758 21.113
      vertex 36.7915 -56.7354 21.113
      vertex 36.7915 -56.735 21.113
    endloop
  endfacet
  facet normal 0 0 1
    outer loop
      vertex 36.7915 -56.7354 21.113
      vertex 36.6464 -56.758 21.113
      vertex 36.6465 -56.7584 21.113
    endloop
  endfacet
  facet normal 0 0 1
    outer loop
      vertex 36.2668 -56.5645 21.113
      vertex 36.2002 -56.4341 21.113
      vertex 36.2668 -56.5649 21.113
    endloop
  endfacet
  facet normal -0 -0 1
    outer loop
      vertex 36.2002 -56.4341 21.113
      vertex 36.2668 -56.5645 21.113
      vertex 36.2001 -56.4337 21.113
    endloop
  endfacet
  facet normal 0.112126 -0.0177856 0.993535
    outer loop
      vertex 59.2393 -56.2887 18.7878
      vertex 59.2313 -56.4341 18.7861
      vertex 59.2543 -56.2891 18.7861
    endloop
  endfacet
  facet normal 0.112868 -0.0178254 0.99345
    outer loop
      vertex 59.2313 -56.4341 18.7861
      vertex 59.2393 -56.2887 18.7878
      vertex 59.2164 -56.4337 18.7878
    endloop
  endfacet
  facet normal 0.114713 0.0584088 0.99168
    outer loop
      vertex 59.1647 -56.0132 18.7861
      vertex 59.2164 -56.1436 18.7878
      vertex 59.2313 -56.144 18.7861
    endloop
  endfacet
  facet normal 0.113952 0.0581085 0.991785
    outer loop
      vertex 59.2164 -56.1436 18.7878
      vertex 59.1647 -56.0132 18.7861
      vertex 59.1497 -56.0128 18.7878
    endloop
  endfacet
  facet normal -0.571116 -0.142779 0.808357
    outer loop
      vertex 34.6289 -56.9442 20.2713
      vertex 35.3512 -56.7099 20.823
      vertex 35.3511 -56.7095 20.823
    endloop
  endfacet
  facet normal -0.571116 -0.142779 0.808357
    outer loop
      vertex 35.3512 -56.7099 20.823
      vertex 34.6289 -56.9442 20.2713
      vertex 34.629 -56.9446 20.2713
    endloop
  endfacet
  facet normal 0.111668 -0.0568586 0.992118
    outer loop
      vertex 59.2164 -56.4337 18.7878
      vertex 59.1647 -56.5649 18.7861
      vertex 59.2313 -56.4341 18.7861
    endloop
  endfacet
  facet normal 0.110942 -0.0565739 0.992215
    outer loop
      vertex 59.1647 -56.5649 18.7861
      vertex 59.2164 -56.4337 18.7878
      vertex 59.1497 -56.5645 18.7878
    endloop
  endfacet
  facet normal 0 0 1
    outer loop
      vertex 36.3706 -56.6683 21.113
      vertex 36.2668 -56.5649 21.113
      vertex 36.3707 -56.6687 21.113
    endloop
  endfacet
  facet normal -0 0 1
    outer loop
      vertex 36.2668 -56.5649 21.113
      vertex 36.3706 -56.6683 21.113
      vertex 36.2668 -56.5645 21.113
    endloop
  endfacet
  facet normal -0.989422 -0.145066 -0
    outer loop
      vertex 33.6834 -56.2887 18.6193
      vertex 33.66 -56.1291 0
      vertex 33.6834 -56.2887 0
    endloop
  endfacet
  facet normal -0.989422 -0.145066 0
    outer loop
      vertex 33.66 -56.1291 0
      vertex 33.6834 -56.2887 18.6193
      vertex 33.66 -56.1291 18.6358
    endloop
  endfacet
  facet normal 0.061671 0.949222 0.308503
    outer loop
      vertex 58.77 -53.6156 17.1867
      vertex 56.7776 -53.2658 16.5087
      vertex 56.7776 -53.5559 17.4013
    endloop
  endfacet
  facet normal 0.0617214 0.949261 0.308374
    outer loop
      vertex 56.7776 -53.2658 16.5087
      vertex 58.77 -53.6156 17.1867
      vertex 58.77 -53.3256 16.294
    endloop
  endfacet
  facet normal 0.110972 0.217619 0.969705
    outer loop
      vertex 58.9151 -55.8423 18.7878
      vertex 57.0534 -55.8492 19.0024
      vertex 59.0459 -55.909 18.7878
    endloop
  endfacet
  facet normal 0.110972 0.217619 0.969705
    outer loop
      vertex 57.0534 -55.8492 19.0024
      vertex 58.9151 -55.8423 18.7878
      vertex 56.9226 -55.7825 19.0024
    endloop
  endfacet
  facet normal 0.0300005 0.99955 0
    outer loop
      vertex 56.7776 -53.2658 0
      vertex 58.77 -53.3256 16.294
      vertex 58.77 -53.3256 0
    endloop
  endfacet
  facet normal 0.0300005 0.99955 0
    outer loop
      vertex 58.77 -53.3256 16.294
      vertex 56.7776 -53.2658 0
      vertex 56.7776 -53.2658 16.5087
    endloop
  endfacet
  facet normal 0.0249961 0.999688 0
    outer loop
      vertex 52.9062 -53.169 0
      vertex 56.7776 -53.2658 16.5087
      vertex 56.7776 -53.2658 0
    endloop
  endfacet
  facet normal 0.0249961 0.999688 0
    outer loop
      vertex 56.7776 -53.2658 16.5087
      vertex 52.9062 -53.169 0
      vertex 52.9062 -53.169 16.9241
    endloop
  endfacet
  facet normal 0.0568587 0.949533 0.30847
    outer loop
      vertex 56.7776 -53.5559 17.4013
      vertex 53.0188 -53.2063 17.018
      vertex 52.9639 -53.4605 17.8106
    endloop
  endfacet
  facet normal 0.0568427 0.949495 0.308591
    outer loop
      vertex 56.7776 -53.2658 16.5087
      vertex 53.0188 -53.2063 17.018
      vertex 56.7776 -53.5559 17.4013
    endloop
  endfacet
  facet normal 0.0568847 0.949388 0.308913
    outer loop
      vertex 53.0188 -53.2063 17.018
      vertex 56.7776 -53.2658 16.5087
      vertex 52.9062 -53.169 16.9241
    endloop
  endfacet
  facet normal -0.981527 -0.155441 0.111551
    outer loop
      vertex 33.6834 -56.2887 18.6193
      vertex 33.805 -57.0447 18.6358
      vertex 33.66 -56.1291 18.6358
    endloop
  endfacet
  facet normal -0.981527 -0.155441 0.111551
    outer loop
      vertex 33.805 -57.0447 18.6358
      vertex 33.6834 -56.2887 18.6193
      vertex 33.8284 -57.2043 18.6193
    endloop
  endfacet
  facet normal -0.0166936 -0.105242 0.994306
    outer loop
      vertex 36.623 -56.5984 21.1295
      vertex 36.5014 -56.735 21.113
      vertex 36.6464 -56.758 21.113
    endloop
  endfacet
  facet normal -0.0166936 -0.105242 0.994306
    outer loop
      vertex 36.5014 -56.735 21.113
      vertex 36.623 -56.5984 21.1295
      vertex 36.478 -56.5754 21.1295
    endloop
  endfacet
  facet normal 0.101321 0.639328 0.762229
    outer loop
      vertex 58.77 -54.1673 17.946
      vertex 57.4331 -54.2114 18.1607
      vertex 59.4256 -54.2712 17.946
    endloop
  endfacet
  facet normal 0.101279 0.639582 0.762022
    outer loop
      vertex 57.4331 -54.2114 18.1607
      vertex 58.77 -54.1673 17.946
      vertex 56.7776 -54.1076 18.1607
    endloop
  endfacet
  facet normal -0.936746 -0.16921 0.306391
    outer loop
      vertex 33.805 -57.0447 18.6358
      vertex 34.1042 -57.1147 19.5119
      vertex 34.0808 -56.9551 19.5285
    endloop
  endfacet
  facet normal -0.936771 -0.169024 0.306415
    outer loop
      vertex 34.1042 -57.1147 19.5119
      vertex 33.805 -57.0447 18.6358
      vertex 33.8284 -57.2043 18.6193
    endloop
  endfacet
  facet normal -0.0565363 -0.110869 0.992226
    outer loop
      vertex 36.478 -56.5754 21.1295
      vertex 36.3706 -56.6683 21.113
      vertex 36.5014 -56.735 21.113
    endloop
  endfacet
  facet normal -0.0565363 -0.110869 0.992226
    outer loop
      vertex 36.3706 -56.6683 21.113
      vertex 36.478 -56.5754 21.1295
      vertex 36.3472 -56.5087 21.1295
    endloop
  endfacet
  facet normal 0.107115 0.0169907 0.994101
    outer loop
      vertex 57.2239 -56.0839 19.0024
      vertex 53.2543 -56.1291 19.4309
      vertex 57.2469 -56.2289 19.0024
    endloop
  endfacet
  facet normal 0.107115 0.016979 0.994102
    outer loop
      vertex 53.2543 -56.1291 19.4309
      vertex 57.2239 -56.0839 19.0024
      vertex 53.2313 -55.984 19.4309
    endloop
  endfacet
  facet normal -0.563903 -0.166307 0.808923
    outer loop
      vertex 34.6055 -56.7846 20.2878
      vertex 35.3511 -56.7095 20.823
      vertex 35.3277 -56.5499 20.8395
    endloop
  endfacet
  facet normal -0.563903 -0.166307 0.808923
    outer loop
      vertex 35.3511 -56.7095 20.823
      vertex 34.6055 -56.7846 20.2878
      vertex 34.6289 -56.9442 20.2713
    endloop
  endfacet
  facet normal 0.0159413 -0.1005 0.994809
    outer loop
      vertex 36.623 -56.5984 21.1295
      vertex 36.7915 -56.735 21.113
      vertex 36.768 -56.5754 21.1295
    endloop
  endfacet
  facet normal 0.0159321 -0.100511 0.994808
    outer loop
      vertex 36.7915 -56.735 21.113
      vertex 36.623 -56.5984 21.1295
      vertex 36.6464 -56.758 21.113
    endloop
  endfacet
  facet normal 0.111124 0.288824 0.950911
    outer loop
      vertex 57.1985 -54.9336 18.7124
      vertex 58.9151 -55.8423 18.7878
      vertex 59.1909 -54.9933 18.4977
    endloop
  endfacet
  facet normal 0.111086 0.288754 0.950937
    outer loop
      vertex 58.9151 -55.8423 18.7878
      vertex 57.1985 -54.9336 18.7124
      vertex 56.9226 -55.7825 19.0024
    endloop
  endfacet
  facet normal 0.0830143 0.806232 0.585747
    outer loop
      vertex 56.7776 -54.1076 18.1607
      vertex 53.1756 -53.533 17.8803
      vertex 53.1029 -54.0157 18.555
    endloop
  endfacet
  facet normal 0.0830172 0.806243 0.585731
    outer loop
      vertex 56.7776 -53.5559 17.4013
      vertex 53.1756 -53.533 17.8803
      vertex 56.7776 -54.1076 18.1607
    endloop
  endfacet
  facet normal 0.0830619 0.805985 0.586079
    outer loop
      vertex 52.9639 -53.4605 17.8106
      vertex 53.1756 -53.533 17.8803
      vertex 56.7776 -53.5559 17.4013
    endloop
  endfacet
  facet normal 0.0827827 0.80565 0.586579
    outer loop
      vertex 53.1756 -53.533 17.8803
      vertex 52.9639 -53.4605 17.8106
      vertex 53.0312 -53.5028 17.8592
    endloop
  endfacet
  facet normal -0.790779 -0.176534 0.586093
    outer loop
      vertex 34.0808 -56.9551 19.5285
      vertex 34.6289 -56.9442 20.2713
      vertex 34.6055 -56.7846 20.2878
    endloop
  endfacet
  facet normal -0.790725 -0.176889 0.586059
    outer loop
      vertex 34.6289 -56.9442 20.2713
      vertex 34.0808 -56.9551 19.5285
      vertex 34.1042 -57.1147 19.5119
    endloop
  endfacet
  facet normal 0.0487338 -0.095641 0.994222
    outer loop
      vertex 36.768 -56.5754 21.1295
      vertex 36.9223 -56.6683 21.113
      vertex 36.8989 -56.5087 21.1295
    endloop
  endfacet
  facet normal 0.0487541 -0.0956077 0.994224
    outer loop
      vertex 36.9223 -56.6683 21.113
      vertex 36.768 -56.5754 21.1295
      vertex 36.7915 -56.735 21.113
    endloop
  endfacet
  facet normal -0.27931 -0.139172 0.950062
    outer loop
      vertex 35.3277 -56.5499 20.8395
      vertex 36.2001 -56.4337 21.113
      vertex 36.1767 -56.2741 21.1295
    endloop
  endfacet
  facet normal -0.27931 -0.139172 0.950062
    outer loop
      vertex 36.2001 -56.4337 21.113
      vertex 35.3277 -56.5499 20.8395
      vertex 35.3511 -56.7095 20.823
    endloop
  endfacet
  facet normal -0.119406 -0.119406 0.985639
    outer loop
      vertex 36.3472 -56.5087 21.1295
      vertex 36.2668 -56.5645 21.113
      vertex 36.3706 -56.6683 21.113
    endloop
  endfacet
  facet normal -0.119358 -0.119473 0.985637
    outer loop
      vertex 36.2668 -56.5645 21.113
      vertex 36.3472 -56.5087 21.1295
      vertex 36.2433 -56.4049 21.1295
    endloop
  endfacet
  facet normal 0.104125 -0.0873884 0.990718
    outer loop
      vertex 38.1648 -56.4049 21.0074
      vertex 37.0261 -56.5645 21.113
      vertex 59.1497 -56.5645 18.7878
    endloop
  endfacet
  facet normal 0.109529 0.214789 0.970499
    outer loop
      vertex 56.9226 -55.7825 19.0024
      vertex 53.0609 -55.7494 19.4309
      vertex 57.0534 -55.8492 19.0024
    endloop
  endfacet
  facet normal 0.109524 0.215097 0.970432
    outer loop
      vertex 53.0609 -55.7494 19.4309
      vertex 56.9226 -55.7825 19.0024
      vertex 52.9429 -55.683 19.4295
    endloop
  endfacet
  facet normal 0.0894398 -0.0894398 0.991968
    outer loop
      vertex 36.8989 -56.5087 21.1295
      vertex 37.0261 -56.5645 21.113
      vertex 37.0027 -56.4049 21.1295
    endloop
  endfacet
  facet normal 0.0894398 -0.0894398 0.991968
    outer loop
      vertex 37.0261 -56.5645 21.113
      vertex 36.8989 -56.5087 21.1295
      vertex 36.9223 -56.6683 21.113
    endloop
  endfacet
  facet normal 0.106575 -0.0168316 0.994162
    outer loop
      vertex 57.2469 -56.2289 19.0024
      vertex 59.2164 -56.4337 18.7878
      vertex 59.2393 -56.2887 18.7878
    endloop
  endfacet
  facet normal 0.106568 -0.0169039 0.994162
    outer loop
      vertex 59.2164 -56.4337 18.7878
      vertex 57.2469 -56.2289 19.0024
      vertex 57.2239 -56.3739 19.0024
    endloop
  endfacet
  facet normal 0.105336 -0.053715 0.992985
    outer loop
      vertex 57.2239 -56.3739 19.0024
      vertex 59.1497 -56.5645 18.7878
      vertex 59.2164 -56.4337 18.7878
    endloop
  endfacet
  facet normal 0.105344 -0.0536385 0.992988
    outer loop
      vertex 59.1497 -56.5645 18.7878
      vertex 57.2239 -56.3739 19.0024
      vertex 57.1573 -56.5047 19.0024
    endloop
  endfacet
  facet normal -0.271484 -0.13844 0.952434
    outer loop
      vertex 36.2433 -56.4049 21.1295
      vertex 36.2001 -56.4337 21.113
      vertex 36.2668 -56.5645 21.113
    endloop
  endfacet
  facet normal -0.271585 -0.138284 0.952428
    outer loop
      vertex 36.2001 -56.4337 21.113
      vertex 36.2433 -56.4049 21.1295
      vertex 36.1767 -56.2741 21.1295
    endloop
  endfacet
  facet normal 0.104096 -0.087164 0.99074
    outer loop
      vertex 38.1648 -56.4049 21.0074
      vertex 37.0027 -56.4049 21.1295
      vertex 37.0261 -56.5645 21.113
    endloop
  endfacet
  facet normal 0.101072 0.583004 0.806158
    outer loop
      vertex 53.4405 -54.1116 18.5891
      vertex 57.1985 -54.9336 18.7124
      vertex 57.4331 -54.2114 18.1607
    endloop
  endfacet
  facet normal 0.101084 0.583053 0.806121
    outer loop
      vertex 57.1985 -54.9336 18.7124
      vertex 53.4405 -54.1116 18.5891
      vertex 53.2059 -54.8337 19.1408
    endloop
  endfacet
  facet normal 0.10436 0.582153 0.806354
    outer loop
      vertex 57.4331 -54.2114 18.1607
      vertex 59.1909 -54.9933 18.4977
      vertex 59.4256 -54.2712 17.946
    endloop
  endfacet
  facet normal 0.104338 0.582116 0.806384
    outer loop
      vertex 59.1909 -54.9933 18.4977
      vertex 57.4331 -54.2114 18.1607
      vertex 57.1985 -54.9336 18.7124
    endloop
  endfacet
  facet normal 0.109698 0.109698 0.987893
    outer loop
      vertex 59.0459 -55.909 18.7878
      vertex 57.1573 -55.953 19.0024
      vertex 59.1497 -56.0128 18.7878
    endloop
  endfacet
  facet normal 0.109694 0.1098 0.987882
    outer loop
      vertex 57.1573 -55.953 19.0024
      vertex 59.0459 -55.909 18.7878
      vertex 57.0534 -55.8492 19.0024
    endloop
  endfacet
  facet normal 0.104125 -0.0873542 0.990721
    outer loop
      vertex 53.1647 -56.4049 19.4309
      vertex 38.1648 -56.4049 21.0074
      vertex 59.1497 -56.5645 18.7878
    endloop
  endfacet
  facet normal 0.106279 -0.016858 0.994193
    outer loop
      vertex 53.2543 -56.1291 19.4309
      vertex 57.2239 -56.3739 19.0024
      vertex 57.2469 -56.2289 19.0024
    endloop
  endfacet
  facet normal 0.106279 -0.016858 0.994193
    outer loop
      vertex 57.2239 -56.3739 19.0024
      vertex 53.2543 -56.1291 19.4309
      vertex 53.2313 -56.2741 19.4309
    endloop
  endfacet
  facet normal 0.0872446 0.805951 0.585519
    outer loop
      vertex 58.77 -54.1673 17.946
      vertex 56.7776 -53.5559 17.4013
      vertex 56.7776 -54.1076 18.1607
    endloop
  endfacet
  facet normal 0.0872197 0.805916 0.58557
    outer loop
      vertex 56.7776 -53.5559 17.4013
      vertex 58.77 -54.1673 17.946
      vertex 58.77 -53.6156 17.1867
    endloop
  endfacet
  facet normal 0.0987822 0.623812 0.775306
    outer loop
      vertex 56.7776 -54.1076 18.1607
      vertex 53.4405 -54.1116 18.5891
      vertex 57.4331 -54.2114 18.1607
    endloop
  endfacet
  facet normal 0.0988062 0.623579 0.775491
    outer loop
      vertex 53.4405 -54.1116 18.5891
      vertex 56.7776 -54.1076 18.1607
      vertex 53.1029 -54.0157 18.555
    endloop
  endfacet
  facet normal 0.107578 0.0169782 0.994052
    outer loop
      vertex 59.2164 -56.1436 18.7878
      vertex 57.2469 -56.2289 19.0024
      vertex 59.2393 -56.2887 18.7878
    endloop
  endfacet
  facet normal 0.107574 0.0170635 0.994051
    outer loop
      vertex 57.2469 -56.2289 19.0024
      vertex 59.2164 -56.1436 18.7878
      vertex 57.2239 -56.0839 19.0024
    endloop
  endfacet
  facet normal 0.105233 -0.0535821 0.993003
    outer loop
      vertex 53.2313 -56.2741 19.4309
      vertex 57.1573 -56.5047 19.0024
      vertex 57.2239 -56.3739 19.0024
    endloop
  endfacet
  facet normal 0.105233 -0.0535821 0.993003
    outer loop
      vertex 57.1573 -56.5047 19.0024
      vertex 53.2313 -56.2741 19.4309
      vertex 53.1647 -56.4049 19.4309
    endloop
  endfacet
  facet normal 0.104516 -0.0762296 0.991597
    outer loop
      vertex 57.1573 -56.5047 19.0024
      vertex 53.1647 -56.4049 19.4309
      vertex 59.1497 -56.5645 18.7878
    endloop
  endfacet
  facet normal 0.108766 0.108871 0.988088
    outer loop
      vertex 57.0534 -55.8492 19.0024
      vertex 53.1647 -55.8532 19.4309
      vertex 57.1573 -55.953 19.0024
    endloop
  endfacet
  facet normal 0.108768 0.108768 0.988099
    outer loop
      vertex 53.1647 -55.8532 19.4309
      vertex 57.0534 -55.8492 19.0024
      vertex 53.0609 -55.7494 19.4309
    endloop
  endfacet
  facet normal 0.109277 0.289351 0.950965
    outer loop
      vertex 53.2059 -54.8337 19.1408
      vertex 56.9226 -55.7825 19.0024
      vertex 57.1985 -54.9336 18.7124
    endloop
  endfacet
  facet normal 0.109263 0.289294 0.950984
    outer loop
      vertex 53.1924 -54.9785 19.1864
      vertex 56.9226 -55.7825 19.0024
      vertex 53.2059 -54.8337 19.1408
    endloop
  endfacet
  facet normal 0.109291 0.289432 0.950939
    outer loop
      vertex 56.9226 -55.7825 19.0024
      vertex 53.1924 -54.9785 19.1864
      vertex 52.9429 -55.683 19.4295
    endloop
  endfacet
  facet normal 0.10856 0.0553589 0.992547
    outer loop
      vertex 59.1497 -56.0128 18.7878
      vertex 57.2239 -56.0839 19.0024
      vertex 59.2164 -56.1436 18.7878
    endloop
  endfacet
  facet normal 0.108565 0.0552363 0.992554
    outer loop
      vertex 57.2239 -56.0839 19.0024
      vertex 59.1497 -56.0128 18.7878
      vertex 57.1573 -55.953 19.0024
    endloop
  endfacet
  facet normal 0.107908 0.0549019 0.992644
    outer loop
      vertex 57.1573 -55.953 19.0024
      vertex 53.2313 -55.984 19.4309
      vertex 57.2239 -56.0839 19.0024
    endloop
  endfacet
  facet normal 0.107907 0.0549436 0.992642
    outer loop
      vertex 53.2313 -55.984 19.4309
      vertex 57.1573 -55.953 19.0024
      vertex 53.1647 -55.8532 19.4309
    endloop
  endfacet
  facet normal 0.145209 0.284849 0.94751
    outer loop
      vertex 53.2059 -54.8337 19.1408
      vertex 53.0019 -54.9549 19.2085
      vertex 53.1924 -54.9785 19.1864
    endloop
  endfacet
  facet normal 0.145143 0.28495 0.94749
    outer loop
      vertex 53.0019 -54.9549 19.2085
      vertex 53.2059 -54.8337 19.1408
      vertex 52.6695 -54.7673 19.203
    endloop
  endfacet
  facet normal 0.152103 0.940204 0.304763
    outer loop
      vertex 53.0312 -53.5028 17.8592
      vertex 53.0274 -53.5146 17.8975
      vertex 53.1756 -53.533 17.8803
    endloop
  endfacet
  facet normal -0.790766 -0.176729 0.586051
    outer loop
      vertex 34.0702 -56.8828 19.5359
      vertex 34.6055 -56.7846 20.2878
      vertex 34.5949 -56.7123 20.2953
    endloop
  endfacet
  facet normal -0.79093 -0.175944 0.586066
    outer loop
      vertex 34.6055 -56.7846 20.2878
      vertex 34.0702 -56.8828 19.5359
      vertex 34.0808 -56.9551 19.5285
    endloop
  endfacet
  facet normal 0.108312 -0.0551496 0.992586
    outer loop
      vertex 52.6477 -56.2018 19.4986
      vertex 53.1647 -56.4049 19.4309
      vertex 53.2313 -56.2741 19.4309
    endloop
  endfacet
  facet normal 0.108285 -0.0552185 0.992585
    outer loop
      vertex 53.1647 -56.4049 19.4309
      vertex 52.6477 -56.2018 19.4986
      vertex 52.581 -56.3326 19.4986
    endloop
  endfacet
  facet normal 0.104128 -0.0870531 0.990747
    outer loop
      vertex 52.581 -56.3326 19.4986
      vertex 38.1648 -56.4049 21.0074
      vertex 53.1647 -56.4049 19.4309
    endloop
  endfacet
  facet normal -0.982793 -0.155748 0.0992969
    outer loop
      vertex 33.66 -56.1291 18.6358
      vertex 33.7944 -56.9724 18.6433
      vertex 33.6493 -56.0568 18.6433
    endloop
  endfacet
  facet normal -0.981563 -0.155446 0.111227
    outer loop
      vertex 33.7944 -56.9724 18.6433
      vertex 33.66 -56.1291 18.6358
      vertex 33.805 -57.0447 18.6358
    endloop
  endfacet
  facet normal 0.104091 -0.0876707 0.990696
    outer loop
      vertex 38.0934 -56.3326 21.0213
      vertex 37.0027 -56.4049 21.1295
      vertex 38.1648 -56.4049 21.0074
    endloop
  endfacet
  facet normal -0.0567251 -0.111239 0.992173
    outer loop
      vertex 36.4674 -56.5031 21.137
      vertex 36.3472 -56.5087 21.1295
      vertex 36.478 -56.5754 21.1295
    endloop
  endfacet
  facet normal -0.0567171 -0.11139 0.992157
    outer loop
      vertex 36.3472 -56.5087 21.1295
      vertex 36.4674 -56.5031 21.137
      vertex 36.3366 -56.4365 21.137
    endloop
  endfacet
  facet normal -0.989225 -0.1464 -0
    outer loop
      vertex 33.66 -56.1291 18.6358
      vertex 33.6493 -56.0568 0
      vertex 33.66 -56.1291 0
    endloop
  endfacet
  facet normal -0.989225 -0.1464 0
    outer loop
      vertex 33.6493 -56.0568 0
      vertex 33.66 -56.1291 18.6358
      vertex 33.6493 -56.0568 18.6433
    endloop
  endfacet
  facet normal -0.563763 -0.166798 0.808919
    outer loop
      vertex 34.5949 -56.7123 20.2953
      vertex 35.3277 -56.5499 20.8395
      vertex 35.3171 -56.4777 20.847
    endloop
  endfacet
  facet normal -0.563818 -0.166576 0.808926
    outer loop
      vertex 35.3277 -56.5499 20.8395
      vertex 34.5949 -56.7123 20.2953
      vertex 34.6055 -56.7846 20.2878
    endloop
  endfacet
  facet normal 0.130121 0.130121 0.982923
    outer loop
      vertex 53.0609 -55.7494 19.4309
      vertex 52.581 -55.7809 19.4986
      vertex 53.1647 -55.8532 19.4309
    endloop
  endfacet
  facet normal 0.130121 0.130121 0.982923
    outer loop
      vertex 52.581 -55.7809 19.4986
      vertex 53.0609 -55.7494 19.4309
      vertex 52.4772 -55.6771 19.4986
    endloop
  endfacet
  facet normal 0.0488915 -0.0960946 0.994171
    outer loop
      vertex 36.7574 -56.5031 21.137
      vertex 36.8989 -56.5087 21.1295
      vertex 36.8883 -56.4365 21.137
    endloop
  endfacet
  facet normal 0.0488974 -0.0959621 0.994183
    outer loop
      vertex 36.8989 -56.5087 21.1295
      vertex 36.7574 -56.5031 21.137
      vertex 36.768 -56.5754 21.1295
    endloop
  endfacet
  facet normal -0.0167496 -0.105596 0.994268
    outer loop
      vertex 36.6124 -56.5261 21.137
      vertex 36.478 -56.5754 21.1295
      vertex 36.623 -56.5984 21.1295
    endloop
  endfacet
  facet normal -0.0167496 -0.105596 0.994268
    outer loop
      vertex 36.478 -56.5754 21.1295
      vertex 36.6124 -56.5261 21.137
      vertex 36.4674 -56.5031 21.137
    endloop
  endfacet
  facet normal -0.119854 -0.11997 0.985516
    outer loop
      vertex 36.3366 -56.4365 21.137
      vertex 36.2433 -56.4049 21.1295
      vertex 36.3472 -56.5087 21.1295
    endloop
  endfacet
  facet normal -0.119799 -0.119799 0.985544
    outer loop
      vertex 36.2433 -56.4049 21.1295
      vertex 36.3366 -56.4365 21.137
      vertex 36.2327 -56.3326 21.137
    endloop
  endfacet
  facet normal 0.0159964 -0.100847 0.994773
    outer loop
      vertex 36.6124 -56.5261 21.137
      vertex 36.768 -56.5754 21.1295
      vertex 36.7574 -56.5031 21.137
    endloop
  endfacet
  facet normal 0.0159964 -0.100847 0.994773
    outer loop
      vertex 36.768 -56.5754 21.1295
      vertex 36.6124 -56.5261 21.137
      vertex 36.623 -56.5984 21.1295
    endloop
  endfacet
  facet normal -0.279188 -0.139485 0.950051
    outer loop
      vertex 35.3171 -56.4777 20.847
      vertex 36.1767 -56.2741 21.1295
      vertex 36.1661 -56.2018 21.137
    endloop
  endfacet
  facet normal -0.27914 -0.13967 0.950038
    outer loop
      vertex 36.1767 -56.2741 21.1295
      vertex 35.3171 -56.4777 20.847
      vertex 35.3277 -56.5499 20.8395
    endloop
  endfacet
  facet normal 0.104126 -0.0876361 0.990696
    outer loop
      vertex 52.581 -56.3326 19.4986
      vertex 38.0934 -56.3326 21.0213
      vertex 38.1648 -56.4049 21.0074
    endloop
  endfacet
  facet normal -0.272418 -0.138708 0.952129
    outer loop
      vertex 36.2327 -56.3326 21.137
      vertex 36.1767 -56.2741 21.1295
      vertex 36.2433 -56.4049 21.1295
    endloop
  endfacet
  facet normal -0.272418 -0.138708 0.952129
    outer loop
      vertex 36.1767 -56.2741 21.1295
      vertex 36.2327 -56.3326 21.137
      vertex 36.1661 -56.2018 21.137
    endloop
  endfacet
  facet normal -0.936832 -0.168711 0.306402
    outer loop
      vertex 33.7944 -56.9724 18.6433
      vertex 34.0808 -56.9551 19.5285
      vertex 34.0702 -56.8828 19.5359
    endloop
  endfacet
  facet normal -0.936762 -0.169123 0.306388
    outer loop
      vertex 34.0808 -56.9551 19.5285
      vertex 33.7944 -56.9724 18.6433
      vertex 33.805 -57.0447 18.6358
    endloop
  endfacet
  facet normal 0.122625 0.0624375 0.990487
    outer loop
      vertex 53.1647 -55.8532 19.4309
      vertex 52.6477 -55.9118 19.4986
      vertex 53.2313 -55.984 19.4309
    endloop
  endfacet
  facet normal 0.12262 0.0624808 0.990485
    outer loop
      vertex 52.6477 -55.9118 19.4986
      vertex 53.1647 -55.8532 19.4309
      vertex 52.581 -55.7809 19.4986
    endloop
  endfacet
  facet normal 0.144489 0.276658 0.950044
    outer loop
      vertex 53.0019 -54.9549 19.2085
      vertex 52.9429 -55.683 19.4295
      vertex 53.1924 -54.9785 19.1864
    endloop
  endfacet
  facet normal 0.144472 0.27666 0.950046
    outer loop
      vertex 52.9429 -55.683 19.4295
      vertex 53.0019 -54.9549 19.2085
      vertex 52.4772 -55.6771 19.4986
    endloop
  endfacet
  facet normal 0.144469 0.276767 0.950015
    outer loop
      vertex 53.0609 -55.7494 19.4309
      vertex 52.9429 -55.683 19.4295
      vertex 52.4772 -55.6771 19.4986
    endloop
  endfacet
  facet normal 0.163905 0.564722 0.808841
    outer loop
      vertex 53.4405 -54.1116 18.5891
      vertex 52.8913 -54.1563 18.7316
      vertex 53.2059 -54.8337 19.1408
    endloop
  endfacet
  facet normal 0.163809 0.565108 0.808591
    outer loop
      vertex 52.8913 -54.1563 18.7316
      vertex 53.4405 -54.1116 18.5891
      vertex 52.8569 -54.0393 18.6568
    endloop
  endfacet
  facet normal 0.1637 0.564672 0.808917
    outer loop
      vertex 53.2059 -54.8337 19.1408
      vertex 52.8913 -54.1563 18.7316
      vertex 52.6695 -54.7673 19.203
    endloop
  endfacet
  facet normal 0.16622 0.793376 0.585598
    outer loop
      vertex 53.1029 -54.0157 18.555
      vertex 52.8569 -54.0393 18.6568
      vertex 53.4405 -54.1116 18.5891
    endloop
  endfacet
  facet normal 0.166212 0.793391 0.585581
    outer loop
      vertex 53.1029 -54.0157 18.555
      vertex 53.0274 -53.5146 17.8975
      vertex 52.8569 -54.0393 18.6568
    endloop
  endfacet
  facet normal 0.166459 0.793371 0.585537
    outer loop
      vertex 53.0274 -53.5146 17.8975
      vertex 53.1029 -54.0157 18.555
      vertex 53.1756 -53.533 17.8803
    endloop
  endfacet
  facet normal 0.0898138 -0.0897274 0.991909
    outer loop
      vertex 36.8883 -56.4365 21.137
      vertex 37.0027 -56.4049 21.1295
      vertex 36.9921 -56.3326 21.137
    endloop
  endfacet
  facet normal 0.0898456 -0.0898456 0.991895
    outer loop
      vertex 37.0027 -56.4049 21.1295
      vertex 36.8883 -56.4365 21.137
      vertex 36.8989 -56.5087 21.1295
    endloop
  endfacet
  facet normal 0.104082 -0.0875113 0.990711
    outer loop
      vertex 38.0934 -56.3326 21.0213
      vertex 36.9921 -56.3326 21.137
      vertex 37.0027 -56.4049 21.1295
    endloop
  endfacet
  facet normal 0.113021 -0.0179275 0.993431
    outer loop
      vertex 52.6707 -56.0568 19.4986
      vertex 53.2313 -56.2741 19.4309
      vertex 53.2543 -56.1291 19.4309
    endloop
  endfacet
  facet normal 0.113021 -0.0179275 0.993431
    outer loop
      vertex 53.2313 -56.2741 19.4309
      vertex 52.6707 -56.0568 19.4986
      vertex 52.6477 -56.2018 19.4986
    endloop
  endfacet
  facet normal 0.117488 0.0186231 0.9929
    outer loop
      vertex 53.2313 -55.984 19.4309
      vertex 52.6707 -56.0568 19.4986
      vertex 53.2543 -56.1291 19.4309
    endloop
  endfacet
  facet normal 0.117486 0.0186357 0.9929
    outer loop
      vertex 52.6707 -56.0568 19.4986
      vertex 53.2313 -55.984 19.4309
      vertex 52.6477 -55.9118 19.4986
    endloop
  endfacet
  facet normal 0.214046 0.5468 0.809441
    outer loop
      vertex 52.8899 -54.1559 18.7317
      vertex 52.6695 -54.7673 19.203
      vertex 52.8913 -54.1563 18.7316
    endloop
  endfacet
  facet normal 0.280344 0.520604 0.806461
    outer loop
      vertex 52.6695 -54.7673 19.203
      vertex 52.8899 -54.1559 18.7317
      vertex 52.4436 -54.7702 19.2834
    endloop
  endfacet
  facet normal 0.28038 0.520438 0.806555
    outer loop
      vertex 53.0019 -54.9549 19.2085
      vertex 52.6695 -54.7673 19.203
      vertex 52.4436 -54.7702 19.2834
    endloop
  endfacet
  facet normal 0.126426 -0.0199665 0.991775
    outer loop
      vertex 52.0894 -56.0171 19.5735
      vertex 52.6707 -56.0568 19.4986
      vertex 52.1123 -55.8721 19.5735
    endloop
  endfacet
  facet normal 0.12642 -0.0200528 0.991774
    outer loop
      vertex 52.6707 -56.0568 19.4986
      vertex 52.0894 -56.0171 19.5735
      vertex 52.6477 -56.2018 19.4986
    endloop
  endfacet
  facet normal 0.337137 0.889791 0.307589
    outer loop
      vertex 52.9639 -53.4605 17.8106
      vertex 53.0274 -53.5146 17.8975
      vertex 53.0312 -53.5028 17.8592
    endloop
  endfacet
  facet normal 0.335484 0.88996 0.308902
    outer loop
      vertex 53.0274 -53.5146 17.8975
      vertex 52.9639 -53.4605 17.8106
      vertex 52.8256 -53.4479 17.9245
    endloop
  endfacet
  facet normal 0.335373 0.890053 0.308757
    outer loop
      vertex 52.9639 -53.4605 17.8106
      vertex 52.9364 -53.2207 17.1492
      vertex 52.8256 -53.4479 17.9245
    endloop
  endfacet
  facet normal 0.335959 0.889863 0.308667
    outer loop
      vertex 53.0188 -53.2063 17.018
      vertex 52.8731 -53.1848 17.1146
      vertex 52.9364 -53.2207 17.1492
    endloop
  endfacet
  facet normal 0.336119 0.889707 0.308942
    outer loop
      vertex 52.8731 -53.1848 17.1146
      vertex 53.0188 -53.2063 17.018
      vertex 52.8192 -53.1402 17.0448
    endloop
  endfacet
  facet normal 0.335956 0.889865 0.308665
    outer loop
      vertex 53.0188 -53.2063 17.018
      vertex 52.9364 -53.2207 17.1492
      vertex 52.9639 -53.4605 17.8106
    endloop
  endfacet
  facet normal -0.981512 -0.155545 0.111532
    outer loop
      vertex 33.6493 -56.0568 18.6433
      vertex 33.7673 -56.7877 18.6624
      vertex 33.6222 -55.8721 18.6624
    endloop
  endfacet
  facet normal -0.981512 -0.155545 0.111532
    outer loop
      vertex 33.7673 -56.7877 18.6624
      vertex 33.6493 -56.0568 18.6433
      vertex 33.7944 -56.9724 18.6433
    endloop
  endfacet
  facet normal -0.790791 -0.176632 0.586047
    outer loop
      vertex 34.0431 -56.6981 19.555
      vertex 34.5949 -56.7123 20.2953
      vertex 34.5678 -56.5276 20.3144
    endloop
  endfacet
  facet normal -0.790791 -0.176632 0.586047
    outer loop
      vertex 34.5949 -56.7123 20.2953
      vertex 34.0431 -56.6981 19.555
      vertex 34.0702 -56.8828 19.5359
    endloop
  endfacet
  facet normal 0.314384 0.949296 9.68486e-05
    outer loop
      vertex 52.9062 -53.169 16.9241
      vertex 52.8192 -53.1402 17.0448
      vertex 53.0188 -53.2063 17.018
    endloop
  endfacet
  facet normal 0.314263 0.949336 0
    outer loop
      vertex 52.8192 -53.1402 0
      vertex 52.9062 -53.169 16.9241
      vertex 52.9062 -53.169 0
    endloop
  endfacet
  facet normal 0.314263 0.949336 0
    outer loop
      vertex 52.9062 -53.169 16.9241
      vertex 52.8192 -53.1402 0
      vertex 52.8192 -53.1402 17.0448
    endloop
  endfacet
  facet normal -0.989407 -0.14517 -0
    outer loop
      vertex 33.6493 -56.0568 18.6433
      vertex 33.6222 -55.8721 0
      vertex 33.6493 -56.0568 0
    endloop
  endfacet
  facet normal -0.989407 -0.14517 0
    outer loop
      vertex 33.6222 -55.8721 0
      vertex 33.6493 -56.0568 18.6433
      vertex 33.6222 -55.8721 18.6624
    endloop
  endfacet
  facet normal -0.0564632 -0.110892 0.992227
    outer loop
      vertex 36.4403 -56.3184 21.1561
      vertex 36.3366 -56.4365 21.137
      vertex 36.4674 -56.5031 21.137
    endloop
  endfacet
  facet normal -0.056492 -0.110867 0.992228
    outer loop
      vertex 36.3366 -56.4365 21.137
      vertex 36.4403 -56.3184 21.1561
      vertex 36.3094 -56.2517 21.1561
    endloop
  endfacet
  facet normal 0.113851 -0.0580568 0.9918
    outer loop
      vertex 52.0894 -56.0171 19.5735
      vertex 52.581 -56.3326 19.4986
      vertex 52.6477 -56.2018 19.4986
    endloop
  endfacet
  facet normal 0.113851 -0.0580568 0.9918
    outer loop
      vertex 52.581 -56.3326 19.4986
      vertex 52.0894 -56.0171 19.5735
      vertex 52.0227 -56.1479 19.5735
    endloop
  endfacet
  facet normal 0.104085 -0.0871816 0.99074
    outer loop
      vertex 38.0934 -56.3326 21.0213
      vertex 36.965 -56.1479 21.1561
      vertex 36.9921 -56.3326 21.137
    endloop
  endfacet
  facet normal -0.271724 -0.138355 0.952378
    outer loop
      vertex 36.2056 -56.1479 21.1561
      vertex 36.1661 -56.2018 21.137
      vertex 36.2327 -56.3326 21.137
    endloop
  endfacet
  facet normal -0.271724 -0.138355 0.952378
    outer loop
      vertex 36.1661 -56.2018 21.137
      vertex 36.2056 -56.1479 21.1561
      vertex 36.139 -56.0171 21.1561
    endloop
  endfacet
  facet normal 0.0487421 -0.0955842 0.994227
    outer loop
      vertex 36.7303 -56.3184 21.1561
      vertex 36.8883 -56.4365 21.137
      vertex 36.8611 -56.2517 21.1561
    endloop
  endfacet
  facet normal 0.0486762 -0.0956714 0.994222
    outer loop
      vertex 36.8883 -56.4365 21.137
      vertex 36.7303 -56.3184 21.1561
      vertex 36.7574 -56.5031 21.137
    endloop
  endfacet
  facet normal 0.140128 0.0222273 0.989884
    outer loop
      vertex 52.6477 -55.9118 19.4986
      vertex 52.1123 -55.8721 19.5735
      vertex 52.6707 -56.0568 19.4986
    endloop
  endfacet
  facet normal 0.14012 0.0221141 0.989887
    outer loop
      vertex 52.1123 -55.8721 19.5735
      vertex 52.6477 -55.9118 19.4986
      vertex 52.0894 -55.727 19.5735
    endloop
  endfacet
  facet normal 0.204755 0.233443 0.950568
    outer loop
      vertex 53.0019 -54.9549 19.2085
      vertex 52.4436 -54.7702 19.2834
      vertex 52.6306 -55.0067 19.3012
    endloop
  endfacet
  facet normal 0.204829 0.233051 0.950648
    outer loop
      vertex 52.6306 -55.0067 19.3012
      vertex 52.4772 -55.6771 19.4986
      vertex 53.0019 -54.9549 19.2085
    endloop
  endfacet
  facet normal 0.204534 0.233131 0.950692
    outer loop
      vertex 52.4772 -55.6771 19.4986
      vertex 52.6306 -55.0067 19.3012
      vertex 52.0332 -55.5302 19.5581
    endloop
  endfacet
  facet normal -0.936751 -0.169131 0.306419
    outer loop
      vertex 33.7673 -56.7877 18.6624
      vertex 34.0702 -56.8828 19.5359
      vertex 34.0431 -56.6981 19.555
    endloop
  endfacet
  facet normal -0.936751 -0.169131 0.306419
    outer loop
      vertex 34.0702 -56.8828 19.5359
      vertex 33.7673 -56.7877 18.6624
      vertex 33.7944 -56.9724 18.6433
    endloop
  endfacet
  facet normal 0.10413 -0.087013 0.99075
    outer loop
      vertex 52.0227 -56.1479 19.5735
      vertex 36.965 -56.1479 21.1561
      vertex 52.581 -56.3326 19.4986
    endloop
  endfacet
  facet normal 0.0893803 -0.0894664 0.991971
    outer loop
      vertex 36.8611 -56.2517 21.1561
      vertex 36.9921 -56.3326 21.137
      vertex 36.965 -56.1479 21.1561
    endloop
  endfacet
  facet normal 0.0894464 -0.0893603 0.991975
    outer loop
      vertex 36.9921 -56.3326 21.137
      vertex 36.8611 -56.2517 21.1561
      vertex 36.8883 -56.4365 21.137
    endloop
  endfacet
  facet normal 0.219531 0.570507 0.791409
    outer loop
      vertex 52.8569 -54.0393 18.6568
      vertex 52.8899 -54.1559 18.7317
      vertex 52.8913 -54.1563 18.7316
    endloop
  endfacet
  facet normal 0.292683 0.574062 0.764715
    outer loop
      vertex 52.8899 -54.1559 18.7317
      vertex 52.8569 -54.0393 18.6568
      vertex 52.752 -54.0046 18.6709
    endloop
  endfacet
  facet normal -0.563905 -0.1663 0.808923
    outer loop
      vertex 34.5678 -56.5276 20.3144
      vertex 35.3171 -56.4777 20.847
      vertex 35.29 -56.2929 20.8661
    endloop
  endfacet
  facet normal -0.563892 -0.166387 0.808913
    outer loop
      vertex 35.3171 -56.4777 20.847
      vertex 34.5678 -56.5276 20.3144
      vertex 34.5949 -56.7123 20.2953
    endloop
  endfacet
  facet normal -0.0166983 -0.105272 0.994303
    outer loop
      vertex 36.5853 -56.3414 21.1561
      vertex 36.4674 -56.5031 21.137
      vertex 36.6124 -56.5261 21.137
    endloop
  endfacet
  facet normal -0.0166983 -0.105272 0.994303
    outer loop
      vertex 36.4674 -56.5031 21.137
      vertex 36.5853 -56.3414 21.1561
      vertex 36.4403 -56.3184 21.1561
    endloop
  endfacet
  facet normal 0.192999 0.193735 0.961883
    outer loop
      vertex 52.0227 -55.5962 19.5735
      vertex 52.4772 -55.6771 19.4986
      vertex 52.0332 -55.5302 19.5581
    endloop
  endfacet
  facet normal 0.192879 0.192879 0.962079
    outer loop
      vertex 52.4772 -55.6771 19.4986
      vertex 52.0227 -55.5962 19.5735
      vertex 52.581 -55.7809 19.4986
    endloop
  endfacet
  facet normal 0.324397 0.742565 0.585973
    outer loop
      vertex 52.8569 -54.0393 18.6568
      vertex 52.9995 -53.5878 18.0057
      vertex 52.752 -54.0046 18.6709
    endloop
  endfacet
  facet normal 0.323904 0.742751 0.58601
    outer loop
      vertex 52.9995 -53.5878 18.0057
      vertex 53.0274 -53.5146 17.8975
      vertex 52.8256 -53.4479 17.9245
    endloop
  endfacet
  facet normal 0.323556 0.742896 0.586018
    outer loop
      vertex 53.0274 -53.5146 17.8975
      vertex 52.9995 -53.5878 18.0057
      vertex 52.8569 -54.0393 18.6568
    endloop
  endfacet
  facet normal 0.0159468 -0.100534 0.994806
    outer loop
      vertex 36.5853 -56.3414 21.1561
      vertex 36.7574 -56.5031 21.137
      vertex 36.7303 -56.3184 21.1561
    endloop
  endfacet
  facet normal 0.0159468 -0.100534 0.994806
    outer loop
      vertex 36.7574 -56.5031 21.137
      vertex 36.5853 -56.3414 21.1561
      vertex 36.6124 -56.5261 21.137
    endloop
  endfacet
  facet normal -0.279292 -0.139225 0.950059
    outer loop
      vertex 35.29 -56.2929 20.8661
      vertex 36.1661 -56.2018 21.137
      vertex 36.139 -56.0171 21.1561
    endloop
  endfacet
  facet normal -0.279302 -0.139152 0.950067
    outer loop
      vertex 36.1661 -56.2018 21.137
      vertex 35.29 -56.2929 20.8661
      vertex 35.3171 -56.4777 20.847
    endloop
  endfacet
  facet normal 0.158792 0.0809123 0.983991
    outer loop
      vertex 52.581 -55.7809 19.4986
      vertex 52.0894 -55.727 19.5735
      vertex 52.6477 -55.9118 19.4986
    endloop
  endfacet
  facet normal 0.158798 0.0809773 0.983985
    outer loop
      vertex 52.0894 -55.727 19.5735
      vertex 52.581 -55.7809 19.4986
      vertex 52.0227 -55.5962 19.5735
    endloop
  endfacet
  facet normal 0.104132 -0.0869047 0.990759
    outer loop
      vertex 52.581 -56.3326 19.4986
      vertex 36.965 -56.1479 21.1561
      vertex 38.0934 -56.3326 21.0213
    endloop
  endfacet
  facet normal -0.119451 -0.119451 0.985628
    outer loop
      vertex 36.3094 -56.2517 21.1561
      vertex 36.2327 -56.3326 21.137
      vertex 36.3366 -56.4365 21.137
    endloop
  endfacet
  facet normal -0.119451 -0.119451 0.985628
    outer loop
      vertex 36.2327 -56.3326 21.137
      vertex 36.3094 -56.2517 21.1561
      vertex 36.2056 -56.1479 21.1561
    endloop
  endfacet
  facet normal 0.211804 0.108007 0.971326
    outer loop
      vertex 52.0227 -55.5962 19.5735
      vertex 51.5778 -55.4369 19.6528
      vertex 52.0894 -55.727 19.5735
    endloop
  endfacet
  facet normal 0.2118 0.107993 0.971328
    outer loop
      vertex 51.5778 -55.4369 19.6528
      vertex 52.0227 -55.5962 19.5735
      vertex 51.5292 -55.3164 19.65
    endloop
  endfacet
  facet normal -0.936729 -0.169243 0.306424
    outer loop
      vertex 33.7247 -56.4976 18.6924
      vertex 34.0431 -56.6981 19.555
      vertex 34.0005 -56.408 19.585
    endloop
  endfacet
  facet normal -0.936729 -0.169243 0.306424
    outer loop
      vertex 34.0431 -56.6981 19.555
      vertex 33.7247 -56.4976 18.6924
      vertex 33.7673 -56.7877 18.6624
    endloop
  endfacet
  facet normal 0.104128 -0.0871883 0.990735
    outer loop
      vertex 51.5111 -55.8578 19.6528
      vertex 36.9224 -55.8578 21.1861
      vertex 52.0227 -56.1479 19.5735
    endloop
  endfacet
  facet normal -0.0166989 -0.105276 0.994303
    outer loop
      vertex 36.5427 -56.0513 21.1861
      vertex 36.4403 -56.3184 21.1561
      vertex 36.5853 -56.3414 21.1561
    endloop
  endfacet
  facet normal -0.0166989 -0.105276 0.994303
    outer loop
      vertex 36.4403 -56.3184 21.1561
      vertex 36.5427 -56.0513 21.1861
      vertex 36.3977 -56.0283 21.1861
    endloop
  endfacet
  facet normal -0.790767 -0.176726 0.586051
    outer loop
      vertex 34.0005 -56.408 19.585
      vertex 34.5678 -56.5276 20.3144
      vertex 34.5252 -56.2375 20.3444
    endloop
  endfacet
  facet normal -0.790767 -0.176726 0.586051
    outer loop
      vertex 34.5678 -56.5276 20.3144
      vertex 34.0005 -56.408 19.585
      vertex 34.0431 -56.6981 19.555
    endloop
  endfacet
  facet normal 0.119156 -0.0607624 0.991015
    outer loop
      vertex 51.5111 -55.8578 19.6528
      vertex 52.0894 -56.0171 19.5735
      vertex 51.5778 -55.727 19.6528
    endloop
  endfacet
  facet normal 0.119156 -0.0607624 0.991015
    outer loop
      vertex 52.0894 -56.0171 19.5735
      vertex 51.5111 -55.8578 19.6528
      vertex 52.0227 -56.1479 19.5735
    endloop
  endfacet
  facet normal 0.493325 0.869845 0
    outer loop
      vertex 52.9364 -53.2207 17.1492
      vertex 52.8731 -53.1848 17.1146
      vertex 52.8731 -53.1848 17.159
    endloop
  endfacet
  facet normal 0.319365 0.319663 0.892088
    outer loop
      vertex 52.4436 -54.7702 19.2834
      vertex 52.2333 -54.7814 19.3627
      vertex 52.6306 -55.0067 19.3012
    endloop
  endfacet
  facet normal 0.319401 0.319443 0.892154
    outer loop
      vertex 52.2333 -54.7814 19.3627
      vertex 52.4436 -54.7702 19.2834
      vertex 52.1371 -54.5964 19.3309
    endloop
  endfacet
  facet normal 0.380404 0.449892 0.808016
    outer loop
      vertex 52.8899 -54.1559 18.7317
      vertex 52.516 -54.0251 18.8349
      vertex 52.6068 -54.136 18.8539
    endloop
  endfacet
  facet normal 0.380321 0.449413 0.808321
    outer loop
      vertex 52.516 -54.0251 18.8349
      vertex 52.8899 -54.1559 18.7317
      vertex 52.4458 -53.904 18.8006
    endloop
  endfacet
  facet normal 0.380466 0.449453 0.808231
    outer loop
      vertex 52.6068 -54.136 18.8539
      vertex 52.4436 -54.7702 19.2834
      vertex 52.8899 -54.1559 18.7317
    endloop
  endfacet
  facet normal 0.380192 0.449568 0.808296
    outer loop
      vertex 52.4436 -54.7702 19.2834
      vertex 52.6068 -54.136 18.8539
      vertex 52.1371 -54.5964 19.3309
    endloop
  endfacet
  facet normal -0.981638 -0.155565 0.110391
    outer loop
      vertex 33.6222 -55.8721 18.6624
      vertex 33.7247 -56.4976 18.6924
      vertex 33.5796 -55.582 18.6924
    endloop
  endfacet
  facet normal -0.981638 -0.155565 0.110391
    outer loop
      vertex 33.7247 -56.4976 18.6924
      vertex 33.6222 -55.8721 18.6624
      vertex 33.7673 -56.7877 18.6624
    endloop
  endfacet
  facet normal 0.505047 0.806381 0.307696
    outer loop
      vertex 52.8256 -53.4479 17.9245
      vertex 52.7026 -53.4194 18.0517
      vertex 52.9995 -53.5878 18.0057
    endloop
  endfacet
  facet normal 0.505568 0.805814 0.308327
    outer loop
      vertex 52.8256 -53.4479 17.9245
      vertex 52.8731 -53.1848 17.159
      vertex 52.7026 -53.4194 18.0517
    endloop
  endfacet
  facet normal 0.504957 0.806165 0.30841
    outer loop
      vertex 52.8731 -53.1848 17.159
      vertex 52.8256 -53.4479 17.9245
      vertex 52.9364 -53.2207 17.1492
    endloop
  endfacet
  facet normal 0.466207 0.661138 0.587833
    outer loop
      vertex 52.752 -54.0046 18.6709
      vertex 52.4458 -53.904 18.8006
      vertex 52.8899 -54.1559 18.7317
    endloop
  endfacet
  facet normal 0.466191 0.661279 0.587687
    outer loop
      vertex 52.752 -54.0046 18.6709
      vertex 52.7638 -53.5483 18.1481
      vertex 52.4458 -53.904 18.8006
    endloop
  endfacet
  facet normal 0.464249 0.66117 0.589345
    outer loop
      vertex 52.7638 -53.5483 18.1481
      vertex 52.7026 -53.4194 18.0517
      vertex 52.6919 -53.4446 18.0884
    endloop
  endfacet
  facet normal 0.466056 0.661056 0.588045
    outer loop
      vertex 52.7638 -53.5483 18.1481
      vertex 52.9995 -53.5878 18.0057
      vertex 52.7026 -53.4194 18.0517
    endloop
  endfacet
  facet normal 0.465944 0.66138 0.587769
    outer loop
      vertex 52.9995 -53.5878 18.0057
      vertex 52.7638 -53.5483 18.1481
      vertex 52.752 -54.0046 18.6709
    endloop
  endfacet
  facet normal 0.250284 0.181776 0.950955
    outer loop
      vertex 52.1297 -54.9155 19.4156
      vertex 52.6306 -55.0067 19.3012
      vertex 52.2333 -54.7814 19.3627
    endloop
  endfacet
  facet normal 0.250209 0.181201 0.951084
    outer loop
      vertex 52.1297 -54.9155 19.4156
      vertex 52.0332 -55.5302 19.5581
      vertex 52.6306 -55.0067 19.3012
    endloop
  endfacet
  facet normal 0.25028 0.181186 0.951069
    outer loop
      vertex 51.5292 -55.3164 19.65
      vertex 52.0332 -55.5302 19.5581
      vertex 52.1297 -54.9155 19.4156
    endloop
  endfacet
  facet normal 0.25058 0.181996 0.950835
    outer loop
      vertex 52.0332 -55.5302 19.5581
      vertex 51.5292 -55.3164 19.65
      vertex 52.0227 -55.5962 19.5735
    endloop
  endfacet
  facet normal -0.989389 -0.145288 -0
    outer loop
      vertex 33.6222 -55.8721 18.6624
      vertex 33.5796 -55.582 0
      vertex 33.6222 -55.8721 0
    endloop
  endfacet
  facet normal -0.989389 -0.145288 0
    outer loop
      vertex 33.5796 -55.582 0
      vertex 33.6222 -55.8721 18.6624
      vertex 33.5796 -55.582 18.6924
    endloop
  endfacet
  facet normal -0.27928 -0.139259 0.950058
    outer loop
      vertex 35.2474 -56.0028 20.8961
      vertex 36.139 -56.0171 21.1561
      vertex 36.0964 -55.727 21.1861
    endloop
  endfacet
  facet normal -0.27928 -0.139259 0.950058
    outer loop
      vertex 36.139 -56.0171 21.1561
      vertex 35.2474 -56.0028 20.8961
      vertex 35.29 -56.2929 20.8661
    endloop
  endfacet
  facet normal 0.167801 0.0264827 0.985465
    outer loop
      vertex 52.0894 -55.727 19.5735
      vertex 51.6008 -55.582 19.6528
      vertex 52.1123 -55.8721 19.5735
    endloop
  endfacet
  facet normal 0.167835 0.0266038 0.985456
    outer loop
      vertex 51.6008 -55.582 19.6528
      vertex 52.0894 -55.727 19.5735
      vertex 51.5778 -55.4369 19.6528
    endloop
  endfacet
  facet normal -0.0565126 -0.110907 0.992223
    outer loop
      vertex 36.3977 -56.0283 21.1861
      vertex 36.3094 -56.2517 21.1561
      vertex 36.4403 -56.3184 21.1561
    endloop
  endfacet
  facet normal -0.0565485 -0.110893 0.992222
    outer loop
      vertex 36.3094 -56.2517 21.1561
      vertex 36.3977 -56.0283 21.1861
      vertex 36.2669 -55.9616 21.1861
    endloop
  endfacet
  facet normal 0.140786 -0.0223315 0.989788
    outer loop
      vertex 51.5778 -55.727 19.6528
      vertex 52.1123 -55.8721 19.5735
      vertex 51.6008 -55.582 19.6528
    endloop
  endfacet
  facet normal 0.140811 -0.0222384 0.989787
    outer loop
      vertex 52.1123 -55.8721 19.5735
      vertex 51.5778 -55.727 19.6528
      vertex 52.0894 -56.0171 19.5735
    endloop
  endfacet
  facet normal 0.089447 -0.089447 0.991967
    outer loop
      vertex 36.8186 -55.9616 21.1861
      vertex 36.965 -56.1479 21.1561
      vertex 36.9224 -55.8578 21.1861
    endloop
  endfacet
  facet normal 0.0893988 -0.089485 0.991968
    outer loop
      vertex 36.965 -56.1479 21.1561
      vertex 36.8186 -55.9616 21.1861
      vertex 36.8611 -56.2517 21.1561
    endloop
  endfacet
  facet normal 0.104129 -0.0871638 0.990737
    outer loop
      vertex 52.0227 -56.1479 19.5735
      vertex 36.9224 -55.8578 21.1861
      vertex 36.965 -56.1479 21.1561
    endloop
  endfacet
  facet normal -0.271811 -0.138399 0.952347
    outer loop
      vertex 36.163 -55.8578 21.1861
      vertex 36.139 -56.0171 21.1561
      vertex 36.2056 -56.1479 21.1561
    endloop
  endfacet
  facet normal -0.271811 -0.138399 0.952347
    outer loop
      vertex 36.139 -56.0171 21.1561
      vertex 36.163 -55.8578 21.1861
      vertex 36.0964 -55.727 21.1861
    endloop
  endfacet
  facet normal -0.563857 -0.166453 0.808925
    outer loop
      vertex 34.5252 -56.2375 20.3444
      vertex 35.29 -56.2929 20.8661
      vertex 35.2474 -56.0028 20.8961
    endloop
  endfacet
  facet normal -0.563857 -0.166453 0.808925
    outer loop
      vertex 35.29 -56.2929 20.8661
      vertex 34.5252 -56.2375 20.3444
      vertex 34.5678 -56.5276 20.3144
    endloop
  endfacet
  facet normal 0.04875 -0.0956728 0.994218
    outer loop
      vertex 36.6877 -56.0283 21.1861
      vertex 36.8611 -56.2517 21.1561
      vertex 36.8186 -55.9616 21.1861
    endloop
  endfacet
  facet normal 0.0487767 -0.0956521 0.994219
    outer loop
      vertex 36.8611 -56.2517 21.1561
      vertex 36.6877 -56.0283 21.1861
      vertex 36.7303 -56.3184 21.1561
    endloop
  endfacet
  facet normal -0.119423 -0.119423 0.985635
    outer loop
      vertex 36.2669 -55.9616 21.1861
      vertex 36.2056 -56.1479 21.1561
      vertex 36.3094 -56.2517 21.1561
    endloop
  endfacet
  facet normal -0.119337 -0.119452 0.985642
    outer loop
      vertex 36.2056 -56.1479 21.1561
      vertex 36.2669 -55.9616 21.1861
      vertex 36.163 -55.8578 21.1861
    endloop
  endfacet
  facet normal 0.0159467 -0.100534 0.994806
    outer loop
      vertex 36.5427 -56.0513 21.1861
      vertex 36.7303 -56.3184 21.1561
      vertex 36.6877 -56.0283 21.1861
    endloop
  endfacet
  facet normal 0.0159467 -0.100534 0.994806
    outer loop
      vertex 36.7303 -56.3184 21.1561
      vertex 36.5427 -56.0513 21.1861
      vertex 36.5853 -56.3414 21.1561
    endloop
  endfacet
  facet normal -0.940422 -0.149034 0.305608
    outer loop
      vertex 33.6595 -54.15 19.7331
      vertex 33.3694 -54.15 18.8404
      vertex 33.5145 -55.0656 18.8404
    endloop
  endfacet
  facet normal 0.101091 0.582999 0.806159
    outer loop
      vertex 49.4778 -52.1325 19.1797
      vertex 50.0382 -52.8746 19.6461
      vertex 50.2728 -52.1524 19.0944
    endloop
  endfacet
  facet normal 0.101078 0.582994 0.806165
    outer loop
      vertex 50.0382 -52.8746 19.6461
      vertex 49.4778 -52.1325 19.1797
      vertex 49.2431 -52.8547 19.7314
    endloop
  endfacet
  facet normal 0.694427 0.719563 0
    outer loop
      vertex 51.359 -51.7727 0
      vertex 52.5184 -52.8916 17.2221
      vertex 52.5184 -52.8916 0
    endloop
  endfacet
  facet normal 0.694427 0.719563 0
    outer loop
      vertex 52.5184 -52.8916 17.2221
      vertex 51.359 -51.7727 0
      vertex 51.359 -51.7727 17.4424
    endloop
  endfacet
  facet normal -0.989393 -0.145264 -0
    outer loop
      vertex 33.5366 -55.2888 18.7227
      vertex 33.3694 -54.15 0
      vertex 33.5366 -55.2888 0
    endloop
  endfacet
  facet normal -0.989393 -0.145264 0
    outer loop
      vertex 33.3694 -54.15 0
      vertex 33.5366 -55.2888 18.7227
      vertex 33.3694 -54.15 18.8404
    endloop
  endfacet
  facet normal 0.453974 0.891015 -0
    outer loop
      vertex 51.359 -51.7727 0
      vertex 50.5329 -51.3518 17.4424
      vertex 51.359 -51.7727 17.4424
    endloop
  endfacet
  facet normal 0.453974 0.891015 0
    outer loop
      vertex 50.5329 -51.3518 17.4424
      vertex 51.359 -51.7727 0
      vertex 50.5329 -51.3518 0
    endloop
  endfacet
  facet normal 0.432253 0.848382 0.305622
    outer loop
      vertex 50.5329 -51.3518 17.4424
      vertex 50.4433 -51.6277 18.335
      vertex 51.359 -51.7727 17.4424
    endloop
  endfacet
  facet normal -0.585281 0.0926806 0.805517
    outer loop
      vertex 34.315 -53.4945 20.4924
      vertex 34.2112 -54.15 20.4924
      vertex 34.9705 -54.15 21.0441
    endloop
  endfacet
  facet normal -0.891058 0.453889 0
    outer loop
      vertex 33.5145 -53.2344 0
      vertex 33.9353 -52.4083 18.8404
      vertex 33.9353 -52.4083 0
    endloop
  endfacet
  facet normal -0.891058 0.453889 0
    outer loop
      vertex 33.9353 -52.4083 18.8404
      vertex 33.5145 -53.2344 0
      vertex 33.5145 -53.2344 18.8404
    endloop
  endfacet
  facet normal 0.0250205 0.999687 0
    outer loop
      vertex 48.8222 -51.1869 0
      vertex 49.6173 -51.2068 17.4424
      vertex 49.6173 -51.2068 0
    endloop
  endfacet
  facet normal 0.0250205 0.999687 0
    outer loop
      vertex 49.6173 -51.2068 17.4424
      vertex 48.8222 -51.1869 0
      vertex 48.8222 -51.1869 17.5277
    endloop
  endfacet
  facet normal 0.148921 0.940431 0.305633
    outer loop
      vertex 50.5329 -51.3518 17.4424
      vertex 49.6173 -51.4969 18.335
      vertex 50.4433 -51.6277 18.335
    endloop
  endfacet
  facet normal -0.802441 -0.127069 0.583045
    outer loop
      vertex 34.315 -54.8055 20.4924
      vertex 33.6595 -54.15 19.7331
      vertex 33.7903 -54.976 19.7331
    endloop
  endfacet
  facet normal 0.574512 0.574512 0.582985
    outer loop
      vertex 51.1885 -52.0074 18.335
      vertex 51.3335 -52.923 19.0944
      vertex 51.7798 -52.5987 18.335
    endloop
  endfacet
  facet normal 0.574512 0.574512 0.582985
    outer loop
      vertex 51.3335 -52.923 19.0944
      vertex 51.1885 -52.0074 18.335
      vertex 50.8642 -52.4537 19.0944
    endloop
  endfacet
  facet normal 0.148932 0.940426 0.305644
    outer loop
      vertex 49.6173 -51.2068 17.4424
      vertex 49.6173 -51.4969 18.335
      vertex 50.5329 -51.3518 17.4424
    endloop
  endfacet
  facet normal 0.419012 0.419012 0.805517
    outer loop
      vertex 50.8642 -52.4537 19.0944
      vertex 50.7192 -53.3693 19.6461
      vertex 51.3335 -52.923 19.0944
    endloop
  endfacet
  facet normal 0.419012 0.419012 0.805517
    outer loop
      vertex 50.7192 -53.3693 19.6461
      vertex 50.8642 -52.4537 19.0944
      vertex 50.4179 -53.068 19.6461
    endloop
  endfacet
  facet normal -0.848456 0.432188 0.305509
    outer loop
      vertex 33.9353 -52.4083 18.8404
      vertex 33.5145 -53.2344 18.8404
      vertex 33.7903 -53.324 19.7331
    endloop
  endfacet
  facet normal -0.940422 0.149034 0.305608
    outer loop
      vertex 33.5145 -53.2344 18.8404
      vertex 33.3694 -54.15 18.8404
      vertex 33.6595 -54.15 19.7331
    endloop
  endfacet
  facet normal 0 1 0
    outer loop
      vertex 36.3325 -51.1869 0
      vertex 48.8222 -51.1869 17.5277
      vertex 48.8222 -51.1869 0
    endloop
  endfacet
  facet normal 0 1 0
    outer loop
      vertex 48.8222 -51.1869 17.5277
      vertex 36.3325 -51.1869 0
      vertex 36.3325 -51.1869 18.8404
    endloop
  endfacet
  facet normal -0.279365 -0.139266 0.950032
    outer loop
      vertex 35.0372 -54.5709 21.0441
      vertex 36.0533 -55.4338 21.2164
      vertex 35.8862 -54.295 21.3342
    endloop
  endfacet
  facet normal -0.279325 -0.139215 0.950051
    outer loop
      vertex 36.0533 -55.4338 21.2164
      vertex 35.0372 -54.5709 21.0441
      vertex 35.2044 -55.7096 20.9264
    endloop
  endfacet
  facet normal 0.126117 -0.0642153 0.989935
    outer loop
      vertex 49.997 -54.4457 19.9361
      vertex 51.2231 -55.4338 19.7158
      vertex 50.0636 -54.3149 19.9361
    endloop
  endfacet
  facet normal 0.126117 -0.0642153 0.989935
    outer loop
      vertex 51.2231 -55.4338 19.7158
      vertex 49.997 -54.4457 19.9361
      vertex 51.1565 -55.5646 19.7158
    endloop
  endfacet
  facet normal -0.453932 0.891036 0
    outer loop
      vertex 35.4169 -51.332 0
      vertex 34.5909 -51.7528 18.8404
      vertex 35.4169 -51.332 18.8404
    endloop
  endfacet
  facet normal -0.453932 0.891036 0
    outer loop
      vertex 34.5909 -51.7528 18.8404
      vertex 35.4169 -51.332 0
      vertex 34.5909 -51.7528 0
    endloop
  endfacet
  facet normal -0.723899 0.368847 0.583028
    outer loop
      vertex 34.17 -52.5788 19.7331
      vertex 33.7903 -53.324 19.7331
      vertex 34.6163 -52.9031 20.4924
    endloop
  endfacet
  facet normal -0.268988 0.527978 0.805534
    outer loop
      vertex 35.677 -52.1325 20.4924
      vertex 35.0856 -52.4338 20.4924
      vertex 35.532 -53.0481 21.0441
    endloop
  endfacet
  facet normal -0.987674 0.156522 0
    outer loop
      vertex 33.3694 -54.15 0
      vertex 33.5145 -53.2344 18.8404
      vertex 33.5145 -53.2344 0
    endloop
  endfacet
  facet normal -0.987674 0.156522 0
    outer loop
      vertex 33.5145 -53.2344 18.8404
      vertex 33.3694 -54.15 0
      vertex 33.3694 -54.15 18.8404
    endloop
  endfacet
  facet normal -0.148927 0.940471 0.305507
    outer loop
      vertex 36.3325 -51.477 19.7331
      vertex 35.4169 -51.332 18.8404
      vertex 35.5065 -51.6078 19.7331
    endloop
  endfacet
  facet normal -0.707053 0.707161 0
    outer loop
      vertex 33.9353 -52.4083 0
      vertex 34.5909 -51.7528 18.8404
      vertex 34.5909 -51.7528 0
    endloop
  endfacet
  facet normal -0.707053 0.707161 0
    outer loop
      vertex 34.5909 -51.7528 18.8404
      vertex 33.9353 -52.4083 0
      vertex 33.9353 -52.4083 18.8404
    endloop
  endfacet
  facet normal 0.268999 0.527998 0.805517
    outer loop
      vertex 50.8642 -52.4537 19.0944
      vertex 50.2728 -52.1524 19.0944
      vertex 50.4179 -53.068 19.6461
    endloop
  endfacet
  facet normal 0.0324658 0.950541 0.308897
    outer loop
      vertex 48.8222 -51.477 18.4204
      vertex 36.3325 -51.1869 18.8404
      vertex 36.3325 -51.477 19.7331
    endloop
  endfacet
  facet normal 0.0324658 0.950541 0.308897
    outer loop
      vertex 36.3325 -51.1869 18.8404
      vertex 48.8222 -51.477 18.4204
      vertex 48.8222 -51.1869 17.5277
    endloop
  endfacet
  facet normal 0.673271 0.673271 0.305635
    outer loop
      vertex 51.359 -51.7727 17.4424
      vertex 51.7798 -52.5987 18.335
      vertex 52.0145 -52.4282 17.4424
    endloop
  endfacet
  facet normal 0.673271 0.673271 0.305635
    outer loop
      vertex 51.7798 -52.5987 18.335
      vertex 51.359 -51.7727 17.4424
      vertex 51.1885 -52.0074 18.335
    endloop
  endfacet
  facet normal 0.344723 0.175675 0.92212
    outer loop
      vertex 51.8786 -54.4882 19.4258
      vertex 50.9126 -53.749 19.6461
      vertex 52.0721 -54.8679 19.4258
    endloop
  endfacet
  facet normal 0.344631 0.175538 0.92218
    outer loop
      vertex 50.9126 -53.749 19.6461
      vertex 51.8786 -54.4882 19.4258
      vertex 50.7192 -53.3693 19.6461
    endloop
  endfacet
  facet normal 0.368822 0.723933 0.583002
    outer loop
      vertex 50.4433 -51.6277 18.335
      vertex 50.2728 -52.1524 19.0944
      vertex 50.8642 -52.4537 19.0944
    endloop
  endfacet
  facet normal -0.149034 0.940422 0.305608
    outer loop
      vertex 36.3325 -51.1869 18.8404
      vertex 35.4169 -51.332 18.8404
      vertex 36.3325 -51.477 19.7331
    endloop
  endfacet
  facet normal 0.0847222 0.585697 0.80609
    outer loop
      vertex 36.3325 -52.0287 20.4924
      vertex 48.8222 -52.788 19.7314
      vertex 48.8222 -52.0287 19.1797
    endloop
  endfacet
  facet normal 0.0847222 0.585697 0.80609
    outer loop
      vertex 48.8222 -52.788 19.7314
      vertex 36.3325 -52.0287 20.4924
      vertex 36.3325 -52.788 21.0441
    endloop
  endfacet
  facet normal -0.22088 0.221093 0.94991
    outer loop
      vertex 35.532 -53.0481 21.0441
      vertex 35.9528 -53.8741 21.3342
      vertex 36.0567 -53.7703 21.3342
    endloop
  endfacet
  facet normal -0.22097 0.221044 0.949901
    outer loop
      vertex 35.9528 -53.8741 21.3342
      vertex 35.532 -53.0481 21.0441
      vertex 35.2306 -53.3494 21.0441
    endloop
  endfacet
  facet normal -0.802441 -0.127068 0.583046
    outer loop
      vertex 34.2112 -54.15 20.4924
      vertex 33.6595 -54.15 19.7331
      vertex 34.315 -54.8055 20.4924
    endloop
  endfacet
  facet normal -0.673241 0.673344 0.305538
    outer loop
      vertex 33.9353 -52.4083 18.8404
      vertex 34.7613 -51.9875 19.7331
      vertex 34.5909 -51.7528 18.8404
    endloop
  endfacet
  facet normal -0.673278 0.673278 0.305603
    outer loop
      vertex 34.7613 -51.9875 19.7331
      vertex 33.9353 -52.4083 18.8404
      vertex 34.17 -52.5788 19.7331
    endloop
  endfacet
  facet normal -0.940471 -0.148927 0.305507
    outer loop
      vertex 33.6595 -54.15 19.7331
      vertex 33.5145 -55.0656 18.8404
      vertex 33.7903 -54.976 19.7331
    endloop
  endfacet
  facet normal -0.848378 0.432272 0.305608
    outer loop
      vertex 33.9353 -52.4083 18.8404
      vertex 33.7903 -53.324 19.7331
      vertex 34.17 -52.5788 19.7331
    endloop
  endfacet
  facet normal 0.690443 0.655156 0.30669
    outer loop
      vertex 52.5693 -53.3092 18.0754
      vertex 52.0145 -52.4282 17.4424
      vertex 51.7798 -52.5987 18.335
    endloop
  endfacet
  facet normal 0.690525 0.655124 0.306573
    outer loop
      vertex 52.0145 -52.4282 17.4424
      vertex 52.5693 -53.3092 18.0754
      vertex 52.7363 -53.1248 17.3052
    endloop
  endfacet
  facet normal 0.690426 0.655002 0.307058
    outer loop
      vertex 52.7638 -53.5483 18.1481
      vertex 52.5693 -53.3092 18.0754
      vertex 51.7798 -52.5987 18.335
    endloop
  endfacet
  facet normal 0.691037 0.655049 0.305579
    outer loop
      vertex 52.5693 -53.3092 18.0754
      vertex 52.7638 -53.5483 18.1481
      vertex 52.6919 -53.4446 18.0884
    endloop
  endfacet
  facet normal 0.432267 0.848369 0.305639
    outer loop
      vertex 51.359 -51.7727 17.4424
      vertex 50.4433 -51.6277 18.335
      vertex 51.1885 -52.0074 18.335
    endloop
  endfacet
  facet normal 0.056906 0.949502 0.308559
    outer loop
      vertex 49.6173 -51.4969 18.335
      vertex 48.8222 -51.1869 17.5277
      vertex 48.8222 -51.477 18.4204
    endloop
  endfacet
  facet normal 0.0568705 0.949493 0.308591
    outer loop
      vertex 48.8222 -51.1869 17.5277
      vertex 49.6173 -51.4969 18.335
      vertex 49.6173 -51.2068 17.4424
    endloop
  endfacet
  facet normal 0.156417 0.987691 -0
    outer loop
      vertex 50.5329 -51.3518 0
      vertex 49.6173 -51.2068 17.4424
      vertex 50.5329 -51.3518 17.4424
    endloop
  endfacet
  facet normal 0.156417 0.987691 0
    outer loop
      vertex 49.6173 -51.2068 17.4424
      vertex 50.5329 -51.3518 0
      vertex 49.6173 -51.2068 0
    endloop
  endfacet
  facet normal 0.127074 0.802477 0.582995
    outer loop
      vertex 49.6173 -51.4969 18.335
      vertex 49.6173 -52.0486 19.0944
      vertex 50.2728 -52.1524 19.0944
    endloop
  endfacet
  facet normal -0.0926806 0.585281 0.805517
    outer loop
      vertex 36.3325 -52.0287 20.4924
      vertex 35.677 -52.1325 20.4924
      vertex 36.3325 -52.788 21.0441
    endloop
  endfacet
  facet normal 0.368863 0.723932 0.582977
    outer loop
      vertex 51.1885 -52.0074 18.335
      vertex 50.4433 -51.6277 18.335
      vertex 50.8642 -52.4537 19.0944
    endloop
  endfacet
  facet normal -0.43223 0.848436 0.305507
    outer loop
      vertex 35.4169 -51.332 18.8404
      vertex 34.5909 -51.7528 18.8404
      vertex 35.5065 -51.6078 19.7331
    endloop
  endfacet
  facet normal -0.432278 0.84839 0.305564
    outer loop
      vertex 35.5065 -51.6078 19.7331
      vertex 34.5909 -51.7528 18.8404
      vertex 34.7613 -51.9875 19.7331
    endloop
  endfacet
  facet normal -0.141878 0.278473 0.949907
    outer loop
      vertex 35.9116 -52.8547 21.0441
      vertex 35.532 -53.0481 21.0441
      vertex 36.1875 -53.7037 21.3342
    endloop
  endfacet
  facet normal 0.104135 -0.0871522 0.990737
    outer loop
      vertex 49.997 -54.4457 19.9361
      vertex 36.7122 -54.4258 21.3342
      vertex 51.1565 -55.5646 19.7158
    endloop
  endfacet
  facet normal 0.162528 -0.0257803 0.986367
    outer loop
      vertex 50.0636 -54.3149 19.9361
      vertex 51.2461 -55.2888 19.7158
      vertex 50.0866 -54.1699 19.9361
    endloop
  endfacet
  facet normal 0.162528 -0.0257803 0.986367
    outer loop
      vertex 51.2461 -55.2888 19.7158
      vertex 50.0636 -54.3149 19.9361
      vertex 51.2231 -55.4338 19.7158
    endloop
  endfacet
  facet normal -0.723901 0.368805 0.583053
    outer loop
      vertex 34.6163 -52.9031 20.4924
      vertex 33.7903 -53.324 19.7331
      vertex 34.315 -53.4945 20.4924
    endloop
  endfacet
  facet normal -0.940471 0.148927 0.305507
    outer loop
      vertex 33.7903 -53.324 19.7331
      vertex 33.5145 -53.2344 18.8404
      vertex 33.6595 -54.15 19.7331
    endloop
  endfacet
  facet normal -0.936742 -0.169228 0.306392
    outer loop
      vertex 33.5145 -55.0656 18.8404
      vertex 33.9575 -56.1148 19.6153
      vertex 33.7903 -54.976 19.7331
    endloop
  endfacet
  facet normal -0.93672 -0.169128 0.306515
    outer loop
      vertex 33.9575 -56.1148 19.6153
      vertex 33.5145 -55.0656 18.8404
      vertex 33.6816 -56.2044 18.7227
    endloop
  endfacet
  facet normal -0.981606 -0.15556 0.110685
    outer loop
      vertex 33.5366 -55.2888 18.7227
      vertex 33.5145 -55.0656 18.8404
      vertex 33.3694 -54.15 18.8404
    endloop
  endfacet
  facet normal -0.981644 -0.155459 0.110486
    outer loop
      vertex 33.5145 -55.0656 18.8404
      vertex 33.5366 -55.2888 18.7227
      vertex 33.6816 -56.2044 18.7227
    endloop
  endfacet
  facet normal -0.574486 0.574486 0.583036
    outer loop
      vertex 34.7613 -51.9875 19.7331
      vertex 34.6163 -52.9031 20.4924
      vertex 35.0856 -52.4338 20.4924
    endloop
  endfacet
  facet normal -0.574486 0.574486 0.583036
    outer loop
      vertex 34.6163 -52.9031 20.4924
      vertex 34.7613 -51.9875 19.7331
      vertex 34.17 -52.5788 19.7331
    endloop
  endfacet
  facet normal -0.563885 -0.16641 0.808914
    outer loop
      vertex 34.315 -54.8055 20.4924
      vertex 35.2044 -55.7096 20.9264
      vertex 35.0372 -54.5709 21.0441
    endloop
  endfacet
  facet normal -0.563875 -0.166395 0.808924
    outer loop
      vertex 35.2044 -55.7096 20.9264
      vertex 34.315 -54.8055 20.4924
      vertex 34.4822 -55.9443 20.3747
    endloop
  endfacet
  facet normal -0.156522 0.987674 0
    outer loop
      vertex 36.3325 -51.1869 0
      vertex 35.4169 -51.332 18.8404
      vertex 36.3325 -51.1869 18.8404
    endloop
  endfacet
  facet normal -0.156522 0.987674 0
    outer loop
      vertex 35.4169 -51.332 18.8404
      vertex 36.3325 -51.1869 0
      vertex 35.4169 -51.332 0
    endloop
  endfacet
  facet normal 0.268937 0.528 0.805536
    outer loop
      vertex 50.2728 -52.1524 19.0944
      vertex 50.0382 -52.8746 19.6461
      vertex 50.4179 -53.068 19.6461
    endloop
  endfacet
  facet normal 0.701207 0.701207 0.12891
    outer loop
      vertex 52.0145 -52.4282 17.4424
      vertex 52.5184 -52.8916 17.2221
      vertex 51.359 -51.7727 17.4424
    endloop
  endfacet
  facet normal 0.701219 0.701179 0.128995
    outer loop
      vertex 52.5184 -52.8916 17.2221
      vertex 52.0145 -52.4282 17.4424
      vertex 52.7363 -53.1248 17.3052
    endloop
  endfacet
  facet normal 0.106361 -0.0168711 0.994184
    outer loop
      vertex 49.2915 -54.15 20.0215
      vertex 50.0636 -54.3149 19.9361
      vertex 50.0866 -54.1699 19.9361
    endloop
  endfacet
  facet normal 0.106376 -0.0168001 0.994184
    outer loop
      vertex 50.0636 -54.3149 19.9361
      vertex 49.2915 -54.15 20.0215
      vertex 49.2686 -54.295 20.0215
    endloop
  endfacet
  facet normal 0.104378 0.0531858 0.993115
    outer loop
      vertex 49.2019 -53.8741 20.0215
      vertex 36.7788 -54.005 21.3342
      vertex 49.2686 -54.005 20.0215
    endloop
  endfacet
  facet normal 0.104379 0.0531067 0.993119
    outer loop
      vertex 36.7788 -54.005 21.3342
      vertex 49.2019 -53.8741 20.0215
      vertex 36.7122 -53.8741 21.3342
    endloop
  endfacet
  facet normal -0.0489644 0.308689 0.949902
    outer loop
      vertex 36.3325 -52.788 21.0441
      vertex 36.1875 -53.7037 21.3342
      vertex 36.3325 -53.6807 21.3342
    endloop
  endfacet
  facet normal 0.48047 0.33862 0.809003
    outer loop
      vertex 51.3335 -52.923 19.0944
      vertex 51.8786 -54.4882 19.4258
      vertex 52.493 -54.0419 18.8741
    endloop
  endfacet
  facet normal 0.480514 0.338629 0.808972
    outer loop
      vertex 51.8786 -54.4882 19.4258
      vertex 51.3335 -52.923 19.0944
      vertex 50.7192 -53.3693 19.6461
    endloop
  endfacet
  facet normal 0.0830218 0.806206 0.585781
    outer loop
      vertex 49.6173 -52.0486 19.0944
      vertex 48.8222 -51.477 18.4204
      vertex 48.8222 -52.0287 19.1797
    endloop
  endfacet
  facet normal 0.0830905 0.806238 0.585727
    outer loop
      vertex 48.8222 -51.477 18.4204
      vertex 49.6173 -52.0486 19.0944
      vertex 49.6173 -51.4969 18.335
    endloop
  endfacet
  facet normal 0.127075 0.802477 0.582994
    outer loop
      vertex 50.4433 -51.6277 18.335
      vertex 49.6173 -51.4969 18.335
      vertex 50.2728 -52.1524 19.0944
    endloop
  endfacet
  facet normal 0.0616629 0.807459 0.586692
    outer loop
      vertex 48.8222 -52.0287 19.1797
      vertex 36.3325 -51.477 19.7331
      vertex 36.3325 -52.0287 20.4924
    endloop
  endfacet
  facet normal 0.0616629 0.807459 0.586692
    outer loop
      vertex 36.3325 -51.477 19.7331
      vertex 48.8222 -52.0287 19.1797
      vertex 48.8222 -51.477 18.4204
    endloop
  endfacet
  facet normal 0.278398 0.141802 0.949941
    outer loop
      vertex 50.7192 -53.3693 19.6461
      vertex 50.0636 -54.0249 19.9361
      vertex 50.9126 -53.749 19.6461
    endloop
  endfacet
  facet normal 0.218736 0.0346721 0.975168
    outer loop
      vertex 51.2231 -55.1437 19.7158
      vertex 50.0866 -54.1699 19.9361
      vertex 51.2461 -55.2888 19.7158
    endloop
  endfacet
  facet normal 0.218758 0.0346996 0.975162
    outer loop
      vertex 50.0866 -54.1699 19.9361
      vertex 51.2231 -55.1437 19.7158
      vertex 50.0636 -54.0249 19.9361
    endloop
  endfacet
  facet normal 0.0926666 0.585281 0.805518
    outer loop
      vertex 48.8222 -52.0287 19.1797
      vertex 48.8222 -52.788 19.7314
      vertex 49.4778 -52.1325 19.1797
    endloop
  endfacet
  facet normal 0.288514 0.111754 0.950931
    outer loop
      vertex 50.9126 -53.749 19.6461
      vertex 51.2231 -55.1437 19.7158
      vertex 52.0721 -54.8679 19.4258
    endloop
  endfacet
  facet normal 0.288503 0.111752 0.950935
    outer loop
      vertex 51.2231 -55.1437 19.7158
      vertex 50.9126 -53.749 19.6461
      vertex 50.0636 -54.0249 19.9361
    endloop
  endfacet
  facet normal -0.127068 0.802441 0.583046
    outer loop
      vertex 36.3325 -51.477 19.7331
      vertex 35.677 -52.1325 20.4924
      vertex 36.3325 -52.0287 20.4924
    endloop
  endfacet
  facet normal -0.527998 0.268999 0.805517
    outer loop
      vertex 34.6163 -52.9031 20.4924
      vertex 34.315 -53.4945 20.4924
      vertex 35.2306 -53.3494 21.0441
    endloop
  endfacet
  facet normal -0.308683 0.0489169 0.949906
    outer loop
      vertex 35.0372 -53.7291 21.0441
      vertex 34.9705 -54.15 21.0441
      vertex 35.8862 -54.005 21.3342
    endloop
  endfacet
  facet normal -0.127069 0.802441 0.583045
    outer loop
      vertex 36.3325 -51.477 19.7331
      vertex 35.5065 -51.6078 19.7331
      vertex 35.677 -52.1325 20.4924
    endloop
  endfacet
  facet normal -0.278484 0.141846 0.949909
    outer loop
      vertex 35.2306 -53.3494 21.0441
      vertex 35.0372 -53.7291 21.0441
      vertex 35.8862 -54.005 21.3342
    endloop
  endfacet
  facet normal 0.617301 0.5242 0.586647
    outer loop
      vertex 51.3335 -52.923 19.0944
      vertex 52.7638 -53.5483 18.1481
      vertex 51.7798 -52.5987 18.335
    endloop
  endfacet
  facet normal 0.617298 0.524232 0.586621
    outer loop
      vertex 51.3335 -52.923 19.0944
      vertex 52.4458 -53.904 18.8006
      vertex 52.7638 -53.5483 18.1481
    endloop
  endfacet
  facet normal 0.617209 0.524056 0.586871
    outer loop
      vertex 52.493 -54.0419 18.8741
      vertex 52.4458 -53.904 18.8006
      vertex 51.3335 -52.923 19.0944
    endloop
  endfacet
  facet normal 0.617305 0.524042 0.586784
    outer loop
      vertex 52.4458 -53.904 18.8006
      vertex 52.493 -54.0419 18.8741
      vertex 52.516 -54.0251 18.8349
    endloop
  endfacet
  facet normal -0.308683 -0.0489169 0.949906
    outer loop
      vertex 35.8862 -54.295 21.3342
      vertex 34.9705 -54.15 21.0441
      vertex 35.0372 -54.5709 21.0441
    endloop
  endfacet
  facet normal -0.790742 -0.176674 0.5861
    outer loop
      vertex 33.7903 -54.976 19.7331
      vertex 34.4822 -55.9443 20.3747
      vertex 34.315 -54.8055 20.4924
    endloop
  endfacet
  facet normal -0.790767 -0.176724 0.586051
    outer loop
      vertex 34.4822 -55.9443 20.3747
      vertex 33.7903 -54.976 19.7331
      vertex 33.9575 -56.1148 19.6153
    endloop
  endfacet
  facet normal 0.0489169 0.308683 0.949906
    outer loop
      vertex 36.7534 -52.8547 21.0441
      vertex 36.3325 -52.788 21.0441
      vertex 36.4775 -53.7037 21.3342
    endloop
  endfacet
  facet normal 0.0927414 0.58523 0.805546
    outer loop
      vertex 49.4778 -52.1325 19.1797
      vertex 48.8222 -52.788 19.7314
      vertex 49.2431 -52.8547 19.7314
    endloop
  endfacet
  facet normal 0.0987963 0.623901 0.775233
    outer loop
      vertex 49.6173 -52.0486 19.0944
      vertex 49.4778 -52.1325 19.1797
      vertex 50.2728 -52.1524 19.0944
    endloop
  endfacet
  facet normal 0.0987832 0.623914 0.775225
    outer loop
      vertex 49.4778 -52.1325 19.1797
      vertex 49.6173 -52.0486 19.0944
      vertex 48.8222 -52.0287 19.1797
    endloop
  endfacet
  facet normal 0.108005 0.0549515 0.99263
    outer loop
      vertex 49.997 -53.894 19.9361
      vertex 49.2686 -54.005 20.0215
      vertex 50.0636 -54.0249 19.9361
    endloop
  endfacet
  facet normal 0.107993 0.0550279 0.992628
    outer loop
      vertex 49.2686 -54.005 20.0215
      vertex 49.997 -53.894 19.9361
      vertex 49.2019 -53.8741 20.0215
    endloop
  endfacet
  facet normal 0.102392 0.201093 0.974206
    outer loop
      vertex 48.9673 -53.7037 20.0215
      vertex 36.6084 -53.7703 21.3342
      vertex 49.0981 -53.7703 20.0215
    endloop
  endfacet
  facet normal 0.102388 0.201239 0.974176
    outer loop
      vertex 36.6084 -53.7703 21.3342
      vertex 48.9673 -53.7037 20.0215
      vertex 36.4775 -53.7037 21.3342
    endloop
  endfacet
  facet normal 0.109264 0.289356 0.950965
    outer loop
      vertex 49.2431 -52.8547 19.7314
      vertex 49.7623 -53.7235 19.9361
      vertex 50.0382 -52.8746 19.6461
    endloop
  endfacet
  facet normal 0.109359 0.289406 0.950939
    outer loop
      vertex 49.7623 -53.7235 19.9361
      vertex 49.2431 -52.8547 19.7314
      vertex 48.9673 -53.7037 20.0215
    endloop
  endfacet
  facet normal -0.141819 0.278528 0.9499
    outer loop
      vertex 36.1875 -53.7037 21.3342
      vertex 35.532 -53.0481 21.0441
      vertex 36.0567 -53.7703 21.3342
    endloop
  endfacet
  facet normal -0.802441 0.127069 0.583045
    outer loop
      vertex 33.7903 -53.324 19.7331
      vertex 33.6595 -54.15 19.7331
      vertex 34.315 -53.4945 20.4924
    endloop
  endfacet
  facet normal -0.802441 0.127068 0.583046
    outer loop
      vertex 34.315 -53.4945 20.4924
      vertex 33.6595 -54.15 19.7331
      vertex 34.2112 -54.15 20.4924
    endloop
  endfacet
  facet normal 0.104513 0.0165058 0.994387
    outer loop
      vertex 49.2686 -54.005 20.0215
      vertex 36.8018 -54.15 21.3342
      vertex 49.2915 -54.15 20.0215
    endloop
  endfacet
  facet normal 0.104512 0.0165777 0.994385
    outer loop
      vertex 36.8018 -54.15 21.3342
      vertex 49.2686 -54.005 20.0215
      vertex 36.7788 -54.005 21.3342
    endloop
  endfacet
  facet normal -0.368805 0.723901 0.583053
    outer loop
      vertex 35.5065 -51.6078 19.7331
      vertex 35.0856 -52.4338 20.4924
      vertex 35.677 -52.1325 20.4924
    endloop
  endfacet
  facet normal -0.368847 0.723899 0.583028
    outer loop
      vertex 35.5065 -51.6078 19.7331
      vertex 34.7613 -51.9875 19.7331
      vertex 35.0856 -52.4338 20.4924
    endloop
  endfacet
  facet normal -0.585238 -0.0927427 0.80554
    outer loop
      vertex 34.9705 -54.15 21.0441
      vertex 34.315 -54.8055 20.4924
      vertex 35.0372 -54.5709 21.0441
    endloop
  endfacet
  facet normal -0.585281 -0.0926806 0.805517
    outer loop
      vertex 34.9705 -54.15 21.0441
      vertex 34.2112 -54.15 20.4924
      vertex 34.315 -54.8055 20.4924
    endloop
  endfacet
  facet normal -0.0489169 0.308683 0.949906
    outer loop
      vertex 36.3325 -52.788 21.0441
      vertex 35.9116 -52.8547 21.0441
      vertex 36.1875 -53.7037 21.3342
    endloop
  endfacet
  facet normal 0.141815 0.278423 0.949931
    outer loop
      vertex 50.0382 -52.8746 19.6461
      vertex 49.7623 -53.7235 19.9361
      vertex 50.4179 -53.068 19.6461
    endloop
  endfacet
  facet normal 0.0999557 0.292492 0.95103
    outer loop
      vertex 36.7534 -52.8547 21.0441
      vertex 48.9673 -53.7037 20.0215
      vertex 49.2431 -52.8547 19.7314
    endloop
  endfacet
  facet normal 0.0999552 0.292482 0.951033
    outer loop
      vertex 48.9673 -53.7037 20.0215
      vertex 36.7534 -52.8547 21.0441
      vertex 36.4775 -53.7037 21.3342
    endloop
  endfacet
  facet normal 0.107199 0.017004 0.994092
    outer loop
      vertex 50.0636 -54.0249 19.9361
      vertex 49.2915 -54.15 20.0215
      vertex 50.0866 -54.1699 19.9361
    endloop
  endfacet
  facet normal 0.107211 0.0169319 0.994092
    outer loop
      vertex 49.2915 -54.15 20.0215
      vertex 50.0636 -54.0249 19.9361
      vertex 49.2686 -54.005 20.0215
    endloop
  endfacet
  facet normal -0.0166918 -0.105303 0.9943
    outer loop
      vertex 36.3325 -54.6193 21.3342
      vertex 36.3546 -55.7351 21.2164
      vertex 36.4997 -55.7581 21.2164
    endloop
  endfacet
  facet normal -0.0167033 -0.105304 0.9943
    outer loop
      vertex 36.3546 -55.7351 21.2164
      vertex 36.3325 -54.6193 21.3342
      vertex 36.1875 -54.5963 21.3342
    endloop
  endfacet
  facet normal -0.41891 0.419049 0.805551
    outer loop
      vertex 35.0856 -52.4338 20.4924
      vertex 35.2306 -53.3494 21.0441
      vertex 35.532 -53.0481 21.0441
    endloop
  endfacet
  facet normal -0.419012 0.419012 0.805517
    outer loop
      vertex 35.2306 -53.3494 21.0441
      vertex 35.0856 -52.4338 20.4924
      vertex 34.6163 -52.9031 20.4924
    endloop
  endfacet
  facet normal 0.104513 -0.0165058 0.994387
    outer loop
      vertex 36.8018 -54.15 21.3342
      vertex 49.2686 -54.295 20.0215
      vertex 49.2915 -54.15 20.0215
    endloop
  endfacet
  facet normal 0.104512 -0.0165777 0.994385
    outer loop
      vertex 49.2686 -54.295 20.0215
      vertex 36.8018 -54.15 21.3342
      vertex 36.7788 -54.295 21.3342
    endloop
  endfacet
  facet normal -0.278584 0.14174 0.949895
    outer loop
      vertex 35.9528 -53.8741 21.3342
      vertex 35.2306 -53.3494 21.0441
      vertex 35.8862 -54.005 21.3342
    endloop
  endfacet
  facet normal 0.0489644 0.308689 0.949902
    outer loop
      vertex 36.3325 -52.788 21.0441
      vertex 36.3325 -53.6807 21.3342
      vertex 36.4775 -53.7037 21.3342
    endloop
  endfacet
  facet normal -0.308689 0.0489644 0.949902
    outer loop
      vertex 35.8862 -54.005 21.3342
      vertex 34.9705 -54.15 21.0441
      vertex 35.8632 -54.15 21.3342
    endloop
  endfacet
  facet normal -0.308689 -0.0489644 0.949902
    outer loop
      vertex 35.8632 -54.15 21.3342
      vertex 34.9705 -54.15 21.0441
      vertex 35.8862 -54.295 21.3342
    endloop
  endfacet
  facet normal -0.0927427 0.585238 0.80554
    outer loop
      vertex 36.3325 -52.788 21.0441
      vertex 35.677 -52.1325 20.4924
      vertex 35.9116 -52.8547 21.0441
    endloop
  endfacet
  facet normal -0.268996 0.527977 0.805532
    outer loop
      vertex 35.677 -52.1325 20.4924
      vertex 35.532 -53.0481 21.0441
      vertex 35.9116 -52.8547 21.0441
    endloop
  endfacet
  facet normal 0.109614 0.21512 0.970416
    outer loop
      vertex 49.7623 -53.7235 19.9361
      vertex 49.0981 -53.7703 20.0215
      vertex 49.8932 -53.7902 19.9361
    endloop
  endfacet
  facet normal 0.109601 0.215253 0.970388
    outer loop
      vertex 49.0981 -53.7703 20.0215
      vertex 49.7623 -53.7235 19.9361
      vertex 48.9673 -53.7037 20.0215
    endloop
  endfacet
  facet normal 0.141852 0.278388 0.949936
    outer loop
      vertex 50.4179 -53.068 19.6461
      vertex 49.7623 -53.7235 19.9361
      vertex 49.8932 -53.7902 19.9361
    endloop
  endfacet
  facet normal 0.0872551 0.55061 0.83019
    outer loop
      vertex 48.8222 -52.788 19.7314
      vertex 36.7534 -52.8547 21.0441
      vertex 49.2431 -52.8547 19.7314
    endloop
  endfacet
  facet normal 0.0872551 0.55061 0.83019
    outer loop
      vertex 36.7534 -52.8547 21.0441
      vertex 48.8222 -52.788 19.7314
      vertex 36.3325 -52.788 21.0441
    endloop
  endfacet
  facet normal 0.104378 -0.0532263 0.993112
    outer loop
      vertex 36.7788 -54.295 21.3342
      vertex 49.2019 -54.4258 20.0215
      vertex 49.2686 -54.295 20.0215
    endloop
  endfacet
  facet normal 0.104379 -0.0531472 0.993116
    outer loop
      vertex 49.2019 -54.4258 20.0215
      vertex 36.7788 -54.295 21.3342
      vertex 36.7122 -54.4258 21.3342
    endloop
  endfacet
  facet normal 0.104131 -0.0872042 0.990733
    outer loop
      vertex 51.1565 -55.5646 19.7158
      vertex 36.7122 -54.4258 21.3342
      vertex 36.8793 -55.5646 21.2164
    endloop
  endfacet
  facet normal -0.119499 -0.119499 0.985616
    outer loop
      vertex 36.0567 -54.5297 21.3342
      vertex 36.12 -55.5646 21.2164
      vertex 36.2238 -55.6684 21.2164
    endloop
  endfacet
  facet normal -0.119499 -0.119499 0.985616
    outer loop
      vertex 36.12 -55.5646 21.2164
      vertex 36.0567 -54.5297 21.3342
      vertex 35.9528 -54.4258 21.3342
    endloop
  endfacet
  facet normal -0.528 0.268937 0.805536
    outer loop
      vertex 35.2306 -53.3494 21.0441
      vertex 34.315 -53.4945 20.4924
      vertex 35.0372 -53.7291 21.0441
    endloop
  endfacet
  facet normal -0.585238 0.0927427 0.80554
    outer loop
      vertex 35.0372 -53.7291 21.0441
      vertex 34.315 -53.4945 20.4924
      vertex 34.9705 -54.15 21.0441
    endloop
  endfacet
  facet normal 0.105326 -0.0536293 0.992991
    outer loop
      vertex 49.2686 -54.295 20.0215
      vertex 49.997 -54.4457 19.9361
      vertex 50.0636 -54.3149 19.9361
    endloop
  endfacet
  facet normal 0.105311 -0.053702 0.992988
    outer loop
      vertex 49.997 -54.4457 19.9361
      vertex 49.2686 -54.295 20.0215
      vertex 49.2019 -54.4258 20.0215
    endloop
  endfacet
  facet normal -0.271337 -0.138365 0.952487
    outer loop
      vertex 35.9528 -54.4258 21.3342
      vertex 36.0533 -55.4338 21.2164
      vertex 36.12 -55.5646 21.2164
    endloop
  endfacet
  facet normal -0.271805 -0.138396 0.952349
    outer loop
      vertex 36.0533 -55.4338 21.2164
      vertex 35.9528 -54.4258 21.3342
      vertex 35.8862 -54.295 21.3342
    endloop
  endfacet
  facet normal 0.0895555 -0.0894693 0.991955
    outer loop
      vertex 36.6084 -54.5297 21.3342
      vertex 36.8793 -55.5646 21.2164
      vertex 36.7122 -54.4258 21.3342
    endloop
  endfacet
  facet normal 0.0894876 -0.0894876 0.99196
    outer loop
      vertex 36.8793 -55.5646 21.2164
      vertex 36.6084 -54.5297 21.3342
      vertex 36.7755 -55.6684 21.2164
    endloop
  endfacet
  facet normal 0.0159513 -0.100563 0.994803
    outer loop
      vertex 36.3325 -54.6193 21.3342
      vertex 36.6447 -55.7351 21.2164
      vertex 36.4775 -54.5963 21.3342
    endloop
  endfacet
  facet normal 0.0159513 -0.100563 0.994803
    outer loop
      vertex 36.6447 -55.7351 21.2164
      vertex 36.3325 -54.6193 21.3342
      vertex 36.4997 -55.7581 21.2164
    endloop
  endfacet
  facet normal 0.10396 0.10396 0.989133
    outer loop
      vertex 49.0981 -53.7703 20.0215
      vertex 36.7122 -53.8741 21.3342
      vertex 49.2019 -53.8741 20.0215
    endloop
  endfacet
  facet normal 0.10396 0.10396 0.989133
    outer loop
      vertex 36.7122 -53.8741 21.3342
      vertex 49.0981 -53.7703 20.0215
      vertex 36.6084 -53.7703 21.3342
    endloop
  endfacet
  facet normal 0.220933 0.220933 0.949935
    outer loop
      vertex 50.4179 -53.068 19.6461
      vertex 49.997 -53.894 19.9361
      vertex 50.7192 -53.3693 19.6461
    endloop
  endfacet
  facet normal 0.220933 0.220933 0.949935
    outer loop
      vertex 49.997 -53.894 19.9361
      vertex 50.4179 -53.068 19.6461
      vertex 49.8932 -53.7902 19.9361
    endloop
  endfacet
  facet normal 0.104091 -0.09122 0.990376
    outer loop
      vertex 49.2019 -54.4258 20.0215
      vertex 36.7122 -54.4258 21.3342
      vertex 49.997 -54.4457 19.9361
    endloop
  endfacet
  facet normal 0.0486945 -0.0957074 0.994218
    outer loop
      vertex 36.4775 -54.5963 21.3342
      vertex 36.7755 -55.6684 21.2164
      vertex 36.6084 -54.5297 21.3342
    endloop
  endfacet
  facet normal 0.0487911 -0.0956803 0.994216
    outer loop
      vertex 36.7755 -55.6684 21.2164
      vertex 36.4775 -54.5963 21.3342
      vertex 36.6447 -55.7351 21.2164
    endloop
  endfacet
  facet normal -0.0565716 -0.110938 0.992216
    outer loop
      vertex 36.1875 -54.5963 21.3342
      vertex 36.2238 -55.6684 21.2164
      vertex 36.3546 -55.7351 21.2164
    endloop
  endfacet
  facet normal -0.0564856 -0.110936 0.992221
    outer loop
      vertex 36.2238 -55.6684 21.2164
      vertex 36.1875 -54.5963 21.3342
      vertex 36.0567 -54.5297 21.3342
    endloop
  endfacet
  facet normal 0.108852 0.108852 0.98808
    outer loop
      vertex 49.8932 -53.7902 19.9361
      vertex 49.2019 -53.8741 20.0215
      vertex 49.997 -53.894 19.9361
    endloop
  endfacet
  facet normal 0.108852 0.108852 0.98808
    outer loop
      vertex 49.2019 -53.8741 20.0215
      vertex 49.8932 -53.7902 19.9361
      vertex 49.0981 -53.7703 20.0215
    endloop
  endfacet
  facet normal 0 0 1
    outer loop
      vertex 36.7788 -54.005 21.3342
      vertex 36.7788 -54.295 21.3342
      vertex 36.8018 -54.15 21.3342
    endloop
  endfacet
  facet normal 0 0 1
    outer loop
      vertex 36.7122 -53.8741 21.3342
      vertex 36.7788 -54.295 21.3342
      vertex 36.7788 -54.005 21.3342
    endloop
  endfacet
  facet normal 0 0 1
    outer loop
      vertex 36.7122 -53.8741 21.3342
      vertex 36.7122 -54.4258 21.3342
      vertex 36.7788 -54.295 21.3342
    endloop
  endfacet
  facet normal 0 0 1
    outer loop
      vertex 36.6084 -53.7703 21.3342
      vertex 36.7122 -54.4258 21.3342
      vertex 36.7122 -53.8741 21.3342
    endloop
  endfacet
  facet normal 0 0 1
    outer loop
      vertex 36.6084 -53.7703 21.3342
      vertex 36.6084 -54.5297 21.3342
      vertex 36.7122 -54.4258 21.3342
    endloop
  endfacet
  facet normal 0 0 1
    outer loop
      vertex 36.4775 -53.7037 21.3342
      vertex 36.6084 -54.5297 21.3342
      vertex 36.6084 -53.7703 21.3342
    endloop
  endfacet
  facet normal 0 0 1
    outer loop
      vertex 36.4775 -53.7037 21.3342
      vertex 36.4775 -54.5963 21.3342
      vertex 36.6084 -54.5297 21.3342
    endloop
  endfacet
  facet normal 0 0 1
    outer loop
      vertex 36.3325 -53.6807 21.3342
      vertex 36.4775 -54.5963 21.3342
      vertex 36.4775 -53.7037 21.3342
    endloop
  endfacet
  facet normal 0 0 1
    outer loop
      vertex 36.3325 -53.6807 21.3342
      vertex 36.3325 -54.6193 21.3342
      vertex 36.4775 -54.5963 21.3342
    endloop
  endfacet
  facet normal -0 0 1
    outer loop
      vertex 36.1875 -53.7037 21.3342
      vertex 36.3325 -54.6193 21.3342
      vertex 36.3325 -53.6807 21.3342
    endloop
  endfacet
  facet normal 0 0 1
    outer loop
      vertex 36.1875 -53.7037 21.3342
      vertex 36.1875 -54.5963 21.3342
      vertex 36.3325 -54.6193 21.3342
    endloop
  endfacet
  facet normal -0 0 1
    outer loop
      vertex 36.0567 -53.7703 21.3342
      vertex 36.1875 -54.5963 21.3342
      vertex 36.1875 -53.7037 21.3342
    endloop
  endfacet
  facet normal 0 0 1
    outer loop
      vertex 36.0567 -53.7703 21.3342
      vertex 36.0567 -54.5297 21.3342
      vertex 36.1875 -54.5963 21.3342
    endloop
  endfacet
  facet normal -0 0 1
    outer loop
      vertex 35.9528 -53.8741 21.3342
      vertex 36.0567 -54.5297 21.3342
      vertex 36.0567 -53.7703 21.3342
    endloop
  endfacet
  facet normal 0 0 1
    outer loop
      vertex 35.9528 -53.8741 21.3342
      vertex 35.9528 -54.4258 21.3342
      vertex 36.0567 -54.5297 21.3342
    endloop
  endfacet
  facet normal -0 0 1
    outer loop
      vertex 35.8862 -54.005 21.3342
      vertex 35.9528 -54.4258 21.3342
      vertex 35.9528 -53.8741 21.3342
    endloop
  endfacet
  facet normal 0 0 1
    outer loop
      vertex 35.8862 -54.005 21.3342
      vertex 35.8862 -54.295 21.3342
      vertex 35.9528 -54.4258 21.3342
    endloop
  endfacet
  facet normal 0 -0 1
    outer loop
      vertex 35.8862 -54.295 21.3342
      vertex 35.8862 -54.005 21.3342
      vertex 35.8632 -54.15 21.3342
    endloop
  endfacet
  facet normal 0.278498 0.141696 0.949927
    outer loop
      vertex 50.7192 -53.3693 19.6461
      vertex 49.997 -53.894 19.9361
      vertex 50.0636 -54.0249 19.9361
    endloop
  endfacet
  facet normal 0.0487405 -0.0955811 0.994228
    outer loop
      vertex 36.6447 -55.7351 21.2164
      vertex 36.8186 -55.9616 21.1861
      vertex 36.7755 -55.6684 21.2164
    endloop
  endfacet
  facet normal 0.0487137 -0.0956016 0.994227
    outer loop
      vertex 36.8186 -55.9616 21.1861
      vertex 36.6447 -55.7351 21.2164
      vertex 36.6877 -56.0283 21.1861
    endloop
  endfacet
  facet normal 0.638188 0.70586 0.307372
    outer loop
      vertex 52.7026 -53.4194 18.0517
      vertex 52.7363 -53.1248 17.3052
      vertex 52.5693 -53.3092 18.0754
    endloop
  endfacet
  facet normal 0.638161 0.705851 0.307451
    outer loop
      vertex 52.7363 -53.1248 17.3052
      vertex 52.8731 -53.1848 17.159
      vertex 52.5184 -52.8916 17.2221
    endloop
  endfacet
  facet normal 0.638122 0.705912 0.30739
    outer loop
      vertex 52.8731 -53.1848 17.159
      vertex 52.7363 -53.1248 17.3052
      vertex 52.7026 -53.4194 18.0517
    endloop
  endfacet
  facet normal 0.155078 -0.0245986 0.987596
    outer loop
      vertex 51.2231 -55.4338 19.7158
      vertex 51.6008 -55.582 19.6528
      vertex 51.2461 -55.2888 19.7158
    endloop
  endfacet
  facet normal 0.155078 -0.0245986 0.987596
    outer loop
      vertex 51.6008 -55.582 19.6528
      vertex 51.2231 -55.4338 19.7158
      vertex 51.5778 -55.727 19.6528
    endloop
  endfacet
  facet normal 0.637509 0.770443 0
    outer loop
      vertex 52.8192 -53.1402 17.0448
      vertex 52.8731 -53.1848 17.159
      vertex 52.8731 -53.1848 17.1146
    endloop
  endfacet
  facet normal 0.637153 0.770737 0.000283314
    outer loop
      vertex 52.8731 -53.1848 17.159
      vertex 52.8192 -53.1402 17.0448
      vertex 52.5184 -52.8916 17.2221
    endloop
  endfacet
  facet normal 0.637054 0.770819 0
    outer loop
      vertex 52.5184 -52.8916 0
      vertex 52.8192 -53.1402 17.0448
      vertex 52.8192 -53.1402 0
    endloop
  endfacet
  facet normal 0.637054 0.770819 0
    outer loop
      vertex 52.8192 -53.1402 17.0448
      vertex 52.5184 -52.8916 0
      vertex 52.5184 -52.8916 17.2221
    endloop
  endfacet
  facet normal -0.936734 -0.169055 0.306512
    outer loop
      vertex 33.6816 -56.2044 18.7227
      vertex 34.0005 -56.408 19.585
      vertex 33.9575 -56.1148 19.6153
    endloop
  endfacet
  facet normal -0.936706 -0.169362 0.306429
    outer loop
      vertex 34.0005 -56.408 19.585
      vertex 33.6816 -56.2044 18.7227
      vertex 33.7247 -56.4976 18.6924
    endloop
  endfacet
  facet normal 0.123791 -0.063031 0.990304
    outer loop
      vertex 51.1565 -55.5646 19.7158
      vertex 51.5778 -55.727 19.6528
      vertex 51.2231 -55.4338 19.7158
    endloop
  endfacet
  facet normal 0.12376 -0.06311 0.990303
    outer loop
      vertex 51.5778 -55.727 19.6528
      vertex 51.1565 -55.5646 19.7158
      vertex 51.5111 -55.8578 19.6528
    endloop
  endfacet
  facet normal -0.989416 -0.145105 -0
    outer loop
      vertex 33.5796 -55.582 18.6924
      vertex 33.5366 -55.2888 0
      vertex 33.5796 -55.582 0
    endloop
  endfacet
  facet normal -0.989416 -0.145105 0
    outer loop
      vertex 33.5366 -55.2888 0
      vertex 33.5796 -55.582 18.6924
      vertex 33.5366 -55.2888 18.7227
    endloop
  endfacet
  facet normal -0.790814 -0.176542 0.586042
    outer loop
      vertex 33.9575 -56.1148 19.6153
      vertex 34.5252 -56.2375 20.3444
      vertex 34.4822 -55.9443 20.3747
    endloop
  endfacet
  facet normal -0.790814 -0.176542 0.586042
    outer loop
      vertex 34.5252 -56.2375 20.3444
      vertex 33.9575 -56.1148 19.6153
      vertex 34.0005 -56.408 19.585
    endloop
  endfacet
  facet normal 0.453557 0.374949 0.808517
    outer loop
      vertex 52.493 -54.0419 18.8741
      vertex 52.1371 -54.5964 19.3309
      vertex 52.6068 -54.136 18.8539
    endloop
  endfacet
  facet normal 0.453704 0.374832 0.808489
    outer loop
      vertex 52.1371 -54.5964 19.3309
      vertex 52.493 -54.0419 18.8741
      vertex 51.8786 -54.4882 19.4258
    endloop
  endfacet
  facet normal 0.453717 0.374899 0.80845
    outer loop
      vertex 52.2333 -54.7814 19.3627
      vertex 52.1371 -54.5964 19.3309
      vertex 51.8786 -54.4882 19.4258
    endloop
  endfacet
  facet normal 0.290262 0.148671 0.945328
    outer loop
      vertex 52.2333 -54.7814 19.3627
      vertex 52.0721 -54.8679 19.4258
      vertex 52.1297 -54.9155 19.4156
    endloop
  endfacet
  facet normal 0.290576 0.148081 0.945324
    outer loop
      vertex 52.0721 -54.8679 19.4258
      vertex 52.2333 -54.7814 19.3627
      vertex 51.8786 -54.4882 19.4258
    endloop
  endfacet
  facet normal 0.576552 0.572011 0.583431
    outer loop
      vertex 52.516 -54.0251 18.8349
      vertex 52.493 -54.0419 18.8741
      vertex 52.6068 -54.136 18.8539
    endloop
  endfacet
  facet normal -0.0166872 -0.105202 0.994311
    outer loop
      vertex 36.4997 -55.7581 21.2164
      vertex 36.3977 -56.0283 21.1861
      vertex 36.5427 -56.0513 21.1861
    endloop
  endfacet
  facet normal -0.0166763 -0.105206 0.994311
    outer loop
      vertex 36.3977 -56.0283 21.1861
      vertex 36.4997 -55.7581 21.2164
      vertex 36.3546 -55.7351 21.2164
    endloop
  endfacet
  facet normal -0.119279 -0.119394 0.985656
    outer loop
      vertex 36.2238 -55.6684 21.2164
      vertex 36.163 -55.8578 21.1861
      vertex 36.2669 -55.9616 21.1861
    endloop
  endfacet
  facet normal -0.119365 -0.119365 0.985649
    outer loop
      vertex 36.163 -55.8578 21.1861
      vertex 36.2238 -55.6684 21.2164
      vertex 36.12 -55.5646 21.2164
    endloop
  endfacet
  facet normal -0.279317 -0.13924 0.95005
    outer loop
      vertex 35.2044 -55.7096 20.9264
      vertex 36.0964 -55.727 21.1861
      vertex 36.0533 -55.4338 21.2164
    endloop
  endfacet
  facet normal -0.279319 -0.139146 0.950063
    outer loop
      vertex 36.0964 -55.727 21.1861
      vertex 35.2044 -55.7096 20.9264
      vertex 35.2474 -56.0028 20.8961
    endloop
  endfacet
  facet normal 0.0159365 -0.100469 0.994813
    outer loop
      vertex 36.4997 -55.7581 21.2164
      vertex 36.6877 -56.0283 21.1861
      vertex 36.6447 -55.7351 21.2164
    endloop
  endfacet
  facet normal 0.0159365 -0.100469 0.994813
    outer loop
      vertex 36.6877 -56.0283 21.1861
      vertex 36.4997 -55.7581 21.2164
      vertex 36.5427 -56.0513 21.1861
    endloop
  endfacet
  facet normal -0.056526 -0.110849 0.992229
    outer loop
      vertex 36.3546 -55.7351 21.2164
      vertex 36.2669 -55.9616 21.1861
      vertex 36.3977 -56.0283 21.1861
    endloop
  endfacet
  facet normal -0.056526 -0.110849 0.992229
    outer loop
      vertex 36.2669 -55.9616 21.1861
      vertex 36.3546 -55.7351 21.2164
      vertex 36.2238 -55.6684 21.2164
    endloop
  endfacet
  facet normal 0.200155 0.0317269 0.97925
    outer loop
      vertex 51.5778 -55.4369 19.6528
      vertex 51.2461 -55.2888 19.7158
      vertex 51.6008 -55.582 19.6528
    endloop
  endfacet
  facet normal 0.200155 0.0317269 0.97925
    outer loop
      vertex 51.2461 -55.2888 19.7158
      vertex 51.5778 -55.4369 19.6528
      vertex 51.2231 -55.1437 19.7158
    endloop
  endfacet
  facet normal 0.0893755 -0.0893755 0.99198
    outer loop
      vertex 36.7755 -55.6684 21.2164
      vertex 36.9224 -55.8578 21.1861
      vertex 36.8793 -55.5646 21.2164
    endloop
  endfacet
  facet normal 0.0893755 -0.0893755 0.99198
    outer loop
      vertex 36.9224 -55.8578 21.1861
      vertex 36.7755 -55.6684 21.2164
      vertex 36.8186 -55.9616 21.1861
    endloop
  endfacet
  facet normal -0.563906 -0.166297 0.808923
    outer loop
      vertex 34.4822 -55.9443 20.3747
      vertex 35.2474 -56.0028 20.8961
      vertex 35.2044 -55.7096 20.9264
    endloop
  endfacet
  facet normal -0.563906 -0.166297 0.808923
    outer loop
      vertex 35.2474 -56.0028 20.8961
      vertex 34.4822 -55.9443 20.3747
      vertex 34.5252 -56.2375 20.3444
    endloop
  endfacet
  facet normal -0.981564 -0.155447 0.11121
    outer loop
      vertex 33.5796 -55.582 18.6924
      vertex 33.6816 -56.2044 18.7227
      vertex 33.5366 -55.2888 18.7227
    endloop
  endfacet
  facet normal -0.981786 -0.155589 0.109032
    outer loop
      vertex 33.6816 -56.2044 18.7227
      vertex 33.5796 -55.582 18.6924
      vertex 33.7247 -56.4976 18.6924
    endloop
  endfacet
  facet normal 0.581762 0.581378 0.568817
    outer loop
      vertex 52.7026 -53.4194 18.0517
      vertex 52.5693 -53.3092 18.0754
      vertex 52.6919 -53.4446 18.0884
    endloop
  endfacet
  facet normal -0.271515 -0.138249 0.952453
    outer loop
      vertex 36.12 -55.5646 21.2164
      vertex 36.0964 -55.727 21.1861
      vertex 36.163 -55.8578 21.1861
    endloop
  endfacet
  facet normal -0.27122 -0.138306 0.952529
    outer loop
      vertex 36.0964 -55.727 21.1861
      vertex 36.12 -55.5646 21.2164
      vertex 36.0533 -55.4338 21.2164
    endloop
  endfacet
  facet normal 0.280369 0.135643 0.95026
    outer loop
      vertex 52.0721 -54.8679 19.4258
      vertex 51.5292 -55.3164 19.65
      vertex 52.1297 -54.9155 19.4156
    endloop
  endfacet
  facet normal 0.280616 0.13533 0.950232
    outer loop
      vertex 51.5292 -55.3164 19.65
      vertex 52.0721 -54.8679 19.4258
      vertex 51.2231 -55.1437 19.7158
    endloop
  endfacet
  facet normal 0.280572 0.135241 0.950258
    outer loop
      vertex 51.5778 -55.4369 19.6528
      vertex 51.5292 -55.3164 19.65
      vertex 51.2231 -55.1437 19.7158
    endloop
  endfacet
  facet normal 0.104133 -0.0869442 0.990756
    outer loop
      vertex 51.1565 -55.5646 19.7158
      vertex 36.8793 -55.5646 21.2164
      vertex 51.5111 -55.8578 19.6528
    endloop
  endfacet
  facet normal 0.104129 -0.0870791 0.990744
    outer loop
      vertex 51.5111 -55.8578 19.6528
      vertex 36.8793 -55.5646 21.2164
      vertex 36.9224 -55.8578 21.1861
    endloop
  endfacet
  facet normal 0 0 -1
    outer loop
      vertex 106.139 -56.2824 0
      vertex 106.139 -54.4512 0
      vertex 106.284 -55.3668 0
    endloop
  endfacet
  facet normal 0 0 -1
    outer loop
      vertex 102.727 -52.3741 0
      vertex 106.139 -56.2824 0
      vertex 106.122 -56.38 0
    endloop
  endfacet
  facet normal 0 0 -1
    outer loop
      vertex 102.727 -52.3741 0
      vertex 106.122 -56.38 0
      vertex 106.049 -56.7992 0
    endloop
  endfacet
  facet normal 0 0 -1
    outer loop
      vertex 102.727 -52.3741 0
      vertex 106.049 -56.7992 0
      vertex 105.992 -57.1299 0
    endloop
  endfacet
  facet normal 0 0 -1
    outer loop
      vertex 102.727 -52.3741 0
      vertex 105.992 -57.1299 0
      vertex 105.952 -57.3593 0
    endloop
  endfacet
  facet normal 0 0 -1
    outer loop
      vertex 102.727 -52.3741 0
      vertex 105.952 -57.3593 0
      vertex 105.931 -57.4787 0
    endloop
  endfacet
  facet normal 0 0 -1
    outer loop
      vertex 102.727 -52.3741 0
      vertex 105.931 -57.4787 0
      vertex 105.928 -57.4956 0
    endloop
  endfacet
  facet normal 0 0 -1
    outer loop
      vertex 106.139 -56.2824 0
      vertex 103.321 -52.4037 0
      vertex 106.139 -54.4512 0
    endloop
  endfacet
  facet normal 0 0 -1
    outer loop
      vertex 101.603 -52.1547 0
      vertex 105.928 -57.4956 0
      vertex 105.372 -60.6909 0
    endloop
  endfacet
  facet normal 0 0 -1
    outer loop
      vertex 106.139 -56.2824 0
      vertex 102.727 -52.3741 0
      vertex 103.321 -52.4037 0
    endloop
  endfacet
  facet normal 0 0 -1
    outer loop
      vertex 105.718 -53.6251 0
      vertex 103.321 -52.4037 0
      vertex 105.063 -52.9696 0
    endloop
  endfacet
  facet normal 0 0 -1
    outer loop
      vertex 105.063 -52.9696 0
      vertex 103.321 -52.4037 0
      vertex 104.237 -52.5487 0
    endloop
  endfacet
  facet normal 0 0 -1
    outer loop
      vertex 106.139 -54.4512 0
      vertex 103.321 -52.4037 0
      vertex 105.718 -53.6251 0
    endloop
  endfacet
  facet normal 0 0 -1
    outer loop
      vertex 105.928 -57.4956 0
      vertex 101.603 -52.1547 0
      vertex 102.727 -52.3741 0
    endloop
  endfacet
  facet normal 0 0 -1
    outer loop
      vertex 105.372 -60.6909 0
      vertex 99.2079 -51.6877 0
      vertex 101.603 -52.1547 0
    endloop
  endfacet
  facet normal 0 0 -1
    outer loop
      vertex 105.372 -60.6909 0
      vertex 98.7965 -51.6096 0
      vertex 99.2079 -51.6877 0
    endloop
  endfacet
  facet normal 0 0 -1
    outer loop
      vertex 105.372 -60.6909 0
      vertex 97.2156 -51.3092 0
      vertex 98.7965 -51.6096 0
    endloop
  endfacet
  facet normal 0 0 -1
    outer loop
      vertex 105.372 -60.6909 0
      vertex 97.2014 -51.3065 0
      vertex 97.2156 -51.3092 0
    endloop
  endfacet
  facet normal 0 0 -1
    outer loop
      vertex 72.8485 -53.6167 0
      vertex 105.372 -60.6909 0
      vertex 93.227 -130.451 0
    endloop
  endfacet
  facet normal 0 -0 -1
    outer loop
      vertex 72.8814 -53.5943 0
      vertex 105.372 -60.6909 0
      vertex 72.8485 -53.6167 0
    endloop
  endfacet
  facet normal 0 0 -1
    outer loop
      vertex 90.2271 -133.543 0
      vertex 93.227 -130.451 0
      vertex 93.0452 -131.496 0
    endloop
  endfacet
  facet normal 0 0 -1
    outer loop
      vertex 90.2271 -133.543 0
      vertex 93.0452 -131.496 0
      vertex 92.6243 -132.322 0
    endloop
  endfacet
  facet normal 0 0 -1
    outer loop
      vertex 90.2271 -133.543 0
      vertex 92.6243 -132.322 0
      vertex 91.9688 -132.977 0
    endloop
  endfacet
  facet normal 0 0 -1
    outer loop
      vertex 105.372 -60.6909 0
      vertex 93.2079 -50.5277 0
      vertex 97.2014 -51.3065 0
    endloop
  endfacet
  facet normal 0 0 -1
    outer loop
      vertex 105.372 -60.6909 0
      vertex 91.2156 -50.1492 0
      vertex 93.2079 -50.5277 0
    endloop
  endfacet
  facet normal 0 0 -1
    outer loop
      vertex 90.2271 -133.543 0
      vertex 91.9688 -132.977 0
      vertex 91.1428 -133.398 0
    endloop
  endfacet
  facet normal 0 0 -1
    outer loop
      vertex 47.5518 -133.543 0
      vertex 93.227 -130.451 0
      vertex 90.2271 -133.543 0
    endloop
  endfacet
  facet normal 0 0 -1
    outer loop
      vertex 105.372 -60.6909 0
      vertex 91.2014 -50.1465 0
      vertex 91.2156 -50.1492 0
    endloop
  endfacet
  facet normal 0 0 -1
    outer loop
      vertex 105.372 -60.6909 0
      vertex 72.8814 -53.5943 0
      vertex 91.2014 -50.1465 0
    endloop
  endfacet
  facet normal -0 0 -1
    outer loop
      vertex 91.2014 -50.1465 0
      vertex 72.8814 -53.5943 0
      vertex 85.2014 -48.9765 0
    endloop
  endfacet
  facet normal 0 -0 -1
    outer loop
      vertex 72.8943 -53.5747 0
      vertex 85.1591 -48.9679 0
      vertex 72.8814 -53.5943 0
    endloop
  endfacet
  facet normal -0 0 -1
    outer loop
      vertex 85.1591 -48.9679 0
      vertex 72.8943 -53.5747 0
      vertex 83.1682 -48.5498 0
    endloop
  endfacet
  facet normal 0 -0 -1
    outer loop
      vertex 73.0082 -53.2116 0
      vertex 83.1682 -48.5498 0
      vertex 72.9197 -53.512 0
    endloop
  endfacet
  facet normal 0 -0 -1
    outer loop
      vertex 73.009 -53.2089 0
      vertex 83.1682 -48.5498 0
      vertex 73.0082 -53.2116 0
    endloop
  endfacet
  facet normal 0 -0 -1
    outer loop
      vertex 73.3507 -52.0489 0
      vertex 83.1682 -48.5498 0
      vertex 73.3499 -52.0516 0
    endloop
  endfacet
  facet normal 0 -0 -1
    outer loop
      vertex 73.6978 -50.8703 0
      vertex 77.8743 -47.4646 0
      vertex 73.6953 -50.8789 0
    endloop
  endfacet
  facet normal 0 0 -1
    outer loop
      vertex 75.217 -47.8855 0
      vertex 74.1406 -49.367 0
      vertex 74.5615 -48.541 0
    endloop
  endfacet
  facet normal 0 0 -1
    outer loop
      vertex 76.043 -47.4646 0
      vertex 74.1406 -49.367 0
      vertex 75.217 -47.8855 0
    endloop
  endfacet
  facet normal 0 0 -1
    outer loop
      vertex 76.9587 -47.3196 0
      vertex 74.1406 -49.367 0
      vertex 76.043 -47.4646 0
    endloop
  endfacet
  facet normal -0 0 -1
    outer loop
      vertex 77.8743 -47.4646 0
      vertex 74.1406 -49.367 0
      vertex 76.9587 -47.3196 0
    endloop
  endfacet
  facet normal 0 -0 -1
    outer loop
      vertex 74.1406 -49.367 0
      vertex 77.8743 -47.4646 0
      vertex 73.6978 -50.8703 0
    endloop
  endfacet
  facet normal 0 -0 -1
    outer loop
      vertex 73.6953 -50.8789 0
      vertex 77.8743 -47.4646 0
      vertex 73.3507 -52.0489 0
    endloop
  endfacet
  facet normal -0 0 -1
    outer loop
      vertex 83.1682 -48.5498 0
      vertex 73.3507 -52.0489 0
      vertex 77.8743 -47.4646 0
    endloop
  endfacet
  facet normal 0 -0 -1
    outer loop
      vertex 73.3499 -52.0516 0
      vertex 83.1682 -48.5498 0
      vertex 73.009 -53.2089 0
    endloop
  endfacet
  facet normal 0 -0 -1
    outer loop
      vertex 72.9197 -53.512 0
      vertex 83.1682 -48.5498 0
      vertex 72.8943 -53.5747 0
    endloop
  endfacet
  facet normal -0 0 -1
    outer loop
      vertex 85.2014 -48.9765 0
      vertex 72.8814 -53.5943 0
      vertex 85.1591 -48.9679 0
    endloop
  endfacet
  facet normal 0 0 -1
    outer loop
      vertex 93.227 -130.451 0
      vertex 72.845 -53.6169 0
      vertex 72.8485 -53.6167 0
    endloop
  endfacet
  facet normal 0 0 -1
    outer loop
      vertex 93.227 -130.451 0
      vertex 68.845 -53.5969 0
      vertex 72.845 -53.6169 0
    endloop
  endfacet
  facet normal -0 0 -1
    outer loop
      vertex 93.227 -130.451 0
      vertex 44.5887 -130.58 0
      vertex 68.845 -53.5969 0
    endloop
  endfacet
  facet normal -0 0 -1
    outer loop
      vertex 68.845 -53.5969 0
      vertex 44.5887 -130.58 0
      vertex 68.77 -53.5956 0
    endloop
  endfacet
  facet normal -0 0 -1
    outer loop
      vertex 68.77 -53.5956 0
      vertex 44.5887 -130.58 0
      vertex 66.7776 -53.5358 0
    endloop
  endfacet
  facet normal -0 0 -1
    outer loop
      vertex 66.7776 -53.5358 0
      vertex 44.5887 -130.58 0
      vertex 62.785 -53.436 0
    endloop
  endfacet
  facet normal -0 0 -1
    outer loop
      vertex 62.785 -53.436 0
      vertex 44.5887 -130.58 0
      vertex 62.77 -53.4356 0
    endloop
  endfacet
  facet normal -0 0 -1
    outer loop
      vertex 62.77 -53.4356 0
      vertex 44.5887 -130.58 0
      vertex 60.7776 -53.3758 0
    endloop
  endfacet
  facet normal -0 0 -1
    outer loop
      vertex 60.7776 -53.3758 0
      vertex 44.5887 -130.58 0
      vertex 58.785 -53.326 0
    endloop
  endfacet
  facet normal -0 0 -1
    outer loop
      vertex 58.785 -53.326 0
      vertex 44.5887 -130.58 0
      vertex 58.77 -53.3256 0
    endloop
  endfacet
  facet normal -0 0 -1
    outer loop
      vertex 58.77 -53.3256 0
      vertex 44.5887 -130.58 0
      vertex 56.7776 -53.2658 0
    endloop
  endfacet
  facet normal -0 0 -1
    outer loop
      vertex 56.7776 -53.2658 0
      vertex 44.5887 -130.58 0
      vertex 52.9062 -53.169 0
    endloop
  endfacet
  facet normal 0 0 -1
    outer loop
      vertex 33.7261 -56.58 0
      vertex 52.9062 -53.169 0
      vertex 44.5887 -130.58 0
    endloop
  endfacet
  facet normal -0 0 -1
    outer loop
      vertex 52.9062 -53.169 0
      vertex 33.7261 -56.58 0
      vertex 52.8192 -53.1402 0
    endloop
  endfacet
  facet normal 0 -0 -1
    outer loop
      vertex 48.8222 -51.1869 0
      vertex 52.8192 -53.1402 0
      vertex 33.7261 -56.58 0
    endloop
  endfacet
  facet normal 0 0 -1
    outer loop
      vertex 52.8192 -53.1402 0
      vertex 48.8222 -51.1869 0
      vertex 52.5184 -52.8916 0
    endloop
  endfacet
  facet normal -0 -0 -1
    outer loop
      vertex 49.6173 -51.2068 0
      vertex 52.5184 -52.8916 0
      vertex 48.8222 -51.1869 0
    endloop
  endfacet
  facet normal 0 0 -1
    outer loop
      vertex 93.227 -130.451 0
      vertex 47.5518 -133.543 0
      vertex 44.5887 -130.58 0
    endloop
  endfacet
  facet normal 0 0 -1
    outer loop
      vertex 44.5887 -130.58 0
      vertex 47.5518 -133.543 0
      vertex 46.6361 -133.398 0
    endloop
  endfacet
  facet normal 0 0 -1
    outer loop
      vertex 44.5887 -130.58 0
      vertex 46.6361 -133.398 0
      vertex 45.8101 -132.977 0
    endloop
  endfacet
  facet normal 0 0 -1
    outer loop
      vertex 44.5887 -130.58 0
      vertex 45.8101 -132.977 0
      vertex 45.1546 -132.322 0
    endloop
  endfacet
  facet normal 0 0 -1
    outer loop
      vertex 44.5887 -130.58 0
      vertex 45.1546 -132.322 0
      vertex 44.7337 -131.496 0
    endloop
  endfacet
  facet normal 0 0 -1
    outer loop
      vertex 52.5184 -52.8916 0
      vertex 49.6173 -51.2068 0
      vertex 51.359 -51.7727 0
    endloop
  endfacet
  facet normal 0 0 -1
    outer loop
      vertex 51.359 -51.7727 0
      vertex 49.6173 -51.2068 0
      vertex 50.5329 -51.3518 0
    endloop
  endfacet
  facet normal -0 0 -1
    outer loop
      vertex 48.8222 -51.1869 0
      vertex 33.7261 -56.58 0
      vertex 36.3325 -51.1869 0
    endloop
  endfacet
  facet normal 0 0 -1
    outer loop
      vertex 33.7232 -56.56 0
      vertex 36.3325 -51.1869 0
      vertex 33.7261 -56.58 0
    endloop
  endfacet
  facet normal 0 0 -1
    outer loop
      vertex 33.723 -56.5587 0
      vertex 36.3325 -51.1869 0
      vertex 33.7232 -56.56 0
    endloop
  endfacet
  facet normal 0 0 -1
    outer loop
      vertex 33.6996 -56.3991 0
      vertex 36.3325 -51.1869 0
      vertex 33.723 -56.5587 0
    endloop
  endfacet
  facet normal 0 0 -1
    outer loop
      vertex 33.6995 -56.3987 0
      vertex 36.3325 -51.1869 0
      vertex 33.6996 -56.3991 0
    endloop
  endfacet
  facet normal 0 0 -1
    outer loop
      vertex 33.6834 -56.2891 0
      vertex 36.3325 -51.1869 0
      vertex 33.6995 -56.3987 0
    endloop
  endfacet
  facet normal 0 0 -1
    outer loop
      vertex 33.6834 -56.2887 0
      vertex 36.3325 -51.1869 0
      vertex 33.6834 -56.2891 0
    endloop
  endfacet
  facet normal 0 0 -1
    outer loop
      vertex 33.66 -56.1291 0
      vertex 36.3325 -51.1869 0
      vertex 33.6834 -56.2887 0
    endloop
  endfacet
  facet normal 0 0 -1
    outer loop
      vertex 33.6493 -56.0568 0
      vertex 36.3325 -51.1869 0
      vertex 33.66 -56.1291 0
    endloop
  endfacet
  facet normal 0 0 -1
    outer loop
      vertex 33.6222 -55.8721 0
      vertex 36.3325 -51.1869 0
      vertex 33.6493 -56.0568 0
    endloop
  endfacet
  facet normal 0 0 -1
    outer loop
      vertex 33.5796 -55.582 0
      vertex 36.3325 -51.1869 0
      vertex 33.6222 -55.8721 0
    endloop
  endfacet
  facet normal 0 0 -1
    outer loop
      vertex 33.5366 -55.2888 0
      vertex 36.3325 -51.1869 0
      vertex 33.5796 -55.582 0
    endloop
  endfacet
  facet normal 0 0 -1
    outer loop
      vertex 33.3694 -54.15 0
      vertex 36.3325 -51.1869 0
      vertex 33.5366 -55.2888 0
    endloop
  endfacet
  facet normal 0 0 -1
    outer loop
      vertex 36.3325 -51.1869 0
      vertex 33.3694 -54.15 0
      vertex 35.4169 -51.332 0
    endloop
  endfacet
  facet normal 0 0 -1
    outer loop
      vertex 35.4169 -51.332 0
      vertex 33.3694 -54.15 0
      vertex 34.5909 -51.7528 0
    endloop
  endfacet
  facet normal 0 0 -1
    outer loop
      vertex 34.5909 -51.7528 0
      vertex 33.3694 -54.15 0
      vertex 33.9353 -52.4083 0
    endloop
  endfacet
  facet normal 0 0 -1
    outer loop
      vertex 33.9353 -52.4083 0
      vertex 33.3694 -54.15 0
      vertex 33.5145 -53.2344 0
    endloop
  endfacet
endsolid OpenSCAD_Model
